"","DRIP_100.Untrt.Rhizo.8weeks","DRIP_10.Untrt.RhizoDetritus.4weeks","DRIP_11.Untrt.RhizoDetritus.4weeks","DRIP_124.Drought.Rhizo.8weeks","DRIP_125.Drought.Rhizo.8weeks","DRIP_126.Drought.Rhizo.8weeks","DRIP_12.Untrt.RhizoDetritus.4weeks","DRIP_13b.Drought.Bulk.4weeks","DRIP_145.Untrt.Rhizo.12weeks","DRIP_146.Untrt.Rhizo.12weeks","DRIP_147.Untrt.Rhizo.12weeks","DRIP_148.Untrt.Rhizo.12weeks","DRIP_149.Untrt.Detritus.12weeks","DRIP_150.Untrt.Detritus.12weeks","DRIP_151.Untrt.Detritus.12weeks","DRIP_152.Untrt.Detritus.12weeks","DRIP_153.Untrt.RhizoDetritus.12weeks","DRIP_154.Untrt.RhizoDetritus.12weeks","DRIP_155.Untrt.RhizoDetritus.12weeks","DRIP_156.Untrt.RhizoDetritus.12weeks","DRIP_158.Drought.Rhizo.12weeks","DRIP_159.Drought.Rhizo.12weeks","DRIP_15.Drought.Rhizo.4weeks","DRIP_160.Drought.Rhizo.12weeks","DRIP_161.Drought.Detritus.12weeks","DRIP_162.Drought.Detritus.12weeks","DRIP_163.Drought.Detritus.12weeks","DRIP_164.Drought.Detritus.12weeks","DRIP_166.Drought.RhizoDetritus.12weeks","DRIP_168.Drought.RhizoDetritus.12weeks","DRIP_169b.Untrt.Bulk.12weeks","DRIP_16b.Drought.Bulk.4weeks","DRIP_17.Drought.Detritus.4weeks","DRIP_182b.Untrt.Bulk.12weeks","DRIP_187b.Untrt.Bulk.12weeks","DRIP_18.Drought.Detritus.4weeks","DRIP_191b.Untrt.Bulk.12weeks","DRIP_195.Drought.Rhizo.12weeks","DRIP_197b.Drought.Bulk.12weeks","DRIP_19b.Drought.Bulk.4weeks","DRIP_19.Drought.Detritus.4weeks","DRIP_20.Drought.Detritus.4weeks","DRIP_211b.Drought.Bulk.12weeks","DRIP_213b.Drought.Bulk.12weeks","DRIP_214.Drought.RhizoDetritus.12weeks","DRIP_215b.Drought.Bulk.12weeks","DRIP_21.Drought.RhizoDetritus.4weeks","DRIP_22.Drought.RhizoDetritus.4weeks","DRIP_23.Drought.RhizoDetritus.4weeks","DRIP_24.Drought.RhizoDetritus.4weeks","DRIP_25.Untrt.Rhizo.4weeks","DRIP_2.Untrt.Rhizo.4weeks","DRIP_30.Untrt.Rhizo.4weeks","DRIP_3b.Untrt.Bulk.4weeks","DRIP_44.Untrt.RhizoDetritus.4weeks","DRIP_49.Drought.Rhizo.4weeks","DRIP_4.Untrt.Rhizo.4weeks","DRIP_53.Drought.Rhizo.4weeks","DRIP_5b.Untrt.Bulk.4weeks","DRIP_5.Untrt.Detritus.4weeks","DRIP_6.Untrt.Detritus.4weeks","DRIP_74.Untrt.Rhizo.8weeks","DRIP_75.Untrt.Rhizo.8weeks","DRIP_77b.Untrt.Bulk.8weeks","DRIP_77.Untrt.Detritus.8weeks","DRIP_78b.Untrt.Bulk.8weeks","DRIP_78.Untrt.Detritus.8weeks","DRIP_79.Untrt.Detritus.8weeks","DRIP_7b.Untrt.Bulk.4weeks","DRIP_7.Untrt.Detritus.4weeks","DRIP_801.Untrt.Detritus.8weeks","DRIP_81.Untrt.RhizoDetritus.8weeks","DRIP_82b.Untrt.Bulk.8weeks","DRIP_82.Untrt.RhizoDetritus.8weeks","DRIP_83.Untrt.RhizoDetritus.8weeks","DRIP_84b.Untrt.Bulk.8weeks","DRIP_84.Untrt.RhizoDetritus.8weeks","DRIP_85b.Drought.Bulk.8weeks","DRIP_86b.Drought.Bulk.8weeks","DRIP_88b.Drought.Bulk.8weeks","DRIP_88.Drought.Rhizo.8weeks","DRIP_892.Drought.Detritus.8weeks","DRIP_8b.Untrt.Bulk.4weeks","DRIP_8.Untrt.Detritus.4weeks","DRIP_90.Drought.Detritus.8weeks","DRIP_91.Drought.Detritus.8weeks","DRIP_92.Drought.Detritus.8weeks","DRIP_93b.Drought.Bulk.8weeks","DRIP_93.Drought.RhizoDetritus.8weeks","DRIP_94.Drought.RhizoDetritus.8weeks","DRIP_95.Drought.RhizoDetritus.8weeks","DRIP_96.Drought.RhizoDetritus.8weeks","DRIP_97.Untrt.Rhizo.8weeks","DRIP_9.Untrt.RhizoDetritus.4weeks"
"Cer(d18:0/16:0(2OH))",18.6384322847915,18.5010817575613,18.3134567074555,19.216278910678,18.6159760636474,18.6047792549624,18.1939484078894,18.7412363073865,18.6347059384013,18.1453607570377,18.6280711857464,18.2297312971463,18.5891664957902,18.3944168881117,18.4969868258074,18.367167841105,18.1622848659175,17.6100982866965,17.6233251153146,18.1632382498283,18.2449488736548,18.7046924975616,18.665745279241,19.1950155592692,18.3674376361503,18.1000032229379,18.1485114507514,18.0880224316905,17.7683207219263,17.8776168198677,18.938786463457,18.4642046892297,17.8575889889159,19.1215558064579,18.7981414067669,17.4093937134922,18.931943072429,18.5632732807025,18.6850873367023,18.6435701995848,17.9910113299548,17.9454776600359,18.3440631394624,18.3455408063192,19.023248613515,18.5209396192922,18.4072370959977,18.5836689905664,18.2478018916962,17.7750990922888,18.7926011923188,17.9647510973181,18.4037244981457,18.8639039434812,18.3903022647893,18.2183588865675,17.7812138150123,18.6552477520211,18.7712614888438,17.7866055240612,18.6282994143591,18.1315965799397,18.436891813602,18.639522996514,18.0768331866292,18.559314298857,18.3704877301893,18.125536680475,19.1364852033946,18.277698536631,18.2013816528054,18.4718372865095,19.1268771228046,18.6514664094762,17.9874556508928,19.2217285237936,18.4179591257442,18.7954047277972,18.9662488248736,18.5394841890234,18.4762470260918,17.6029379844698,19.1267972055859,17.6664330054377,18.3782841881735,17.8440228624017,18.1042013765388,19.4319788956315,18.3906135946925,18.0675631529832,18.3396580153175,18.6401941097877,18.457058968153,17.9169573840864
"Cer(d18:0/16:0)",17.5328069509914,15.9093437208157,16.5402231225033,17.3127855704681,16.9273631482281,16.6424166152256,15.9476330754153,17.5119530648422,15.9143668659939,16.5269747558407,16.783606192093,16.581154881758,16.0643474482459,15.9254019433741,15.9005921076848,16.0659981505271,16.4722232040482,16.1015659808202,15.1611054146051,15.9095266708105,16.091923180467,16.2199595967498,17.1505725709146,16.8036033313101,15.4605734758913,16.2421980722862,15.9052186213906,16.3667333024608,15.5114571734828,15.8766299266477,17.3497964006913,16.2857175913881,15.939623175302,17.0298371633288,16.7556652083737,15.9167553483115,16.8459997427702,17.1108607931291,17.362833745131,16.5928439354112,16.3549977505664,16.0566833879411,16.6685516614344,16.8260680988822,16.6303768716795,16.4943631019202,15.9464144025825,16.6846614693187,15.6961218054914,16.2333569987981,17.7560863914018,16.8311463222901,17.7122310714008,16.5946768886151,16.0906301159884,16.2977630596602,16.2677919666116,17.1137867096385,16.868334448765,16.192501031147,16.4961769625598,16.7044633196367,16.4922227420058,17.255989864667,16.4752634103882,16.6711116752002,16.200189144942,16.4324289780396,16.7843460019555,15.3516087092757,16.7740963769209,15.9173539894876,16.5086324232302,16.957381132224,17.1110922164053,16.304165107095,16.9117741629088,16.4873298339374,17.069425887036,16.4196865835862,16.5435495117337,15.8003003544581,16.8693849056128,15.6768349980246,15.6750319841063,15.20824616731,16.314383249147,17.0059003296161,16.0869685899876,16.6079684031651,16.1896179400205,16.0939513534905,17.0653859330055,15.9887303550013
"Cer(d18:1/24:0(2OH))_A",16.2884533311056,16.762169488063,15.9638293480613,15.7029253060747,15.7473247125584,16.2641518239258,16.501887035573,15.7481306159936,16.7485874175036,16.5058350603191,16.6997529244048,15.5790016308947,16.228914344996,16.2810450518831,16.3093344470576,16.0023482340877,16.0794945249525,16.2211394325615,15.86483761301,16.5180467560812,16.4651411483825,17.12502505778,16.7857009956218,16.9869259761403,16.4609740921036,16.2444850774274,16.555091362242,16.0366420160657,16.1884325504229,16.2278898197955,15.8123343103659,16.5023536142813,15.9088886654189,16.0896594827093,15.8340594132615,16.1509079975252,16.1460904988504,15.9272889764629,15.8580709366221,15.7816311267008,15.9919043102859,16.4937712780799,15.6382030119455,15.6392776965565,16.0182798647134,15.9631324785532,15.8919303151627,16.3456805291047,16.1645685698715,16.0198819522046,16.15621696252,17.079305829141,15.9099112256636,15.8273070061488,16.7065924146229,15.7615223477998,16.9157975613712,16.0849167932248,16.1936046557478,16.3852378643368,16.1271917866247,16.2378768679013,15.749070141316,15.6455984226687,16.3278295004058,15.7582454019048,15.9278582834869,16.0229693855055,16.1684514845784,16.0381918153735,15.9242696454587,16.4525580946534,15.6559280857321,16.096898391485,16.0819445821778,15.8748576747108,16.0199194170115,16.43115256096,15.379560710153,16.1000273235385,16.0112973828244,15.8746134541684,15.9611167748002,15.9218080883205,16.5000717395487,16.5207138396311,16.2050633586269,16.1549898520418,16.1479216187452,16.6541365786503,15.9665786892371,16.2042604043655,15.7002174294293,16.3660955287356
"Cer(d18:1/24:0(2OH))_B",17.4556750105015,17.4569186687757,16.9859636031739,17.2148523231375,16.8988521058952,17.751782606065,17.4032795072753,17.4562348827154,17.688741189923,17.3574932550242,16.6719227561996,17.124135475286,17.123075514724,17.667129004011,17.4710003068399,17.4071944658182,16.4688759941325,16.8995424446535,16.7876968900665,17.5887622806039,17.6792946972524,17.6332025284626,16.965000107935,17.2388016145456,17.3775809856658,16.6958068490293,17.1083537291804,16.7012861444039,17.1994887968339,16.9990118740133,17.9069017792956,17.7191546017677,17.1298389500265,17.5545273554434,17.835403769884,16.5775077537004,17.7621159130708,17.6313700233459,17.5449839951475,17.625799619499,17.1206381550211,16.7933196333346,17.2312146633231,17.3981762993711,16.4917260754485,17.6463934292099,16.9236342275685,17.0428559985871,17.1319001800257,17.0871990684401,17.0876200996277,16.9618825766882,16.9228753231109,17.8907096088454,17.7524775625893,17.6286225916361,17.4972901517935,17.455426622192,17.2256863402805,16.5794874780744,16.6828332835739,17.43342620826,17.2365905419235,17.9159830689772,17.0323601245982,18.0141029780505,17.6009792703944,17.3514200891969,17.4692903111904,17.1585106898166,17.306451253624,17.137653072868,17.445025924298,17.2960637462003,16.623888198809,17.8491731040257,17.6432363007426,17.0848832835607,17.5936327035896,17.4378509156587,17.241106294743,16.7977450173001,17.4113789467665,16.9167473513334,17.3809308190768,17.082224899621,16.8221105990148,17.5234085084654,17.4258615042349,16.7086861024701,17.0025431959282,16.8023216903827,17.2683516898028,17.3942367106567
"Cer(d18:1/24:0)",16.2773842989275,15.8838677003892,15.3679250560764,16.2032220800179,16.2486301211224,16.7478283772713,16.1549857386103,15.9897756396806,16.0663157052489,15.880852555104,15.4275375513851,15.9306498771213,15.9906566220215,16.0289461191824,16.8384251352102,15.9277593689905,15.5852795326239,15.7789477623354,16.3120909557397,15.6648661654163,15.5457584745829,16.5098997815927,15.3716448691019,15.5914269371379,16.1819453883236,15.3456447172694,15.6103587037729,15.3570602224686,16.0511767407217,16.0441534891791,16.6026466679079,16.1380822490388,15.9130631406034,16.1492846803233,16.0413103654633,15.2500105710267,16.1166688996394,16.2442265063069,15.9322012335693,16.8193099118378,15.8338987663881,15.5421049842402,16.4024083540935,15.8334819555593,15.3924281094726,15.8703432629145,15.5557916661748,15.3649824862459,15.7913353637273,15.7983153604301,15.7927760505001,15.8407672252057,16.4349968670074,16.6419663842683,16.6045099823794,16.0215937249592,15.6527399661189,15.977113458826,15.8438592835953,14.216019422661,15.2577799384868,16.2068771963149,15.7302139340658,16.5319730894054,15.6416956551216,16.2325393820703,16.0044152816109,16.0893370615982,15.9644810717617,15.9411816719151,15.6627945763205,15.4451258927987,15.8448194772098,15.7754004454564,15.9451081335429,16.182153644512,15.8270748101641,15.6616232772008,15.4916290538888,15.4980549904889,15.7177292494697,15.5333856195345,15.9462096232432,15.1992282755277,15.8215263392952,15.7060896944528,15.3419873894435,15.662427405285,16.0197310965032,16.0180924218582,15.550486346905,15.2303421959152,16.0263618323095,16.0672075535371
"DG(16:0/16:1/0:0)",18.7097912446675,19.6052167602042,19.3320993880501,19.5727478889505,19.5357108395413,19.6348403006951,19.3575829890118,20.2343755956061,21.3249103843728,20.7958293279568,21.5261917995934,21.0879379068185,19.0754685939999,18.9816955902863,19.3902175646485,18.975908093384,21.5246396169791,20.8278656132913,21.2338850943501,20.9419492548165,20.1906539625687,20.2505516396461,19.6952551555353,19.877745859817,19.3980133395307,18.9693724020915,19.2942838719496,19.0040877297476,19.3071329543887,19.1413117423424,18.5985139374757,19.6882096714657,19.6362864914082,19.0775531366935,21.8013895017909,19.3775971175299,21.6531578417634,19.5849459401333,19.4443449052087,19.7391991247764,19.6197691838046,19.562772232027,19.6133707227923,18.6508436014058,19.5408005610231,19.8199942725933,19.5842825568636,20.0063755613277,19.4473459201011,19.3146357681737,19.7568082231583,19.3059854087409,18.8834649704969,19.8903503421532,19.5896592613548,19.6141752606236,19.197632347064,19.5678681490953,19.2708850203714,19.5317110808238,19.319520213391,20.214289484884,20.1589579402213,19.3905922145247,18.6267352520048,19.6434823873551,19.0376773247468,19.1379342307439,19.87129304541,19.5583113853461,19.2438866432612,19.0072282450158,19.8976626543133,19.8553964998645,19.0474472813644,21.0446829109205,19.619422523714,19.2546978398657,19.5510666370262,19.6236853435956,20.265402261398,19.129599584878,19.484344578063,19.4586861031611,19.7543571282898,19.3738325979581,19.4930711444182,19.6898294468516,19.5600297417243,19.6524987149876,19.4171735434104,19.5616154506269,19.5785562860116,19.3844010864726
"DG(16:0/18:1/0:0)",18.8713230147429,20.2094328899089,20.1438282812833,19.7730032346828,19.1520434099748,19.464882115169,20.3382075601373,19.0522153146494,20.1092964649249,19.8397992234839,19.9956582031945,19.6322117988999,20.4786919255308,19.940312429426,19.8740140658869,20.0604537048645,20.6460858040606,20.7833615173232,20.7152791406447,20.5942341301874,19.3208275951432,19.775901291295,19.2927659191637,19.3674295669994,20.3505870219126,20.3851398605681,20.7531244927681,19.6595919037171,20.967872157732,21.5942132633375,19.0553890651799,19.8231467742761,21.9482731377081,20.0733536834535,20.3028674568412,21.0194158595922,20.0944857723355,19.347043399376,19.5493324007943,19.4925760518549,21.9081516504876,21.6021842943985,19.4642724644602,18.8957418291762,20.5613034997538,19.1497569531806,22.0683587135818,21.9524271890643,21.8931901925405,21.1196074944561,19.4239959212967,19.1486303211159,18.9242120400115,19.0285094507939,19.4804410044546,19.0782146871578,19.0686674413016,19.4260366017003,19.1509475987892,20.575878078292,21.1391942853482,19.282291378687,19.3847945901599,19.4826049910412,19.5838301574839,19.4093404375208,19.9502679037297,19.6480341064004,19.431920460882,20.8339499385925,19.5140829226657,19.7161689410918,19.4946837827399,20.2560855108627,20.4019142302669,19.9742459542214,20.5861299704995,19.5905482936404,19.2570532882948,19.0030441364036,19.4325260027347,20.5973730307078,19.4508926098425,20.6164945895418,20.9688010674147,20.9023646575902,21.2280739541458,19.6366880338414,21.9412444960242,21.6633066976954,22.0759093731108,21.7373900994496,19.263728505819,20.545117731828
"DG(16:1/0:0/16:1)",18.2004026211677,18.6526831708917,18.6227856995642,18.9314047745155,18.6508422527886,18.8420903788016,18.4165756677661,18.833894680086,19.8008228438279,18.7065682115337,19.8021422881784,18.9577312501712,18.4434995441031,18.5623647441286,18.5238740266833,17.8879354180072,19.908186698451,19.5276199932903,19.4954596195101,19.0778857863838,18.907300604081,19.3431664514006,18.5564496808733,19.0021128654642,18.6681874335402,17.5020869723458,18.2758803938224,17.8898586334473,18.2055725463842,17.7411090788449,17.6725535371469,19.343977725799,18.5002660399893,18.752185085493,19.6875749588505,18.4263253010963,19.9373708134584,18.5021812185254,18.7938414514279,18.6912559321874,18.159908460555,18.3632792853397,18.8458371134913,18.0520131758193,18.6287818404776,18.5869881227858,18.1946095988415,18.7086967394227,18.0353325312295,18.0217503809072,18.9480928479281,18.3329503917855,17.901217967131,18.7350825130249,18.8935954378248,18.551098374751,17.9923004162814,18.7350574614832,18.7563985866786,18.149644626261,18.770368798184,18.878615271067,18.9225908444162,18.3720318968347,18.2141376924721,18.8537805038698,18.3928180151224,18.1454785521691,18.7933819057641,18.595132648264,18.1577186538967,18.0949819320732,18.9796874321263,18.9016676201151,17.8798493331808,19.6865728040689,18.661112011277,18.6914132054647,19.0015645363518,18.7044744400476,19.1096986728914,17.9838493370694,19.1544101876875,18.5962223642062,18.7137792178878,17.9019449641523,17.9400856811776,19.1579471826677,18.5977269951495,18.3569705257565,18.7160248414159,18.5546261328773,18.780415589745,18.4643057211853
"DG(16:1/18:1/0:0);DG(16:0/18:2/0:0)",18.2091113541584,20.4645134342052,20.0912274301582,18.405842147609,18.2589445441185,18.3491140959466,19.8934128279683,18.5430158896674,19.4463223098461,20.0813096553847,20.6154044547749,18.7369948377906,20.4229504783459,19.5860656953222,19.6938408278274,19.7252693960379,19.8553495678262,20.4488012206701,20.3463523024677,20.7436888395485,19.9677836371392,21.4997137762281,20.2873480665182,20.7125459361286,19.9816141172361,19.7438984189237,20.44436921751,19.2119423251227,20.2045934262177,20.3247990385992,18.2663935116999,19.1031342482121,21.2835317947996,18.861381486443,18.6108312578312,20.160402928731,19.2459634669867,18.4720370743545,18.6424927345765,18.3725892011958,20.7977767286195,20.6455872936254,18.7304817845459,18.1869056568758,20.1122916441665,18.8804323427058,20.6014433544138,21.5329432291212,21.0826409108576,20.6304502412892,18.5995176517035,20.8821477357793,18.8744031796254,18.5390080407357,19.8206532378643,18.5609272159936,19.7975449118702,18.7583581386878,18.264271242223,20.1383967770516,20.5576775247855,19.9783487393429,18.5266103307851,18.5223344621752,19.0636877565486,18.5897302739829,19.3694095063448,19.1867885419826,18.9278914766761,19.8651670912285,18.8604846592776,19.4195961961555,18.5806523202179,20.32889357961,20.1056079582525,19.1833914093155,20.420464344541,18.663288451072,18.7376862368916,18.2914408456472,19.8184240758399,20.6173877495901,18.5910483687734,20.1672699615846,20.367377839483,20.3453616214242,20.4545517805212,18.7782180803592,21.321435111794,20.4646708966124,21.3638941032007,21.0242868200728,18.5654974332392,20.5351978088299
"DG(16:1/18:2/0:0)",15.9328181112192,16.6443521647003,15.8865874628721,15.8261591703288,15.8335023744327,16.0715029237722,16.526034712413,16.0101474884583,16.3770847275786,16.7141907644069,17.6156229471214,15.8474171457398,17.1265174404643,15.8537193684267,15.8853404978963,15.8042208008349,16.9037751590634,17.6397380346406,16.7682291470045,16.9854990659324,16.52755006632,17.1400555477247,16.3225348086708,17.7330301675042,16.7989507076603,16.772909493922,16.4076460577488,16.0417207013359,16.5354654429726,16.8866004724658,14.9940761233105,16.1600126660125,17.9556298678712,15.6888828086864,16.8396619276356,16.7620778740471,15.9317594284574,15.2866437940394,15.9767831134906,15.3220296075523,17.4484266750442,17.9609627279587,15.4680623688015,14.8887320429558,16.901618340524,15.6454578759589,17.8873145169837,18.1319362637256,17.8284436974073,17.1717182725864,15.7750108396852,18.0102273752522,15.7661793500246,15.6750608182079,15.9880053606364,16.1948892664527,17.0192048347555,15.5876676086078,15.810807423424,16.7925270084785,17.2384634673009,16.2751566457109,15.8351311176592,15.0899395172742,15.8297550045658,15.7478865377147,16.5725452781475,15.4008288589908,16.4465101612008,16.6354714031297,15.6109148870554,15.6136530442973,15.5116250945009,17.2622518082365,16.8845587775924,15.7327992094418,16.9016092522911,15.2945742005796,14.8550413109897,16.1427752505493,16.6420944026894,17.0736628734684,15.9070683545073,16.5626391497767,17.2317848703546,16.3613808388754,17.4639648686546,15.7933348558616,17.5766488329468,17.909790085516,17.8580481382358,17.3192651047604,16.2390769151053,16.8730558335088
"DG(18:0/18:1/0:0)",16.6865795946763,18.0384985938447,17.665949187706,16.5064931972113,16.7675815890849,17.2528778186038,17.6839544205732,16.3269636554696,16.8582195027027,17.1941983408481,16.964568140613,16.3474455211512,18.3675523178208,17.7263460857056,17.3383043648295,17.2370666459351,17.5560646954074,18.8042301500322,18.3854767489334,18.5429097978512,16.7440626237728,17.0135009143342,16.4784467775991,16.7496322473762,17.5769602572357,17.8042423584189,18.0216707930293,16.9181335481223,17.6312753167698,18.5397743463041,16.784323086117,16.9989881465951,19.4121545723423,17.3320271266949,16.658016299272,18.2430537441243,17.0648052387491,17.0577926925685,16.9029091515269,16.5946307036339,18.6629867152456,18.9824249479104,17.2568932607016,16.5559087505004,18.2097505811556,16.8409722454756,19.066815479785,19.554813746495,18.8856580201814,18.5991852367295,16.9355043830625,16.2545269553542,16.5751146450783,16.3155182485866,17.155374348865,16.493777830554,16.6484430666537,17.0939806687486,16.863571243876,18.2705374340653,17.9207315918418,16.5061741827456,16.7515548147954,16.6708991667827,17.3247179917995,16.9760751920823,17.4591929161035,16.9450145938977,16.7386188642345,17.5116102064107,16.8583965567918,17.208353936609,16.7158176480492,18.2885620598319,17.7614726667199,17.0657328230592,18.1795911182529,17.2447540321836,16.8302126835092,16.5812848614464,16.1698315171591,17.9816288466991,17.0064870085672,17.9685393447666,18.1120898504644,18.0473076433327,18.5531654046762,17.3600121783701,19.3618708816842,18.8825891749702,19.1103068234429,18.8568279399094,16.6790337728475,17.7144372341008
"DG(18:1/0:0/18:1)",19.5598190525617,19.8728482193183,19.9457774685205,19.6458964066312,19.3523993847777,19.5247544527447,19.9971884452473,19.4143534947066,19.4539735151806,19.6403175689025,18.9299610116161,19.0234689799379,20.8008080812488,20.1712301837769,20.1669797326199,20.1792656190364,19.7014319141829,21.0276669356678,20.5845836048183,20.4248415618452,19.5252850587956,19.8386834258366,19.5344159433491,19.3721631142437,20.1018727506788,19.5210460208212,20.7681076530474,19.869999250451,20.2092800135309,21.0990532237066,19.4577563724203,19.8973296002933,21.2420656116237,19.7719835238973,19.7381158892422,20.816979405274,19.5624103362487,19.5995977626773,19.6882391005061,19.2259921709725,21.3858712964988,21.1137643483459,19.7906290442778,19.5708992405426,20.3273807949883,19.4962278452536,21.3305189394676,21.577709967061,21.1317381702891,20.8860512862523,19.5172979106562,19.0275134030507,19.3647653687232,19.5083510549161,19.7384890306224,19.256436793898,19.1198028466366,19.5075852987115,19.422202432646,20.9250530903456,20.4794506300206,18.9464119272953,19.5631955589711,19.4657680437009,19.7703607733786,19.8009243061035,20.2361926822727,19.6235088625802,19.6584752119921,20.3955217582925,19.643585081316,19.6767864388975,19.7007461480476,20.4437744795559,20.2206098261753,19.4102585829341,20.2165177638531,19.5573095651798,19.4866238607657,19.5135024173293,19.2223399865454,20.6670494120366,19.669964521,20.5899567694741,20.5161444978327,20.5714971005647,20.8805219304716,19.9023675531394,21.9208341211407,21.2762343662326,21.8925646165343,20.824016575714,19.7347822561342,20.2580536453822
"DG(18:1/18:2/0:0)",19.3389492074929,20.1407026406574,20.182414052991,19.3774562302542,19.3396897829545,19.5248205710808,19.9728132924269,19.4048944573861,19.3185577458813,19.3589754825182,19.4361752109756,18.7832664537064,20.7094351430696,19.8364789874356,19.843903867962,19.580736137237,20.1324013669295,21.0941752087189,20.8646016157352,21.0654879342368,19.1843076730373,19.9571035357499,18.9598193570781,19.1361035240263,20.0448069734479,20.1368779692825,20.5226434735112,19.6417061951706,19.8758327714616,21.0889319873494,18.9368417256634,19.7457529152115,20.8483153043107,19.6595414788559,19.4470551205903,20.214237659245,19.1823321469565,19.3970640654225,19.4478081620468,18.7888780373485,20.6620268117561,20.7043312477828,19.5318413628291,18.8948366119247,20.2069158756357,18.9237638321291,20.7769675492804,21.330491948072,21.0627288111516,20.8367866979047,19.240886047794,19.1511408036096,19.2137704607494,19.1550525833215,19.2961655142675,19.1499147038799,19.1229770519449,18.9774763508218,19.4206981030839,20.0377218917476,20.2356860909861,18.9328395775613,18.942836616123,18.9907190263961,19.6610677024663,19.3435949894007,19.5078839189105,19.3741587067062,19.0958857834352,20.2808959963083,19.3266896513012,19.2896852697259,19.0261296023005,20.8293348357727,20.0592252302557,19.5304103183225,20.3729071259082,19.3765706380273,19.1627541988632,19.3470864947219,19.1474783451856,20.4167162975938,19.4147845513177,20.1530145569394,19.9990130341037,20.1724653477446,20.4441939019421,19.6090421397532,21.2394143531241,20.5568467670574,20.9692302763415,21.0498754696984,19.4502212062577,20.345003408855
"DG(18:2/0:0/18:2)",16.5612347356377,18.7575586035737,17.5136232822971,17.1644791950794,16.8465777692532,16.2122818315867,17.5825143181121,16.9659826897536,17.2921779547429,18.1902055085795,18.53124441245,16.3717426747971,19.0553425331374,16.9351236680228,17.6922248418305,16.5748084890602,19.2283219362136,19.0257159502867,19.8088144825997,19.0119245620673,18.6822004461104,18.7911777213556,17.2645427445097,19.1893310561655,17.456823948647,17.0412123283397,17.3717484817685,17.0508661735144,18.5448321682036,19.0584008568972,16.591002473654,15.7013152037742,19.1836303912838,17.0451366465636,16.9501727808648,18.1769372435143,17.1189249909371,16.381235381407,16.6972875423917,16.9502020921921,18.6055724667021,18.2442946781416,15.6638510583588,15.7084439857389,17.5726183769418,16.7573664390915,19.0199241563405,18.9059471871928,18.4068094047507,18.3888030906823,17.0253128827198,19.3925542202463,17.833661070275,17.7181293873344,17.9007384200354,16.8330901420295,18.9547856402265,16.3753637789866,15.3199647470599,18.265688016914,18.4857435764863,17.3532160074902,16.2677995905221,16.8152347632575,17.847768863184,16.7017665063467,17.0707045778687,16.9222751618174,17.4798738453834,17.8511324291533,17.5429657941792,18.257360660743,15.806204287275,18.9452107105622,18.8209355997641,16.7282729064915,18.129018409876,17.1452065746643,15.636553908523,16.2452106849018,18.5162835639705,18.4748269244161,15.611240883968,18.0608765583534,18.3430349446134,18.7098935734177,17.8480860931312,16.7786974446015,19.2839013255731,17.9129666602623,19.3762239317368,19.0621838883128,18.0532849570331,18.9239588654362
"DGTSA(16:0/16:1)",17.4921781252979,18.2819035888651,17.8657238483471,16.8015405654495,17.0929401228975,17.2158365477189,18.1115528869544,17.8589976373877,17.3228057348084,17.3583534885995,17.3150860037228,17.5787330724215,18.1739552897755,17.9576495429226,17.8735305561881,18.1069041500588,17.1423394392517,17.1457471800719,17.7490781948021,17.2110383834826,16.5420772420907,16.6649660759697,17.757038656518,16.5127039990126,17.6876204497917,17.1932995840843,17.6206515716344,17.4941246516668,18.1106235801549,16.8415933623331,17.4163478728185,17.6894127754322,17.8929577377828,17.57621559857,17.8375027368832,17.6757093118095,18.0200483060006,16.4702003478173,17.4924180447661,17.1618777190433,17.2227771323842,17.7869749090823,17.3218941495721,17.4759724859808,16.8251891845275,17.8043497949111,17.3244548019092,17.4756763642236,17.3754006370624,17.1221727889921,17.9663440328013,17.3261877627164,17.2809738567455,17.7143472983859,18.3384299899732,18.0465915163215,17.1983324897102,16.5571228833828,17.6416325382844,17.8246986153681,17.8438172915322,16.8533439269212,17.3387667996769,16.8337148828088,17.6733286092041,17.2098111010262,18.0225433092794,17.1437145378168,17.7591302400846,18.1931884907265,18.4133382036949,18.4709272658361,17.1316997727783,17.4820602653701,17.8618796845602,18.0604581932022,17.7789396466154,18.1650513889556,17.7817064388353,18.3237959664862,16.8844264492094,17.3424149606826,17.6115739768354,17.4848201241185,17.7942069826139,17.5765965177049,17.2882214215151,17.01463775629,17.9331118433371,17.0276443426372,17.6027683749896,17.7764476013744,17.0369538884626,17.7071826059535
"DGTSA(16:0/18:1)",18.5937551584636,19.2895689121358,18.5021860905142,17.9717413160459,18.615156605642,18.5030595552935,19.3134167572824,18.9283421002302,18.4844692524862,18.5220860587939,18.7840728481292,18.5599885060993,19.2848609798284,19.0841786844458,18.9210186139403,18.6953153637133,18.1584047938359,18.3400135644375,18.5760796931185,18.425255840666,17.5773526289127,17.5453904569424,18.4149952835954,17.6359794344478,18.732235888361,18.293239452895,18.1602922785711,18.1740306267987,18.7212108854415,18.00994567565,18.9499125542896,18.6539291178938,18.6056398360689,18.6853215639191,19.2821665368618,18.5446729401564,18.9567314463113,17.6363187790899,18.9454414753377,17.908666068515,17.9203979117947,18.7639208231522,17.9332944385246,18.2462972923423,18.0433091784891,18.8173879849178,18.3102977305899,18.3248636429451,18.5887457672084,17.9741376006124,18.6201909273076,18.044622160939,18.2323280899578,18.733636348564,19.3238940230261,19.0153831945381,17.8391229728677,17.8972207753876,18.6153274176424,18.7869473818544,19.0677720615358,17.9564729771988,18.4895497414166,17.7544500574116,18.6006170650249,18.4302259874353,19.3199714645931,18.4608447277878,18.9208250431064,18.6509169441412,18.8774141460696,19.4470125468941,18.8656474849248,18.6737530430765,18.9963709676108,18.8046709142494,18.7906471133034,18.8107103127759,18.5587253317573,19.3228886032315,18.1711385492287,18.4812282157605,18.7966939182458,18.4021444172198,18.5217552388744,18.3197164968879,18.0324882747713,18.248931427304,18.7576017947673,18.2566507486583,18.7961214469053,19.052982064012,18.1607688593108,18.9039846239826
"DGTSA(18:1/18:1)",16.6695702724367,17.1489531939473,16.6789909584401,16.5879810523954,17.239205528541,16.8926413056755,17.2776798698373,17.5637534088952,15.81960448666,16.1327339347296,16.1828675560281,16.1402007232342,17.2033352315865,17.3297964198059,17.0653036800516,16.8989793779375,15.9812542135926,16.1248969658498,16.4334156933093,16.3209349034397,15.6036878104477,16.1024565721815,16.8523032928066,16.1395580242648,17.3468665162199,16.8924536462667,16.6085317215686,16.7213459062552,17.0139936158006,16.4962788821473,16.4205396317003,16.9738828796956,16.9298129757232,16.9946594433516,16.5485219260968,17.1932795385005,16.8314530873716,16.1435039305601,17.3282988128593,16.2263285336465,16.2713538048475,17.34439590533,16.6550580513076,16.9513730440979,16.6167503755983,17.3861550053888,16.7861507062904,16.7328233220317,16.8830711871996,16.4341971414107,17.1561913578401,16.4509845589243,16.2569440155213,17.0196395914294,17.4017906142268,17.3593579251999,16.387045599359,16.464280271103,16.4308803592615,16.830100480831,17.2916700321785,15.7336649226048,16.3625878414979,15.7808479867801,16.6884295523738,16.6878910078078,17.4699613613144,16.7885729523545,17.0411352112282,17.0458407129135,17.0091211401749,17.468993719728,16.6981770913609,16.8637193419752,17.0824039683299,16.8516549742114,16.7755185668719,17.2255435671913,16.9773976076478,17.4937691514677,16.3278597915693,17.0484457578808,17.0166745612616,16.6855345089563,16.9657847337225,16.6846846729786,16.6512267285969,16.5994815626302,16.9285270442781,16.6850130305866,17.1673606337236,17.4622073447787,16.6815975847205,17.0959807457579
"PC(0:0/18:1)_A",16.3750777291591,16.1556894998855,15.4826247833274,15.7741631695583,15.6839931948849,15.8513339048947,16.2600147586932,15.9230921512258,15.751987978827,15.5121731061353,15.0827685826174,15.4533490870912,15.4963400331582,16.0532851361085,15.4308313478449,15.4611962257733,15.9909362637449,15.2986735274492,14.7089462444141,15.2077514641531,14.8796700218769,15.4132901035989,15.9976444936302,15.4423655957678,15.8742506481354,15.5996401979783,15.669737297824,15.8876439012231,16.0338970404764,16.2344189417781,16.2112052787441,15.9686743640783,15.9717465624584,16.1085366962584,16.0986914855993,15.3689184404953,16.0579377215105,15.4059837022142,15.7017671488683,15.9096890828482,15.0920056651042,15.3788356099196,15.2628338006552,15.6904073054373,15.5624284533337,16.1002915025787,14.9997984541536,15.0254636404067,15.470389537815,15.4124984187916,16.3115754035521,15.2432966702562,15.2763351459406,16.1154999990045,16.0790936079965,16.6176111425427,15.2141995964912,15.4028687900624,15.9069911509164,15.4590935737721,15.7805882001074,15.2065258197366,15.1301716210739,15.9194789832507,16.1200952301013,15.8416117183944,15.9032182218652,15.5168273753049,15.8553385180883,15.5850827352713,15.8153840223148,15.7462665653165,15.9183186171964,15.1093211237844,15.5050092179123,16.1531094229227,15.7674772543727,16.1096920047092,16.1082135643965,16.2538265518083,15.6393057859677,15.4189998174398,15.6626742939965,15.2139432195579,15.5044894059496,15.137366195579,15.3941927936657,15.617516229711,15.9540901715266,15.6486131843199,15.3550773576821,14.9250412972205,15.225420171517,15.7013421113595
"PC(0:0/18:1)_B",15.9071245010695,15.6728029764827,14.8785857700404,15.3904151410062,15.7164312276879,15.5043329622255,15.2848292669533,15.2306261976381,15.5423477355968,15.5443037540541,14.9400918764888,15.2508714814099,14.9347341815451,15.4356938268993,14.8617662826885,15.0826242215118,15.1241361948893,15.428016017463,15.2611288067246,15.2024152279334,13.7700494883177,15.4041693211248,15.6359313571149,15.3438989419802,15.1258975943388,14.9029946264699,14.8904409261819,15.7268821826591,15.4634127982638,15.837251493737,15.6669175469119,15.0559979110064,15.5121707780923,15.3824641894449,15.5021154802441,14.9341900060681,15.6610004410628,15.2907487820502,15.368759934158,14.3847520881206,15.0223627948552,14.5958949785978,14.1212224842988,15.5554208240054,15.0180176397831,15.1240414702113,14.7008400132084,14.4269827222939,15.1125930417413,14.8448101788624,15.1812107975787,15.3477821745238,15.2247891335383,15.2130288786002,16.0830722669545,16.2911340583925,15.0115247997002,14.8801342475552,15.4297759890751,15.0986331064582,15.1367127468073,15.0462090093512,15.2472123577003,15.287002096222,15.7253691310042,15.5279415478053,15.2369248057679,15.1247958794521,15.1928083996196,14.9920472798417,15.4161956878282,14.7659442724154,15.6593617021128,14.4474769346758,14.6113041237486,15.5821342873716,15.3770718374106,15.5012501687154,15.7764474547284,15.6256672174371,15.3234683542838,15.1465040723921,14.8742393529727,14.7077832397525,14.6915565668131,14.660861041932,15.2040774721619,14.9673309118046,15.7271128701197,15.0336803867221,15.0673781442174,14.5183836822933,15.1191041000566,14.8244497543292
"PC(15:0/15:0)",16.1155346261094,17.1352262401235,16.9009436035538,15.9430773626968,15.9844244314903,16.8297238473509,17.1822798312424,15.8091773581643,16.2272338691217,15.6946359355342,15.1669802863917,16.1336375103847,16.7693076038569,17.310194497029,16.9761306722882,17.2899643840164,15.3603686477564,15.808433411644,15.8489873784738,15.9194436042026,16.2349645676641,16.2881864560874,16.7269547907585,15.9457976213254,17.0520465297976,16.5372884337205,16.2714957773481,16.0324504974415,17.0627215593478,16.3500980350213,16.4851136927217,16.7662759649602,16.8891104857734,16.852336861222,16.5917631560702,16.317974017597,17.3985198735234,16.7478671588338,16.3861717894351,16.367592615362,15.7172785715466,16.4989122269978,16.5447456097232,16.4757455185956,15.4817072910847,17.0866475819833,15.8110556579481,16.3800692832951,16.1276313152585,16.2077836767087,16.5539958504112,16.0543302079472,16.3382488262013,16.5920393466659,16.8486443735339,16.815406356757,15.9543212915839,16.447602279369,16.4370425194104,16.929884180195,16.1677199674273,15.466706729553,16.3059072626093,16.0506966820844,16.8186968122374,16.863733286062,16.9642650553456,16.581448373338,17.0442700416292,16.9418084516074,16.9703157830865,17.1321431998819,16.4742245920958,15.6879275455028,16.0506969116513,17.1986936100746,16.7377614364334,17.2513648360443,16.7366528542713,17.3902286211549,16.7818884436599,16.1542619170982,16.1676835615306,16.2187177268925,16.2373359590347,15.8931987804203,16.094392797697,15.9250583891724,17.6096419013961,16.0253095243998,16.0891335374398,16.6586038120895,15.8242996287534,16.4612396547385
"PC(15:0/16:1)",16.4719971679763,17.631619597617,17.2913101803089,16.7860566420013,16.7227759221817,17.227931815765,17.3231895427154,16.3609885409687,16.2364883990747,16.2493379008892,15.2129800889467,16.1662968408463,17.2276827412706,17.3226917209184,16.9989337729468,17.7261376479674,15.755797900246,16.3862508479246,16.4353592149338,15.8309904774995,16.342163252432,15.9028167556509,16.9504206670518,16.0884435793064,17.4089176860609,16.6405085692651,16.4733724445859,16.7231190455378,17.06510980458,16.4789010046133,16.6376791870771,16.6545260655711,16.9569491086268,16.5625043690989,16.564035196788,16.6615379294532,17.2470876191738,16.2514762710984,16.337059040033,16.8092349938054,15.6839865633842,17.2034551737412,16.3135307007026,16.7171072498175,16.5738062300953,16.7948168762623,16.2956708300851,16.6341273400525,16.70184794432,16.923274382193,16.7305632735654,16.3249540674393,16.6855789429895,16.8938494315472,17.5950767216015,17.4685717617874,16.2881203045786,16.7162578124588,16.5090422420525,17.116664912842,16.2340329397112,15.9428556922588,16.7443830150114,16.3631138387533,16.8798431246112,16.5563277310905,16.9170215396485,17.0101410658716,17.2207397290079,17.1193585570959,17.3683547940309,17.3309222712073,16.4755349645485,16.2287605839705,16.4400948763624,17.507565638123,17.2884528826155,17.5007291121497,16.9587718446727,17.3033203605264,17.3351566632655,16.9407518768028,16.1202424930493,16.4506804458563,16.9480531228313,16.3761485424085,16.6954698617911,15.9255948838979,17.9529330340809,16.2697499137122,16.7748562956936,17.3259450428719,15.987507647536,16.8478354462658
"PC(15:0/17:0)",15.5730754559087,16.1746609741167,15.9167579044946,15.7309040967767,15.723326174343,15.5557166932692,16.3722858768903,15.8977900459848,15.7531831743035,14.8846654771397,14.921470442295,15.2643266369949,16.1466144509576,16.4258778174122,16.1081670878328,16.1795958647123,14.6860210046147,14.7338410096414,16.3576944632072,14.8000840941966,15.2584576105969,15.818262026201,16.0843551235895,15.3470202267671,16.5497549627151,15.5627420710751,16.1979109188042,15.6684378878383,16.4576332392211,15.9095342195059,16.2474065572533,16.2612527487757,15.9106093645493,16.1295836084518,15.9157602663277,15.4699867765359,16.1678769711711,16.141886691821,15.9714454686686,15.3328698401647,15.7750846171896,16.048937327455,15.652252840782,16.0960228713552,15.4315376656893,16.2868731477633,15.6371910943043,15.85759474897,16.019822030255,15.6772148994475,16.0895237931672,15.8854800808466,15.0856869099325,16.1652132532911,16.4459696092447,16.0509258243826,15.0401201523061,15.3092625598637,15.9266863859221,15.8362871026142,15.6714369153453,15.5419298249858,15.140718975584,15.4721917690295,16.0488283335511,16.0565221208622,16.1996286241507,15.7427446540033,16.0936740864692,15.6490124219974,16.3297351790026,16.7470823906087,16.3036222113701,15.343073138531,15.6942309534989,16.6136804239836,15.8728081501452,16.5506834152591,16.1663592674121,16.4152877037954,15.3403462875211,15.9401805525487,15.5428476402181,15.483477055233,15.8315618593282,15.5540448925795,15.8634518359318,15.9588280783757,16.5952113843857,15.2685681360747,16.1704902384063,16.1541049537336,15.3685941222395,15.9395803120282
"PC(16:0/16:1)",17.6710346554439,18.3589499331839,17.8824799933888,17.2564293174697,17.715637234918,17.8468531267635,18.3140509773645,17.8724529258923,16.8045267958233,16.8896206170748,16.5998590799016,17.1049068659507,18.0360953697266,18.4972691482215,18.204949800039,17.9967821854788,17.3116813345511,17.3898570091563,17.2558122450431,16.9194964255332,16.566230826306,16.942005476237,17.9835291700375,16.7405819711973,18.4510539089491,17.7131817934364,18.544413488478,17.8391031370612,18.4280249006202,17.8206671149147,17.9048591086827,18.0410050841546,17.8438016819947,17.9763629344097,17.7867875706975,17.7860641022373,17.9156623683838,17.2381289606324,17.9129898397869,17.5588673158785,17.1694706695238,18.0736166817669,17.5967271407239,17.7926874227719,16.9752299790966,18.6861933616715,17.4410261375688,17.8823891921893,18.0010516664818,17.7333340648155,18.0834139163968,17.9019974338011,17.4777369434787,18.1225255201371,18.855543020814,18.4788117444142,17.3831467455855,17.0973000922115,17.6704484112718,18.0589995983879,17.9070481844184,17.0047092399873,17.302123393152,17.2104034459469,18.0260641464008,17.844077443097,18.0347639009913,18.1065370681349,18.0301813859828,18.1534512841322,18.3420696163522,18.5787768865478,17.9271409496179,17.4280659206286,17.8451715409785,17.9853032810216,17.9586550581955,18.2414016303076,18.0459888025124,18.1517419820498,17.4764314244471,17.7875168085416,17.5920891571059,17.5307123229174,18.172328739862,17.6176537254754,17.8929863556709,17.2826322952168,18.0169833675742,17.1199246501962,17.4680753900103,18.2510196822798,17.2671056343763,17.931253934972
"PC(16:0/18:1)",20.3274235913202,20.5306749635423,19.9679360968714,19.7542788759548,19.8028740173343,20.6016855878404,19.9037914656557,20.3131101929755,19.1723932922401,19.3547555266739,19.6752330836804,19.4983345542862,19.916138543351,20.5003826987017,19.8570859538981,20.4591109508812,19.2537634805351,19.6978531890427,19.4843311629077,19.7151139156379,18.8437360468245,19.4958933954468,19.7239571673605,19.6177961903763,20.2168615055158,20.1503564086819,20.434007059051,20.1012257910714,20.2703211428998,20.0687889322229,19.6643589421328,20.5801651132765,19.5804906733671,19.9532380049168,20.0653868325913,19.6649342106754,19.6875782644715,19.680415084169,20.0341882806973,19.5523431495892,19.5794028124366,19.6446316815679,20.0133832775995,20.3087654653014,19.7820595834945,20.5015005026883,19.7581547114109,20.0010111031583,20.366777098859,20.0047032050257,20.5121976927459,19.4214939616921,19.3444483814814,19.9481916424558,20.1532908044477,20.1975469044673,19.9517435785604,19.7998988994741,19.3051261765112,19.5656424696853,20.1355373938846,19.8015471602025,19.4510988025931,19.7031560557373,19.5073070870307,19.7698283840096,20.0869075562741,20.240384860104,19.4619326605619,19.940542577732,20.3951129597608,20.4399499292848,20.2687924616076,19.6002624393655,19.9206746006149,20.2409524270991,19.8278583340364,20.2352369368761,19.8172787435587,19.9012716754694,19.3373916333562,20.253689713189,19.5416271308703,19.5847758414242,20.236703509631,19.9103215125251,20.1488767285087,19.6855709046621,20.3656467355954,19.7032489501312,20.1237362027494,20.125175354727,19.9413451743182,19.9853326270306
"PC(16:0/18:2)",17.8153382073931,18.2904814626264,18.2623900801116,17.940951406265,17.8931305886956,18.1377234913036,18.5687566841579,18.6278318931019,17.8232696587121,17.7349731359173,18.3523240398085,17.4678353342675,17.8905499836194,18.6101937228644,17.8425827463749,18.452571463867,16.9507571226368,16.9900654453797,17.9680173591864,17.2480281490239,17.2970092571408,17.8680521904312,18.7083287843935,17.6505280465566,18.4413685532074,18.0324602160763,18.4671198788768,18.0046375379781,18.2474190916925,18.1250572543505,17.7901070298037,18.106178227813,18.3858890881146,18.1976569325981,17.8683872907018,18.2116164318853,18.2604823955233,17.479741434445,18.3108276559711,17.9491493077741,17.6093197730136,18.2753420157021,18.138491698058,18.1153812850377,17.2951175599746,18.627922645384,17.9209420988396,18.1971126696182,18.1612600516501,18.1225465373226,18.3125157325871,17.8266329795945,18.1405914586179,18.2086853459705,18.7906072356558,18.5801630829487,18.2056913072198,17.9161393695086,17.9934100971793,18.0842815245169,18.3491777588295,19.005863431026,17.54580990739,17.7037420819356,18.1256238840854,18.1008101540419,18.4837500049669,18.058885861199,18.029904737604,18.1651211571153,18.2200118188288,18.3025932890317,18.2240911863974,17.5001511420158,17.9020300817161,18.3621394279534,17.8841115334345,18.3509266984277,18.1281508555172,18.4014441007885,17.8658858876322,18.4986629664307,18.0302739933095,17.7697416542744,18.2421840985214,17.7582832631974,17.9150527090727,17.7747398277765,18.7077403215696,17.6695862869016,18.1366215135073,18.1522255872898,17.5279579917105,18.0166180372244
"PC(16:0/19:1)",18.096623450965,17.8935161387043,17.9246635009942,17.4341985542521,17.8542920067288,17.9966314135653,18.3666081089796,17.1006807390162,17.4929160633812,16.9193400593875,17.0263511471446,17.5142734833906,17.4819661396148,18.5662208959568,18.3259457095866,18.7065792105693,17.036269533002,17.3277747476129,17.8369553427715,17.1776619062008,16.9953495580142,17.0800738818432,17.9688575955589,16.6242063059581,18.4000682252028,17.8313184840087,18.4736073276559,17.4814027324639,18.3351827064665,18.1836395327035,17.1400933515209,17.8013602544257,17.3174919477866,17.4208876247164,17.5060456137923,17.3905381575215,17.5718385182289,17.3628285980386,17.5185386835444,17.0652611165171,16.6893401427821,17.7654113011382,17.5716337625214,17.7953463444385,17.5485763335721,17.5878485443416,18.0165322956033,17.7572397343703,18.0657669709339,17.9872635814869,17.2027466845945,16.6416601506407,17.1172026251167,18.1970561488754,17.9493493328127,18.0889843347997,16.9335988920776,17.7543635213607,17.1836186559497,17.4612356144134,17.1330921278609,17.376138733254,17.6182559038991,16.9629268679949,17.5273009678743,17.7542406151547,18.2561762436405,18.4793406578526,17.6681965661902,17.9986190522199,18.2788777188318,18.3677804526466,17.4790967788349,16.9062530506696,17.4898885609328,18.0373616539819,17.599709719046,17.5802646037551,17.8493975176157,17.7243245815298,17.2616028142526,17.6008138085599,17.2671342023977,17.0357755981525,17.6465104935982,17.0404988204266,17.9035009279731,17.3387070849709,18.1592461328475,17.6461973951533,17.734167140574,18.1455142118447,17.4002971497211,18.0955278923559
"PC(16:1/16:1)",16.5077358619367,17.1831061432872,16.9780693915744,16.5980385720057,16.7623208379384,16.8962673118166,17.1070041796844,16.397351613326,16.5415000841586,15.8319862996814,15.3720690312878,16.031179816078,16.6913399982075,16.9657577271479,16.5698595146072,17.2368150496477,15.3368711900342,15.6862203109151,16.0965390602021,15.9580920302665,16.1434156394849,16.4964655086628,16.8739692857144,15.6944469284325,17.1508258841566,16.5334540296016,16.7738768062335,16.5108818253482,16.8659612679215,16.7060998970093,16.3114943752291,16.6243411094237,17.1355365850399,16.3478063990846,16.7242287168577,16.4369070006144,16.6231370210521,16.6036435123664,16.5563947745324,16.8401499044662,15.8410688701426,16.7200834794986,16.5269851282966,16.6580265360215,15.8155183288648,16.823149795815,16.322862645444,16.5251305840699,16.6240748571679,16.7973150769798,16.9364017786602,16.2719461498388,16.4679457209418,16.2474126753655,17.482691409351,17.3904571243702,16.1681193590215,16.4148600408831,16.6790409253863,16.9102120904661,16.6901218310175,15.5740881013399,16.1843886902128,15.948294654627,16.5343496903297,16.2580374385613,16.7778021279948,16.2168678752163,16.8643531066396,16.9613440301383,16.8409837147138,16.7864611152181,16.1920678475063,15.8938158493292,16.313849310046,17.2260581948412,16.7268676078858,17.1711180190873,16.8603369347188,17.0448404698136,16.8951984875906,16.9162892919325,16.2942576075828,16.2389730509755,16.579842852723,16.671044585932,16.8411713141942,15.9347403435254,17.4885409338723,16.1835833588223,16.6363763234306,17.0111936354359,16.1958107215143,16.5891940775786
"PC(16:1/18:1)",17.8153382073931,18.2904814626264,18.2623900801116,17.940951406265,17.8931305886956,18.1377234913036,18.5687566841579,18.6278318931019,17.5960055627886,16.9615402881966,17.1287457757119,17.32385336044,17.8905499836194,18.6101937228644,17.8425827463749,18.452571463867,16.6465909272945,16.9553753602798,17.261736105252,17.2480281490239,17.2970092571408,17.2731358911383,18.7083287843935,17.1502582081314,18.4413685532074,18.0324602160763,18.4671198788768,18.0046375379781,18.2474190916925,18.1250572543505,17.7901070298037,18.106178227813,18.3858890881146,18.1976569325981,17.8683872907018,18.2116164318853,18.2604823955233,17.479741434445,18.3108276559711,17.9491493077741,17.6093197730136,18.2753420157021,18.138491698058,18.1153812850377,17.2951175599746,18.627922645384,17.9209420988396,18.1971126696182,18.1612600516501,18.1225465373226,18.3125157325871,17.3713476890658,18.1405914586179,18.2086853459705,18.5426961807091,18.5801630829487,17.4922184398801,17.9161393695086,17.9934100971793,18.0842815245169,18.3491777588295,17.1287916971471,17.54580990739,17.7037420819356,18.1256238840854,18.1008101540419,18.4837500049669,18.058885861199,18.029904737604,18.1651211571153,18.2200118188288,18.3025932890317,18.2240911863974,17.5001511420158,17.9020300817161,18.3621394279534,17.8841115334345,18.3509266984277,18.1281508555172,18.4014441007885,17.8658858876322,18.4986629664307,18.0302739933095,17.7697416542744,18.2421840985214,17.7582832631974,17.9150527090727,17.7747398277765,18.7077403215696,17.6695862869016,18.1366215135073,18.1522255872898,17.5279579917105,18.0166180372244
"PC(17:1/18:1)",16.5798373886075,16.9987732075912,16.9825269126573,15.7718555930602,16.3487337495323,16.3097134290772,17.0003688285694,16.4692968503074,15.6490455761288,15.7965820526799,15.2950495223588,15.6384578492113,16.6647792492983,17.3138837235335,17.1810628943603,17.5283847096201,16.2646844379163,15.7825859751395,16.2319808427486,16.1353421001575,15.1739152319414,15.3659087765773,16.6322213255137,15.4317844319718,17.2424532402033,16.8427389122126,16.9522727164659,16.7325086786763,17.2486204608345,16.726610623793,16.6263774244209,16.7366251895329,16.787804270835,16.3721372062288,16.3706958713379,16.8572965862458,16.3494536915056,16.0582554779783,16.5329014238941,16.2376457117362,16.9041292502534,16.7403427540987,16.2490953396016,16.3038858042106,16.0567518527383,17.2193348834186,16.4581029072989,16.9221323385229,16.7054047485191,16.6790495824592,16.7395285404822,15.6888347237351,15.8557642797376,16.4940691191179,16.765823565481,16.9208661476521,15.8441740385676,15.9689103695787,17.097916427703,16.8125284884725,17.1683147991416,16.2086537936284,15.9875408803566,16.0598237729389,17.2674147499364,16.6010759416756,17.0135262615441,17.0194874170134,16.5289329692874,16.6338040388551,16.9297697198301,17.2891867336601,16.8232968537766,16.3669116147313,17.0824080577156,16.7595018523809,16.70413907793,16.6895340696149,16.3888271117786,16.5700152870227,16.0464406706645,16.742537021627,16.5688351476002,16.4037746043949,16.7308900378186,16.0003941958169,16.3445280816456,16.1065336339264,16.7723062191559,16.721562752213,16.6853966881763,16.8586773521577,16.0526000205995,16.8463381925026
"PC(17:1/19:1)",18.2541812047595,18.7173532426107,17.8276774476293,17.9531117966488,18.2291070509183,18.2037522712201,18.2513823850325,18.0328427150329,17.1138462573194,17.4589130604719,17.4857032441208,17.1795842339126,18.243717787305,18.4006243809967,17.9039908530223,18.428276748714,17.7507564048443,17.1861479027214,17.2998409712034,17.127061909608,16.6553268133515,17.2381127318077,17.9509208359357,17.4512352235412,18.3247054603429,17.9951403377073,18.0249078858772,17.7401365254821,18.4660528208754,17.9302610055018,18.0274047993141,18.0964711626131,18.0708678580887,18.0584428948624,18.3333647062932,17.78943235304,17.8437872303581,17.3798900557371,18.1674254397648,17.3811394527996,17.3586180759017,18.2301474903911,17.5978860632932,18.2062898257445,17.8051702314307,18.3516212925516,17.5480680892672,18.2856429395702,18.4387349065615,17.7664968664573,17.9694305232703,17.3644334357923,17.5801897403323,18.3508325058359,18.2179242858881,18.5804484778883,17.2271503258941,17.3098155218321,18.1706618651481,18.0941061983082,18.1469423641249,17.2099176620348,17.486049974899,17.5934378522369,17.901468014201,18.0367857321502,18.7298370670888,17.8840074008844,18.6277568318939,17.8450411942629,18.0759364014523,18.5552985557523,18.3802636242127,17.8176711434887,18.1190750871187,18.0891476172657,17.7861887845591,18.3296947901937,17.9186372911365,18.6098013384339,17.9370487691667,18.2705012118544,18.0512253357113,17.7046943927972,18.1699856116885,17.7820040687306,18.024289093388,17.8827527039923,18.1926093126881,17.9303111876152,18.6131277236239,18.4629135088839,17.6867267360784,18.1395111908218
"PC(18:0/18:1)",18.1528102165803,18.2162734042177,18.0245423464827,17.2371912762682,17.7052732315531,18.0487658707202,17.9030596859104,17.2188700344264,17.0788669588217,16.6792270098446,16.9314880777434,17.2076860252914,17.7873293881141,18.4282999608308,17.8523650822527,17.7825317054366,17.3052107539778,17.0613114648033,17.2107539378315,17.1171002866504,16.046040101963,16.7832479314853,17.1976169532365,16.8806575661309,18.0919220966509,17.6159241588165,17.7916624506597,17.7744688148375,18.4197107851896,17.8583521364052,17.6392837283105,17.7534929550555,17.4240624881349,17.543956048377,17.5554771114731,17.3834816708357,17.4422464484563,17.1986402604044,17.6967992670755,16.5987788627684,16.9887617077678,17.7987170331679,17.1903064809762,17.9507124777682,17.1693011831431,17.8636168044052,17.2961697013908,17.2984988130333,17.8700598477055,17.754818173909,17.7607266941204,17.3218888850253,17.3029257394419,17.8729916249139,17.9179398118996,17.6741994088429,16.9059686245632,16.824935503179,17.2117616018763,17.3962052515155,17.239411953411,17.2483602414771,17.4262168929839,16.7149121833754,17.5759274664264,17.5155149673923,17.6008651129809,17.5871094911356,17.369197763319,17.9559741571175,18.0107983177869,18.2507151916313,17.7893197617385,17.1297150180285,18.138259980694,17.9308102024041,18.0955982903981,17.6926292940932,17.5493634058286,17.8424899447728,17.524434831252,17.1897764013356,17.2162324758578,17.2740142137482,17.9624175073402,17.1172340824339,17.6398310308402,17.0789728326288,17.3190292930789,16.7666953328865,17.1476568588948,17.742097016288,17.2732465036998,17.8170423068559
"PC(18:0/19:1)",14.7405243835354,15.8132459896042,15.5276511050365,14.4459063183678,14.6611830062322,15.1193303675775,15.9809864685183,14.2761770380873,14.5698723228729,14.3020167944363,13.7069170206721,14.2995068083951,15.3604330300175,16.1121065734681,15.3595755441049,15.8800566542959,14.8083005084045,14.5096346685214,15.0983608322416,14.4005374571506,13.9175819028645,14.1765937285848,14.7261336054684,14.2958376721663,15.5876149243862,14.8591744606063,15.6206585454103,14.9692040645763,15.5939059487132,15.072308029025,14.9833291070585,15.0729737745047,15.1432462254198,14.9868545601424,15.2368496404099,14.8799027283652,14.9621444232949,14.4417974954397,14.8794322129946,14.31113433494,14.497916008122,15.2651984307705,14.5426341697935,14.8309031970834,15.2486637973592,15.1553683764486,14.7994066075778,15.427598183559,15.3365929212477,14.9030396233451,14.9456127480386,14.102082765062,15.0493864061355,15.1843447542602,15.4152231500126,15.2549819518291,14.3667743371839,14.0023203941526,14.9219033608254,15.0974123600229,15.2435633880716,14.646470139673,14.2536216982045,14.5728620212369,15.453145979803,15.0525156510918,15.2345173434701,15.4036483268701,15.0512662367763,15.1384190967656,15.3080098918694,15.7459152218261,15.0079050909134,14.999771746024,15.1152783287417,15.1167770585253,15.4956115045592,15.1746056986247,14.8903434288758,15.2681074240975,14.4121831558216,14.8403189018572,14.4258649308001,14.7493074049875,15.3094761238186,14.5067019250032,14.7531859351337,14.7115780595199,15.8127360388037,14.5247444442022,15.2222769632891,15.3194922885031,14.4641081343277,15.3134465347743
"PC(18:1/18:1)",20.4086749284789,20.4482016696544,19.8739489120323,19.9641854186014,19.8417806235245,20.610185569742,20.4524051260673,20.0591685576517,18.9698056979762,19.2520387976002,19.4849801743411,19.5387509594101,19.7289338810471,20.4268129570946,19.8649473805647,19.927483903803,19.5682808145947,19.7608264894816,19.4232011678919,19.3693812134836,18.6569247941636,19.5329274369357,19.64338619286,19.4412118330648,20.3719798266119,20.4601060529781,20.0617943615462,20.1629819960561,20.3721662573557,19.6502457155984,19.5478756891415,20.6421532601439,19.6754983861234,19.9719712516356,19.5488775658996,19.7816684298054,19.5928567241394,19.5099499707505,19.5410677921031,19.7217081461966,19.6925721744076,20.1157235142628,19.7209606399867,20.2937375160497,19.8620331919957,19.8811093610974,19.6796310868232,19.8917180380413,20.1399564913488,20.0206620804967,20.3145418386216,19.7973436921322,19.6530517038477,19.9917353798322,20.3992253969476,20.3997543187871,19.7764727948954,19.9273632148125,20.0193634588846,20.0857226814182,20.0576067856746,19.6975931043916,19.3387234562099,19.4267523245773,20.0533546215666,19.6821825880945,20.2145266528162,19.9432875975961,19.8129794604517,19.9663264986958,19.9538163927081,20.5349124073977,19.7885816643521,19.3900862287694,19.9303322520238,19.790132010768,19.9057900483485,19.7969170195706,19.8534127916204,19.7720904055963,19.4506675896092,20.0545950677462,19.8444207542145,19.7884606639605,20.1351820968321,19.6181677361287,19.9059975842482,19.4369302306291,20.1728920720459,19.9639770945365,19.8599971408485,20.0629964637886,19.7234569383511,19.9841044316705
"PC(18:1/18:2)",15.8174387108267,16.8167862243009,16.4355742038372,15.288064048381,15.6751725309989,15.8474238692287,16.9266928248491,15.9890604987562,16.0994642218502,16.1071305094597,16.3300506888568,15.8515508394768,16.7174596760144,16.888152828212,16.4897529226635,16.4136635570203,16.1040940215493,16.4653569294066,16.5521045019013,16.3171391693175,15.5441817028816,16.0401387614158,16.7414692318954,15.7298216700848,16.877149349253,16.6969986858613,17.1333206806717,17.0924970288647,16.5251005437835,16.371715416135,16.2562210881269,16.089728136112,16.5806226828551,16.0134738484913,15.9323276233565,16.4223242505824,15.7381762473086,15.3374640181038,15.6677329762559,15.2858063825574,15.7645827199653,16.7345447840787,15.6884485164278,15.8315244463545,16.3468209749979,15.6540002485066,16.1165861414346,16.2656191147918,17.0825858936059,16.3614957446865,16.0954096399902,15.2353162502324,15.8042343672807,16.0211148678736,17.5458042529856,16.7702935737528,15.9312129946438,15.7366463671148,15.8812485668284,17.1481875085045,16.9505469372453,16.3857415086404,15.923448834799,15.0614110753646,16.6056369779383,15.3807936546341,16.4986110261526,16.5451925902319,15.8120540935748,16.6200070405814,16.6377165299687,16.7388274098378,15.5951005716436,16.4371337249035,16.4193800996983,16.1549133915282,16.3222871844173,16.0945914031376,15.7147014671886,15.9064633878282,15.7998227342912,17.0110794772317,15.6793426432432,16.4303140017013,16.7539325378577,16.411024894614,16.6169903437216,15.7015018918296,17.27698633306,16.5457248475131,17.522375391932,16.646344842343,15.8846092684472,16.5024350990861
"PC(18:1/19:1)_A",17.5591541302569,17.9709271157446,17.4368197406331,17.0256797339391,17.4674462090706,17.5551114003069,17.7638292827269,17.2401294514417,16.5204862042937,16.7212943111112,16.9979248149528,16.4987497608158,17.7361951233043,17.7978945401088,17.5228557916065,17.7086421538206,16.8782517493649,16.6036363552313,16.8002125145161,16.6291642762414,15.9455603317584,16.5440112132475,17.0926231454674,16.6868155533641,18.0496772116426,17.5898444065936,17.6496744792835,17.5024978726356,17.892968838584,17.2995249566762,17.1854342486382,17.3113459441051,17.6419967974392,17.1932877944923,17.3979545955992,17.4221302823192,16.8989386726353,16.9620608417925,17.4770579402671,16.4518624641426,16.9110265685036,17.9974844965909,16.6981491138865,17.3875416760351,17.3261661581326,17.5911418123364,17.2011965767656,17.6862073742111,17.8920266457614,17.2709842086519,17.5454242879178,16.9911966055389,16.9369588319714,17.3893234051517,17.5660901531153,17.9975923594325,16.7334892870845,16.4898693608016,17.2892299357485,17.5781370878385,17.7464477455198,16.4047403299393,16.7592805317215,16.7461105910131,17.2368294522828,17.2463462451046,18.3497692012788,17.3705327840695,17.5979885370764,17.1571119172676,17.6497239552336,17.9800383604949,17.2791078504584,17.3371835518901,17.6792948787072,17.26936332515,17.2165433059659,17.5706631738626,17.0862296476541,17.6964358689231,17.0508158226811,17.8623141567972,17.2562899114771,16.9066535548952,17.7029364306462,17.3921642140693,17.2905148981168,17.055026093127,17.7138504345756,17.5202026162989,18.0885927997104,18.0084749918684,17.2459515446459,17.5121953765055
"PC(18:1/19:1)_B",19.3275069434427,19.2365039806798,19.3866274027333,18.9988232621609,19.2386599879059,19.7929395239983,19.82480674489,18.6916167023958,18.8342770542153,18.5368736472835,18.0738822761188,18.7740489598351,18.8459206876272,19.7743811801564,20.0894664685128,19.9414749606501,18.4516344438699,18.8066490229553,18.9267105022041,18.7097236542016,18.2506312870291,18.5437916274973,19.0760604269231,18.1165300419831,19.7504624145907,19.0081954449967,20.3078219327213,18.8214840133249,19.652242781727,19.0933678547662,18.9511180741871,19.5231204319747,18.9054941570527,19.3792877804845,19.1728457675433,19.1155614067305,18.8532004640128,19.2114220068894,19.4078146950806,18.7830685522292,18.2147493062689,19.2751151385744,19.3445692271409,19.3038890933583,18.9473380814815,19.8516728362325,19.1089930235743,19.1483790073732,20.003532405651,18.9518519428819,19.1599276768903,18.6744405681832,18.2461887470478,19.1198532363635,19.4500396278009,19.3502678807877,18.4672668536704,19.0765836062386,19.6770817144246,18.9804173744919,18.6108531900783,18.8356992699454,19.0678755086653,18.7427083266953,18.7220365509842,19.2861813625901,19.7470697325717,19.5408704177393,19.3579873511745,19.2341452277163,19.4481693120365,19.4996432722153,18.9920073581965,18.543627392305,19.1276988891816,19.8282598051458,19.0739293260458,18.8310308836419,19.8410444991515,19.7701502552325,19.0709150151441,18.8833907634325,19.1676193161511,18.4964067729268,19.4549009150563,18.7534289082375,19.0884291951487,18.8212052716823,19.2883682289514,19.1272827097055,18.9955240582557,19.2306002036885,18.591467466642,19.0472581140653
"PC(18:2/18:2)",16.1631290413987,16.9336256692056,17.2708251980437,15.7893646595244,15.3829963701871,15.6881739124948,17.5963863152005,15.4894811325434,17.6529121903762,16.9600723266386,17.6964993842065,17.5393417145587,17.0717962359239,16.8208397667735,16.4577629906658,16.6483645614164,16.5281501068989,17.4278220093096,17.5018661757015,17.0283876347502,17.2405363137602,17.4965131217629,17.9646494278909,16.7213393252301,16.9364154693956,17.36830706555,16.4465527724477,17.8682084690092,16.8592227019168,17.0368796767376,15.5664888009027,15.929407721788,17.0340212107167,15.0301512565776,15.6547488639199,16.8406873658282,16.3028098505052,16.8186834449338,15.5880519778477,15.4383729056946,16.171973088637,17.5210655604036,15.238267656462,15.0670943640266,17.0572271741487,15.138560973249,16.1904436270284,16.6098479383085,16.9474750990959,16.9714839528914,15.7681763552539,16.9938929701528,16.3472304472194,15.2115101770003,18.4940304259344,16.3865657647375,17.5582488441302,16.0748377858557,15.4008468241636,17.8242926036278,17.1131121207182,19.0671784205981,17.2070819572767,14.777013130214,16.9790982298354,15.0708567475087,16.8044173324881,16.5507709576565,15.5452477517457,17.4124756852316,17.1940515167881,17.2658517627487,14.874154525583,16.4167055280066,16.9036976758786,16.0100604378588,17.0234906304364,16.4175861547422,15.1584120088278,15.4378053896791,17.5700328345189,17.6303526465139,15.3364304697196,17.1826241223916,17.1540861331328,17.4211402196455,16.6479519772965,15.1925824368095,17.748282966182,17.0216412554949,17.1166226462125,17.4882389855965,15.5839850426538,16.6259322403229
"PC(19:1/19:1)",19.2048646724776,19.7791567815514,19.6425701694742,18.889839623698,19.3957561452975,19.5257597119054,19.5285119651196,18.7199392893302,18.6174657673479,18.9292113453489,18.1740199064756,18.1871442780554,19.5115508195894,20.2321240453549,19.6914919038,19.7854894929057,18.6321782100954,18.9171305903762,19.3422729127778,19.0081072474508,17.8454110191182,18.7166253880094,19.0896487470665,18.3524777613291,20.0221700101769,19.3298287459289,19.6379894485599,18.9321449309566,19.9361414646671,19.5131083303413,19.0074365289102,19.5586694029308,19.5046214933907,19.4591063812473,19.1206952832628,19.1394316500502,19.3055235893531,18.7642688565459,19.1479286202689,18.7954666700683,19.0103557806082,19.60339956615,18.7845102181756,19.116390462602,19.1405644147574,19.3148274837276,19.4331920428435,19.6901675253367,19.9984386232994,19.6135333126794,19.1848914547598,18.53729642928,18.8875392695703,19.2853760072317,19.461447344476,19.9389757349842,18.3499574801306,18.6826193214741,19.2280530946867,19.3602175396699,19.4533353068403,18.8618174614249,18.7732916325603,18.7877395618615,19.3144977601397,19.3702746738394,19.6585613132246,19.453959235404,19.2397234814566,19.2286740832067,19.5004391054363,19.752071493746,19.3225335514538,19.3329703982921,19.3646367781746,19.7120241777534,19.5458711565425,19.3974172978282,19.240431031423,19.4311641004817,18.7507569652696,19.4939566015991,19.276476362691,19.1414245494283,19.5805938238789,18.7541000745134,19.2045971449424,19.0933678980099,19.9749892286815,19.0657345842892,19.6657840748657,19.8879873033864,18.3872123979226,19.6383542500986
"PE(15:0/15:0)",15.8425785774539,15.9620992993749,16.6940253932498,15.8875058361391,15.8112507543369,15.4465220865659,15.910039444466,16.0722883877024,15.1900274657847,15.2655043371622,14.9105564634715,15.7129379559885,15.7530120342738,15.7383833396452,15.9275892917971,15.9911472739091,15.2706137904801,15.3324421388898,14.6378458515183,14.9206269962435,14.9261849284353,14.7878606746799,16.1859054229773,14.9744615340421,15.4966234996502,16.2618112944459,15.9099692964675,15.990099071305,15.9367744785936,15.6267841784486,16.7342313392427,15.8979971458646,15.4626132924994,16.2925472236619,16.0339057709007,16.3366193257148,15.5210759635212,15.8797164463323,16.5879259243049,15.9634192991759,15.863695282652,15.5880415210035,16.2644040149912,16.3836141009241,15.5503905568262,15.849262220597,16.0099823130435,15.5581490373039,15.6503749601164,16.280411495264,16.2698019901084,15.889506696476,16.0669972520442,16.3525883734277,15.6468971647212,15.934921120594,15.6286318474991,15.8691367447726,16.4131659265293,16.0278699866733,16.1307423117789,15.6720178195332,16.2606628015035,16.030350128565,16.0699283886511,16.0952341733234,16.3449598975805,16.4183414854635,15.945718959262,15.7202864083262,16.1448747478353,16.142691852678,16.3669509851099,16.2848531654203,15.9844951674143,16.0122888803213,15.7864067065141,15.9097526703759,16.6621225696646,16.0766416628645,15.4073327905722,16.0970313886673,16.4870987925197,15.9656546557976,15.5275231970748,15.2547578231601,15.7054069639271,15.9247146344614,15.4596182770712,15.8387519804339,16.169802749577,15.6560529663935,15.7877865764696,15.6880395022154
"PE(15:0/15:1)",14.9873842037499,14.918534775113,16.42549364791,14.7684715509804,14.7922786139776,14.4809946552144,15.2611956435471,15.2974240340331,13.9467696286747,14.3000657849859,14.0453414459267,14.7202883484841,14.5111744862158,14.6841129023018,14.5637498522991,14.9777731046677,14.3667137491746,14.4288764837324,13.6521784013144,14.0887212736655,13.7024994147873,13.3168677184165,15.4068917630289,13.5003546499148,14.6966535349155,15.0854554080237,14.7580787682189,15.1213926802016,14.7376246379752,14.235253782118,15.872001867258,14.6052071310134,14.5425024833051,15.3969857705535,14.6491828963267,16.0051047345782,14.5746206026574,14.693779999408,15.6113437561818,15.0457097356474,15.6213240975237,15.0340986152915,15.1856600771134,15.6885979282212,14.364473148884,14.635000179801,15.0345588108268,14.5593073952325,14.7995033434215,15.2948979516926,15.7875961985775,15.2693629366059,15.14513274772,15.3143136292015,14.9231318638793,15.1529025160381,14.7832273567956,15.1935948970184,15.41604919304,15.5383282328591,15.7674861316569,14.9243366833214,15.3703108345568,15.0093716242876,15.0592056962834,14.5847771854432,15.9109362423495,15.9150066773485,14.7925939699262,15.228282953443,15.431809021239,15.1632185093268,16.0422108631688,15.3235318956935,15.5491735822357,14.8171929953376,14.5809225975967,15.0874167103187,16.6115227677391,14.8176936207136,14.3249084535815,15.155872109521,15.5023150495541,15.7929394227429,14.5846985512026,14.3413298377954,15.0456481649793,14.6913779034095,14.6001423661357,15.0460170367122,16.3735272306126,14.8939096788563,15.1296798130367,15.118722852243
"PE(15:0/16:0)",14.9272424910099,15.5563554561932,16.0559780421629,14.5122045503471,15.9008642584651,14.4691199228076,15.3507772346482,14.9203731656347,15.293199119893,16.2179465198685,15.7261950722228,15.1762780201839,15.3316382577621,15.3000757685215,15.012640469118,15.3652886833839,16.2765010043833,14.6461966358128,14.5325176513481,14.4350916037656,14.3806308439487,14.2247677054529,15.4546147929466,15.0500551648699,15.2282682020514,15.3858857160146,14.9906238217346,15.4302204214391,15.4003623314326,15.1360682245147,16.7360184078261,15.4166025209993,14.8136428321526,15.8073605883236,15.341428849122,16.3004726057875,15.259652716825,16.1116695640208,16.9431713850191,15.1678257819602,15.4166066550745,14.942752740897,16.1711946386904,16.9486753578367,16.2491958432687,15.3163735595203,15.2581159376956,14.7811520900957,14.7793163258934,15.439038637277,15.3153452080669,15.5814082356843,15.0884878411252,15.8280284657764,16.0580553945259,15.1247269226145,15.0985621741671,15.0462445397008,15.9261739725475,15.4460498321918,15.5512634502958,14.7989707153639,15.612001991888,16.2195872993031,15.5023955031271,15.5727279170413,15.8743944398577,16.740083159847,15.0925454748944,15.1844758191298,16.0585045669481,16.1336572121278,17.1621009434708,15.5793928891626,15.7493285938303,15.7384973544746,15.7566418831154,15.7615353161769,17.190522626469,15.808700972364,14.8287868972278,15.1004293721899,16.6384259524436,15.3124211497389,15.0150054902854,15.2901174336702,15.0851657024656,15.6298168636136,14.7420481099412,15.0516999481505,16.7466667871564,16.0127823971069,14.6283818090335,15.0738232520363
"PE(15:0/16:1)",16.3692826388503,16.9944348601733,17.4554357720525,16.5950034704052,16.7280269790244,16.5120763357168,17.0426293600242,16.8620400382752,15.69069822771,16.0162692430743,15.3712326383884,16.4410355791216,16.6639797099172,16.8980084951406,16.6864160286548,17.0513937127925,16.0976578413936,16.3701246684505,15.2879979408456,15.8838789716102,15.9604872567154,15.6129747151646,17.0745562073908,15.7471752401633,16.5454957140275,17.1649020717458,16.7902954394716,17.2823238743574,16.7341558994673,16.641452118391,17.4900037355597,16.804137675611,16.226223055536,17.1649638375296,16.7293515520239,17.1106557733209,16.2281847122943,16.7941009088285,16.9345588101451,17.1453581315405,17.0573935560838,16.3552672842858,17.2179225563764,17.1720816934255,16.5962719317426,16.7195090631666,17.1429760906773,16.3768568459031,16.8314597457906,17.2719675694551,17.0000543247474,16.7631537575946,16.8189945862357,16.9526756797456,16.5219723851515,16.9937905694464,16.2917574723122,16.7404450889676,17.3146064320599,16.6931634254162,16.9870872132847,16.4318431014118,16.9254925073007,16.9533283757498,16.7783851306622,16.6815361463282,17.181715177666,17.1112096487968,16.4810721373259,16.5930220295387,17.0907293276241,16.9101617176656,17.1667932751872,17.0526511320674,17.2076102494277,16.5989379339081,16.5356793913026,16.5104855428555,17.3726348727846,16.7533237298563,16.2719552656969,17.0925329814543,17.1515137329706,16.9596987581972,16.5394296418369,16.3274228138215,16.8753589782121,16.7674920421925,16.624219257828,17.0530473383676,16.9241359114969,16.6828657352343,16.1419578229419,16.6807803259529
"PE(15:0/17:0)",15.634587971366,15.342139776193,15.8547395392587,15.1160377148037,14.8180236704211,14.9884249062376,15.472725635889,15.1339133306692,14.9599284322159,14.6437449612392,14.6695636619042,15.084546310965,15.6010108911254,15.3399636848418,15.1614430854849,15.5177468086776,14.881670904525,14.7699189379651,14.3535988862875,14.881741659827,14.661377567136,14.490385490263,15.7151684851679,14.5926099389177,15.0499645683228,15.4576983837282,14.9490510302041,15.376398546859,15.5319312486489,15.2994667036313,16.067769324708,15.358591362148,14.9685447076661,15.8644674156129,15.237594831745,15.4928306127098,15.4064433008729,15.032817199873,15.7855443866543,15.4710619531637,15.4645593637041,15.1528454026586,15.6727658739994,15.6200145947743,14.8671449110964,15.1089908144166,15.507820495455,15.1729213427624,14.971149090941,15.6451657004157,15.6067594784515,15.0404194257262,15.2719169226436,15.7094680982761,15.0666067260313,15.1150379629953,15.019586886496,15.3162761582433,15.6755435984594,15.3564207916365,15.6422694512772,15.1403682997116,15.5399848733372,15.6142674458997,15.6632144123184,15.7329534080449,15.7329160463917,15.689353008071,15.2519881547175,15.0546159188688,15.7896511301281,15.584957833142,15.7972244293607,16.0310391780333,15.8396494277752,15.4910812453659,15.5072012835156,15.5458659805301,15.6837421478043,15.8312561754858,14.679692788182,15.539979441008,15.5729920983703,15.4137225120257,15.1286537982213,14.6926293809798,15.0852454965338,15.3123497669817,15.2945557715482,15.312739206752,15.9267251755332,15.3869814955143,14.8428394346874,15.2520622153205
"PE(15:0/17:1)",15.4598944111244,15.5665575105604,16.0094676312846,15.9272235583682,15.8080160433301,15.3766616076697,15.2634902170604,15.6677736620988,14.7966370875545,14.6819936804764,14.6759083424814,15.5215818811761,15.4569862830679,15.6437462510137,15.3014535864054,15.8666354474992,14.69603477796,14.8163935970107,14.3013720433957,14.3824535463989,14.9027091427508,14.4262733723592,16.2519207239115,14.9484394085714,15.3428436325871,16.175568356256,15.6954249994669,16.0562945229166,15.5705498462311,15.4463095964214,16.2120111041,15.7400350964592,15.2097360333671,16.071875437716,15.5039664560477,15.9390137261739,15.0455255807825,15.8292841391805,16.1884023981716,15.7116575666707,15.710683972451,15.4922751816556,16.2899592406116,15.9708228258,15.2729527208152,15.801361032148,15.6934156426366,15.1114269383472,15.2517759206284,15.9370404434851,16.1160707694165,15.6568256910446,16.025035340273,15.9690227511527,15.5407418646527,16.0026061693158,15.2080731424453,15.9078893886128,15.958698816162,15.5640985014509,15.6854259033935,15.4169842522892,15.8226180238726,15.811105169329,15.3558354905399,15.7214997357343,15.9558845436217,15.8810880175364,15.2950494633533,15.3072777514481,15.8412389964626,15.4761282273823,16.2100080633402,15.734896778034,15.9640117041621,15.9301982943089,15.678948915104,15.6030034734172,16.3422195496942,15.7960748277413,15.3407548032514,16.0775032696511,15.9620539339344,15.6564127337602,15.5698073099561,15.2377736522354,15.7050419185205,15.8735498889642,15.3290287929603,15.9499091495653,15.9285492791585,15.3398705696748,15.2830557963522,15.3678671277154
"PE(16:0/16:1)",16.0175808589183,16.9934655942695,17.6940728734398,16.0244613573602,15.759007604296,15.5942957490087,16.7693763574105,16.4120914764504,16.1036902665015,16.504827884295,15.4147549056895,16.6734396506279,16.5670257803562,16.5209448483887,16.1639145516404,16.8518860033959,16.121585160201,16.4147744582862,15.4497631827913,16.0943434159583,15.3292827757703,15.3422693707955,16.2372087772597,15.4158026364531,16.1700180714604,16.5843419719202,16.5667638229606,16.945982283021,16.1997935019652,16.0348184784945,17.0385884919878,16.6241172076255,16.2760084043435,16.6618154459589,16.6845509025175,16.9557292529367,16.5919777935985,16.1762486746269,17.4284995366289,16.5899141097598,16.65850477164,16.054097942753,16.8794679191103,17.1146718570796,16.0876130845031,16.481942498233,16.2543902015621,16.3100771481097,15.9535354902194,16.4088558251849,16.4637691079548,16.0412102848289,16.2913218611748,16.7598019505945,16.1702058095236,16.1254226267537,16.3510945585056,16.1096041398634,17.1016007735992,16.8458872994809,17.4190170170437,16.080723433184,16.9941511350353,17.1587731201872,16.4679428101462,16.6008196714864,17.0732432401127,16.8465254876736,16.2813211421786,16.8489336434898,17.3084697671775,16.9993914380133,17.2642804189117,16.8388635433639,16.8929618533683,17.0758433682362,16.954483276536,16.8795239657915,17.9085144826412,16.7132959853796,16.079129461937,16.6592487842961,16.8213293931704,17.0665878551629,16.2621699113827,16.3976428138323,16.4059327256641,16.4861720480466,16.164872282757,16.3637924556192,17.3104028108039,16.2674495467949,16.347628465376,16.5469504939213
"PE(16:0/17:0)",16.2194203135841,15.7371692541578,17.126901841128,15.8005976234122,15.5957681487016,15.6241376703525,15.9465506211022,15.8669709107398,15.7898094604418,15.7976792623506,15.9328353012776,15.9406971446596,15.9288507727803,15.953367306825,15.6484015323142,15.6965403015601,15.6645709463432,15.3020698097601,14.8008786637506,15.2359057570217,15.515719708478,15.3863268171988,16.4743113201981,15.5325456326432,15.2773983754851,15.4182046576326,15.3915120576469,14.9565611453186,15.3800318184764,15.0007316878394,16.6635361532111,15.8554492521671,15.4111478752312,16.273462396655,16.0873329674612,15.9815947198347,16.228215019729,16.0556026629205,16.1460334962035,16.0656523247344,15.4732464524836,15.2704231963487,16.5005376365256,16.5571169600299,15.495267344108,15.6018193727186,15.7284831349798,15.753956493849,15.2372082299982,15.9447810034617,16.1710464143356,16.1214545097508,16.3471955464899,15.7638908662827,15.5953601709198,16.0249725796806,15.60734535031,15.9068623198022,16.3829942875913,15.9518248563928,16.3725770939492,16.0340780141486,16.579772621895,16.4610964277005,15.6972093806521,16.3198468073038,16.009665258016,16.2242817997035,15.844333700202,15.225677845636,16.1152210395698,16.0772832927094,16.5109169680418,16.4502794858336,16.1708047848684,16.0579788659563,16.0030993905859,16.3565464367415,17.1022434467148,16.4504823586364,15.6243142157581,15.6868705069709,16.5050734239732,16.329519288062,15.4266242661608,15.1419549187728,15.5444335019,16.185046059909,15.5310943588934,15.7210731560839,16.3069255718826,15.2674984295146,16.134062588135,15.7804865561164
"PE(16:0/17:1)",17.4339386127731,17.1719178610492,18.178065804088,16.9609529275498,16.8612690481899,16.352228708581,17.8009375374417,16.6940500977637,16.1331633258071,16.776659207621,16.8838519380034,16.9004328839587,16.7953737885243,17.0262236134647,17.1657770583463,17.4413546765654,16.8670991054172,17.0207267496519,15.673788744468,16.6318022179793,16.116087925439,16.2536240771921,17.2968990382548,16.1464424561677,16.6827537671942,16.9088027720578,16.7513714072444,17.3459306106732,17.2013658129444,16.5355721603572,17.4920039564433,16.8612171072307,16.5640148594583,17.1407980249807,16.4650644409175,17.5802201768046,16.6954653133936,16.4053588859072,16.9747185256479,16.8336334571118,17.0160475899828,16.86259993876,16.8970111976879,16.5916031546095,16.6707066144439,16.4839276711815,17.0715325079438,16.9269514501154,16.4365930155844,17.2434383358913,18.1722916326005,16.9926005969194,17.1323809181678,17.1027599887083,16.679336583764,16.8632812655871,16.7747675170185,16.8843878370637,17.1880812229833,17.7393251146809,17.9614666326101,16.7882218095132,17.0956456071719,16.9492727355439,17.4458526082506,17.2183546760695,17.9079326167508,18.0224033361183,17.0465722631569,17.637678180862,17.9827023347103,17.4160195990835,17.3950788722017,17.2837724321722,17.5686876535574,16.7195644080642,17.2756104433873,17.0319386685696,17.2894569933976,16.8818676597857,16.6036033575196,17.0846448143008,17.2006845556677,18.0782201810263,16.8404806010284,16.2428847108753,17.2782622649803,16.8703729406771,16.5090370267809,17.3891137402959,17.340028405936,16.5557300387441,17.2524236365363,17.6000516674463
"PE(16:0/19:1)",15.6102472511167,15.8161444655994,16.4379776778691,15.2500575503945,15.5182137299507,15.0434915986667,16.0448726620809,15.0666033736359,15.1173770917485,15.1940448263532,14.7459954269556,15.1754554261035,15.9039195113723,16.0402001408177,15.7367388129788,15.6320035846911,15.3122586243534,15.4072626948825,15.0420778337647,15.2008107786621,14.9333384229926,14.6837020628256,15.8514345797371,14.7832811717919,15.5598456235685,15.6824538419573,15.4410762621723,15.7083911725171,16.0362977886832,15.6868069611723,15.5001901003599,15.3850241392548,15.0416835574043,15.781702685645,15.2213963426433,15.7312103908077,15.2237024446399,15.0969857071108,15.4002004816001,15.6605795234036,15.7311927113311,15.3530510242882,15.5714953488239,15.7052155965261,15.4296303081537,15.032451021144,15.4108984627414,15.6635380123595,15.4667862572745,15.9761503120611,15.6557179949024,15.041469792778,15.3718694683459,15.7037341322984,15.1590448784831,15.3092037600011,15.1355175882428,15.3733331483873,15.9063712208651,15.8158374492153,15.9713249289963,15.5867069134488,15.8219425230996,15.5675157685423,16.0350930265299,15.9186604356886,16.4923661632591,16.6117237999605,15.314691140903,15.6628465023667,16.1083865028483,16.046006068915,15.8383168253036,15.8852265683977,16.1603328058116,15.7174221340202,16.2204919170924,15.8252775645862,16.2225200224848,15.6269907026748,15.1677672434837,15.126180795876,15.4258626269081,15.8408002929204,15.4820592401015,15.1362872036971,15.787150360935,15.5723321929891,15.6878125815183,15.7597153677119,16.2440002521275,15.6887739824277,15.1788209023275,15.7959669088788
"PE(16:1/16:1)",16.4134033811859,16.2961907413348,17.7556496769282,16.2385647240602,16.0965719313976,15.7524582217996,16.2158558182042,16.618641871317,15.8328694765506,16.022732180794,15.6211445663278,16.3968962389722,15.8644293832011,15.8146336721252,15.44583346887,16.2483901335942,15.7467467854188,15.9976349916405,14.8115883863988,15.1710804928382,15.4130830560533,15.4126447075723,16.7645370188718,15.6725979289917,15.571681482353,16.4949340548137,16.5334483957483,16.6447459003444,15.5701301514617,15.747521712704,17.9048524183671,16.1777289016901,15.5340096981812,17.081950347574,16.3716422380917,16.9566550650482,16.0958373352341,16.2813526650977,17.5590214692315,16.3907531556874,16.3936039112222,15.7769957773164,17.0301832460432,17.6368992290128,16.5292207600178,16.3318802026791,16.4817362338986,15.9711703546721,15.6039548456875,16.227698184147,16.8310588024209,16.1936716045396,16.5484346179313,16.5164475269725,15.8317673758816,16.4572466573914,15.7342275983588,16.5888035423813,16.7976852612264,16.2637514399244,16.7273505608675,16.1825325234693,16.6700151622525,17.314050588382,15.9171604135906,16.6390621548425,17.2241327564841,17.5568354126872,16.2694824005306,16.0987110454805,16.9988114490843,16.6352601468354,18.0523125467691,16.342326123933,16.5518467254632,16.568171077311,16.214652985635,16.4674963168487,18.3811642706407,16.4030358960501,16.0578470258249,16.8152729590153,16.9422937723948,16.672396411707,15.9887594352512,15.9818649296475,16.1978579246101,16.9592548434303,16.0646140473355,16.3031298998464,17.607138010846,16.4033187137482,16.4969013683466,16.026340541633
"PE(16:1/17:1)",14.5460630640325,14.5255235934385,15.1233463005732,14.884399181333,14.7623876610381,13.9457145860487,14.3265792885933,15.104280311577,13.3606018519955,13.7031498695037,13.5316227084575,14.1928562329629,14.2561663987213,14.3405199123296,14.3689991633175,14.8883902617713,13.7326230121545,13.8444065889465,12.6951579351824,13.121730408738,13.9138914488291,13.7170533173424,15.1370183502411,13.9112802099488,14.4437250066411,14.9391025359492,14.8517336507242,14.8402526549393,14.4289680117939,14.3458762529249,15.4767820228407,14.7293214762999,14.351005874566,15.1036608327731,14.4221642603141,15.0728966890127,14.1004275871816,14.7465460392147,15.4216541418163,15.0998925632007,14.8571106844219,14.1928093696097,15.4390894953834,15.1352090133534,14.63916713502,14.4594903539095,14.7246034106305,14.4649332625177,14.3944505104356,15.0370892680616,15.1212868312716,14.8861728933837,14.8293087426565,14.7844933964123,14.3794467791756,14.6599428504426,14.3713764845835,14.950700796654,15.1639803584887,14.465853596612,14.9162113022459,14.203013407257,14.6876785224164,14.8961412447245,14.7709615536108,14.7394746234578,15.380815568556,14.9623020563779,14.6300557245319,14.3195775632362,14.8884825048442,14.585344894187,15.1669936152515,15.0905681886779,14.7905057194696,14.7179604688687,14.3273168951967,14.7230217675841,15.4633731006098,14.9373165192896,14.107213260578,15.1791218944548,15.0628972110068,14.8234677396433,14.4563416204802,14.3463039911438,15.101576163726,15.0392068838271,14.0733054114858,14.8215441958137,15.0507599009927,14.5000584814713,14.6599981243729,14.4506577144286
"PE(16:1/18:0);PE(16:0/18:1)",16.3674584795781,16.8542362995729,18.0426265527298,16.5282978995986,17.7166968536446,16.3969777960172,16.5352098535326,16.7759813433856,16.8439992244045,17.199095898963,17.364119299261,17.4549054046517,17.1681519350431,16.8804675668516,16.6616246966766,16.6677563382202,17.3058009789039,16.8035632970346,15.9757315744629,16.4155822031426,16.1639662397601,15.941884401344,16.9015021449591,16.9569817078547,16.6092714039283,17.1377688152649,16.9302120409386,17.0840359666206,16.7766530730324,16.6201988599708,17.6678339840133,16.6936012514088,16.4310780263512,16.8937430693116,16.6427338192309,17.5549339303265,16.4737382791921,17.3040841179187,18.2212935682294,16.5453143798961,17.1524995178381,16.5194085148936,17.3199744117765,17.9815492789981,17.2317422823057,16.7665517040848,16.9171935936819,16.5495506733805,16.498628308837,17.0213661533339,16.8051371223845,16.7077728483075,16.710283903959,16.9407506957114,17.0101670299385,16.471432088202,16.6089949712482,16.5731400244765,17.2069912030236,16.718550384888,17.4745819035229,16.493098871413,17.227690077234,18.1410558122403,16.7335296935338,17.747660211758,17.5220078359467,18.135030708732,16.5326995982628,16.5040621631363,17.1771526206722,17.144583615884,18.3066654102111,17.0202293710132,17.2545845394204,17.2179467773613,17.1225573904298,17.2082057269042,18.1653311344101,16.9287057562304,16.360110488494,17.1508154169008,17.4387193431281,16.883032360517,16.6129828249016,16.9212238538496,16.6763580068921,17.5586474445137,16.5977064549421,16.7727013704604,18.8796387535401,16.8846722696904,16.8413200457885,16.7625052251006
"PE(16:1/18:1)",15.9078649660224,16.5048924633251,17.1122807684426,15.7024599102078,16.885993881114,15.5686775660466,16.2857970684344,16.7447607925153,15.833888538752,17.7773105661638,17.1179320120026,16.215538035392,16.1900994730082,16.3647277106316,16.1892293940001,16.4653535583106,17.1266688336596,16.327802045921,15.40560186625,16.1134573218679,15.2987460419742,15.3761705041373,16.8030128346524,16.4275832673052,15.903148488486,16.7122434677381,16.0481548037943,16.8264980426239,16.3879010588509,15.9196481442248,17.4310862808022,16.3210746220554,15.8721572128534,16.3460823941817,16.1387272034436,16.9654606558204,15.90924693853,16.9042919629117,17.3994276831047,16.5219499714637,16.618978905038,16.1354433814612,16.8127803760416,17.6085474382901,16.999165895005,16.2031459870594,16.269886198432,15.8949119804905,15.9620280874377,16.4935897760676,16.2742163303333,16.4009315012242,16.2346982524024,16.4248932594394,16.6375266728656,16.3213730675991,16.7514493740215,16.3453659685111,16.8171222294582,16.5634653816841,17.0054266356453,17.5976946151745,16.8859697833845,17.4024337116605,16.5802058824526,16.6156741043473,17.0315385475636,17.8087632232515,16.0939191691592,16.1410539911236,17.0805252006322,16.7317929848305,17.4982013590076,16.7462975157284,16.5650209193707,16.2538332950939,16.5956805610748,16.2483241141692,17.8997991482313,16.2573922712095,15.5634073403528,16.4814793975302,17.0763649052319,16.7728360069213,16.331014679901,16.3221811357739,16.3934966730602,16.3315641318198,16.0394950361714,16.5059707191864,17.7622999521137,16.1946214823586,16.1263888859435,15.9692826683412
"PE(17:1/17:1)",15.0967143083452,14.7885514282289,16.0923859975794,14.8458122478101,15.083687584521,14.8326317617356,15.480422094547,15.2321551089819,14.1600620352015,14.8288964023946,14.5987183969101,15.2746601866695,15.047367278994,14.9224879542416,15.018147923598,14.9003582713382,14.6071922392515,14.3211024983665,13.4865237041568,14.3519501533935,14.4080815113915,14.3736331416823,15.526746532298,14.4676892256315,14.4695535591964,14.9788551221799,15.10624758233,15.1527538529021,14.8016009754083,14.5236405863221,16.0406789140035,15.4862638453771,14.8130647062025,15.5757480748642,14.7137048580922,15.5351053552147,14.764228380833,14.9279312722127,15.4590423781963,15.3945006648458,14.9427559764933,14.4177706790057,15.7245082512846,14.9263943464189,14.5271031669532,14.9114009326121,15.0814836909908,14.8481167836696,14.6607924766147,15.3741759334176,16.0325748236412,15.0904131841046,15.2919032920586,15.2075807389409,15.1613162991425,15.4443861453718,14.8288495520599,15.4842479544622,15.7730281368466,15.4292698051737,15.9762858149466,15.2007976056457,15.6096645820504,15.3106190277379,15.2517153236522,15.2619471220502,15.7026032942981,15.7335300399053,15.4918293287594,15.4381917822822,15.7663545106047,15.3893271150236,15.4206602727468,15.644204455028,15.5503753827688,15.3630131254083,14.8746412232251,15.3897977067758,15.7957410335572,15.5956645946019,14.6431578564407,14.9760749166001,15.7478747023441,15.6364998184729,14.7270617201159,14.2920157164911,15.3450535322051,15.3798989944647,14.5967765331354,15.1448843933044,15.0527021523794,14.9533744463463,15.152124868553,15.5036861223711
"PE(17:1/18:1)",15.1192863918528,14.9046140125004,16.1276760517639,14.5729389737582,14.3282516231718,13.9746145784641,15.385063788706,14.9412562854881,14.0817294471942,14.8182986218776,14.2285867856043,14.6109497491983,15.1260958843444,15.055399676112,14.9363027853827,14.9341233973844,14.9567485152764,15.4302520937573,13.7082087467314,14.551378255408,13.8809358579472,13.8427142994176,14.9690624185732,13.8746406661561,14.4350500846226,14.824376446469,14.3793739431106,15.0095659040424,14.9083453382835,14.3959503797496,15.151762248007,14.799609854726,14.8860490067018,14.8739255176215,14.1666086230617,15.5071443965992,13.9975528585207,14.0839691191123,14.7110882658904,14.6660000830682,15.413933612042,14.9650260898726,14.4220144621272,14.2947566298187,14.6420990998014,14.1386502683112,15.001325909078,14.684772877345,14.407791073768,15.472465461571,15.6029222907069,15.0455996765098,15.3679868311685,14.8811073515333,14.5314776321729,14.9569515872895,14.8199183846212,14.867000099979,15.1741401369547,15.8117410010621,16.215645344076,14.665787786657,15.3264746870553,14.9923961615515,15.4932606831572,14.9332108027765,16.1069968305012,15.7602801065407,14.7792331393781,15.4337262686194,15.3854652413332,15.0099975186388,15.2240453893569,15.4344648373497,15.8645435528807,14.506671776596,15.1509721533631,14.6365340094512,14.9077423007789,14.774587435466,14.2744363943892,14.9076770904528,14.9781647747962,16.1388732476543,14.6896168355695,14.3222596398427,15.039707127632,14.5284796502547,14.4289572197456,15.355315847133,15.6140449099091,14.7784201354911,15.1120234525437,15.4387892918429
"PE(17:1/19:1)",17.2344582657951,15.9171383487951,17.9750135809525,16.6139147604324,16.3943186520594,16.4919913554504,16.9759451402259,16.344861679447,16.3757890066745,15.81529266421,16.1645100954879,16.3536807776974,16.5548468283916,17.5996579972456,17.2448480653056,17.9592913724508,16.7069188813786,17.3342477600222,15.730525436473,16.8409140031002,14.8116741830838,16.1715659275319,17.4882071438875,15.280866013977,16.8489851237532,17.1951397708519,17.2575243195658,17.8657767490787,16.2960618392885,15.4070502726057,17.0753175308895,16.6207350987216,15.8250384775914,16.9043540626639,16.5365037651446,17.4159828833344,15.9925609340591,17.0477478067339,16.9222317669946,16.4872201159296,16.4661773517624,17.1351360949292,17.1916406554352,17.3824065946578,17.0149630302139,16.0143995157892,16.4035766753202,16.7273069446637,16.6826513456042,17.5513271177319,17.0890842436484,16.1077975658566,16.5563824991918,15.480637265787,16.3803296976179,17.1378452942926,16.0541176426908,17.0901211580944,17.7796410783579,17.1621975174185,16.9674090655646,16.7899252561478,17.2714981775579,16.5511912144456,16.9988168246432,16.4747350201913,18.3475699874802,18.4121565596212,15.8327457725022,17.0769216802795,17.0560710307145,16.3583709627737,17.650759424748,17.4770492294967,17.1127215420514,15.9203183540937,17.0905860805716,16.6277061936265,17.6411793656009,16.4409377144257,15.963494320298,16.7846022662877,17.2884132193967,17.1008507802372,16.5338809603143,15.2893281236025,17.520004213901,17.1535354762355,16.0825406445628,17.3187172154773,17.4761754115136,16.123796813099,16.6675517162302,16.5488620138341
"PE(18:0/18:1)",14.5114797363138,14.7546220331245,15.7384298171648,14.6767109358545,14.7165047486505,14.0015436467843,14.9249807491089,15.2103494501271,14.4162779031126,14.8087663621438,15.162685860004,15.1833259570963,15.2910456728297,14.8756538755975,15.0792730692757,15.3363361964227,15.7594215946889,15.5686724804316,14.3693737506657,14.6456178766782,13.7462656492046,14.0629677044311,15.002678813066,14.3998716402144,14.502016146535,15.090699754732,14.668648047752,15.3933053062251,14.9085006649746,14.7600784382376,15.5189884395402,15.0193681129672,14.6317894586423,14.7857931277128,15.2358218225624,15.5377700901702,15.0083454083366,14.7323549622536,15.5438015981745,14.9859009994826,15.136577671684,14.9187949171612,15.3040686599946,15.5229044000905,14.5417181594688,14.4042864750184,14.940125535943,14.7164106364768,14.5718661580995,14.8336779658564,14.7037915939149,14.678084983565,14.6155844363647,14.8988583055022,14.4258360364954,14.6870267795972,14.6194229465892,14.8030822897355,15.3387426009927,15.1226098700711,15.6869443631687,14.9232744329845,15.7590464519206,15.0984327091571,15.3250621852973,15.1120999661624,15.771036645679,15.1588597020918,14.7601868187804,14.7754464748116,15.1383819730229,15.0726028173388,15.1702818194367,15.544874392944,15.164603505789,15.0429278991289,15.5578915823208,14.9419169253189,15.3767913216142,14.941004544009,14.5472650253349,15.3324556524643,15.2166734042913,15.4148168942462,14.6118675775173,14.8636251715192,14.4662009495383,14.9371207020279,14.6750197185065,15.3483760309227,15.0994443873397,14.7702503716335,14.714035982232,14.6569725702275
"PE(18:1/18:1)",17.1771963033981,17.6232113171942,19.1226261462362,17.1674074483581,18.4277916722592,17.0836064566927,17.5997115079004,17.8553435417933,17.7823402378809,18.1918352342476,18.1768181309118,18.4522147190221,17.6181390912278,17.6369062543317,17.166415139491,17.3101038789223,18.2681699984319,17.8589686151728,17.0029164082325,16.879167889108,16.7562662869507,16.581999719503,17.5646080856651,17.7563801751284,17.0273758498937,17.6110503481186,17.5532452082646,17.3962706437236,17.4840825965932,17.1561750977148,18.3965036755899,17.588790413764,17.2813483606288,17.5867695686588,17.2238918661744,18.630154106894,17.1272154118056,18.1315274903947,18.961601288085,17.5033265443704,17.5640465062325,17.3899358589812,18.2778431009195,18.7266977593695,17.819523894164,17.5589980130916,17.2264696596187,17.3232724400105,16.8473122648186,17.9959371115813,17.8482777045984,17.5747558844073,17.4198516988838,17.9519310698159,17.6855081756744,17.0922135162826,17.3759875519483,17.3160064816021,17.9284199383433,17.5237559040128,18.1923864108942,17.3796682741161,17.7103767140779,19.1259260273312,17.5998730881221,18.0154879010722,18.8058711215038,19.2318328202458,17.5920498586663,17.3496875638494,18.2651525250332,18.2742738999211,19.2511580784567,17.8841836116534,17.8086434458225,18.1534808567911,17.9765758016721,18.0941792761471,19.0500126394715,17.3573332778041,17.050975462233,18.1962390248965,18.5139044424573,17.7065102507375,16.9229812204061,17.7478742496885,17.3967533350259,18.4022333094676,17.2879716479419,17.2062074971527,19.4964649656914,17.6007122420566,17.8141092804485,17.478599973503
"PE(18:1/19:1)_A",16.3350873275173,15.4224695532474,17.4051708744864,15.9650265475307,15.4331756846753,15.8594347302405,16.3836053968133,15.4281101561666,15.7923501494164,14.8505619807463,15.2505358812246,16.0782025444244,15.938636035797,16.5762367149954,16.4249647492238,16.9547760530773,15.6553195668778,16.5333778658117,14.8217667723469,16.1136479200138,14.2612527949143,15.3328319366719,16.5779381757574,14.5025363031368,16.0035334785859,16.830800366182,16.4727312659141,16.8984881055698,15.631878391948,15.0556271113048,16.2466679607312,15.7914410990252,15.5698251611582,16.1463817956737,15.6500578813795,16.9720564367951,15.2581264278196,16.6175165707404,16.2828939301112,15.6777700616799,16.2186672557456,16.7233226246455,16.6020442128325,16.7189367036739,16.4006659031504,15.3251776638014,16.2368951211679,16.1745318544705,16.2609218953527,17.0270888776474,16.3903547135553,15.8745535615565,16.103691709428,14.8692013173405,15.8490333974533,16.4338235891221,15.4769645556574,16.4199979555551,17.0038218634868,16.1369559102361,16.2980483183626,15.9900571833492,16.5842248376895,15.8397478907539,16.0812039088399,15.8851337368119,17.3202712156881,17.0043950802547,14.8451339824608,16.2149325491839,15.9738344537977,15.5043636209625,16.6349458479041,16.9677827438365,16.4506208311058,14.9262125044465,16.5624516562582,15.7788484118,16.9351097932915,15.4413280010651,15.2014498875935,16.5026880934914,16.4831757407933,16.3980483959616,15.8606643646035,15.1800393817583,16.9576173537096,16.3844132153208,15.7951732524163,16.7873627200023,16.9249684937897,15.6761582996907,16.0785060643136,15.8293220858185
"PE(18:1/19:1)_B;PE(18:2/19:0)",15.7395523848611,16.2547854184016,17.0596730836464,15.7439162693929,15.8536404100241,15.5073694812692,16.5724793382399,16.2888873529559,15.7038825315611,15.3390099146637,15.2787569655606,16.2617773803686,16.4183916882465,16.3141008840525,15.9307708692304,16.3760465019266,15.9289251329846,16.204601616473,15.3997197482008,15.5288634410234,14.9895617415012,14.821228629104,16.248092015669,15.1685820442004,15.6379643774783,15.8803490713167,15.6133778000404,15.9362492741189,16.2004074408392,15.8824502318676,17.0248750959806,16.326148910692,15.9295440962456,16.3250107224312,16.0510495677662,16.3257382004262,16.2803927506554,15.8440145013237,16.3607605589807,15.4799217061986,15.7129476159823,15.7361846495902,16.0733859872592,16.2812248519452,15.8997435673238,15.7556441849636,16.0812785200591,15.9976661628868,16.090578475381,16.7105707959504,16.0018472385371,15.6065123873757,16.3020394640991,16.3263963732333,15.9380022651095,16.0828050926006,15.5000290321735,16.2321435518691,16.517802353558,16.0037025339773,16.6967781757465,15.6754403629089,16.6273138565827,15.9548674017135,16.5922890575415,16.5059127141351,16.7070650167142,16.9750047828545,15.8331081416081,15.8267915945452,16.3596426902899,17.0584227837317,16.5604759450246,16.5961603584022,16.9307870951273,16.4866522033117,16.8660655881213,16.3745023057739,16.621112110326,15.9898683420148,15.901154418323,16.0903508231433,16.2662918809591,16.1787777534615,16.104748422927,15.7339505288039,15.87984345686,16.3008819935668,16.0998523200705,16.0206158351093,16.4433952158618,15.9025158361436,15.7392363354652,16.4614795018007
"PE(19:1/19:1)",14.9590188379556,15.0524229125591,15.4656791322453,15.0647597127539,14.7921040665352,13.9866714649674,14.9412751004158,15.1411314982419,14.149673174805,14.4753659058408,14.2058754907129,14.8346341218493,15.2572901313688,15.2972207295622,15.1606629638941,15.1669873279968,14.631045285056,14.7289579721569,14.4021217586912,14.3830669398717,14.0845685750786,14.2186179296872,15.5178519198985,13.8100155637035,14.6205845333049,15.3202390805231,14.5351853238477,14.9000581109642,14.8509955331816,14.9335159302663,16.0921056964852,14.9883227108648,14.4117916747211,15.7960302645927,14.7480211184653,15.3800879928767,15.016068109369,14.9018215314307,15.7366105535624,15.1365588742114,14.8642048540237,14.4739858543531,15.2449116966499,15.2306016118408,14.672422338908,14.8881099809021,14.7652098455275,14.946988158458,14.7359251400133,15.0820781359544,14.7577898191888,14.4236395869246,15.1957257551577,15.2190191912688,14.3965739970879,14.8727856455316,14.0056307930891,15.0665399711034,15.665485747618,14.9621653274869,15.3731911483605,14.7595819250001,15.296190385054,15.643454629039,15.0353788070691,15.3032817265074,15.7804298804291,15.5154489132472,14.9526814435758,14.6931363472145,15.1481145661988,15.64147819398,15.6661832177737,15.4013526779549,15.5277712363492,15.0166218948298,15.1420157897155,15.0656926622391,14.9354197864879,14.8709284731239,14.5839789230482,14.9901452051763,15.5236550593395,15.1769911246984,14.3376289142062,14.2799571839174,15.0442874450048,15.3203841820332,14.9659151632442,14.9515560256986,15.5615289533628,15.0999528412232,14.8142998378942,14.8179401925422
"PE(33:1)",15.6707435477397,15.6222853770143,15.9822486926226,15.7542362429977,15.3043623460884,15.1252504874294,15.7119577791248,15.810540219274,15.1676723603466,15.0081956325056,15.1900807515946,15.5917250707764,15.6875134518343,15.3519970829863,15.2336410741691,15.5714084799986,14.7101782798202,15.0661298868197,14.4046156180038,15.0311272716764,15.4069757392609,15.0071074894493,16.0278170383945,15.0250219417641,15.1015648189873,15.5331956166795,15.4743340551072,15.4982230499741,15.3735132432303,15.3599916991718,16.3275761486692,15.9121053922163,15.3506652533196,16.186036728755,15.6408733073609,15.9745717412479,15.4626522190717,15.6691454190889,16.2625038402835,15.8761913824925,15.8294699481683,15.1427166160431,16.2594023277651,16.3610698712826,15.3925136971264,15.6201625808584,15.3624363637944,15.3039095020202,15.426880367871,15.939166673322,15.9003026517208,15.5164302305819,15.5910367877012,16.2679955859654,15.6105446884507,15.8360330098698,15.3119673732776,15.8040497251639,16.328806490914,15.7896343250675,15.7288778179197,15.21640652115,15.8483689171333,16.153392989823,15.6619455952346,15.9245841101497,16.0814934871455,15.7520759475385,15.6379073122168,15.5570703730356,15.7572580592411,15.7415432953239,16.019314353493,16.0392430841701,15.692967831802,15.8279793991631,15.9481410976896,15.8956781279526,16.4262558065075,16.4187473034929,15.3628981377333,15.4845983408246,16.1171564043846,15.8618138433847,15.2898712032314,15.2206922557411,15.3925772279824,15.7788618891405,15.2223020117139,15.6353347877494,15.7264943687324,15.3213034485082,15.3474250731053,15.3955198195714
"PE(34:0)",16.6358432909485,15.0828229903075,17.3714299060046,16.1316062954596,15.8320556927319,15.9075633260342,15.7856399212958,15.8574478930035,16.0679626280885,15.2513830834212,16.0190590410624,16.2052486050246,15.495970406142,16.0967096670071,15.6556494966419,16.3501817152343,15.1870839978245,15.8906520421201,14.404433301694,15.4750117142732,15.0616379458902,15.5962292465183,17.1838591548656,15.0459522017952,15.5941695535349,16.3773233585072,16.0292203024901,16.0422685274356,14.9895377977928,14.9630791476512,16.5350965578879,16.4487458105901,14.834421821891,16.9030342950832,16.1412535902564,16.4264287535642,15.5296567957818,16.7531911027337,16.7553513644073,16.2124936225615,15.8024259445695,15.8655607693768,16.9228509595096,17.1365032375936,16.3283480650089,15.4005543262784,15.7376448799145,15.8126252522496,15.5718660560319,16.5215993944951,16.1194556601745,15.5068494455566,15.9163714708054,15.5176298900467,15.8766716588248,16.2891359600289,15.2315274084112,17.018296734244,17.0622639916412,15.7011704269322,15.7288261692972,16.5841829411764,16.9085990580989,16.1847758929589,15.4139445588445,16.0762563410055,17.032298427515,16.4890922470474,15.4704585335497,15.8093851492076,15.499053775821,14.9607154038905,17.304714951411,16.3574940190871,15.7647342834178,16.1824186892101,15.8152825407664,16.049701877437,17.4324070581479,16.0548187356088,15.3484487807965,15.6867263285051,17.1754917441792,15.8051350204414,15.403593076925,14.6108644751965,16.3995277827199,16.868421763011,15.22496305803,16.3784493881275,16.759058107312,15.4329349036543,15.9069191850702,15.1367940729526
"PE(O-18:0/18:2)",11.4177145305831,11.0236433734023,11.5524911201141,11.0612826827192,11.4360786924978,10.5888835572044,10.707887396592,12.0072441219055,10.5794246213176,10.9481808348168,12.2484002563584,11.1203061360959,10.8554265899115,11.1128472435474,11.3471693620091,11.126657199173,12.2802906572719,12.4690013058001,10.8903512971029,10.7048222015796,10.3914360672521,10.4286835327277,11.1192974433763,10.0295539409122,11.3593230055611,11.4109680104359,11.533356240516,11.5169950959025,11.4152784414818,11.579650440198,12.5968997936661,11.2442285002106,11.4377243327376,11.8124337282249,11.0223312304562,11.2289676347364,11.297775955853,11.4555404303166,11.9792693469133,10.873323313143,11.467191363065,13.222291053808,11.5883750731078,11.9060386622766,11.8220202924285,10.772672332114,11.8501824163865,11.2442603636628,11.8904110963537,11.7644698962188,11.0355024374602,11.0745703238735,10.88064661022,11.0319804827961,10.5718834549819,10.9305578371176,10.8231198421051,11.0590536722216,11.8034149080178,13.5185504264321,11.7653763963955,11.0094114237303,11.7448972422552,10.9302662646918,11.2325930898609,11.115099456834,12.3230308748002,10.9289396611154,11.1338296573433,10.9595395502695,10.9030111363485,10.8002837267244,11.9690955762125,11.6438690509248,12.1920244222447,10.8982961615339,11.3523934685124,11.3072964664265,11.7194144458009,11.5966017811328,10.2059054304446,11.8273492262876,11.8506109922394,12.3267676966996,11.4990652225402,11.1424332484705,10.9576993258279,11.1194450943363,11.4977802539722,11.6213125091108,12.0377655790679,11.1743730714339,11.6546270761451,10.6115166455249
"PG(15:0/17:0)",14.5111734559683,13.4382573658237,14.9134711047055,14.5833544213121,14.078346899566,13.2802203577139,13.4161548283716,14.3703745016453,13.3260415450162,14.6202715640404,15.5824722396821,17.9973766844839,13.6220934590926,13.2603015100743,12.9188112579616,13.5299079858555,13.9731467426267,13.6827069781524,12.1688151262349,12.2785326616759,13.0242399816342,13.5359616632979,14.7840029447782,16.2589979591657,13.0260465682343,14.7229083327106,13.4114990204469,14.996759326397,13.1736526812197,13.1198191082184,14.5860991961957,13.2878864927715,12.9542211511576,14.3389657894065,13.2237043617887,14.4644057803574,12.9885436204256,14.9063898531532,14.3892447540262,14.519921885052,14.681978645312,13.7374511653713,14.6364407671522,14.7620662165906,16.1216066325386,13.3641537904547,13.7331993449829,13.2313856315217,13.0567862472888,14.3194530339061,14.5245857014255,14.0630781461102,14.4541897272601,13.7553596298335,13.8583115968663,14.4265775692696,13.5783984111211,14.1213043735588,14.2500675171726,13.8695500970744,14.4962226954128,14.3739158057541,14.6513830434814,14.5582109921036,13.6085828226331,13.1124701794931,14.2707304504472,14.3389548387301,13.28414756224,13.0054141875508,13.8838754993497,13.445552341842,14.86591713831,14.5500062593853,14.2811694357635,13.243564347343,13.1246199287447,13.4513517976168,15.3031539289059,13.3943917902196,13.193151879419,14.3870232239966,14.4870660185552,13.7086233142267,13.3371160576859,13.4420083185141,14.161572418849,14.0681270496012,13.1483241484695,14.2545827418714,14.7132949832413,13.2432073823315,14.228571904321,13.6674327027051
"PG(16:0/16:0)",15.3817997233224,14.285548099302,15.7160966910283,15.1924050636148,15.1126049895765,14.5415001144109,14.2407022597483,14.962323579017,14.4219674742617,15.6971581451844,15.332410383771,15.6809022709656,14.2984720812172,14.8592414416498,14.1463066063644,14.9076863403762,15.5641485615804,15.2277698444145,13.8911635236964,14.494467801207,14.9947229807917,14.538846641252,16.0974470566826,15.3823184908696,14.2102523003126,15.7482919470107,14.628057239601,15.3248320915359,14.2681312803752,14.7514545452136,15.3626373915459,14.2564318331024,14.0021611681769,15.2208599302966,14.4657298614172,15.6133106784614,14.2008050901999,15.2481113346293,15.3356905409277,15.1203050865697,15.0947545373591,14.7040800153299,15.2226817640584,15.2924403243041,14.9546273039242,14.1890882027419,14.6909368755325,14.5977814058097,14.4034867291945,15.3514414139615,15.2486253151267,16.0743401467514,15.7200961323249,14.9998091187127,14.613458210073,14.9685067136689,15.6849888495887,15.9037296426258,14.815487013775,14.7869437503248,15.4862687740013,15.9193909522531,16.3454931281525,15.3037217929434,14.6974261048521,14.1889796333206,15.2776606197097,15.6547134747727,14.2088980692187,14.3992503408636,15.0738583678831,14.699228285151,15.5370847896067,15.3935427500917,15.3298020187674,14.33628112683,14.1823609221789,14.5702928430424,15.517952801311,14.6252860230355,14.8223878326952,15.6448336447687,15.2830213408666,14.7545303360531,14.1227954207513,14.2408617619273,15.3697089972836,15.0049942797259,14.2689680757828,15.1962982955843,15.1388333825897,14.362562206134,15.2088394154888,14.3899089564209
"PG(16:0/16:1)",16.5041748173661,15.11244337203,16.7932440164322,16.153581423341,16.2344422591033,15.0376894949232,15.1711661974842,16.0184076100877,14.4864686883491,15.5985350707706,15.5556415166516,16.3251967717313,15.3565511546865,15.445773268574,14.8005138085653,15.4776709360321,15.9052944899504,15.6567804902902,14.1420913631876,14.7821583694229,16.9633458250884,14.7113415304946,16.6347777826978,15.6844650014102,14.8468617844126,16.7087375268997,15.679280967156,16.3559554770504,15.2768153691853,15.4779056145333,15.8499818570539,14.959230845681,14.4368584855951,15.8190080572195,15.1716922865793,16.0040285864943,14.9641995527472,16.3137207691237,16.4715107191903,19.5018142713299,18.6320384504089,14.790475867719,16.8988217263197,16.7405515163544,15.9587169060884,15.5369664236691,15.3629442591028,14.8110611252428,14.8079110073624,15.5010161452422,16.2770093470098,16.3603118340314,16.5543640458017,15.4836679624137,15.4944000647174,16.2667542410412,16.8725167050018,16.2485692894531,16.0276505754831,15.4163632330923,16.5667894654929,16.226252225564,16.5956918502017,18.8084910138623,15.4071771718733,15.0024016600418,16.432656558,16.2510479956404,14.8449274073895,15.496983457433,15.6591716352835,15.2697806591662,16.3955303258069,16.3282867881515,15.8918288806223,15.2780182091347,15.1246420918554,15.2984217673744,16.5186654131793,15.5005273526908,15.1125023429471,16.5928278713991,16.3896604815979,15.7215570873776,14.9568168630048,15.3347923192043,16.4906505123288,15.6079075277603,14.7742300894717,15.9960328009359,16.0322178725183,14.9771602305259,16.0177295018209,15.2658702872094
"PG(16:0/17:0)",15.6232494015913,14.1805841177619,15.5063247919289,14.4257307761523,14.3964241690595,13.5630760837744,14.2048574242794,14.4706121489831,14.0180277145625,14.9491187661175,14.7364942680586,15.0536797803761,14.0694655183472,14.313337743253,13.9809228391157,14.2575432756208,14.3926733031385,14.2397460256207,13.0012414969591,13.3231327036417,14.390102976417,13.3458858379159,15.5388101256661,14.0116249334208,13.6300255290872,14.5444197640315,13.7306280698636,14.44085592189,13.795820694565,13.3959123127427,15.229412371389,14.064066489651,13.4496840395558,15.1213228781758,14.6003687518819,15.0459293504614,14.0090561176734,14.3657789303268,15.0824475074996,14.8530097747712,14.6877199391594,14.2373941325436,14.9459016188738,14.7559942160924,13.842382714487,14.0251049902514,14.1029773162728,13.536871061799,13.5010128124114,14.6605766715936,14.9122012746015,14.7594154575816,15.1293487488339,14.5656479421967,14.2391689579753,14.9936331042298,14.071029893441,14.9546962736385,14.8672021904752,14.5171491361685,14.8254544065949,15.043444486518,15.9978708100584,14.983100525472,14.1691955599829,13.9916761343439,14.6840381731702,14.7899772093344,14.0232268001946,13.7406041819427,14.4375355418948,14.0375126807337,15.1892036209465,15.0242638924961,15.0361648217258,14.3724450509915,13.8792145273387,13.5323130992082,15.4733242398434,14.3734403371034,14.2015771844664,14.2472471172655,15.0320692980582,14.1292389088945,13.3101810518156,13.2846760111258,14.33835741645,14.6807449864014,13.741508741603,14.3267199187556,14.6535402173546,13.4468890003763,14.6012121363386,13.7648302637744
"PG(16:0/17:1)",15.4152850208981,15.1109431112973,15.8303429523276,14.9515204965793,14.924350019626,13.95305013748,15.109854863308,15.1884654998644,14.1651109790144,14.3677312089531,14.3937352752918,15.3012060976244,15.036470808913,14.8497627632854,14.6031256019608,15.2109005084217,14.9596471907625,14.6608368080134,12.96125514717,14.0370476046482,13.98861103967,13.4573523027248,16.2305706830321,13.9039992630113,14.2662429484291,15.734506850159,14.6957189019707,15.5827233909114,14.4518254324119,14.105489760542,15.4894910937927,14.9105929248837,13.8728072793746,15.6015182693342,14.1279613853831,15.5648364413819,14.247473159763,14.6225078174541,15.0335625202362,16.0397494929318,15.0377684911724,14.9903660470611,15.578796136586,15.338281595062,14.4946064568143,14.4020167738214,14.2834418614883,14.2753833468818,14.3676972532383,15.4868246081948,16.001812409551,15.5353183955601,15.963064084253,15.0133135690954,14.8648152735501,15.6895137175812,15.0221497187215,15.7213147053574,15.4822955464122,15.5104177693944,15.6879890860093,15.5134056219049,15.8635425841312,15.1991265262936,15.1262381166967,13.9541748773605,16.0369707069815,15.9391865565451,14.7240788665432,15.0542721447353,15.64586505932,14.8951277912232,15.7472901112183,15.7206605312811,15.358987576959,14.5238079529789,14.7440427394869,14.415806941083,15.2959664383084,14.80159958657,14.5242150572612,15.3218825214345,15.7261636099215,15.6258211886351,14.2896139024116,14.0342408338959,15.1744177275267,14.5675298959103,14.0970620961102,15.3809001525612,15.1581203645678,13.9090499818275,15.3310403340518,15.0675530094671
"PG(16:0/18:1)",18.4746397883748,17.1917351142025,18.3673600780798,18.4986809605088,18.506941892057,17.3323081614591,16.8603878109143,18.7488053380018,16.9413385600989,18.1069168632333,17.7346217396978,18.0571056806512,17.7098161670141,17.8991774673218,17.1355116250735,17.9498062635352,17.9509006605385,18.2872071341529,16.7973115781569,16.9062106960427,17.5941410769643,17.1428241641087,18.7521511690273,17.9734028946209,17.3304210162691,18.8548599918042,17.7921566983825,18.7196550350173,17.6591953316685,17.589096668092,18.3174903912154,16.9981846147225,16.7322772937761,18.3371180114931,17.381579197023,18.4530936775002,16.9214786533399,18.2253166162009,19.0448983062838,18.2625177926481,18.3190222301422,17.6724145574333,18.7821236738632,18.631563339726,18.2198461356363,17.8537808799402,17.8234594226082,17.3366831369844,17.3740732550709,18.4538986867522,18.4309376879624,18.3882992245907,18.4616805698041,17.5178263200786,17.5703583308845,18.5196114158789,17.3247585663385,18.323509670833,17.7233533060229,17.0569788308681,18.1844296698111,17.973903557669,18.1487525082658,17.7081818791045,17.1626617224824,17.7922287138775,18.2771874090504,18.2781815340022,16.8793199397079,16.9486215362792,18.0042616271245,17.6782421240433,18.3725898251002,18.3444962134743,18.2909270315898,17.673114712992,17.4027028589685,17.5126987860088,18.7892181649996,17.3896294212868,17.5986328788955,18.7175262240452,18.1589933539694,17.3945555131576,17.7392759002235,17.6164431236676,18.5243656459756,18.1341051285576,16.9936848586123,18.5498271969218,18.2092942479797,17.5728185811909,18.6582207047603,16.9864429980069
"PG(16:0/19:1)",15.2499043257456,14.3080217583477,16.0115182123259,14.4279398568563,14.5770634827749,13.6102165899978,14.7879291325183,14.3985285362312,13.7495358414908,14.1903181299331,14.1932834398932,14.584466927101,14.9249627448504,14.5559753022251,14.437348960731,14.9366564466092,15.238974545042,15.1740752163849,13.8654302638212,13.7729036544946,13.5611805701678,12.8375711064271,14.7892398328815,14.1783087810588,13.7369735585881,15.3093503847587,14.2885092167879,14.8837490222284,14.1726255938853,14.5542813895306,15.0722237738521,13.7660684088425,13.732814674859,14.8265319091085,13.5300914625439,15.2645013525016,13.1608083824638,14.4592326207969,14.7043252963108,14.3846274486316,14.742846015775,14.5528938527422,14.8841839459648,14.6152616906489,15.0327647525742,13.6122637556353,14.7711543952623,14.2072013039295,13.8677450422585,15.195085076914,14.9629722537063,14.4731800568008,15.1357888087484,14.2565558566595,13.9645023839153,14.7387008186936,13.7962184577358,15.05211257168,14.4722168887657,14.9024829120074,15.285810796309,15.0876959707252,15.5951588405608,14.8271532504935,14.4434273561699,14.0717613235234,15.5483623555072,15.421469447854,13.3285453218839,14.0191656534842,14.9285031819015,14.4332497556655,14.8546373598425,15.4403304984329,15.748969239676,13.9828822609035,14.3811470240764,13.4094284778923,14.7530734008725,13.5913392474353,13.741418752023,15.2058757889834,14.8676843259949,14.7632909064722,13.9940540869782,13.4722371054323,15.0632711328938,14.5852931852901,14.1491713846528,15.2185692528725,15.3950731927477,14.1845280829185,14.6336534171368,14.7307415803934
"PG(16:1/18:1);PG(16:0/18:2)",15.0883348079402,14.4963930528578,15.3939122712388,14.9090164597695,14.7542033219915,14.1990645460959,14.4507667432005,16.0378157480422,14.5798359576707,15.0410698308643,16.2614962193874,15.2327279062933,14.7126222550471,14.5734334538157,14.3701983352391,14.9374322394196,14.9272941054297,14.9569679519503,13.8383505993961,14.0670481006999,15.1678878278649,14.244672971589,17.770973074147,15.7447010395241,14.2403835562523,15.7782036761293,15.0290935638321,16.0057654014077,14.484931461368,14.6046930544794,15.203686118919,14.5001963519895,13.8759523532623,15.1385654481908,14.1778862959574,15.8481301427224,14.0139559210151,14.765315690878,15.8506044795251,18.3171791311033,17.6082968410353,14.8860053517744,16.267956835682,15.8467717078987,14.5958852258063,14.9190195558555,14.7997190470426,14.3555162726917,14.1440000375646,15.5447732050058,15.2868766129377,15.9682438586788,15.3962327034689,14.9135230568001,16.1732337464961,15.4306016645321,15.6630068115819,14.9735121422906,15.3702324705117,14.759278285604,15.9736807631771,17.4890281157939,15.8747454494141,17.9204256320664,14.8281763853471,14.490629454085,15.5988368593149,15.7773136110416,13.9876365165876,14.4341689421092,15.4690707116205,14.4816633935447,15.6519506591191,15.6933662581933,15.5611159598284,14.3172417839746,14.6817406421205,14.3065085361408,15.5597083134451,14.5227997881739,14.6727568540323,16.0299038382343,15.6599577125168,14.9778539443018,14.6292522069184,14.7516326611685,15.6437633594362,15.143487736676,14.2399490990371,15.4388401661466,15.2211361958921,14.5508785715573,14.9527588388645,16.9317324927021
"PG(18:0/18:1)",15.1877176511763,14.4328280116577,15.0763710568887,14.8286829282838,14.8032005522096,14.1573568926285,14.2106779569241,14.8954349446653,13.8810046086791,14.7191059267841,14.737851702852,15.1957986093754,14.3197387387426,14.6919579871468,14.3049162600082,15.0348142934123,14.9507317286957,15.0137278816976,13.9647127155955,14.081728602832,14.0554441280081,13.2853275587016,15.4609141651897,14.6636448599633,14.2651942612521,15.2386021013329,14.3931829193165,15.1812572514542,14.3857189693492,14.2959928613574,14.9088751914337,14.363281207935,13.6839137479384,14.9508828769862,14.0980931517094,15.4146049667326,14.0260768424208,14.802460736742,15.422014877951,14.8446330426327,14.7472192129218,14.6697078252915,15.1657767574381,15.0078164078058,14.7349522385407,14.4271825878646,14.6044082976331,13.948555068539,14.2469040031225,14.8776324612329,15.1268862751929,15.0220484764356,15.3677400469995,14.3669595186441,14.310473357706,15.2251702700245,14.3445269717595,15.0275404790312,14.7882149269844,14.4740009142677,15.3654652255879,15.3716428482832,15.740281482347,15.1616790335617,14.5386708658114,14.1494654425383,15.4888212073342,15.4891669461403,13.8431954048871,14.3510024443504,14.7926617442537,14.4872130423446,15.2673706875677,15.5842362056392,15.5277313746364,14.4510256821087,14.7306303325332,14.203596445373,15.248963342112,14.3004402580117,14.0331432946174,15.4634462460613,15.151341843375,14.7316265601283,14.164749164272,14.1461582666214,14.9919186652384,14.7185426948649,14.0601190848899,15.1704853139106,15.1593566800815,14.262224002753,14.696967369485,14.2923822073862
"PG(18:1/18:1)",16.6043404316511,16.1518904910237,17.6275652357439,16.5470712185144,16.6107381867597,15.8047717460009,16.1740760769779,16.5880036834756,15.4949023501679,16.3868386155359,15.7640428194323,16.2839753167707,16.4943540447822,16.1960551302687,15.9086296421158,16.8347792859922,16.1273968668104,16.6100481830129,15.1107593270255,15.106229777759,15.5367420223575,14.8927340574484,17.4504427266522,16.2996666328263,15.8604196879039,17.1682653860908,16.0602400302833,16.7448694505076,16.1972527354244,15.6861162300512,16.5299633025662,16.0069438513344,15.8826271580315,16.4612303938452,15.7747642106691,17.2425590939588,15.5226962268789,16.6235615881849,17.3422668877749,17.0663905907184,16.7526224428251,16.3931048777071,17.1622925358938,16.4806108375675,16.2796616935016,16.3552041293232,16.499380921425,15.9961036223889,15.7574192982786,17.1666940842448,17.0488364066881,16.8962486181082,16.896720918868,16.5337257500033,16.2238206966355,16.8381101561097,15.9862452816534,16.6761540339193,16.8193875583454,16.3263306239269,16.9935372428245,16.6583897111346,17.038617578326,16.590399112873,16.1561889467788,16.2328148493544,17.3744437442468,16.955863313818,15.7841210738931,15.9269139653815,16.5384941692236,16.1655060698088,16.9079209590013,16.8682349473749,17.3049911404308,16.1658054984943,16.1856402497664,15.8221878821949,17.0999689347784,15.7250357079728,16.0541597147407,17.0942148940091,16.9852620420744,16.3106448253429,16.0492555528745,15.7752437635006,16.9235879779707,16.8483115575507,15.592427179733,16.8903008194555,17.0442228031994,16.0211406844426,16.8327080382468,15.9309398225534
"PG(18:1/19:1)",14.3868428906674,13.7315398479455,15.0727659794874,14.3262113859611,14.2919912631946,13.1400024420549,13.8927658510149,14.4928061758618,12.5877997863664,13.8244674515358,13.0753920917896,14.2004369973614,14.1006529402928,14.1762101199178,13.8638050429076,14.1619722933169,14.4984207048919,14.5047477612771,12.8280403058045,13.4079020994677,13.2959151485649,12.4812065250794,14.5032704795917,13.57126693205,13.3839858152944,14.7823139821737,13.5927687410128,14.458773704347,13.4173792194026,13.7033230327202,14.9816820855514,13.8910658178423,13.3625735450756,14.3366529645597,13.0227932214641,15.1633459508906,12.7947026575062,14.0353404771941,14.2494046263171,14.0855376883983,14.4601318616908,13.9924263103981,14.0726498450001,13.9904798970899,14.3456468000476,13.1092263924683,14.1116565689592,13.6067633794553,13.4333750475202,14.7421148589206,14.2213532817048,14.2597590021418,14.7376252084628,13.3798114689421,13.0904266006497,14.541632327198,13.3553299157519,14.4191304171627,14.497035614252,14.0619531113002,14.907861636891,14.5517678170169,14.5080650000964,14.5416820755899,14.27827511448,13.1668538403851,14.7943465232892,14.9614879846239,13.2144279761084,13.7361836366841,14.5088581461611,13.8595710730137,13.9780445577371,14.8955721498624,15.0233626121561,13.0814932789033,14.1025339341303,13.5325910335748,14.359637299599,13.4874326484515,13.0147117353893,14.6317368937405,14.2317217199047,14.2655400505448,13.5848391473027,13.0537454398899,14.4541722019462,13.9097427962516,13.2441481030763,14.4995114482986,14.5434792049157,13.576949491324,14.1172134966534,14.0462581772717
"PG(35:1)",15.432958380664,13.5418275696684,15.7860552996033,14.6558571457887,14.9102461642155,14.100178879097,13.6953675314489,15.1554791963251,13.75680713727,14.3480074206271,14.304833192269,15.4736765075018,14.0638444205266,14.0306202315676,13.3792413332092,14.3986691528691,14.6419956272622,15.0003599352732,13.0232645592803,13.1074485168816,13.8617372679585,13.7198825851815,15.5282764679371,14.8752687586935,13.5885605136267,15.3493301476783,14.7348410852976,15.2085603033184,13.7675508171246,14.1658367628814,15.8680197689905,14.1256178417761,13.3479604357025,15.361632594032,13.6737185109531,15.1613734332689,13.6324738316421,14.5759887848899,15.962033625271,15.1380100496453,15.2086134003667,14.1917086240643,15.7682742374425,16.4986448052485,14.9174504991638,14.571535900336,14.2429828729116,13.9414504576205,13.5397957409639,14.8632035936188,14.9703909133797,14.4862378448989,15.1248047444402,13.9234583537902,14.0881479534419,15.2115681842558,14.0882501918431,15.4933902740921,14.4406590447439,13.8764679542283,15.1801519950493,15.1270664228263,15.6514249525695,15.3634363963515,13.7128202386246,14.6344407160716,15.6148096828708,16.0416645984407,13.659404720023,13.7477918201905,14.9425623491454,14.2230553896544,16.2077409867075,14.8655130337547,15.3241578529741,14.1005840113335,13.9751770310536,14.5771884137197,16.8592755877562,14.2242968914796,14.2446608747832,15.3730874357483,15.1751251902816,14.4126488130173,14.2151436321619,13.7114831035351,15.1830578462826,15.0645844295274,13.9063493806498,14.7759596080515,16.2466304252668,14.5391204323979,14.9507305326084,13.7700441449025
"PI(15:0/15:0)",14.7260562851477,13.0827505777657,13.5330590646284,14.8132270135664,14.6706005706655,14.3298306813851,13.0980906218216,14.6221495209335,13.9973486429337,13.4334668770049,14.3943711210828,15.0001121691734,13.3851509057717,13.7546453668859,12.6811410597875,13.8566250237137,13.9109428769082,13.8441783714241,12.8959566139984,13.7198329250517,15.4701746895877,13.8534444174996,14.818679674427,15.3855959696573,13.4067469264779,15.644675347606,13.59614804517,15.5203089391949,13.3130637453255,15.7736032466213,13.8366996005309,13.4812844393418,13.3471698666785,13.7176667324308,13.396661323984,13.8911049753011,12.6417113834866,15.0856980867586,14.0520600074479,15.4573065741087,15.0294545143906,13.6496930784464,14.6577686775693,15.0682451712428,13.9123902574178,13.150896033601,13.4612682960008,13.4813308615353,14.0049268469044,14.3463993736098,13.8957530731416,14.3207376264308,14.9076447656951,13.3509849544389,14.0895617020494,15.3133579942177,14.756408361991,15.2496268134124,13.7689021417658,12.8312427038423,13.7416375153619,15.1758211310668,14.6276526754393,15.2395153442932,14.7855443233473,12.535573959806,14.2195719003791,14.5791159782707,13.071544649444,12.7179919515654,13.6531000370651,12.9553640705303,14.6867015387904,13.6526225768822,13.7237662371523,13.1343567756688,13.2491674619974,13.0265211304335,14.417330678326,13.4193110438331,14.2052486190436,14.008135964585,14.2775423120515,12.2978158378791,12.5314191719574,13.6567878477856,14.4581404812555,14.6104371681771,13.98785559232,14.3871684215808,13.9483866543321,13.2333042229176,14.4435933839836,12.8174915565433
"PI(18:0/18:1)",11.6938803962382,9.44317826723516,10.5092448767638,12.1129162387776,11.5952915757257,10.8198838305207,9.72051012401653,11.9152555314846,10.8904436519354,10.7943675326694,11.2798293076729,11.669148849754,10.3214984821631,9.68391278985341,8.74282108452038,10.8266775313289,10.6012288582514,11.0681450270125,9.15378777059532,10.7297166790671,11.867133974797,11.3659165396585,11.4217768737854,12.154965456977,9.52974783149024,11.6189170600792,10.6749958223032,12.6183599236478,8.73419290973124,11.6142924086347,10.8928584982151,9.98950959150866,10.0257798723248,10.137335545441,9.9086710227578,10.6145795423959,10.0198276253892,11.7401596968504,10.7865662669137,11.6690659892914,11.5843855630921,9.73047743470634,10.7534039380767,11.054832230703,11.5225361511553,8.93565563958657,9.23124061620827,9.76166971210649,10.1492057778959,10.8071868363,10.1534422907385,11.0054050961367,11.433766690205,10.0948162913011,10.9478240317258,11.506818412459,11.2615743744951,11.75090582256,9.9909679223252,9.81532241241855,10.8014646171993,11.5669369866554,11.908290210628,11.6848467207867,11.1845564382768,9.51909103887213,11.002331819288,11.0574321318598,9.24795719120486,9.2641174382011,10.3286652658317,9.48511677767991,10.6592593220447,10.8832999268219,9.68285141280977,9.74294322996955,9.83669223678634,9.69946911583696,10.8250257587695,10.0612919195043,10.3399463378903,11.4620805092816,10.8870709303776,8.87206648018442,9.3432371029514,10.6237998296926,11.6302518727991,11.2254562488462,10.4254253707925,11.5986106059349,10.8916094291506,9.53188210479565,11.5236032082432,9.43034432911095
"PI(18:0/18:2)",9.56977067832281,8.41783402176261,9.14171363294826,9.51920427831907,9.27228048936046,9.31637626809368,8.05504784455881,9.4881023765957,8.87515293293234,9.64093606611751,9.84280630877579,9.68104365588885,8.88985167379071,8.14880887777408,NA,8.59517370594458,8.96242854389765,8.8026749313061,8.21619965684613,8.55718906479006,10.0806973083145,9.51689769408474,9.50479310916746,9.95767347815908,7.87410840657531,9.65730042586973,8.4119883456842,11.0950820669315,8.14115453172336,10.0888353708575,NA,8.54063134440396,8.74151938313707,8.73134629785009,8.37300532975608,8.03200672251601,7.81726416248576,9.38942345032363,8.78500891378076,9.78274656329371,9.48253446658757,8.86589094009805,9.18595505090699,9.5231801580479,9.21535195970918,NA,8.18534025078545,8.3509014687795,9.67816046785135,8.64278326392885,8.91678317132796,9.09944971552323,9.43909998667053,8.65686195988017,9.5199023436526,9.9383522148407,8.97291736656081,9.48867961504658,7.75755268323639,9.13473834470359,8.87407710049569,10.5081578045014,10.2190670947617,9.39581513555214,8.86727362115221,NA,9.14836367315064,8.69063378280983,8.86175380554678,7.55799118710204,8.05997316995775,NA,8.31323367625987,8.07071962704431,NA,9.05448803928327,8.18173331423653,NA,9.28218736519543,8.30040119126799,8.06450531286838,8.93613589710165,9.67183455835083,NA,NA,9.79815234960951,9.11974318473628,10.151191195597,8.80831202115144,9.64400172873129,8.29925523870677,7.78669625188133,10.0621989364734,8.08022742629627
"TG(10:0/12:0/12:0)",16.5969664901063,13.4807270447565,13.9584275219576,17.3072498096485,16.8930781214655,17.1806260017128,13.8930129428692,13.8450246984091,17.7340218374652,17.5416630421436,17.6278587508507,18.369333674945,13.4610232571167,13.7361635464106,13.192039334394,14.1508299279416,16.3568074222128,17.9083985820145,18.3869726129119,17.3337732533534,18.5495836862027,18.6770537322802,13.9355811503694,18.3611441197988,13.271003709239,13.9093189803479,14.1782519902031,14.0638591432919,13.1610328256045,13.9826452546007,14.1044175499203,15.1479898229166,14.130542582735,14.6776997965525,13.8875767954426,13.8782514695864,14.2934864044937,18.3862015360157,14.4395556873671,13.9055227095766,13.734886359737,14.1012235019591,13.8822312703483,14.5511158553932,17.9596320799874,14.7242622794935,14.1886162380808,14.7904586811693,14.393878472144,13.7100070211454,13.6095970651649,17.3706315523064,17.1866276486444,13.7524435955471,14.3341730054671,14.2051259520711,16.9424474100216,17.0697242483226,14.2038322323232,14.0942353375594,13.5539414470358,16.4268655227484,16.6039040240349,14.7272731409014,13.9263143475148,14.6823156358977,13.7231316544743,13.8112261617716,14.774527554098,14.1750833148369,14.0423948834597,13.9171497486369,15.263603786214,13.4857593290599,13.6296968537844,15.3146661219366,13.5216434314407,15.19459716633,15.6875406493032,14.0851449891555,17.4674699198875,14.2582305945974,14.4525377937322,13.8073825267848,13.6742934007569,14.4906359000767,13.896346871879,14.4601249908011,14.1784223269022,14.2834182628091,14.4480705890252,14.3296226248451,17.1889810318433,13.9222281711515
"TG(10:0/12:0/14:0)",18.5473964873554,13.3282699630116,13.6911218801348,19.0457528293896,19.1615317449915,18.8084461678583,13.5996418385913,13.3499931680701,18.5227946997951,18.8255347371318,18.631411812007,18.9926849450769,13.6866777412368,13.4559568498884,13.1501263005055,13.1205554517741,18.0426210250737,19.0909535097716,18.7077506466565,18.4282233418059,20.2598832023951,19.8004082397903,13.7836837265676,19.360587720492,13.7099961473646,13.4616723801602,13.9427990691707,13.8698270234469,12.4525984297628,13.4085335873281,13.8471344698983,14.2758040601607,13.5951111280231,13.9729867655284,13.215327286497,14.04962799752,13.6198123485458,19.1674642655123,13.4485395892965,13.4704185260986,13.9019679549173,14.3245722328332,13.2498203341685,13.3325476301099,18.8496398701162,13.6295591797015,13.4660356838448,13.8758661428375,14.1309421197361,13.1605813910359,12.8144286040352,19.3488299748474,19.0434824633972,13.2618100338269,14.2242881661707,13.4629022492957,19.0390966357275,19.0227820348575,13.6137579801107,13.7559395252992,12.8554752795419,18.758920002646,18.0526391228148,14.4489274835631,13.447005637587,13.4931118606553,13.3036846107334,13.8904225485893,14.1595749930318,13.9131679447876,13.5149053643686,13.0718956702726,14.3846279476374,13.4378929685954,12.9413781097254,13.9293588473261,13.4338190946852,14.1619081064587,14.7549059014836,13.6693844046892,19.4132424136552,14.3024704989974,13.3599554723655,13.9398339073663,13.3762591830571,14.2920352347885,13.9932145079921,13.6470659515,14.1358971722453,13.7203476000854,13.5961190763293,13.4926001639919,18.9446009601898,13.7720606818276
"TG(12:0/12:0/14:0)",19.017224104762,13.745938703616,13.7760433306094,19.2824969240269,18.9842177464712,19.2549461914473,14.1497102038847,13.7615224586927,18.5942922476698,18.7729970019547,18.3865294249798,19.1872391969922,13.6752578645821,13.8004381878652,13.869694768321,13.6118206291924,18.2535287561162,18.6005583112908,18.6553652049833,18.2366062734731,20.4577887210862,19.7942467396448,13.3483330512266,19.584101321861,14.4572775927443,14.372484077196,15.59782903101,14.4691805898359,13.9135884115732,14.0808729340331,14.0575234789955,14.2805621705944,14.304151914675,14.2710423333353,13.9518185821628,14.3975015612686,13.9446235900663,18.757244750202,13.6902400478247,14.2493914008132,14.4280284916553,15.0435517857528,13.5162609733993,13.7864797545933,18.876641666333,14.4941754468785,14.0302383652288,14.0934028770034,13.9599387127543,13.5904077600318,13.2470792252478,19.4500357997337,19.4038625413395,14.1901501616483,14.3359837783446,13.6708521688041,18.9123200566356,19.5389935262454,14.2319741429018,14.3870123500886,13.1360432437698,19.6839105065756,18.5530669539621,15.9929148024363,13.9581439459401,13.8321937000966,13.5392135453894,13.8790696965024,14.2981872558644,14.6520484014771,13.7617916158819,13.5990466583271,15.1185272854356,13.6571683421909,13.2212899985427,14.2858743327762,13.4265543494824,14.8264566232171,14.760633731969,13.8826983022136,19.6653454106361,14.1016213313785,13.7761066302971,14.0386445905719,13.9247017936461,14.6979418563366,14.050635048304,13.8846415207997,14.6099876597869,13.8050434178288,13.9940799870169,14.1472578279169,19.306280396791,13.7756841412109
"TG(12:0/14:0/14:0)",17.8385043993425,13.6332134507399,13.4906699856885,18.4263731697366,18.2601850010583,18.2347469029643,14.1740695484716,12.7567524921387,17.9545597239684,17.9642541883317,17.1480311398619,18.0803873668616,13.2986536598648,13.3155494908959,13.5693654834701,13.4453969866385,17.429196277736,17.4794384231207,17.5019694824158,17.2054443333644,19.6681974413753,18.691195020973,13.1382607560752,18.8192570175987,13.7794280387075,13.9244961672909,15.7614050542781,13.8214520672692,13.2488126347363,13.6216519326165,13.6550674456166,13.3050143743033,14.0794789281396,13.0647553411388,13.3336030205559,13.8450887046801,13.6592691874538,18.1708422886186,13.1270758952072,13.7046848949145,14.2771290844386,14.349215824141,12.7969480968511,13.1959055060926,17.3790152059708,13.4889000333051,13.9957217470991,14.0157767583993,13.9390898677925,13.7564296766728,12.6930042943811,19.1507156838963,18.6278504666543,13.4618517864888,13.9733935334366,12.6989788241766,17.9215168679762,18.4748655951015,13.2261184422216,14.1625771907548,12.8086171815734,18.6677373609988,17.5259918630651,16.4943259924433,13.5658905381182,13.4915527199163,12.9111152005571,13.6275288366154,13.9592858764258,14.0079641732419,13.2934152335106,13.5932705454295,14.3449890099835,12.9321296878222,12.8341087461736,14.2859866303671,13.528450069494,14.6731468687463,14.2971553776459,13.4847121916559,19.0645706952251,13.9920417401437,13.4271273950952,14.0049851786177,14.0159205822383,14.5520957501986,13.8222222912533,13.3654324630094,13.8384623732325,13.2259456947618,12.6460298834937,13.504276093221,18.1823553577251,13.2935359467115
"TG(12:0/16:1/16:1)",15.2774309060487,14.9199663135985,14.7351215279229,15.1192594252074,15.0242991206856,15.3937716183914,15.1609853153132,15.5397584688866,15.4016883312572,15.2683820761145,15.1797972913627,15.0355210462858,15.018192555577,15.2905886164856,16.1452449359489,15.0720591284815,14.7138437390446,15.4852983833913,15.5835218301269,15.2830251733289,15.6516331388345,15.32955820307,14.7399875586755,15.2198132158572,15.5969659628707,15.0504973412711,14.9478553271721,14.7832968649111,14.7660972952686,14.544487073668,14.8062103193346,15.5330149820083,15.1047848705298,14.6395218155454,15.4684500320621,14.9643949930184,15.8773402567614,14.9935671302937,14.9649727477832,15.222209897179,15.1146252436255,15.2519202899128,15.1515737209981,14.7127284887084,15.0398111348918,15.4903524302868,14.9559512724318,15.0773632199868,15.1833374748712,14.738940578516,14.7743821431837,15.6479226109337,15.6589886943841,14.6799974202342,15.4646326544173,15.2613493216292,15.4311199204106,14.9563800268359,15.2874670936655,15.2143316264132,14.7289953178256,14.7498961029872,14.9935678433511,15.0562842671089,15.2658097772165,15.2699497133454,15.0535237966595,15.0983813455018,15.6886274707313,14.987826307616,15.5093837839644,14.8196170280989,14.7409008363937,14.9741072188996,14.4615905764703,15.3211575693953,15.0542252647927,15.2258398344537,14.8366350368371,15.2515402354109,15.6072462971626,14.8473294339821,15.3669199186492,14.7250573904626,15.1104382085888,15.1219044392614,14.8302116845568,15.2757800228415,14.9008554727883,14.4561033312518,14.2615613308984,15.0789228511275,15.3006542343289,14.7378108730971
"TG(14:1/16:1/16:1)",16.2073217570523,15.5938922923757,15.5699426398968,16.0427034082525,15.8003995253998,16.214633275079,15.9315853719806,16.289585838373,15.9856654781976,15.801970065547,15.5350347166787,15.128991679745,15.675799287766,15.8817246388721,15.9418274562129,15.5554579737928,15.2218017178688,15.3549768022006,15.6502557760091,15.4569819392346,15.7881561028321,16.1098452647262,15.7091023513657,16.1285158289529,15.851489843467,15.6205475275826,15.6645473163479,15.4694625707499,15.4929794950604,15.1009612849181,15.7010823859709,16.5386648433312,15.600450864085,15.8131610677266,16.4065761056941,15.4883297010281,16.5408314413902,15.9978905095705,16.1047716659463,16.2323315408874,15.5310222727147,15.6815519583103,16.1553138105589,15.7381917949244,15.4689773571923,16.3042177029942,15.5563573335446,15.477662107588,15.5781931120635,15.4700528764679,16.1902101856499,15.7081137709008,16.4591795622886,15.9723968415704,16.0685897423098,16.2765431602219,15.9857160439674,15.5679306413492,16.3269576143724,15.9793299258282,15.6064493227652,15.0371702987782,15.4487644514165,15.8067284891699,15.9415677077741,16.3193708965206,15.5260640977896,15.7249461216929,16.5756237059369,15.7753480989164,15.9142946487695,15.4109791996537,15.5815529054799,15.3379549152434,15.0457207636908,15.9240103826104,15.8310834067168,15.846744921737,15.9132338160901,16.3639668952449,15.575442640166,15.5606615081698,16.2683701879132,15.6507662598161,15.4255694155628,15.685778882117,15.4728492254577,16.1295713573448,15.5901119888778,15.1683631171578,15.0671789351375,15.8160306785048,15.9708069260291,15.3664585323334
"TG(15:0/16:0/16:1)",16.1831337384643,15.9776600788038,15.5730819358305,16.0533732869929,15.8461130973438,15.9420070288788,16.4703506760414,16.6234009639275,17.1345383374954,16.8169878623583,17.1833131854771,16.70601850377,15.9210915885082,15.787623783566,15.7762649805933,15.9929567674664,16.6020402076169,15.7787081326911,16.9066305698245,16.2474466517051,17.3128909077734,16.6449718132878,15.6556972314267,16.6919829592513,15.9666232940221,15.9511752799179,15.6825177402588,16.2024333849782,16.2077454141195,15.9647634474069,16.3147956190801,16.7556864684197,16.5510989333901,15.8816427432817,17.3314665518468,15.8048825619886,17.1269147103567,15.8722757639175,15.6385476996033,16.4200740533945,16.0601042731102,16.3597806204577,16.135232980136,16.1751360832204,14.9224590031912,16.2754646741724,15.7427801989181,15.5273946014216,15.9343405742875,15.7783474523212,15.8971429609938,16.088532995566,15.962873752493,16.4332824228794,16.3598314426482,16.2640886509117,16.1737503195694,15.6041122178087,16.3921612021031,16.2497615117353,16.0434703484031,16.4986527687599,16.2433309007405,15.8858815101393,16.546713357149,16.3198981031275,15.9108316287977,15.8234909302589,16.5635175379385,16.053148578023,16.0658204263017,15.832483728747,15.8332920879512,15.9106866402769,16.062831106988,16.6344380205435,16.2328969808277,16.0099864895632,15.4623332419221,16.5200403595926,16.1740524734946,15.8313673783018,16.162761018564,15.6417009369402,16.2801099915426,15.9024339477829,15.5643169247212,15.7122183065636,15.7555554207632,15.6723412243219,14.8172177064938,15.7070730793251,16.3758172542547,15.9153647235457
"TG(15:1/16:1/16:1)",15.4564443716539,15.3387442359309,14.8757889176829,15.2258291252218,15.4015174311756,15.3065799141164,15.0292398633316,15.4348364920072,15.4093140892629,15.4576239010032,15.5299118313548,15.1577125675126,15.029199873354,15.1916749111883,15.1455506866672,15.0127571376008,14.7032445560428,14.6106713674325,15.1351182959226,14.9394505174247,16.2852472239284,16.0030357162602,15.3678973059044,15.4338211982375,15.3822418130778,14.8099826088106,14.747272830633,15.0194570409028,15.0656477901777,14.4668776263924,15.2205263512478,15.9547899494043,15.1173927658315,15.3106263231253,16.142571162471,15.1088335025859,15.9862439008214,15.3667976483419,15.5207038772096,15.5470421826761,14.5604580240631,15.3551268736189,15.3392687387476,15.2312043898921,14.7306917873382,16.0256715306912,14.9764625604311,14.8382741304839,14.8758273569717,14.6019383565428,15.085761281362,15.0718252184563,15.2922874509641,15.340070207801,15.516034578533,15.5365462516533,15.2149948419315,15.1624432929762,15.5935299829245,15.26511936339,15.2303059722787,14.8369289292721,15.5848571845972,15.2493238060694,15.4985394268794,15.3542799273167,14.7602887961829,14.9040385408756,16.0554124812622,15.3606173859609,15.1142264809538,14.9942034413854,15.0669356997734,14.742220534993,14.6338988601208,15.3626449394128,14.9961227225745,14.884130607656,15.2750415248133,15.8250666018637,15.579038424568,14.6857176455915,15.5322858916135,15.0867180975577,15.1364552089065,14.6074754767762,14.8353113406804,15.3798119809569,14.5048135410448,14.7539343081899,13.7268343041866,14.6277629787929,15.2678719735758,15.0444715541221
"TG(16:0/16:0/16:1)",18.771975625249,19.9619240668065,19.0729184816884,19.6940232128275,20.4390823080594,20.8364644900964,19.7311475219894,20.2072261583065,21.5038954116954,20.8563172818167,20.8017627459332,20.4609960123832,19.409016601576,19.9679101402494,20.2201400132312,20.0832910022769,20.7073038890509,20.8511562642153,20.7331942441104,21.0726644933588,21.2560906306754,20.498032496509,19.4583660865286,20.7456414640947,20.3655025639884,19.8945202963296,19.7337667313546,20.1774350109538,20.425638518956,20.369685213896,19.3239283058614,20.5206061976238,19.7547957301531,19.8813190124978,21.1619502073144,19.5160734713479,21.4524334091861,20.6021587544794,19.8856715426732,20.3647411388432,20.0794735067192,19.3783415867497,20.1152822874145,19.9195845881019,19.2341205197338,20.4811634650141,19.9288590554659,19.2131806183263,19.8682547777986,19.7128306192692,20.1900011372783,20.138932927247,20.1349523156748,20.9519994703332,19.9544705327267,20.2692422126482,20.1626317437997,19.7718400139718,20.2678024264426,20.0976446607173,19.5080408462424,20.5179676863474,20.6962436319999,19.6914697117118,19.9558553358629,20.69254819383,19.4710423125107,20.3153216131036,20.5275558227677,19.7190483764126,19.8893858400883,20.4112358601935,19.8666989949065,19.7060382157979,19.3643266050237,20.6562222269593,20.2319439425275,19.8523110012702,19.959630260323,20.0591079005581,20.5371032745173,20.1444644737915,20.3485363513298,19.7901546475331,20.1957779319535,19.942253094569,19.4262562098471,20.172199855675,19.7721988409056,19.6004557932004,19.2024116189295,19.8570628554883,20.2586599820504,19.5071418898425
"TG(16:0/16:0/18:1)",19.0512619987747,20.0433678456378,18.8797802123511,18.9947373257048,19.0097980708849,19.7233798179906,20.305798938106,18.4803123302673,20.3135208245411,19.4562571479249,19.4399111920711,19.2112375945262,20.0349871902272,19.5392602241816,19.8380876684467,19.855796566532,19.3918634031219,19.6209153873702,20.1156340408971,20.4327325882518,20.3468923014213,19.5971400636329,18.6294622730676,19.3600515271477,20.3095217190986,19.9673047410937,20.178723076566,19.6523276624255,20.5112571031679,21.2445681431846,19.0737310545977,19.5822680560132,20.4630246792266,18.9037700163313,19.9501065117229,19.8069338991833,20.1953983020758,18.9448847029721,19.4902442803733,19.3927341269494,20.3462821110794,19.9320342791784,19.0010682626283,19.593184735858,20.1714271129936,19.5121429001734,20.2027450994299,20.3387917664935,20.8567841629029,19.9084447167487,19.7106331155027,18.7429400938018,19.000408226948,20.0680781267748,19.3948455201326,19.1144368185255,19.3788983630367,19.3370365825366,19.1987778973536,19.7530155342672,19.3589037869846,18.7171617263527,18.4359421783468,19.5308692671851,19.5108430069408,19.7974263419792,19.3821712155116,19.1820513332834,19.5318398394415,20.4285267423888,19.2234834629901,20.4840256225841,18.6867825044487,19.8087542714648,19.4038169123922,19.457906828841,19.7607747941818,19.5749229121101,18.5702121432354,19.5488716863637,19.133313881849,19.9388721178858,19.3388018273136,19.9339040343956,20.5107713917542,20.7873740943717,20.3658495675628,19.4187795045338,20.412919923596,20.3453700067047,19.8673959879728,20.0842285838588,19.0862130831359,20.2319319482152
"TG(16:0/16:1/16:1)",20.7111389348137,22.249421244987,21.3513724079449,23.0719414904923,22.0691701191634,22.5161676038517,21.9923869454526,22.1476601297474,22.9071249562886,22.4702030760717,22.1681489556376,22.1923857249061,21.8401997618702,22.0409320260137,22.2353758888128,22.1216365423355,22.0655881477151,22.3798608489157,22.2357070253887,22.4822957127865,22.8578321907005,22.9144712298422,21.9688200010938,22.6107251302284,22.0823292154007,21.6480741795619,21.8533119592877,21.7963762836546,21.8889560923945,22.5039475059343,21.6163622579914,22.6038851322822,21.9940272745029,21.5637756628059,22.2441703495068,22.0563977872018,22.1467872780258,22.6851204057431,21.9081128034152,22.3892700648081,21.6691370605429,21.9054939812005,22.1415750842946,21.8550414405882,21.9991756792704,22.1005267234874,21.7295810266052,21.7160825035284,21.7648324453013,21.7521121567747,21.9045903876834,22.3469889092731,22.2325947655798,23.1859375084154,21.7221621038113,22.2124502927262,22.4459195788329,21.9536421546595,22.6087692517749,21.6081305960713,21.6933718466938,21.5702248880367,21.9813746098173,22.7244108154543,22.2344906166635,22.0342729072497,22.159208165895,21.4450096862623,22.7684273586895,22.0186767170549,21.5310798234662,21.9271599701894,22.1864976905302,21.7861674570896,21.2696165301321,22.6761539637546,21.8050704071161,22.5061328666475,22.408434178682,22.3435295829007,22.0444336026739,21.7954504732699,22.7379803713857,21.9339094752372,22.1119216745089,22.1432793141177,21.4573564595255,22.6833511027641,21.9780030757293,21.7539008763242,21.6999767128879,21.4967224757074,22.1187683512616,22.0311528772615
"TG(16:0/18:0/18:1)",17.8861767642118,18.9920871622312,18.1349819992561,17.7383487593834,18.2577963685958,18.8352402571829,18.7053762900402,17.3526326083823,18.4429192719445,18.3898528764675,17.8743621067626,17.807989183098,18.8582080748999,18.4107733505236,19.1958611320153,18.3884852268351,18.8163190471653,18.4683340899548,19.6195899065784,19.5138368668985,18.7589788781582,18.9299758739121,17.0199479929732,18.3861572231408,19.2811363877658,18.6817833834826,18.7775209088806,18.2893568921726,20.1174872427382,20.2370349250748,17.9992620230627,18.5139938860067,20.3338413276294,17.776071127713,18.4254137300982,18.9936177201604,18.6154936977072,17.7314661874731,17.7866531140455,17.8529173716624,19.9826466265749,19.0866585620652,17.8862098184133,17.7476484526369,19.0320411623178,18.1727076613236,19.7307231376031,20.2703810564514,19.8454693708006,19.3779024298128,18.4030209001235,18.0630787875833,17.7097669150156,18.3466314526607,18.2575129026933,17.5532768363183,18.1149157059392,18.2734996065462,17.4113866014183,19.5388102981188,18.4585700401614,17.7073743442116,17.5129770572993,17.9151625917419,18.7990662175995,18.7164654265194,18.1606977666681,18.6294797507908,18.1878131979095,18.8836179418582,18.5092780036129,18.7823599973064,17.1692452557787,18.6502946505814,18.737413181208,18.0437430917377,19.2382784352017,18.4863788520647,17.0559248641878,18.4148651334599,17.6465536916242,18.875544415191,17.755563768389,19.0248422384068,19.5155391787917,19.9525883857942,19.4073103115189,18.0099386420509,19.8251737996329,19.2458457646872,19.1989696622213,19.8173946623431,18.1373330039294,19.1599222397207
"TG(16:0/18:1/18:1)",20.5628226808691,21.0205669694772,20.023768400413,20.3643785915293,20.4561734928278,20.9334439451956,21.2379501187713,20.2342316709857,21.301730665692,20.6995005899181,20.3033830587094,20.1220981146841,21.0288022966906,20.8668188217981,21.0165481695045,20.8554386619787,20.581186979683,20.5898173684427,20.9913021759821,21.1756773946314,21.6119871962177,20.8331298789224,20.3383841362508,20.5820880411641,21.1023894096243,20.7413790357633,20.9572633421231,20.6745521989094,20.8653213904889,21.543725004643,20.6507331450708,20.927653746545,20.822119687824,20.6652628856165,21.0708883394968,20.5531235267964,21.3308718719701,20.3359279349717,21.1387109503838,20.7797659465707,20.9461445523075,20.5072001898998,20.627659822129,21.1373924804693,20.8924179845313,21.0083808708076,20.7708345708188,20.7727019998673,21.3630783334053,20.3153918383756,21.1411506500982,20.1909099831127,20.3581936960143,21.6889010462852,20.7291638640449,20.480263120733,20.8356674433598,20.21153240273,20.7616495308908,20.5623459460542,20.2829153198535,19.8900955474487,19.8060269739239,21.0828236231243,20.8446053595963,21.0150214836854,20.5481408012845,20.3832809330182,20.8249186290107,21.1901834002016,20.449990547784,21.2080840629912,20.4467794096982,20.6758281062512,20.2029335868084,20.7234611918899,20.5001289835352,20.8689725383786,20.2293782836701,20.9974854659042,20.398229051685,20.6740778187625,20.9404226796092,20.7456798080662,20.9865743591175,21.3381111999872,20.9657166522112,20.9844205003389,20.7971102702157,20.9210953851407,20.7438646409443,20.6024030518601,20.6412976003267,21.0235410498473
"TG(16:0/18:1/24:0)",12.7237533628186,14.574382710927,12.1534078334376,13.4382966656114,13.3896198293727,14.0159249033883,14.6436566700855,13.8552751289763,14.7727307711027,13.8171402748055,13.4750667847182,13.6085971545485,14.6683409725591,13.8680400379126,14.454796634145,13.7012302224553,13.8391321558245,13.4353707044521,14.737982492104,14.4155658103079,13.7883971809293,14.2405311446088,12.4415092144519,13.7646640931325,14.2454188909047,13.4419434428972,14.2452604391387,13.5938343573914,15.2911813039822,16.0184005218243,13.8845683239196,13.7431490711848,15.8674700116554,13.9430206098875,13.8234431564157,14.2024641166971,14.3378931860517,13.164599057002,12.9541876269818,14.3299973933174,15.0417266770348,14.2228842592283,13.5550164011557,13.4170755487377,13.7620543192578,14.1981239315044,14.8555717475109,15.3806463267019,15.4566957147681,14.7580620765474,14.1314646120845,13.5528564813844,13.4219833302729,15.1886180053526,14.1233587081849,13.4580785847041,14.2443568569886,13.0394714158309,13.0635205674903,13.913353032289,13.5810751727586,13.2595987659145,13.125760505728,13.8352567450423,14.369090774664,14.5252345695669,13.4189846108396,13.4105354167578,13.7941489095461,14.6648441090164,14.2946282510216,14.2487177157763,12.7304316122646,14.1849290482621,14.2066799148969,13.6695501573887,15.0874920439549,13.8068136572993,12.4089099670853,14.12260463258,14.2139079256344,14.1964732372033,13.5298624361709,13.8383251469129,15.6621907107526,15.0743178765213,13.7716606458717,13.8039325189879,15.4635165440473,14.305156206683,14.6817241626691,15.3501654325325,13.4753911396615,14.8661623594387
"TG(16:1/16:1/16:1)",21.2178049772288,21.5590826171874,21.5655197063532,22.0507396358675,21.8298414132271,22.0113916259492,21.1174825436635,21.567448885695,21.8151513521253,21.8066265650011,21.9693417833625,21.2614736153603,21.2685780517275,21.1959170349726,21.8604722436952,21.6549426241784,21.6306365140585,21.4149052380825,22.256860945288,21.7408388474512,21.6611467769881,22.2930876533288,21.8260628681511,22.1747285636737,21.3166975313729,20.9968606362574,21.1791355696579,21.5426329613881,21.3264629668621,21.4472596965927,21.4026537744557,22.3187841678018,21.5409771887341,21.6981776365438,22.4463512592148,21.340782654996,21.5227731769207,22.1713885451582,21.7058882057276,22.0724903904651,20.6379382269213,21.1922201110288,21.6681769813913,21.9411168827885,21.2597137264713,22.5655675258997,21.3421615417803,21.233991031874,21.2708455942888,21.3850462152956,21.5023205283367,21.8025727755434,21.773754947821,22.564606605795,21.540807436332,21.3104993142485,21.3887893936986,21.4424418215334,22.1370492698244,21.8391119104948,21.1000248506568,21.3001118156685,21.2391582804376,22.4226403829499,21.465935902218,21.7670458259247,21.1371337021303,21.6339741847953,22.7453927573623,21.4440145282273,21.1425601569911,21.667144658892,21.8843683017137,21.4087351679637,20.7031583914568,21.8476473446572,21.1797721038073,21.6158354950116,21.971789551129,21.9341977335806,21.8184089977595,21.1388047272938,22.0531531965181,21.510131859853,21.1482694432855,21.5235890847019,21.116394062495,21.703935033072,21.2311191588611,21.06832712982,20.6064150193698,21.2800312476407,21.7355758375714,21.4217743992041
"TG(16:2/16:2/16:2)",16.2301294428441,14.9308721870158,16.6692152550461,17.9121381958654,16.0448499883679,16.5814775494099,15.8415321156163,17.1184155442877,14.9226197232634,16.106953907307,14.9339316859988,16.2574996856596,14.6892203875111,15.3366510666829,15.1840270111903,16.7212920701975,14.8968814146792,13.5500167461399,14.5361053074459,16.284551840446,15.804431643393,17.002570886482,17.107056976206,16.1215690512819,14.451493295668,16.400747017896,17.5425320643188,16.4986729786943,15.5845377977407,17.2387051999975,16.3297298291411,17.3222505336732,15.71795248193,14.9712893256043,16.7368396742131,15.2555331438039,16.8471113927855,16.1270078777984,15.5311807617166,17.9367325415271,16.0671625238594,17.3162312409854,17.7364551533757,16.8633126472297,16.2214303382523,17.9476215974728,18.5996779525752,16.6475042895471,16.0639852203516,15.5225778372058,17.0223408017652,15.8985223749204,15.1645707731041,18.016477451277,14.0166219533463,16.3574905142911,16.617987317729,16.9867976635643,18.1605185794255,14.9993473770378,16.6595641773439,14.6337876431842,15.1472532772216,15.7197567320968,16.565660742102,15.7711671900825,14.881119354555,14.7204236589714,17.591307353701,17.8677798113364,14.9798215395714,14.4696331491295,16.784551430199,17.5357742620502,17.4782861326591,16.5159462029725,15.1439997319432,16.7134140167298,16.0892346893989,16.8102243096051,17.0062595329007,17.2458527419355,16.8921558193089,16.1481536905995,15.2214948548505,18.0033166902801,16.9575510795829,16.2072915355245,14.4431210121581,16.5772302529405,12.080444924936,16.2608621920182,15.5733184964757,16.7960174245145
"TG(16:2/16:2/18:3)",16.0769373339465,14.5127395008387,16.4192983794531,17.3769026666385,15.4591106517162,16.299994002407,15.2288309243331,16.3664193577969,14.5720029438532,15.3774031136799,14.6174800356033,15.3087297505891,14.6338411691724,15.2212974302909,15.5293848676366,16.083889841912,13.8094155987793,12.848949871029,13.8599108173245,15.761783971548,15.8540324964651,15.6412006557505,16.879254058674,15.7729899653165,14.4986154866378,15.9053887104479,17.0749591104135,15.9386809278567,15.2188575836714,16.6182662926182,15.7898344728971,16.6801498057549,15.6190170677102,14.1492178415777,15.7995661370955,15.4784472902285,16.423174441798,15.5477780374583,15.8691896829071,17.195840589345,15.2972292349066,17.1411011563398,17.249361666097,16.3921744876753,15.7131019699409,17.7434037271455,17.8979710669051,16.4152005498413,16.234699449254,15.5761305175334,16.9835901188257,15.3322010942443,14.6722000554497,17.3757082823744,14.0915276352138,16.5447868003387,16.3055987375518,15.9623191993293,17.941140450936,14.7764552200966,15.8679160836733,14.0563375166412,15.0924893661177,16.1247823581128,16.4152864847745,15.3169933994615,14.9226620561182,14.4557843711568,17.3271101717368,16.9768515646456,14.7382255568279,15.6634469676799,16.7234561688468,17.4732506553291,16.9895782220973,15.6042212557947,15.7893362417186,16.3328797529842,15.9604064011147,16.1342930165616,16.3182251659932,16.6202562547211,16.3485440273567,15.711598201432,14.9587000206772,17.6105140267937,16.5746151907929,14.3073621972922,14.3863835889664,17.313133066827,14.3655499904469,16.04407365165,15.245164294266,16.4673987159899
"TG(18:0/18:0/18:1)",15.8688661579615,17.0109671080629,15.4015543776299,15.6066902563595,16.7968194666873,17.716934523001,16.7634285136395,15.3389091379198,16.7574329175054,17.0491394482294,15.8818000039706,15.5703151747987,16.9052406359827,16.4406287156382,16.5829233425421,15.9865201763746,16.2470512124886,16.1913010929045,17.1119586497709,17.2481243107686,16.3286274277753,16.6290842052073,14.7346932115061,16.3803368962472,16.996975920635,15.9644633949232,16.6145973705767,15.7531911922862,17.2960259128876,17.7624439202241,15.994444964487,15.9397306929129,18.195523433932,15.3210068836937,16.0089987440151,16.4419843913455,16.2459213188547,15.4582042139813,15.6735222633139,15.8919116196415,17.4805979843939,16.7941966034841,15.4148949112903,15.4043135852171,16.2215571670742,16.6000071411972,17.5878402683185,17.7893747295877,17.5921747486919,17.1075937267545,16.5778876828535,16.8585039849292,16.1240275923755,16.3522274960225,16.583406340455,15.6535149716139,16.4322130705984,16.4815770120366,14.9416947345179,16.9170600933415,16.0210171312191,15.5027153071719,15.0993563014958,15.7191306817797,16.3051289077629,16.7468535710298,15.9091380998126,16.1097433928322,16.0626265393863,16.8184923053337,16.5391941497967,16.6171181664598,15.1642696415406,16.3018003994918,16.3492743548058,16.4381170446578,17.541076986165,16.4247113212173,14.7250233014287,15.9543296666089,15.8200726361832,16.1562812460156,15.4802660793801,16.3332998180547,17.7062885185419,17.3509034071006,16.6978806346944,16.1914158209431,17.7128891120564,16.7367423989333,16.8662953428809,17.4877470059876,15.9462694221671,17.1766567087658
"TG(18:0/18:1/18:1)",19.0391741702525,19.5453209488075,18.839356649061,18.9604716814452,19.0694214863236,19.4578854112627,19.3029214359667,18.778925123275,19.4212057844613,19.2036564110353,18.7266256765265,18.7360293270646,19.5295927632977,19.3759232571143,19.8779328034408,19.0829546806906,19.0715419712471,19.0889204151995,20.0758540987239,19.9015629986047,19.7565842611176,19.9923006295279,18.2322305463125,19.2689710362151,19.515508726965,18.9748007566283,19.2345775206917,18.9393602386977,19.8499727946809,19.8163952660575,19.1983327425505,19.725183469935,20.0728446083382,19.3063713556638,19.2829909227612,19.2537970415693,19.457429566103,19.1065272467821,19.0129255361049,19.308504649632,19.9057624082643,19.0929488392914,19.3303440742296,18.9555253761163,19.1361081257012,19.2614701769994,19.6257905639987,20.2261141865904,19.7945516732347,19.1826025741772,19.3563320189314,18.9240540108904,18.835998025202,19.7428538550011,19.386025842962,18.7884701815189,19.2941776390968,18.8121914847551,18.994948460131,19.9223672722958,19.1978565161392,18.64277195552,18.9783854607896,19.0601459186829,19.5758580218101,19.6374141065134,18.9990745500665,19.5381171386741,19.4251255692041,19.5042328791507,19.3080321209959,19.2779335012656,18.9022650367473,19.2849182134829,19.1839490266874,19.1553296022981,19.6720742822103,19.4534912384122,18.3240899171702,19.5815324726446,18.8515488067756,19.0247226371137,19.1633093636261,19.4569652341539,19.4483363172251,19.8893245807595,19.2588615616674,19.2547225039685,19.6561255769361,19.2196060805003,19.293828621743,19.7220234224425,19.1701477143448,19.6780708569965
"TG(18:1/18:1/18:1)",20.6336484670086,20.7588224309584,19.7365168822771,20.5019005187397,20.3390227663773,20.931541775362,20.8800036628526,20.1325307339739,21.258007801052,20.6907953250097,20.2471523867329,20.0669441807609,20.7390292115121,20.6950705182444,20.8443690784458,20.5266806772032,19.7596029031007,20.2604118529354,20.2680364158039,20.7481263993932,21.2406156726758,20.9968835563211,20.3574906282139,20.4520650361403,20.5098225711809,19.9193527770337,20.2409980653274,19.960488506752,19.9169282844322,20.3809690918984,20.6355395214703,20.8158246161723,19.9415282581728,20.9117835794183,20.9111912558255,19.9045755476522,20.9766866715579,20.2984279814635,21.1129145713967,20.7321661465839,20.0660309272711,19.411393556058,20.6291989847499,21.0691046642974,19.7993634428577,20.9531352981648,19.859293001105,19.6762115950814,20.0640582219395,19.3740464875295,21.0171966512045,20.1958580091746,20.3364321637716,21.6302024514976,20.7600258775205,20.4194137845932,20.8828540046367,20.1852723949152,20.7400298139903,20.1039954812595,19.7695715246962,19.7804735776545,20.2486251811003,21.0818636756597,20.6123312421947,20.9804741533827,20.3548442043106,20.1939607057932,20.6814073108352,20.5849406757103,20.3221298434556,20.819933846961,20.5655725120097,20.2226704976998,19.8816336536238,20.7727610372939,20.105496681926,20.7416129828664,20.1665165437025,20.9500131908029,20.4904907442589,19.6892078216114,20.869263189991,20.2157942954496,20.0639882360171,20.5183361598813,20.1183923988491,20.9492101427902,19.5880503720775,19.7445109529554,19.7795324655508,19.8730117227482,20.6695184711503,20.7518850710983
"TG(18:2/18:2/18:2)",18.3385761102946,20.4434404885352,19.5641033429927,18.6169460299673,19.0224634515658,18.5052022765662,19.9264754951086,18.3259910124806,19.2406469256738,19.3946984803853,19.7019224759333,18.6266081586275,20.138015779304,19.6012378458116,19.3960248172315,19.5515031013809,20.2061926139496,20.1722735002578,20.3238811408066,20.6385189949621,19.3588391067109,19.7679115082652,19.0731735930251,19.5970038419491,20.4835878589576,19.5266150888727,19.6457437285812,19.3799749574658,19.6844966282293,20.0222796286408,17.9739846963642,18.5755891484484,19.8714203320019,18.9685323573755,19.1302331263242,20.0432151741685,18.9030634944121,18.9262804990894,19.1437532667927,18.1719808770163,20.2606911384863,19.5656090613468,18.6484249709047,18.4261795472675,19.5137754432239,18.3176905820363,19.9467942734629,20.0735073454237,20.2040595297651,19.5945829008656,19.5304993292637,18.7679205605188,18.5955860985818,18.6616108919929,19.5502841131971,18.8091309828027,19.2985822264242,18.4043966287981,18.2689642750303,19.6992702836324,19.3110636232171,18.7856079997997,18.831891447136,18.4906776446697,19.3463595467397,19.3968554319784,18.8754791289007,18.7454104836767,18.4202551936966,19.7881474887708,19.1106204185435,19.1355365043454,18.0963306104621,19.8587159874831,19.3181681063015,18.4514652874401,19.9370692336275,18.8907460874894,18.7056578117066,18.6469709758412,18.8094105656321,19.1864910137227,18.1265780304385,19.8788554706358,19.7255996811398,19.6270450551219,19.9027622013851,20.1855484375386,19.9975982094089,19.6738837472028,20.4757193802082,19.9829044329981,19.1815757679104,20.1786362561179
"TG(18:2/18:2/18:3)",16.4408862157985,16.5857217252249,16.7993699200105,17.1691738934269,17.0715648563084,17.0104778651789,16.5263432965628,19.1022745881008,17.755878765815,18.1016697793903,19.4529063941232,17.596302645867,17.4418830056216,17.6648624362367,17.3557638777157,17.0357763303684,18.1166031403412,17.0095083949315,19.6068156791688,17.771043141385,18.3127871754438,18.7424046058314,18.1762184452718,19.2693245864863,17.7809249966172,16.7971471537327,16.7369147424924,16.8165918592875,17.1022596683776,16.770596994912,16.8597333875195,16.9933484406611,17.0078452833333,18.8504579082856,17.5807726789766,16.4706434097398,17.4342048008806,17.0441320901825,16.6967492684951,17.4828686576075,16.3853934576789,16.9842478179203,17.6882202605234,16.9696129369473,17.7673479397692,16.8493767405769,16.2130904836907,16.653713345046,16.4353833880702,16.6177235201506,17.093980528275,18.3050576270605,16.8315562010389,16.8218749367195,17.3343405532207,17.5152869412403,19.0643528297334,18.6373828256517,16.9524342301083,16.7272655374965,16.5488529010917,19.3718562278489,17.1128703553473,17.1261173838165,17.6724124185127,17.0029260779226,16.4329043704046,17.8597420662942,17.6458906056516,18.3674237091735,17.0839153436256,16.4460549255927,17.0015868720011,16.6435066843595,16.4846053237466,17.4954915251568,17.5575054520648,16.7252838652483,17.4575148889233,17.1600522561189,18.5199391268753,16.8685328327233,17.0997506324783,17.2910341718508,16.988831551508,17.692866860157,17.162499461139,20.9843127934149,16.4280925635173,17.6487559362058,16.022538820693,17.079022502498,17.0314902339568,16.6462755832404
"TG(18:3/18:3/20:3)",14.9891427924911,14.7195436265801,14.7393673817674,15.2928149665172,15.356798485976,15.1992851358825,14.1515519563382,17.2114121278653,15.353665787768,15.8044351866643,16.4945929180026,15.1672663868396,15.9789953035916,16.1685756160774,15.2890308627619,14.8511114459548,15.6785425569574,15.3533555883255,18.0781476778698,15.8421278211555,16.4685334000014,15.9848569245223,15.157245385027,15.1551892150287,16.5532929548353,15.1198405731976,14.7826399243573,15.7377805665033,15.5670317232515,14.819032322612,14.9825297691346,14.9671478010498,14.8920801908342,17.985713848109,15.4526323839671,14.220222084453,15.454223390884,15.4485508189152,15.3324993064922,15.0838360455386,14.5179726318984,14.1660652197599,15.4565317267789,15.9093285969346,15.9580515093615,15.8941139243742,14.8851743117849,14.6523574281369,14.7477250239436,14.1902934924768,14.7300283705678,14.8004571746575,14.8267062923864,14.7915165243228,15.2901793906753,15.9220596359288,15.5664285417058,16.4580122025371,14.6900614367861,15.371748674208,14.9806888488526,16.6015609005062,14.99048699977,15.0381335833724,15.4124220734886,15.6758664074041,14.9579472529239,15.5229223816343,15.9140809623633,16.8741762329037,15.3097215794313,14.5942284204369,15.0889707757173,14.212841020319,14.4039498961426,15.2231976150816,16.017225494011,14.9487671921466,15.2552058354518,15.4212186328622,15.3519573397502,14.4830415260138,14.6889498192383,15.7068775668978,15.5394604369143,14.2331004212167,15.7972992904199,15.2915137832358,15.5386838694118,15.7844289111279,14.1103850395302,15.1175498448429,15.1005598193087,14.5756930214359
"TG(40:1)",15.4004134319936,13.8795200480134,13.8319868622771,15.0396180393328,15.3448051335135,15.3104157558583,14.1304408354018,13.4475956333575,15.3296662629257,15.5682757810849,14.6905159468534,15.736555174917,14.1985112881759,14.2079107749978,15.0263871914808,14.3671583429433,14.710581685513,15.623192434725,15.5591897635293,14.9313040119429,15.8669801603445,14.6881922391449,13.395865610845,14.886431242655,14.561079117108,13.8932748473457,14.8475934931047,13.4137338996029,13.9495107714507,13.3841532880527,14.1042423566671,13.9445673366879,14.4273161172446,13.7676543222708,14.4514770693821,14.0989932640032,14.650926656948,14.9028096363811,13.8434503658901,13.6896616331836,13.9594741670033,14.4151085474796,13.5596005366057,14.1071661931652,14.585669360494,14.2046289611455,14.0406324943978,14.1277540351305,13.7169565088357,13.3591291803489,12.7346879021736,16.1025746790052,15.7188845472982,13.243782446786,14.7102706337689,12.5976224894917,16.6498022789698,15.9379102531268,13.7912123149832,14.3342786865749,13.6937789294943,15.7191924381893,16.064519215394,15.3958977963169,14.184968393744,14.3648759404178,14.1256850743296,13.9129618334933,14.448040007288,14.0341795436632,14.1987526059697,14.1910360741,15.0911455566479,13.6723399181837,13.5561754793929,14.6060740407911,13.8934064096934,14.6712116136861,14.5629233724748,13.8762744664624,15.9651885881359,13.6341150433604,14.3423415495409,13.7238414319307,14.0112216019402,13.9826790622172,13.8202917371094,13.8031719900481,14.1177428128078,13.5741247188151,13.9254023165812,14.1202328702339,15.6030249665232,13.9836173102251
"TG(42:1)",16.1209743531997,14.7919878553872,14.1853054265277,16.3181420350868,16.4188855166149,16.3972492440572,14.6460115129611,14.3036501401266,16.0134859627637,15.9865960561146,15.1630597151072,15.996103191923,14.7662031239757,14.4846946166792,15.5803373096257,14.6641882753148,15.3975031241604,16.2253823961834,15.9015382319661,15.4260114333698,16.4577643684731,15.9788983484302,13.7337931198536,15.5106401278549,15.0727446155824,14.8402422652349,15.4871805476522,14.4649170862237,14.3262338290176,14.3269612195637,14.5539568801173,14.6070334227881,14.7386258717377,14.158655180515,14.5785167653822,14.7225133497005,15.1714928907935,15.5288470896845,14.1200261317814,14.604150050163,14.7077131899192,14.8322302565901,14.0046479236283,14.3269667894807,15.3674542878356,14.872558070402,14.8264638573123,14.7912841629385,14.8199448150006,14.3669907839985,13.4777094573264,17.341418781167,17.0436636170552,14.2620419583652,15.117332009143,13.9559887618829,16.5764509414238,16.9074096604995,14.3473128542433,14.9574215469244,14.1844245339231,16.7410446210425,16.5761122959102,16.002740354378,14.7724986686329,14.5885279471531,14.6794640323376,14.3991627897275,15.155890053067,14.5520056380367,14.7539646317681,14.3390616511142,14.7206062361545,14.0853258426136,13.9563824870858,14.7599791362452,14.4065470866031,15.3849855482736,14.6589346266725,14.589110156737,17.2799161740574,14.4676392396001,14.825239290533,14.3501252659642,14.6784083186497,14.824980521822,14.5524411236016,14.6498403193601,14.6282303046343,14.1482817454479,13.9835910321363,14.6280801084822,16.5602283751216,14.2957956371662
"TG(44:1)",15.4254729393356,14.6340917601164,14.4533754898354,15.9184988869265,15.9366704302582,16.1835883505278,15.242626586189,15.0022581072136,16.2508022103771,16.3376534281035,15.7721941824089,15.8632038203078,15.2400724955042,14.566136072844,15.0406030590227,14.8829187889745,15.3970108642764,16.264476204914,16.5183943598337,16.2229909680463,16.7153706054702,15.7047190237338,14.296674366791,15.8273900633289,15.1463971775446,14.557009006708,14.995225312914,14.9135782218227,14.6387921372666,14.8539618928458,14.6070890745032,15.3095820273194,15.2315798883148,14.5209968205549,14.679367636019,14.8184246497609,15.1191204139877,15.5027834817851,14.7188665573985,14.8217582575091,15.0664182018502,15.4658170908102,14.2600701872203,14.7485523195934,15.359594112211,14.6673774617414,14.9393735205853,15.3421480440393,14.6759364134925,14.7498682910115,14.5984584586461,16.5555669591041,16.5646633205392,14.9408295167509,15.0412432663913,14.4788758703764,16.2375260307666,16.4041581664776,15.1541645059097,15.1644714976627,14.4390250702062,16.5028912175579,15.8561379966884,16.0896037713647,14.6357209856406,14.9122278611463,14.7090514691795,14.4959552168606,15.1486453313906,14.8336131040557,14.7724412006371,15.1168353425561,14.7420404444788,14.7721584862479,14.4451951573877,15.247424569817,14.6126013405024,15.3509168565815,14.6207822482362,15.1230241596031,17.0192548400409,14.6858522258957,15.0257453706523,14.6820345801095,14.8101936372663,15.3339793479992,14.9316413495344,14.776464244759,14.8943640127809,14.0791000510242,14.1163035040355,14.7695849270789,16.1701069639113,14.6371494175145
"TG(46:2)",16.790146370222,16.5111592338793,16.3003225095278,17.1658855937792,16.8075907612915,17.2783238918287,16.8241068423241,17.3898471371863,17.0403303639574,16.9732432960823,16.832438358755,16.9381270244773,16.9020421354727,16.5720651253859,17.0244374742575,16.7984239529788,16.503126647722,17.4372415538508,17.5006583434294,17.2892390326978,17.2619356558985,17.2126542799126,16.6963846940028,17.1926956863813,16.8564956492523,16.6451814788696,16.7905647421495,16.9530199003815,16.4977956398087,16.5436410920035,16.3774644502602,17.5557670915895,16.9748897201845,16.8335443481523,17.049918770786,16.2236032441512,17.2385633215947,16.7601549472838,17.0651248502667,17.0420865354729,16.7659980154012,17.018470442686,16.8360941180851,17.1922431746362,16.7424337078053,17.0342164880206,16.3550684791836,16.9612996594306,16.6396903331329,16.632672249222,17.2501364298525,16.9646802492567,17.6088312160984,17.2843594763614,17.0914129942678,17.1343898405625,17.0776737258716,17.0247363429396,17.4300313931537,17.0079613702269,16.126920074191,16.6771274992285,16.4284601618362,17.1868952889931,16.6413094582188,16.7980008695077,16.6123270165779,16.412839203262,17.2452871479932,16.4071578851365,16.6007395928669,16.7301053634509,16.61520814732,16.9269672472992,16.452122358456,17.1709248122077,16.5280987790476,16.7172525217313,16.4355179654363,17.1051736372499,17.2235447862648,16.8493047528233,17.2051316090153,16.5156642440553,16.6340751318879,17.1292458238712,16.688457592869,16.7732161786475,16.5969818832164,16.1907209048649,15.9525795676728,16.8818106261639,16.9529147794102,16.6325707455409
"TG(47:2)",16.6236686633006,16.6429200177991,16.3888050117276,16.89609671753,16.9751945644332,16.9810725833113,16.9040729215229,16.7767935917557,17.3147469363615,17.0800672152876,17.3808885377573,16.7315583457841,16.3095736493265,16.5075028180584,16.7060493271815,16.6296827083479,16.7986452200625,16.0530807667238,17.3581791844458,17.0758637519213,17.8532781941181,17.5302854277643,16.3302913848437,17.1733528751534,16.7666284420234,16.6308457471306,16.3187814957769,16.8844419386076,16.6362202098203,16.3262806887106,16.7209054399835,17.4929592440894,16.6287488197651,16.7246451847548,17.8940542051183,16.727383111423,18.1995261760427,16.9617928023215,16.8456092040846,17.3033365554366,16.9048354174058,16.6808456161368,16.6733854531905,16.7310004139647,16.202296279916,17.3951382278742,16.5469742524703,16.5397890305958,16.6131021643063,16.3204881968359,16.6610947163607,16.5802294255035,16.9463060760917,17.6508938387168,16.8386331218283,16.8138013608581,16.707292892995,16.3938938525687,17.4249769515672,16.6070454709399,16.7282053762437,16.6547691651594,16.9977050111069,17.1435988937898,17.214849510899,17.1911348698101,16.2055308014289,16.4024702718263,17.7839029935146,16.8891131250013,16.8481712509164,16.7283347827179,16.8419152573063,16.3137266882046,15.8818080766567,17.3510407936235,16.3227345419124,16.8406211410535,16.610374645257,17.3839055072827,17.3296181145053,16.262628478454,16.9921707835268,16.2570884189046,16.4413872003445,17.0053746184423,16.2831673094089,16.7894358194591,16.2089790167181,16.1359279248921,15.8755694625715,16.3624873534251,16.9997526905676,16.638110501455
"TG(48:4)",16.1808366577697,15.3126837492101,15.0444518019151,15.8632191154467,15.8091599196368,15.9991739108472,15.4001560515945,15.8454968241024,16.2416016788807,15.750253378661,16.382844333197,15.7260532592104,15.4555243802554,15.5843191148079,15.5412106684928,15.5772972714839,16.1208698607848,17.4109474789658,16.6869027039552,16.7413999400513,15.8632355605398,16.6316424693432,15.5651243331613,15.9141588964085,15.9005688869015,15.5997549826787,15.8260592235153,15.3165346243946,15.5648980360238,15.5826882184355,14.8241722389982,16.1373200848636,15.6000129421672,15.6995278455241,16.2882499789394,15.2846317509477,16.67233230578,16.1443073194577,15.6996533537204,16.00893800374,15.115959035975,15.9136965452665,16.089655517893,15.5243653692952,15.8783412453582,16.0746107262264,15.7443878601912,15.8377573514668,15.5444110620089,15.5051957859663,15.2274671264272,15.7856038717105,15.4822945219699,15.4507670163795,15.8974014778859,15.5982513422285,15.5575622748435,15.393792934892,16.2094693943008,15.6303632179367,15.6644414202631,15.5365096941509,15.2370565355059,15.211692050752,15.4876446161128,15.480958357387,15.329794529802,15.2511721488512,15.9416141336739,15.5401965236699,15.4544616836524,14.9422259022955,15.4134136265131,15.267636980511,15.038697202537,15.4031486653261,15.1982068648006,15.1645805195943,15.2724049845752,15.4838645645811,15.7267543738323,15.364062244632,15.9348597275587,15.2059465326385,15.8670588460163,15.6125652040671,15.3481171376129,15.3362017491061,15.4254058897251,15.2769400948795,14.9791834532744,15.3592174043926,16.1917424453714,15.5927575276675
"TG(49:2)",17.0453101761663,16.993635342283,16.0799791201896,16.9202045828122,16.5243666515506,16.7408925675705,17.1571854906535,17.185209848187,17.2897607228863,17.0802289662008,17.2279790956052,16.9681701095788,16.6050918513832,16.8190713557416,16.6593178689451,16.7382009126227,16.9819586532803,16.5944137407296,17.0064410139563,16.7787533085695,17.8268779758953,17.287284088772,16.7550105443584,17.0614371889807,16.789308937744,16.7430215340446,16.6311906954827,16.7935455657547,17.0212675038602,16.7010439210273,17.1537039882315,17.4287273148688,17.0526091478844,16.8863739564151,17.4845505955714,16.5324978176796,17.4760079078855,16.5482866468471,16.6304968319965,17.1120364377938,17.0013195129575,16.8865335008913,16.925732767499,16.7587160563255,15.9047019254104,17.1140837918595,16.8954314366923,16.7728820443372,16.9756380662896,16.5126072107445,16.6021449121963,16.5620804844569,16.7444453677233,17.3012552154476,17.1649339043981,16.8650378817161,16.7210531539508,16.2307997247087,17.0735451134558,16.8840718879375,16.5017445406744,16.8576481867952,16.7589498594388,16.8116917843201,17.1176770366784,16.9007078745705,16.5472345251028,16.5559958427144,17.3673722422984,16.787742891751,16.8008373523746,16.4966901854861,16.4678512916988,16.5766868956696,16.5897481056117,17.1466887478397,16.7401235313829,16.582832629476,16.3186832453645,17.2806127079988,17.026937646198,16.7164516173318,16.6971610109939,16.5100593196392,17.0244489038444,16.7196952302008,16.3420016587217,16.5180145511808,16.7609735761476,16.3577335986779,15.6549793841273,16.7047890193994,16.9494030230343,16.807407281407
"TG(49:3)",15.9220374485701,15.8843959223501,15.3578449692061,15.5667936163463,15.6619767407134,15.6989147137992,15.7587374649402,15.6400305914906,15.5708086623365,15.7304840501112,15.5117526304865,15.1662536871775,15.4870346763121,15.3883326137479,15.5762479886365,15.5057099860304,15.1316539211558,14.9184948721281,15.7321492110065,15.37046720629,16.392679666874,16.1550882971423,15.7118112510582,15.9104240408947,16.2158155819048,15.4422606677927,14.991760545847,15.4634318299302,15.5053645302775,15.0996435822292,15.6600474507311,16.0433536804602,15.797153500184,15.6902526178887,16.3387089174791,15.4770125624667,16.5122980579557,15.4918509671417,15.9013328848011,16.2529076161586,16.1184087655333,15.8206800183914,15.9937933790194,15.5116710538179,15.1870925741727,15.906840587965,15.7578358143858,15.5262761338846,15.4667995404982,15.3259721376718,15.5903932030895,15.2785309416725,15.6945815685986,16.0148485883533,16.03013048574,15.9699149625113,15.4109746117792,15.123180989852,15.9875113529642,15.7611722324566,15.513991756982,15.4082009463616,15.5648769333645,15.8598095844439,16.0333082924472,16.0226787235815,15.2061891652126,15.222849105978,16.3483337651103,15.9659858168428,15.5007493103109,15.4913274292638,15.4743561204453,15.4398254973025,15.0343821752167,15.9202378393724,15.312031208665,15.5870618756788,15.3916960591326,16.3071183911307,15.9865522919514,15.1157619785947,16.0496136407965,15.6761027309559,15.4943730644201,15.5414550286984,15.1465455833812,15.8022313554539,15.2314563320593,15.3787733055992,14.5338387000499,15.1270838023017,15.6021177228178,15.4440609104139
"TG(50:2)",19.4906931074589,20.8168673073353,20.2319249887049,20.6278217807674,20.9128939081621,21.2431148047655,20.5037298040013,21.2968218092296,20.9744301581193,20.723452960706,20.8909588697781,21.0300442530924,20.1900288706859,20.7796889829292,21.0379216279101,20.7423967942534,20.950282058468,20.8693259384983,20.899883073293,21.4063002185517,21.3700859204669,21.392233443646,20.3478795772045,21.2030817436465,21.1681238350779,20.7558933532601,20.6035225817405,21.036789169799,21.1914368953259,21.1754651823737,19.945522852512,21.1870157416676,20.7244358489562,20.5517822273222,21.3002375594045,20.7729944727154,21.3397757331839,21.0300776439148,20.5348069713622,20.9782119001638,20.7603361643994,20.7256894339658,21.1827985977974,20.7496100065726,20.3868185930644,21.1228597667114,21.0210903427213,20.9757277927783,21.2106705368455,20.9188634159755,20.6610061341416,20.8586450418768,20.7245283281421,21.9639818713151,20.4302792185719,20.6803744072789,20.4752101009379,20.1129854954484,20.8113964636824,20.6122293256041,20.3775400779336,20.6645588165285,20.5582516609997,20.3836786990786,20.5784326951054,20.8567604209255,20.083461172927,20.8513641563549,21.2595190820216,20.5036701188322,20.4007070060845,20.9490792467686,20.4623397824479,20.4762933502749,20.0561294661894,21.533231009442,20.3067856190535,20.7590092119576,21.0207149256538,21.0928020144027,21.199829085757,21.1511007664329,21.1649137739563,20.7632459140103,21.1138731216851,21.1444130330646,20.374419202237,21.1194296629826,20.6327861388854,20.6967821349571,20.5621156774384,20.7455633431897,20.6525964316552,20.2433977246199
"TG(50:3)",18.7449794201208,19.8781709540484,19.1597306255982,20.2725102812075,19.4425533084237,19.9034077915703,19.5625347138121,19.6385503381805,19.9148425821798,19.4705039158042,19.2048128265671,19.3563964004963,19.4441681275378,19.7089659586105,19.9118241369185,19.5168955068466,19.2308881325007,19.7082570644117,19.7550326128287,20.0405678020338,19.4867495799667,20.3072433185356,19.5742094007644,19.698930448706,19.7508128497624,19.7998392718768,19.7655385028441,20.187819452814,20.1676589318163,20.3847454887351,18.9794404815796,20.0377154394224,20.2956604598706,19.2173269302276,19.8884317471004,19.767638044136,19.7365135424006,19.7231299649894,19.5889785319607,19.9487528943648,19.7837422823295,19.9118641897947,20.146311732987,19.7881162591669,19.5724826309764,19.779835175411,20.0434592402874,20.4558406667499,20.4669301706452,20.0150440503063,19.6441794121459,19.5249843886694,19.5757152094038,20.405730139465,19.3327597416711,19.7963178532696,19.5281731590124,19.4665481364329,20.0858151593818,19.4750834860098,19.3837690604592,19.5697755321225,19.0696271580241,20.0478921148213,19.860522847814,19.6955413697519,19.5181235997724,19.2698847978497,20.1227515898039,19.7174704768054,19.2725773014408,19.6099640927033,19.9317686802776,19.7346120422931,19.2316224188017,20.0890172297502,19.1098769792249,19.7334284938009,19.5446459749032,20.2580422019965,19.6187375814846,20.0387373151497,20.120668056158,19.8185493142188,19.7043422906812,20.1418040786233,19.5062971074058,19.9841236405967,20.4779048525594,20.0224067656153,20.2328595468466,20.1206722604432,19.6310458790577,19.5715494928587
"TG(50:4)",19.2482252681332,19.2518983238446,19.0781544505948,19.7196827525966,20.2794736550582,19.8529646649186,19.4132725758289,19.8858382803755,19.4992181339712,19.0590812091393,19.3211749780486,19.3739017309403,19.3251033101724,19.2324720015524,19.7081489142765,19.906649785703,19.1851749562538,18.8057947981508,19.6817799236549,19.3220745178533,19.7861644510999,20.1908285049726,19.2285411651493,19.7249498177267,19.6122088405974,19.6922039625523,19.792981527603,19.931532956784,19.927530035885,19.7588558120199,18.8680461570978,20.0582709692928,19.3272798347131,19.4815120896208,19.8999242786301,19.154387840361,20.1049802607811,19.8555807056045,20.0650437011234,20.2915273955346,19.5902043172611,19.2738129519754,20.0587200072773,19.9594866992841,19.4971438096218,20.1813298731276,19.3761273408437,18.9390036063766,19.4065383871873,19.4650378305313,19.246618354455,19.5148594454745,19.2793927622343,20.0466674059514,19.2751175277033,19.6928011846577,19.3685734235086,19.2727401652009,20.1045339145965,19.0891890942482,18.9986351387615,19.1445358633674,19.1235507785132,19.3614308376925,19.3623844987217,19.2611641314513,19.0172165280852,19.3112897121088,20.4704197773235,19.8433418501192,19.297765118115,19.2683120979902,19.3531356978383,19.2628415303661,19.1564411400697,20.0471114368237,19.0038844882012,19.8190003107173,19.6102860745418,19.7190611860491,19.6873529291606,19.2658997463948,19.7910603078471,18.7310206403206,19.4737017051746,19.8724055537194,19.4370579623591,19.7270889212191,19.4184099598821,19.6224068254941,18.861041166079,19.1784419938517,19.7868705393105,18.9960005207834
"TG(50:5)",19.1280595626411,18.2977657949435,18.7202530231947,19.304435564228,19.4467140266094,19.3079003611321,18.6540989015477,18.7728002104234,19.0237869312507,18.6565345031692,18.7859007208428,18.7269821704323,19.0340467991563,19.0433161892821,18.9346842387352,19.113560269002,18.4948904891313,18.0288916681456,18.9446679920556,18.5632992959892,19.2683485721267,19.366541330709,18.6793211013176,18.9217443951972,19.1919477995342,19.1477576293531,19.2083877676019,18.729988439916,19.0167361884172,18.6745746629003,17.7791534397864,19.4857960802911,18.5424412713634,18.8293856067039,19.1739858874777,18.4334873528486,18.6799106951485,19.4745573455448,19.041156546557,19.1682512096355,18.1489830519638,18.4668962669111,19.4122916036457,18.8774148993954,18.8039313085148,19.2926045613686,18.4548653234408,18.3483924090592,18.5048504832753,18.8889067820786,18.6075388202588,18.8927458318765,18.5361922169754,18.8515803967379,18.6941181248843,19.1513250521826,18.9171682996675,18.9554862958576,19.3056234468153,18.4886673194709,18.1953164684265,18.286941609809,18.7788331200707,18.4823553545698,18.7923612151042,18.7225268467768,18.448497367529,18.3067046937927,19.5232745074526,18.7732347737217,18.4130674879931,18.5449165959726,18.5540920259081,18.2510900638128,18.2664847479744,18.9767579066754,17.8886014814734,18.5373579076215,18.6492889494781,18.6643114356043,18.7253620894456,18.64431141224,18.7567985348042,18.3150100959303,18.6614777764825,18.5121448272173,18.5889412983159,18.5875071364112,18.2827525988256,18.3347707025234,17.849817531845,18.5257041400277,19.305697686759,18.6138161610664
"TG(50:6)",16.4414820949585,14.8892750784119,15.9297857470136,15.8178119997583,15.4309150042142,16.0472700645129,15.1673242591158,17.8819024420535,15.2521001516636,14.7948866643394,15.0502936879893,15.4388327969382,15.3746633028738,14.0618233737462,15.5314728049043,16.3352221162102,14.564880798402,13.9340213918355,15.0488266130824,14.1910824908086,15.9324261586132,15.0943745409226,14.696208906993,14.7927001125006,15.0345889551017,17.1835230828875,17.3167513085888,16.6480848381729,16.5903633969261,16.4928511455766,17.268074939451,16.1691688860793,17.1094005161123,15.1875601264308,18.2109329264786,15.6952267456654,18.0339640244469,16.1411037212431,15.7871540785708,17.8809905831027,14.8077024722283,17.9070270878434,18.0005439545097,17.605265057851,16.275273196242,16.9251163875248,16.7565203678251,16.634916056796,16.4885094463249,16.9709895675671,17.2902642863283,15.0031146222001,15.4658918377508,16.5577157462845,14.7788727063263,15.6103742758458,16.4731442220834,15.8145276116843,17.5651748311663,14.6864397210325,16.9656006131039,14.2646043296789,15.1309086262252,16.7406441957027,17.674702246704,16.9154332593199,16.4051000218199,15.7960772103309,17.3236120668777,14.9889187189038,15.7064995622565,14.7476935949558,16.4109473566215,16.3484612211442,16.3983777395196,16.6551677515072,17.296563654704,17.2397684971862,17.1670778236518,16.5859519331644,15.4819495299085,16.7819953558902,16.7873199950859,16.7097640972082,15.3949016860191,17.4600851872602,17.7912042853365,15.4149661742365,15.5582441535815,16.4507807362892,14.0392695406135,16.8551081520191,15.3179357838189,16.9755333129649
"TG(51:2)",16.3321314225028,16.7795627839343,15.8378589962133,16.1925937208939,16.4805669203965,16.8363069151909,16.8884828743452,16.5066907280673,16.980142380018,16.476741321643,16.3739797844025,16.3649154864877,16.7698982584851,16.834624505187,16.9057132746668,16.7502064675956,16.7378975016369,16.2782444202091,16.7457447694916,16.5819537473952,17.3679233552155,16.9584736995489,16.2052205207834,16.4859474217713,17.1721221020516,16.3157839046898,16.4348824732811,16.5307917660162,16.9980837221428,16.7970572787442,16.4049143127922,17.0427871121555,17.1105621035854,16.748248683096,17.0198747631882,16.5044382015869,16.7884954752369,16.6191426829134,16.5761119520078,16.7192435010703,16.8752531097899,16.8601394121733,16.656758731525,16.4221997993086,16.4202383746981,16.8593117547349,16.7863243674303,17.1522778689521,16.9829812306143,16.3942715994556,16.292411408602,16.0971812133538,16.0539449042779,16.6739954190306,16.6869391559125,16.912438210284,16.5173574500523,16.2133911583857,16.8874646688744,17.1387237174188,16.4763294553667,16.2817695093049,16.1636756957887,16.2961443275486,16.7281591466754,17.0547418641186,16.1069331979507,16.584826046524,16.9428201550332,17.0189420477483,16.6781440093413,16.9558337549801,16.3538727498344,16.5449581493674,16.4298537806041,16.8309543352683,16.6591844010558,16.7093577075525,16.0791770163617,17.0956788128347,16.6157026232156,16.6251432828642,16.6384226037809,16.4043768951741,17.1720797827413,16.9604926042897,16.1885561936297,16.4034898193606,16.6520587548586,16.3330345026462,16.2775956265283,16.7209882582538,16.5181852770362,17.1397644500827
"TG(51:3)",15.7024169910521,16.1903830732538,15.3935570714319,15.5898875976899,15.5241746316943,15.9705133931805,16.0591185290898,15.8204224227014,15.9968407726306,15.5921851292203,15.7655342992066,15.6506211906556,16.370498136457,16.450093188073,16.174032312448,15.9357786371953,15.8733618208119,15.8816766858441,15.9196981994558,16.4596672766724,16.0466003721122,16.0035715912616,16.1765389578927,15.6684417428702,16.433781806822,16.107234833533,16.3316032148073,16.327623152784,16.2120577348092,16.3557485832056,16.2220486729047,16.3767797585046,16.6418905462931,15.8887639890591,16.0813411939228,16.1295899500661,16.1969677940827,15.702994155468,15.9597707342732,15.7753307553564,16.5552315013537,16.3060892463049,15.8456926483572,15.6137129853808,15.819736032015,16.1128039605553,16.8889000204675,16.8951824561812,16.4610487798733,16.1605658829494,15.6500370588958,15.5115370897617,15.715693240942,16.1060566685888,15.9744602545605,15.6968063521189,15.6304236233048,15.3398033474942,16.1429725895275,16.2387412271029,15.9242401488341,15.4478081370422,15.0013811981121,15.8576189238691,16.1238010307045,16.1889650745074,15.5534810026777,15.9441354631462,16.5428657300555,15.9651148041062,16.2636997700429,16.0971376155596,15.9268992550133,15.9904925805348,15.6559623307927,15.8871881364678,15.9877453557425,16.0236610736642,15.5648200299904,16.1891249559639,16.0024827713428,16.148782700257,15.8465331091269,16.1517646665814,16.488575968351,16.2740062462928,15.931151729888,15.7573346105352,16.6519786399531,15.9164979746885,15.8919481337133,16.2643769334798,15.6119300100823,16.4200881041391
"TG(51:4)",13.9561410923344,14.869127091488,14.4655154675594,13.8777377255418,14.1374969012802,14.5039940335548,15.0657497883868,14.6204979877141,14.7384699067896,14.6760302563146,14.97002511881,14.2892347249438,15.3187965987841,15.448970836557,15.1354820723794,14.8577080037567,14.9576120163935,15.2670079502976,15.1080587745085,15.2400351206512,14.8903643679591,15.1229010745194,15.3843960219998,14.3978481334579,15.6626717126699,14.7627311227828,14.9088315688224,15.1862147224614,15.187625549695,15.2311107306444,14.3933836607456,14.995256086473,15.555828855137,14.3380078878919,14.4467036559906,15.2075977789345,14.5763863416504,14.381579774016,14.7985871690245,14.1436482852154,15.3190181218721,15.1049030985495,14.3573250117458,13.7917738789335,14.8092408023518,14.4189571558524,15.3864039074807,15.9737159126256,15.5284866006894,15.1773271802443,14.7339011950093,14.3495532438155,14.2026225657722,14.3377172911039,15.184153336251,15.0477578731937,14.5111741756004,14.2587192087342,14.3398977635761,15.0593544295578,15.1509090804592,14.5969871257988,13.8665460201661,14.1663948275176,14.8807692459028,15.0753241013533,14.5341408370473,14.6527540088159,14.5162878275942,14.7017247408975,15.0609464363274,14.6954319923877,13.6633315199768,14.9454534497816,15.0693376443745,14.2948288183111,14.7142191014046,14.5062967725435,14.0166484245805,14.4420281821806,14.2790150737025,15.2339561034044,14.617051075579,14.6519126609006,15.698856952297,14.9210270022911,14.9811952486801,14.1520385928384,15.5642923013755,15.1538971986622,15.0779858796651,14.9960941753714,14.6473915551176,15.4127835153138
"TG(52:3)",19.9649643708228,20.9431670939387,20.3434094560088,20.3822217638371,20.35623905173,20.0080530866637,20.7334762347112,20.4730478307147,20.7627551641205,20.7220858393466,19.8893737084201,19.9039615486062,21.209082786961,20.8689245016258,20.5758443694064,20.5218010580333,20.4082204441497,21.0026439740477,21.2336879344545,20.9294881001522,20.5632856936984,20.4599635140638,20.1952875176414,20.1782851845772,21.1977400491485,20.5733121733534,20.727624557248,20.5426054268896,21.0015202495991,21.5763629121396,20.1042129213095,20.7765215585891,21.0966964317593,20.2109072495226,20.8455508112338,20.9019111448921,20.059997288925,20.2479709375108,20.1451845415719,19.9931922651237,20.8536701938601,21.1865101704814,20.2606090946048,20.2241556160618,20.328675131499,20.1787191713193,21.608874694017,20.9977081464494,21.2655231497108,21.0897810933018,20.2775784294843,19.8796497595785,20.1478952312044,20.5998272621689,20.428431021274,19.427413238126,20.1777858970183,19.965211174996,20.0279243167852,20.6308117861024,20.1803394116975,19.6023653162652,19.6145068108264,20.1093540911177,20.5083975185264,20.0340788930452,20.0713630328984,19.8575734275596,20.6347568006838,21.0204301995353,20.7609853190752,20.460956212421,19.4529173319588,21.4945779970178,20.6305884990974,19.9388180673352,20.1017446913752,21.052421416245,20.0402960829586,20.4699417040036,19.8942548960787,20.8730733652055,20.3366962102784,20.886768985712,20.724638599255,21.5956682314029,21.35892615755,20.560783312703,20.9797811259588,21.0682045045374,21.0176146476369,21.0260461671923,20.2052254209896,20.607118376807
"TG(52:4)",19.2664058411475,20.5746950928055,19.9602484075165,19.5352164740992,19.4864218028442,19.5019867015282,20.7284300835198,19.4464262645399,20.2850426908233,20.1650015411918,20.1180891308003,19.8708707226758,20.6078640688957,19.9257981590204,20.1196878551209,20.2801119181009,20.5815560209724,20.9880764656527,21.1728436547773,20.8707080682344,20.2322531476759,20.4738484451711,20.1809974510707,20.3722331008161,20.9717408540952,20.2907770389513,20.5561241952738,20.3413760604969,20.7197235001424,20.8166822317598,18.9761912026169,19.6860386599523,21.271577096308,19.3909933660922,20.351709757835,20.8321990278423,19.9825588507972,19.9364136337391,19.404355631777,19.3430697685238,20.8031013236419,20.2535767787435,19.4910334349012,19.4736966553996,20.3304467503756,19.5297802294722,21.3459555112042,21.200936189661,20.8818836398715,20.5428554764398,20.3083916602492,19.3604289398422,19.4135417169044,19.6054138716592,20.0709466735488,19.4785213746616,19.9148896707171,19.192448852877,19.4818616654058,20.3245836865232,20.3746050254403,19.6477374882614,18.9308937473313,19.3498623453396,20.1291775004448,19.885646957147,19.5818109303236,19.5701918128975,19.7172355638161,20.4267410204535,20.0095765076243,19.7906630565458,19.1127814971586,20.2648814952825,20.340232056259,19.7300680741199,19.8528185361215,19.6459921518081,19.1576674549456,19.5177268853427,19.4811569804163,20.417969162768,19.5582720330234,20.4011248750679,20.7345093858816,20.5880138477409,20.4676730690643,20.1711193418699,21.2255990033661,20.3613730148706,20.9759327862577,20.5447910033522,20.0051338122648,20.9988331534166
"TG(52:5)",17.8285836804714,18.4131059127567,17.8411387954277,18.1075962212228,18.2936265357248,18.2282204930848,18.1394954848956,18.5192258775584,18.939072941897,18.5638156869032,19.4280564444103,18.3645088203046,18.2709544607002,17.8962646857141,18.279179215791,18.2315862283612,18.8785302448121,18.5269387727,19.2601708644933,18.5339754175159,18.741635229072,19.1330650589008,19.6182712226438,19.0160664801504,18.2736641182368,18.1859395340715,18.3257387569723,18.1492803373755,18.4125892166741,18.6625443196341,17.4659057813978,18.4151169058161,18.9993379380194,18.1741093873087,19.4411907475379,18.109089084147,19.0390454875135,18.2903772830456,18.2572167960999,18.5162862576481,18.4500481294898,18.3179899461753,18.4543671505571,18.2128240061961,18.3476007799339,18.4754554857889,18.8351597626069,18.7358673584755,18.8861209152425,18.6589428795489,17.7122403697974,18.9039568164209,17.925509993832,18.2318922358128,18.0981396793225,18.225839413838,18.7745854632974,18.051212080086,18.2133258470336,17.8623063990941,18.0306602348806,18.8414945258132,18.1932166420608,17.9799116161255,18.264037143447,18.1451926294049,17.4792269562637,17.847514560832,18.8024276076049,18.4782161205987,18.0023879730416,17.7687423573597,17.8148038054089,17.9702443127639,18.1988755874547,18.4973362401457,18.0169123460209,18.1534524085016,17.9184473146866,18.4554583391564,18.7483779239871,18.2852970852824,18.1905169102225,18.2454900197031,18.6700176037677,18.6528165799634,18.38387189903,20.2243228572085,18.656266769776,18.3403021843268,18.7841361044072,18.7324013152417,18.0305308735522,18.5985261860497
"TG(52:6)",18.3834815256858,18.3256766313513,18.1772895102569,18.8699047026094,19.0834181629598,18.8538950324908,17.9917185175935,18.9773073809638,19.0308920716086,18.654370800514,19.8081298126597,19.2004106945885,17.8180594665463,18.3994775734128,18.9255959851663,18.9811760910756,19.4048113273117,18.6164636753117,19.374401770723,19.4530932081654,19.4064908613583,19.5909755817403,18.3723320039962,18.9485993203693,18.0408057015169,18.5368734665815,18.8429424198703,18.9445749795335,18.5585397978576,18.746733781173,18.8575306428596,18.861871004103,19.1268992472165,18.2178420331477,19.923419805837,17.9337898933336,19.7377228874567,18.5442990759942,18.2160312806442,19.2664795555883,18.0084591273186,18.879513964531,19.366388541513,18.7759181467331,18.5262592118556,18.8255501125851,18.0157607939605,18.474405266082,18.6520821551068,18.4137956700014,19.117788444851,18.573489216106,18.9179093377851,18.9335965595689,18.177550694176,18.2615262588305,18.7720437971354,18.4704163470347,19.2285455295642,18.0556827464315,18.468144198898,18.7763635962372,18.2711646474213,19.1634525927645,19.2122690171298,18.3632217128529,18.2570704476515,18.173711068146,19.361185097515,18.1523231690014,18.4865721665784,18.2207760795086,18.553992495189,17.7885022587348,18.1240894931974,19.4088031081125,18.3514977879656,18.7705351959384,19.3443767287957,18.8999571784989,18.8026059338109,18.9122678876215,18.8173622821031,18.702653378922,18.4180716445993,18.9713791372311,18.9404925054989,19.0212924812069,17.9864354121409,18.4881678549561,17.6184046873745,18.7930437539265,18.7868298244022,18.414230365702
"TG(52:7)",18.1565278798268,18.2877889130423,18.552634614958,18.8182691081353,19.0790823244752,18.7521847754836,18.2812834304554,18.6358484110653,18.3206204734797,18.3420858178934,19.0288410651863,18.9889014556836,18.0983364054269,18.424731603638,18.7358855032616,18.7002562673454,18.6828461205272,18.117537211495,18.7700302763024,19.0386579737687,18.9852599458409,19.1781735171934,18.8119730375091,18.9119340829318,18.1552825146932,18.8194077367295,18.5058425637726,18.6610134642134,18.9179589647386,18.342168046817,18.1392506402502,19.2947478074444,18.5666905509432,18.31042434328,18.6057735993354,18.0461850033727,18.6242658019866,18.8185451983174,18.9456032763855,18.946832526569,17.7576989347082,18.3663717764733,18.7469553712202,18.7352327302593,18.8632219170845,19.2165606121725,17.7993865517037,18.3131931893115,18.2502610965226,18.2936400584155,17.8475904582993,18.3413777893179,18.5410831126289,18.6962029530887,18.1555528092312,18.345389387149,18.5428044355958,17.8794505772088,19.4468005832394,18.3271102237575,18.15591527946,18.1095723206937,17.987472013032,18.864801704962,18.8936933028466,18.6514842877934,17.824153911959,18.1476654973736,19.2356862045673,18.3449985277588,18.3140349335316,18.0522259724846,18.5987316430821,17.920881712324,17.3627257610599,18.8917469757547,17.9449406270769,18.1384326438705,18.9559180142181,19.1094858501227,18.5245021716022,18.4359351311777,18.3943139341502,18.7486110226707,18.0565559364219,18.2182899490873,18.3788965664077,18.4506774456385,17.8774672708885,18.1388467979222,17.8591929228596,18.3077272787416,18.6786265479087,18.0735286441712
"TG(52:8)",15.4857141252561,14.3125932084093,14.4157740846292,15.0235441219291,14.8304202542836,14.8091293082526,13.6232985000882,15.3171515044819,13.6908153322635,14.5168335571405,14.9522067512084,14.7474823378195,14.8219341605702,14.0800955607583,15.5096282986013,16.1328206750506,15.2287234099238,12.8663495974593,12.9989777697355,14.9310934670978,15.3207215052054,13.9367517018263,15.2932330868789,14.7141642117254,14.0641570486667,15.3339691217611,15.4236512442183,14.3571293154286,14.783001346575,15.5741210443128,14.7080842145737,14.9602588341705,14.274142333752,13.8159682339802,14.4560619560139,13.7132918585373,14.6491313377892,13.9742264101878,15.5146428147211,15.7305143708831,14.1645861702425,16.5761129680638,16.091346112749,15.0634663316444,14.5851329296224,16.3289342685601,16.0496928976272,15.2885765205561,16.0628798762465,15.3993364942263,16.7469811137044,13.68766134553,13.6018522254557,15.6445256075351,14.4168403139265,16.8268450484391,15.1369588047529,14.5650312928772,17.1168237652509,13.4423920563514,14.3956597781104,14.0719657658311,15.2448059737492,15.1942224498821,14.3236477544318,13.7652449641973,14.2574942327877,13.5079521242362,15.946133134528,14.6611265457487,13.7628466178211,15.5671414287285,14.9562703370541,16.3292685045085,15.1243280294169,13.6232187862617,16.2952938573342,13.942297232505,13.8982719789693,15.0529066923478,15.1462085341016,15.1106171119612,14.4544799888826,15.1214783315729,14.965797271339,15.2099987364012,15.5063333821344,13.6931847103226,13.2089578389453,17.6636874014671,13.4143214753955,14.2504868034411,15.5209312499439,15.4660899115814
"TG(53:2)",14.7423933082805,15.5590426650276,14.4529217547765,14.9806074501034,14.8286220113464,15.5571837048046,15.2054783843624,15.0890441345348,15.5675113978278,15.1230293971825,14.8448380485361,14.595644919845,15.3517251894123,15.4942795751936,15.3629129017108,14.7619425928479,14.6700553645378,14.6986217387498,15.324258458598,15.6036142470055,15.6938031202098,15.3826061398071,14.1746609837492,15.0915280804044,15.5997118853856,14.6429052958497,15.0875723128514,15.0106609295332,15.5206247886796,15.6303064372011,15.0732892586439,15.1994487781167,15.8801987426897,15.1577546989446,15.272760296797,14.7548897415216,15.6472427166854,15.136346931624,14.6218199190014,15.1892189204071,15.386810067131,15.3621994085021,14.9505340839073,15.0447339706895,14.4333362994221,15.4014818590945,15.2217281416167,15.6356718182006,15.4978435567454,14.9964158857946,15.249050260158,14.7210016315775,14.8257631635986,15.3421145994721,15.3610746043279,15.1527184513897,15.4176003851309,14.6073926276638,15.354839717326,15.8452869753726,15.1114537945739,14.6622269019957,14.6867605887355,15.1591600180354,15.407680634209,15.66501208613,14.8514848266273,14.9462028255357,15.4769279696829,15.2573422920717,15.5363024768661,15.2974136075598,14.7746791702909,15.0383583306069,15.0304473599967,15.1520921407347,15.5530928639398,15.0600346513197,14.112693293675,15.4871249407126,14.9839297090956,14.8750236614584,15.0989062618648,15.1128317028604,15.7480136715613,15.6103162681354,14.723576847229,15.1093515560117,15.4400467895603,14.6439025878557,14.7271690998628,15.1973493578389,15.1941431946058,15.6939033505872
"TG(53:3)",15.3653987800795,16.1393996805906,15.0474120695771,15.2680210252228,15.4327319348163,15.802801184748,16.1016654592885,15.4265817126243,16.0760776307657,15.5002808783113,15.3889399224621,14.9453354445735,16.0932153110796,16.0873894843663,16.0214777996766,15.8031898805978,15.576350772378,15.5411425733784,15.9056034934762,15.994997214259,16.082501768868,16.0535251558733,15.2207587846885,15.5348105716905,16.2373415529829,15.4897409393434,15.6429440971385,15.4648782362286,16.196886889667,16.0095747885605,15.5493515348747,15.9267930862409,16.4126819188236,15.9314900715922,15.7645381374152,15.5719337863999,15.7310832054716,15.6638138571718,15.5625775881319,15.4429337786158,15.8941468389067,16.0948763961067,15.6836429543738,15.375904511178,15.6426161575789,16.0136430838628,15.8920365522743,16.328668320101,16.2629199176454,15.6902534945359,15.6017321837734,15.265568110649,15.4154721768576,15.6772563345995,15.9113271386901,15.7546821854887,15.5410962371095,15.1133101167975,15.9377134876819,16.3090535331397,15.8112781697871,15.048007362106,15.2678833274409,15.3657383220888,16.0738859611816,16.2051736047311,15.4225400952317,15.5075545319588,15.8087564539999,16.166434475216,15.8596859560799,16.0323764625632,15.4706642243868,15.879399440415,15.5896076511209,15.5541569988077,15.9084609750837,15.7777467296609,15.1611969323839,16.0223927651134,15.6162515217394,15.4843352939058,15.8313378127256,15.8309007218624,16.2855443000402,15.9313201423589,15.3802560885451,15.5752757497888,15.8270807622646,15.5368035522604,15.6701428933592,15.8959355192048,15.5098715841975,16.2410279999008
"TG(53:4)",14.7851363218533,15.1724118061615,14.7312544955119,14.5131576490093,14.3691657940052,14.7715836261422,15.3146803537005,14.1611998518911,15.4620247889256,14.5886238598467,14.7471302678787,14.6563565340496,15.5321453967159,15.4551362200319,14.9657131804312,14.7563532104743,14.7168864034459,15.082983733854,15.1781664182549,15.3681575814459,15.0052566533161,15.1278177362245,14.99262692268,14.8190748639515,15.4792100511537,14.8055490403135,15.0757247502265,15.0570392581197,15.2147732084988,15.3490754764426,14.2200986561636,14.9277827865205,15.4205315188276,14.9481144181124,14.4349451130477,14.7794094513222,14.7033977424217,14.5503131718303,15.0329872501719,14.4421449466257,15.0962819996833,15.0748957764172,15.1205937134047,14.1266478907062,14.9170926498226,14.4915486748158,15.3027261095138,15.5249168048514,15.2759491290446,14.7852015857952,14.7441135755324,14.4972457570716,14.5401923757238,14.4348301124107,14.9812101048223,14.5188538195679,14.3349951330944,14.2901947950016,14.451852046972,15.1290955005669,14.7901915751604,14.2518943910187,13.972246083235,14.1479741048474,15.069284179961,15.0853081609994,14.6712988666523,14.77523711856,14.6725922276743,14.9188919145171,15.0804726028645,14.7251436150329,15.3097336884992,14.9913492879707,14.8113788672444,14.5583107617,15.2029517776548,14.9444744461313,14.125742178225,14.6187620517159,14.6247465327407,14.9463046435864,14.4034048682734,15.1296632182492,15.6397998447658,15.2228025392234,14.7529643202508,14.606605682993,15.4341477230387,14.7224745964399,15.1452648868905,15.4535077064695,14.4545920505524,15.4771310778332
"TG(54:4)",20.290414518267,20.5712291814678,20.101133742827,20.4648981341206,20.2022195724765,20.0457533531061,20.2971444106498,20.3783931873168,20.8135266922493,20.713607029378,19.9093011584792,19.9948052510684,20.747010454373,20.4333446616615,20.4601980653108,19.9171134830485,19.9263955811142,20.4997284678248,20.6759205801366,20.411924763795,20.2027235533161,20.7313199090066,20.1782402916032,20.1294665884134,20.546838294506,20.0307308674659,20.0320348996976,19.9852318098389,19.9962149341351,20.4994063969574,20.262305018346,20.7695908267549,20.2070695311644,20.5146987412875,20.8438679243036,20.1936517602895,20.3759700917704,20.0885007883917,20.4153631502436,20.0564837469516,19.8417069356585,19.9041022972481,20.0360314798824,20.2399071916879,19.5541578081006,20.2249315212685,20.5075437744339,20.1308205429408,20.208678335417,19.8694648077093,20.2540964829778,19.9061599422211,20.0585475774414,20.4689410151583,20.4961345204478,19.5329167830388,20.226871465997,20.0157037762724,20.0087487417572,20.2018720724767,19.7393956554286,19.6126334069895,19.9399376466798,20.2852607391083,20.2105300149131,20.2057050601038,20.0210978989602,19.7303325360831,20.4910220648787,20.3559960435401,20.7101727130955,20.2443631269221,19.7659178840529,20.9244471551781,19.8751200658452,20.1302789464946,19.7449408401458,20.9199704638041,20.2659918849122,20.3814252158381,20.1186998852708,19.6520176407788,20.4809472722849,20.464578201093,20.0700595073023,20.7814398597357,20.5817598444251,20.5362253722714,20.2532286307342,19.9084987686032,20.106079606511,19.9977164066178,20.4684594753931,20.2581132502725
"TG(54:5)",19.4571075154101,20.4850409379859,20.0378897699325,19.4714507277,19.5939621960443,19.7972375506228,20.7778077323538,19.4283501004316,20.3520434983454,20.1925819643511,19.3705712275742,19.7226979466924,20.3202748511605,20.0769217483551,20.1417582011569,20.5112538271507,20.1516356757163,20.8671341019364,20.8361096476361,20.613004373044,20.1452363453328,20.2082811324943,20.2382398130957,20.039562645535,20.8865167478469,20.2034652749915,20.3708788952505,20.2741204375266,20.2660563750868,20.4372430920723,19.3296428705741,19.8728523752875,20.8632178167946,19.6909575652099,20.3568649767166,20.5936736100366,19.6842787412521,19.8581724104287,19.4820576221548,19.4929527449868,20.6736665942838,19.9550840795178,19.4679494727302,19.3606700833535,20.1153350559663,19.4274674949923,20.8390062424774,20.764966984235,20.9038429446818,20.3960988296807,20.2173916886285,19.1114359277894,19.4274868051343,19.5693281950987,19.9447476250654,19.5124331136259,19.4115235304594,19.1310961235073,19.6117138762115,20.216560462319,20.2142516019643,19.3755900879215,19.1563303443072,19.6320525281906,20.0880765894893,20.2768801078551,19.6706155323061,19.6924910243991,19.9590817783791,20.4595822325585,20.0382286333734,19.8891844851697,19.3918082733479,20.1299280767988,20.4177358034269,19.7764018781612,19.701742466247,19.8899365581826,19.4035594774772,19.7931511329825,19.5199851069831,19.9372691000451,19.8183075319536,20.2864043205929,20.2820760947508,20.4995469584725,20.3334316543214,20.1847934931653,20.664417528948,20.266044212017,20.8747993711015,20.5472099292014,19.8330251823326,20.8243238037544
"TG(54:7)",16.332623677381,16.0807706243798,16.2835780047419,15.8857817612869,15.3974585090407,16.5712353674834,16.5263432965628,19.1022745881008,17.755878765815,18.1016697793903,19.4529063941232,17.2813355792083,17.4418830056216,17.6648624362367,16.639223492342,16.7647682565466,18.1166031403412,17.0095083949315,19.6068156791688,17.771043141385,18.3127871754438,18.7424046058314,18.1762184452718,19.2693245864863,17.7809249966172,16.7253909774479,16.3531842491637,16.661177638891,17.1022596683776,16.6836011050133,16.1745402382797,16.0121355513856,16.4303035427416,18.8504579082856,16.207702555629,16.4706434097398,16.2571278514275,17.0441320901825,16.1946127791687,17.0569251784853,16.3853934576789,15.3293678785546,16.172302436096,16.9696129369473,17.7673479397692,16.0629849207549,16.1049195944211,16.1737949500313,16.0194315468284,16.2546198917461,16.4155741496825,18.3050576270605,16.4391610544235,16.0131402726897,17.3343405532207,17.5152869412403,19.0643528297334,18.6373828256517,15.7664850145142,16.7272655374965,16.4255175707638,19.3718562278489,17.1128703553473,15.8597174339192,16.160984550731,17.0029260779226,16.4329043704046,17.8597420662942,17.6458906056516,18.3674237091735,17.0839153436256,16.1553717229418,16.2349054251793,16.0445504789802,16.0335477116291,15.9916667572752,17.5575054520648,16.4338189327531,15.4204468829328,16.8259797402311,18.5199391268753,15.8939777110891,15.7748277369097,16.8999134816863,16.988831551508,17.692866860157,17.162499461139,20.9843127934149,16.4280925635173,17.6487559362058,16.022538820693,17.079022502498,15.9628725923203,16.611206436678
"TG(56:1)",14.1092461801077,15.8319796814488,13.1893218128326,14.1895881344211,14.5171652062967,15.4480445678204,15.5375630575526,14.8202527492796,16.3834502248338,15.1782322923932,15.33449368978,15.3406588668256,15.6028840821098,14.9704987864253,15.6461601208857,15.1400358412481,15.5947668374806,15.0307307688466,16.208617259672,15.7398605392909,15.2732127832668,15.2307211780278,13.5596447960467,15.3342996174639,15.6159925992865,14.6984620204063,14.8550235945565,14.8217734690837,16.2880712984415,16.682534919527,14.8959499371088,14.5376185312165,16.4288692287107,14.5658793754379,15.3969180269743,15.1664219474551,15.5702729651782,14.3997573027742,13.9553028583041,15.3886009012895,15.6108013112945,15.3168649138142,14.3692601992559,14.6712799787252,14.7784734357894,15.3095517555933,15.7182180941534,15.9616492073473,15.8812352199407,15.4488412824813,14.883347830465,14.4423153397905,14.3283275767216,15.7083662352771,14.9161100049241,14.3536098712959,15.1451707518678,14.4253252282896,13.8455906855769,15.1428928489483,14.357151842777,14.7409085692792,14.4667130446294,14.9927220686741,15.2510297588575,15.3203167410329,13.8363591505194,14.54510041173,15.0896919322793,15.3509468950687,15.4277607858017,15.4306770596222,13.7905090698872,14.9321642568873,15.399081910806,15.0534299462995,16.0132831547374,14.7881047569922,13.5480563706576,15.2618016250538,15.4642101953963,14.9169149852097,14.3363664782726,15.1048123844312,16.2223187332928,16.1143584652659,14.930053009842,14.7232370519131,16.0537555499781,15.0716726810138,15.200016130581,16.3646457422306,14.7752152301218,15.8273942710444
"TG(56:11)",14.2699923417505,12.5022589296066,12.3612836324513,13.1586342143833,12.3437572080184,13.0676229896804,12.2677730279626,15.7411992135695,13.0475309619357,13.7236690998089,13.7914071480365,13.7180981280757,14.2441959846308,13.60476388749,13.4954273710307,12.4396856058742,13.4702771241925,12.5391109183114,16.3144299099675,12.5569751768463,14.2582071657471,12.742640688412,12.9817297912654,13.2806400228843,15.7094277224992,12.9488643012401,13.436413147004,13.4587760833241,14.2009409858388,12.3764500297056,12.9883037739327,11.7921501500107,12.956723674839,16.9248940825765,12.8364632169378,12.4552572216431,15.3341099601397,13.9604511408733,12.5635190015406,13.4876684164811,12.8001269256399,12.4422979889953,13.703026203422,14.4855906282757,14.279018811563,12.7797099417211,13.2633114225439,12.5679953277526,11.7269820557125,12.3053533805085,13.4930566271905,12.808819801683,13.9687869156882,12.5624174745072,14.2038322206257,14.4783228796203,13.9935558666152,15.4076632181693,13.2788017203343,13.418863169475,13.4603875385983,15.6569333961988,13.9353957849523,12.8446195724318,12.9675263928184,14.6419987337104,12.8923898321959,13.7132039175278,14.0114036480217,15.4147319489063,13.7689759969509,12.8770046435187,13.8323126218336,12.4426599585313,12.8639109752318,12.5200934042541,13.5310167729522,13.3234385175384,12.6124408070611,13.946141024563,14.0380561884288,12.5946146427516,11.9476814122248,15.4022678567248,13.5690421733365,12.3289347568698,14.7821988093212,13.9653790279495,13.9915211036404,15.2024371808134,12.8893656521642,14.0278760929542,12.9547345600288,12.7733258798485
"TG(56:2)",16.3823363847651,17.3619765874723,15.7491477250684,16.9567420827336,17.0087925072941,17.1879246544131,16.8794435684654,17.0781909778608,18.3569196091416,17.4773321007409,18.3593547980868,17.3795684366485,17.0345068480815,16.8107831441974,17.17008233792,16.5857775270711,18.1941303648217,17.1128257709396,18.4356725695049,17.9713795145776,18.3510500331751,17.9633449495913,16.6171802474894,17.9161263115618,17.0269954778497,16.2347213297275,16.6205006916921,16.8750627569167,17.3705693582909,17.4321488426004,16.7988588813285,17.4055367822292,17.421837821974,16.4530777806385,18.4752273437213,16.3882999001268,18.406828460852,16.9578124773247,16.5402275853163,17.3995797609157,16.8140012900756,16.6384301003979,16.8585554675454,16.6973951070295,16.4877234975386,17.6892976360729,16.8136624213183,16.95113285894,16.9818049551325,16.7042994986654,17.1943996652022,16.8746672309015,16.7487012396144,17.5471457671633,16.9583261392746,16.929133387284,17.2193815288167,16.6048775935919,16.619425751596,17.1021511323447,16.1911009554488,17.0583009050083,16.8961956620474,17.0221323554221,17.1641521956434,17.7208038234599,16.0151194983861,16.7223450957827,17.7466507006571,17.0582940061139,17.1832568889409,17.4155646087796,16.5571623445547,16.503020493273,16.8668150203648,17.618726308388,17.7230164432931,17.3549128943583,16.064780767939,17.5317165292295,17.8388030842132,16.4721177584996,16.9131664949069,16.5826325823595,17.2578882487729,17.5131796094243,16.1151383917939,17.1869877593822,17.1288810638955,16.5560412123401,16.0663240223745,17.1009529219399,17.0203830952331,17.3271871669634
"TG(56:3)",16.9032049658177,17.1461457487937,15.8749669616057,17.1115177297195,17.0052836651659,17.0512312641523,16.5909192058984,16.8061307239973,17.420293240943,16.8439773219082,17.128009432804,16.704479390295,16.6820209062425,17.4845610367019,17.1014780042199,16.6096645029561,16.8944491250627,16.7642685904872,17.538419180786,17.0079677528275,17.7629751681756,17.6005149929448,16.2668797494446,17.655012412612,16.5583996553137,15.9459452037524,16.2854906275779,16.4609184242647,16.5553775069496,16.6753456517665,16.6991421407931,17.3550657798012,17.0686997439877,17.0549795060747,17.4226988892579,16.3556830231685,17.5148735233436,17.0626457432723,16.6916309254288,17.1269162822444,16.5516695459203,16.1885323581558,17.1031905215313,17.1243704183437,16.3155741006989,17.2194415428026,16.5035894786471,16.4852322129179,16.7331700331045,16.441682593563,16.8055019318357,16.7137510247619,16.7320552132156,17.3311012229566,16.6623176702821,16.9417225623087,17.2091619011535,16.7866061063526,17.0227037452377,17.1973441667284,16.529676062808,16.6989602781448,16.3975847296909,17.2422191419486,17.0607259885576,17.2568008394501,16.1613016236959,16.6026765259165,17.3541769778805,16.7248106310465,16.9736517758797,16.6974287826285,16.6788989455152,16.5452584940699,16.6974620875512,17.3518768783146,17.0218857324111,16.9569507728371,16.245136647153,17.5243494421402,17.2206543689715,16.12221400234,16.8284314436674,16.2910789026752,16.4315957050446,17.5838515343615,16.0125071921759,16.8660873362622,16.4671486455537,16.2182556466099,16.3082617226727,16.8788103312333,17.1322113439383,16.9905332214199
"TG(56:4)",14.4885205680541,16.0597635706623,14.8003444427515,14.1605549988858,14.1096661766335,14.5765689015611,15.3027298627248,14.6814459294158,15.233340827504,14.6315975332534,14.9089355345033,14.1649011909543,15.6603778179854,14.6685872885729,15.4532645760581,14.7459683188075,15.1389833257848,15.2931969485954,16.1594327951843,16.1212084364548,14.9434148972446,14.9293584791559,14.7944103782796,14.7861535736448,15.8106569058707,14.3451005170921,15.1278067503494,14.251405817284,15.3741787577202,15.2164400981599,14.6682874315699,14.9540877333824,15.7391521735962,14.8368046317726,14.9235953563311,14.9189031183074,14.758880947108,14.4610950763299,14.4283845055665,14.83666157301,15.0463827490341,14.8556466961029,14.4384477581433,14.3859081256307,14.4819184482453,14.6431232856592,15.2409963723673,14.8899434976028,15.5542438614011,14.8322790616404,14.5953351524124,14.7094724213991,14.5945192528934,14.9721144732944,14.637163398708,14.8306731201449,15.0317975463192,14.0013151423715,14.3249388625522,15.6935685133173,14.2553696544658,14.4356236603735,14.2007724705058,14.817769236751,15.3405128922605,14.7519860671168,14.3517662777197,14.6500968247954,14.9968868523962,15.4667580895022,14.806559164298,14.8681871711746,14.0285844522008,15.0875750867115,15.247821446535,14.7260320545177,15.2730024231145,14.5043381106533,14.2474792327579,14.9069437427856,14.8502516281382,14.40152467584,14.4140982785841,15.0849251752452,15.0359009002696,16.7325053934442,14.8153570990755,14.9340186883127,15.4668562996006,14.2028772378847,14.7460732864769,15.0465860803522,14.9632406195216,16.0367815276234
"TG(56:5)",14.827546395704,15.2187731077261,14.8587803538794,14.6607741581873,14.5635759993857,14.8655855491619,14.8162663821953,15.2223459468887,15.5986248517887,14.9902107231947,15.2095006802495,14.6249804189614,14.9415924208884,14.9217122773717,14.8867363430663,14.5215056102274,15.6244177148213,15.0583261088614,15.5006672768975,15.4195840425322,15.2198350587149,15.3696205827113,14.4100249589579,15.3308241849015,14.9650174578751,14.2715491859042,14.2290450985273,13.9966818788908,14.8739706968818,14.4019221231551,14.371260394301,15.2660560478778,14.6307822057306,15.1586626605413,15.3350464061513,14.42818586223,15.4533634761011,14.747905829521,14.6158865505932,15.0332242828045,14.3741057420841,14.1643880971468,14.6264977704168,14.8213353821385,14.3216452406586,14.8407949978359,14.3186299377044,14.1335671537168,14.350050677588,14.044791710442,14.9084155907514,14.6157367288923,14.5968970076723,14.6313542130416,14.849588208879,14.6017831811684,14.8841819845235,14.6428732245425,14.5560612126524,14.8850479298073,14.150583134034,14.7428261875495,14.4668798381769,14.5785733858116,15.2752616784286,14.7397203505395,14.5617894613377,14.463221545619,14.9839273876971,14.7870220168015,14.5696535788017,14.9339728665688,14.650729999107,14.6377305672157,14.3016795244573,15.012182348371,14.5632337917142,14.6009206445683,14.6826625819994,15.2496442982758,15.3946460422968,14.0273447474799,15.0595736216971,14.9625448607951,14.3257832597251,18.00680539612,14.1634911615016,15.8438904832849,14.4765928377927,14.1851182032317,13.9840211060348,14.3189414528518,14.736638706234,15.4282430600802
"TG(56:6)",14.6673623388839,14.9562619725624,14.6128901525095,14.8887347511185,15.0607063926587,14.9058981709382,14.8395874226382,15.7629373473179,15.3339970020381,15.0736809555286,15.3954852716121,15.0089654202924,14.745676730284,15.1327546200412,15.0577767486257,14.8861405841693,15.753945242331,14.6090090970759,16.1538396333092,15.4945157944543,15.239570817483,15.5874120289623,14.4515830509771,15.3571022214052,15.1224680902301,15.222769456459,14.9727032068751,14.4647378305727,15.1013897894476,14.5892095578009,14.6275861605735,15.2536488386157,14.7302104953806,15.6944970448616,15.6409723075917,14.4514876371375,15.3544018640724,14.8613907330615,14.7184902824895,15.2822120939255,14.3356720169981,14.4294607935987,15.422081279647,15.3182957332164,14.9390138631076,15.1777313000668,14.7018546275276,14.6401901724025,14.7159664142472,14.5147202416448,14.8599973045829,15.0182693349166,14.7717775255842,15.0116410931669,15.3642827338175,14.8222814043758,14.9268300481455,14.8458681650371,15.0730150898538,14.9418510978527,14.8367243831279,15.4902023258639,14.4509402891034,14.945052225256,15.5454502337685,15.2759071274719,14.4121610813962,14.5907729279262,15.3086948741229,15.0776263387274,14.7820025621034,14.8456617117387,15.1225196948451,14.938266874118,14.2812554327476,15.5303095928004,15.34615021967,14.7916624405752,14.7785742182469,15.2661063962328,15.165467421657,14.5161609369662,15.2201140422349,14.9516318887453,14.8352259541847,18.6895524805732,14.5025386968624,16.6049456198235,14.5193524413607,14.2816169935835,13.9670658327201,14.8171215828116,14.8883307223385,15.2049132273616
"TG(58:11)",14.3025056739546,13.7664025740658,14.0383244789459,14.4772158771248,13.8174003380298,14.2838628463724,14.5171725301951,14.070768746184,14.1312917435047,13.9167325558149,15.111600920786,14.167363132312,13.9928630644972,14.3772461113812,14.5739691804874,13.4565071090614,14.8078648228458,13.9689822533974,14.7566059160196,14.5634128897311,13.9194966967148,14.8290148803687,13.905669230365,13.6704948827943,14.3579643093493,15.614341689295,13.6630265795773,13.8131355206869,14.2464208480003,13.1190235780342,13.7859141798395,14.4240185065533,13.7615148823998,14.2521419057746,14.4022095300471,13.3910746324595,14.7549188228951,13.8557441789501,14.101581592965,13.6940721225779,13.0533649694062,12.9606539273421,15.1841611197333,13.879870566714,13.7821383096233,14.1050939334854,13.3001074881853,13.6844763014477,13.4353902319461,13.7059251331832,13.2809185975152,13.8964129139903,13.5087909649608,13.678355720115,14.7298400461772,13.7716931488797,14.0895242861852,13.6954563582678,14.5236363226864,13.4623657023894,14.3030908874583,14.22756640268,13.6402534738295,13.9031985799106,14.4326282764209,14.2310703940599,13.2698463383119,13.4020761812779,14.1524272692766,14.0290127597421,13.7131416752091,13.4826663305266,14.4665191373967,13.320112361699,13.1328464525751,15.0146668171726,13.647463572764,13.4163862946534,14.4412036769515,14.3117230775747,14.5230700876125,13.8048578192691,14.5454358042116,14.6290312882764,14.0800159831745,13.2717193556201,13.5936000764093,14.1170730066742,13.161664046507,13.290096430499,13.1895101420872,13.9025899792721,13.7228769616542,13.8838345235817
"TG(58:2)",15.566950910496,16.6639489340035,14.1525228838311,15.603369499689,15.7824334263707,16.0306669731866,16.089955086643,15.8538984182912,17.0241558872724,16.1534967447654,16.0726709725658,15.9312535833839,16.1041021171296,16.0832468736847,16.2079738670167,15.7762005354661,16.2383612435778,15.4355163183339,16.7313081556082,16.4888427399496,16.7887352362136,16.4631957888246,14.8434820220534,16.5253655965002,16.1302831899334,15.3443704646656,15.386466123051,15.6951006950532,16.5352856021093,16.6054151198049,16.1632890155217,15.9113647228098,16.8475882592511,15.7310400942388,16.7010395649348,15.5489806487011,17.0518649464988,15.5767207692108,15.2673183294433,16.4296609428369,15.9600866894871,15.5175370330286,15.5446976738529,15.7666850025711,15.314895232385,16.3903923423854,15.7236798292517,16.0718229286639,16.2656313107595,15.6332294121121,16.4099874039633,15.6765063685978,15.7708387132379,16.5638830822984,15.8616267668693,15.628971002549,16.3832468222969,15.4580396317755,15.268495320022,16.2664413873627,15.3140564072986,15.6538779119823,16.1227257244012,16.0759076326211,16.1529209308451,16.9938490489964,15.0173086298737,15.6254674283087,16.428016772692,16.0064494045932,16.3112740196573,16.3244243923709,15.3686452443707,15.8915884948837,16.0320693478209,16.1323845480308,16.7721923934848,16.5216940005819,14.923832353848,16.5781946018464,16.6014780845817,15.2252838576676,15.8083038044643,16.0294176996015,16.5416182924008,16.554444197655,15.1370177278619,15.8067115819059,16.1058304725187,15.2017484969151,15.4091067021845,16.5110592880799,15.9448475659701,16.6250543624547
"TG(58:3)",14.8084068225225,15.681574599359,14.063272314793,15.274212763556,15.2611961579544,15.4731105096446,15.2022870164044,15.321163594129,15.7568712547381,15.4757100452834,15.2471575090603,14.9230754543405,15.6126760919384,15.3413371874093,15.5038075899232,15.007702544145,15.4249356386847,15.0190978071926,15.7517344797004,15.568617669837,16.1017359141352,15.939704338445,14.9743076752854,15.6289142117924,15.6013057073803,14.5513224136521,15.0458706855345,15.0681337302171,15.5211340858564,15.5627398126611,15.2411438567628,15.5989757054872,15.9631275408609,15.045442143178,15.7492369339157,14.8883809421658,16.1151383408782,15.5036731282297,15.0562025300725,15.6323286497424,15.3190334488201,14.8372322545766,15.2079086281157,15.2001972266049,14.9101556459363,15.758086681919,15.3864795648195,15.3268375568691,15.3434829610075,15.0232574350945,15.46540258968,15.3226662402861,15.3222318341037,15.5712671376415,15.3932465875964,15.2100890173614,15.5399745800316,14.8585834802039,15.0017510450256,15.4329466488416,14.7426335963293,14.9248128578094,14.9231973498687,15.5430279377224,15.5708264316279,16.1023145024184,14.5076279495098,14.919013711912,15.9093010630505,15.2764399189348,15.3434187963928,15.5238497222685,14.6222495184844,14.9905272120781,15.1420137588615,15.7133502596682,15.9802133271166,15.5649286274766,14.6319928058566,15.8837636871887,15.6901109992886,14.6195120531268,15.4110858198495,14.9740440901213,15.5742240699679,16.3342921355228,14.6522902572614,15.4704666606253,15.2949040960376,14.8541677847032,14.8947221960678,15.5675026264285,15.3386874119429,15.7116905040136
"TG(58:4)",13.4251391220875,15.3327509977103,13.3939921875923,13.363508671068,13.6606396647472,13.7774886120721,14.5748740553122,13.6295522421926,14.5169035962414,13.7107469546346,13.9952827566097,13.4256118276947,14.8859634718534,14.0916376612389,14.5716927493226,13.950712584259,14.7403073901943,14.6810873519955,15.3709670317409,15.4495301245007,14.5273599931591,14.1275423746408,13.4042152287822,14.2318784151394,14.7067663682336,13.8946549098435,14.4623523170961,13.6691671847308,14.7907200878751,15.3150423138742,13.5907852319522,13.9162722814451,15.0133431675377,13.9555871857646,14.1097789392967,14.2013841083387,14.1280604336529,13.446420226445,13.4366255717749,13.9401587736669,14.6787003551154,14.5581542445188,13.3969050656159,13.4890171553513,13.6393542283176,13.7952121512912,14.5858155425716,14.4239498998432,15.0041600558827,14.4326010465292,13.8416606685773,13.303917100598,13.508828070612,13.778247860283,13.9770276183591,13.66420632663,14.2096398930676,13.2126240439302,13.0609963257899,14.9650146122596,13.5107619803738,13.6441909957508,13.481241651422,13.5119007465246,14.2732606648125,14.4178128388357,13.3298730765179,13.9457573533492,13.7335563280704,14.9267560680732,14.1914175199394,14.1107939415607,12.9332575428625,14.2155286305315,14.4404482095406,13.6465531875485,15.7156059186388,13.8503181404737,12.6425581528517,13.97611279893,14.2185618000856,13.5884905442935,13.3489831560184,14.5803646972036,14.5927427013379,16.1167859904346,14.1215508377611,13.8728391607052,14.8381510330379,13.7566373983801,13.7587678375414,14.789401117133,13.7483428214327,15.1145454815062
