"Gene","ModuleColor","GS.Rhizo","p.GS.Rhizo","q.GS.Rhizo","MM.salmon","p.MM.salmon","q.MM.salmon","MM.turquoise","p.MM.turquoise","q.MM.turquoise","MM.grey","p.MM.grey","q.MM.grey","MM.purple","p.MM.purple","q.MM.purple","MM.black","p.MM.black","q.MM.black","MM.green","p.MM.green","q.MM.green","MM.blue","p.MM.blue","q.MM.blue","MM.tan","p.MM.tan","q.MM.tan","MM.brown","p.MM.brown","q.MM.brown","AssignedModule","MM.assigned","p.MM.assigned","q.MM.assigned","MM.assigned.significant","MM.assigned.sig.and.strong"
"K00010","green",-0.212724631518142,0.219863106643248,0.41177642175657,-0.360046140872357,0.0336253157290668,0.0263051798020047,-0.091708892873515,0.600306858678677,0.278128416979008,0.029187753159768,0.867809766381079,0.573806119141361,0.206538736943405,0.233884749149077,0.0987937863328732,0.617367151419369,7.7944750214874e-05,0.000305993434967289,0.844979300578502,1.72978948197436e-10,5.6314482720403e-09,-0.211997383578144,0.22148102701,0.132553082361404,-0.116486157382803,0.505163178101995,0.37699755892524,0.338264841711969,0.046861580015632,0.0320289142344575,"green",0.844979300578502,1.72978948197436e-10,5.6314482720403e-09,TRUE,TRUE
"K00013","turquoise",0.123713160547951,0.47891821902747,0.655718006951101,-0.134709686847702,0.440388866766511,0.177329519139236,0.708795930692956,1.88779488622908e-06,6.77403572435968e-06,0.282599609095011,0.0999929985284012,0.178127209280371,-0.554648602375313,0.000544891936796125,0.000707192104100597,-0.0455092039379626,0.795178077142447,0.319167254167006,-0.213603739772108,0.217918161711172,0.172075970622905,0.499478381972028,0.00225234011581655,0.00376232594712394,-0.543116631047963,0.000748040132627967,0.00465792905582971,0.40331320526701,0.0162870215199103,0.0137041378078479,"turquoise",0.708795930692956,1.88779488622908e-06,6.77403572435968e-06,TRUE,TRUE
"K00030","black",-0.426754445042373,0.0105699820781531,0.0630452102683873,-0.707543694846642,2.0051204761242e-06,2.69626890129154e-05,-0.342255364365449,0.0441658651661466,0.0377801579998814,0.361883265344226,0.0326652194782904,0.100067987487298,0.289891760509286,0.0911755851128665,0.0457520757931022,0.835062869760875,4.45073361361411e-10,5.84360466302843e-08,0.664246531734979,1.35498664396625e-05,7.78456223343983e-05,-0.148125772259564,0.395771657717537,0.199920049324312,0.317664738485244,0.0629461590430194,0.0940915357463108,0.549347322915313,0.00063123076497461,0.000999346501207438,"black",0.835062869760875,4.45073361361411e-10,5.84360466302843e-08,TRUE,TRUE
"K00042","brown",-0.0199899729482534,0.909254808421775,0.951359565561476,-0.50053180032129,0.00219688783879383,0.00360676908505667,0.478851101507387,0.00361333786098701,0.00489727739988671,0.261450108460112,0.129238050880346,0.205564091310133,-0.452278169546345,0.00637607427348807,0.00538256502064901,0.514729978632272,0.00155774212755929,0.00293257271081502,0.0755715321330226,0.666128012096248,0.361571485443875,0.324843613549316,0.0569096051379408,0.0470396381427194,-0.106214934018468,0.543667142758272,0.392403405899155,0.830446382927236,6.76727766033659e-10,2.97753261283977e-08,"brown",0.830446382927236,6.76727766033659e-10,2.97753261283977e-08,TRUE,TRUE
"K00053","blue",-0.0066445316877376,0.969781511079747,0.983938905402079,-0.170278497165937,0.328092948966726,0.141895786097791,0.267499535916551,0.120294343587776,0.0841608823471773,-0.00393196579158985,0.982115266808415,0.604104002157772,-0.496391007728863,0.00242196144794239,0.00242903697915273,-0.00311309657309726,0.985839510300742,0.365626981465888,-0.47923401727735,0.00358270788232997,0.00727973374677841,0.711173119219094,1.68217741357842e-06,1.17134533408931e-05,-0.228275067158762,0.187188931328129,0.19934860952587,0.212950408441716,0.219362466549538,0.106747167436032,"blue",0.711173119219094,1.68217741357842e-06,1.17134533408931e-05,TRUE,TRUE
"K00058","turquoise",0.261597114957523,0.129015032873339,0.299101566422091,-0.085901410117924,0.623672770457567,0.228285166114192,0.814766086577453,2.57161774205502e-09,2.09123961287256e-08,-0.135994549126691,0.436000566398506,0.411781633657365,-0.733328899554708,5.42155050208645e-07,2.65218159586614e-06,0.0226611652782984,0.897189274205517,0.345082301856226,-0.228472711998586,0.18679698731448,0.154609424000073,0.589156424300571,0.000196399308366736,0.000529783691726012,-0.658925102072468,1.67791083581154e-05,0.000448196439471944,0.45679520889849,0.00580728121688288,0.0060180036390461,"turquoise",0.814766086577453,2.57161774205502e-09,2.09123961287256e-08,TRUE,TRUE
"K00087","black",-0.591343814498981,0.000183378148897494,0.004509691861733,-0.586131645614483,0.000215768302589754,0.000700024780641529,-0.543694998580778,0.000736444961001038,0.00127209748110525,0.288993401085849,0.0922284599661693,0.171030190297312,0.585619338367664,0.000219212923360412,0.000335654495277384,0.752413813566107,1.86364564337856e-07,4.49426827656912e-06,0.659609351183766,1.63280317236766e-05,9.09530878630568e-05,-0.125374052375357,0.472988752502903,0.227688994320282,0.255310691985641,0.138808946953026,0.162776801644991,0.211256255569316,0.22313817739093,0.108279698138028,"black",0.752413813566107,1.86364564337856e-07,4.49426827656912e-06,TRUE,TRUE
"K00111","blue",-0.134785446259598,0.440129450977991,0.621782525310048,-0.22763527032543,0.188461665305268,0.0955707134064163,0.312762949176822,0.0673500930355504,0.0530134569038147,0.353225558416877,0.037393113645474,0.107238686204297,-0.529277714938686,0.00107819401421321,0.00124668670679741,-0.137696248240153,0.430225799841936,0.207248137968564,-0.535790426395604,0.000909539182630293,0.00247672905148216,0.73454057968298,5.07982424665437e-07,4.40870664302125e-06,-0.0206442573514076,0.906297514494947,0.524368656473249,0.367648707729124,0.0297964922346669,0.0224264866467793,"blue",0.73454057968298,5.07982424665437e-07,4.40870664302125e-06,TRUE,TRUE
"K00114","tan",-0.280597114336122,0.102524224775081,0.259191324188985,-0.333207013848922,0.0504662551341851,0.0353984413818991,-0.628319689144348,5.31303403480164e-05,0.000127709433659324,0.210793868260615,0.224176342972601,0.283726057227972,0.181661246877696,0.296294346054137,0.119157954775438,0.196066766656421,0.258973986603417,0.142447165385292,-0.172596960759294,0.321451009355667,0.224106417047822,-0.171227438952299,0.325364226142076,0.1747457165045,0.944426449860138,1.65241245618219e-17,2.89303254463206e-14,0.129102859088791,0.459818326376102,0.188606158725009,"tan",0.944426449860138,1.65241245618219e-17,2.89303254463206e-14,TRUE,TRUE
"K00118","green",-0.101557196294267,0.5615744388049,0.717246297412759,-0.175451188740976,0.313390106024004,0.137633838103293,-0.0848191451880142,0.628068310151497,0.287061151523897,-0.0410275808195181,0.814980473410991,0.558819018056041,0.215412757866862,0.213953066554009,0.0920591971812045,0.471404374369225,0.00425582245256094,0.00623163060507698,0.79533016872513,1.14200705841576e-08,1.99172265390544e-07,-0.451500511288137,0.00647866930190906,0.00896003119497113,-0.0826167092368817,0.637052169947038,0.430006120943064,0.187276593021022,0.281358520296465,0.129458673962574,"green",0.79533016872513,1.14200705841576e-08,1.99172265390544e-07,TRUE,TRUE
"K00124","black",-0.462616724922208,0.00513895607213752,0.0389318544138001,-0.691449608010438,4.23756862848854e-06,4.41903042788796e-05,-0.48520797668313,0.0031331740159475,0.00432608784020368,0.50486009441685,0.00198136600274857,0.0237156869313877,0.430574331649944,0.0098231090075858,0.00762509047031326,0.710314723452542,1.75393455551065e-06,2.3287084159198e-05,0.436142616988901,0.00881494560487041,0.0151928787529531,-0.0729289818354141,0.677161502222,0.293105995471765,0.333101190167929,0.0505439747751555,0.0804473172281107,0.323257745106788,0.0582019216902816,0.0379943069919772,"black",0.710314723452542,1.75393455551065e-06,2.3287084159198e-05,TRUE,TRUE
"K00130","blue",-0.156901443030085,0.368054710717427,0.555295379973391,-0.419845814607192,0.012043283279525,0.0122465895634185,0.327928008892754,0.0544613927144767,0.044928464642865,0.532624021472804,0.000988379272980813,0.0194107797635913,-0.489801509857592,0.0028216608822775,0.0027523468321927,0.16583024374777,0.341072037721869,0.176174106459605,-0.313582090948458,0.0665977881984533,0.0717948170222395,0.735062646644842,4.93877674739399e-07,4.3493272689019e-06,-0.094417900918095,0.589538240444694,0.411091460627767,0.550793618772279,0.000606549289212101,0.00096606498756382,"blue",0.735062646644842,4.93877674739399e-07,4.3493272689019e-06,TRUE,TRUE
"K00138","turquoise",0.514308777382441,0.00157404719999357,0.0179722460656409,0.16107591907202,0.355285532144557,0.151035619817506,0.796680357400695,1.03502748216428e-08,6.71603076162123e-08,-0.421415757009751,0.0116940884545491,0.0603119992975106,-0.882828317184005,2.2909729671613e-12,8.74166816942699e-11,-0.152831950441715,0.380761317477313,0.190245069701655,-0.467689611240961,0.00461168409246059,0.00896040345616943,0.199655735037576,0.250182817784453,0.145103879874789,-0.159082894641652,0.361348310355151,0.305491955487061,0.500559023247879,0.00219547076628793,0.00272748584736273,"turquoise",0.796680357400695,1.03502748216428e-08,6.71603076162123e-08,TRUE,TRUE
"K00140","black",-0.293808695333849,0.0866922862070238,0.236324521831434,-0.699021332344041,2.99808471186918e-06,3.56935211052994e-05,-0.158979637897118,0.361664093082436,0.191075934134904,0.334256450473617,0.0497006788230744,0.122913522721043,0.131749979188748,0.450588725333851,0.165254893722475,0.78345455643791,2.63184492115656e-08,9.42406103768931e-07,0.525089255673411,0.00120069793027534,0.00307522639913557,-0.0628313815223198,0.71991651276572,0.305214585946993,0.208588566641481,0.229173029203379,0.226558209186329,0.613843206402537,8.79073264424458e-05,0.000214354812947648,"black",0.78345455643791,2.63184492115656e-08,9.42406103768931e-07,TRUE,TRUE
"K00146","turquoise",0.564831132791617,0.000407929334284133,0.00724527823170207,0.104701512657624,0.549455859854148,0.208358087671769,0.773993743728225,4.93618988910361e-08,2.58649749107988e-07,-0.0609167327635308,0.72812331812388,0.527919345794146,-0.722394308042757,9.60798594160658e-07,4.1850688287118e-06,-0.0257746559969138,0.883154663118341,0.342159546691194,-0.354975953178101,0.0363949681168859,0.046043904538417,0.166611308017363,0.338770661059749,0.179892573613493,-0.227149105226753,0.189432844248764,0.200761344803273,0.441371746729997,0.00794979277918862,0.00770162520794287,"turquoise",0.773993743728225,4.93618988910361e-08,2.58649749107988e-07,TRUE,TRUE
"K00148","purple",-0.406268320236825,0.0154478137893494,0.0806971579812909,-0.182161587298082,0.294943379686178,0.131338570606921,-0.834559339281586,4.66175829442841e-10,4.85959308675809e-09,0.244544874843302,0.156832194953109,0.228185016577229,0.902809576524613,1.22133179357091e-13,1.66437040026289e-11,0.343377639481893,0.0434306566980814,0.0365948139922103,0.579673799609891,0.000262942857680757,0.000900029968576704,-0.5140335652209,0.00158478161905991,0.00280778811168086,0.400391468170829,0.0171539640089338,0.0391055261556296,-0.351151331278351,0.0386045592300033,0.0277504848405866,"purple",0.902809576524613,1.22133179357091e-13,1.66437040026289e-11,TRUE,TRUE
"K00156","purple",-0.59301937200768,0.000173932683254867,0.00435041683455181,-0.481567952730073,0.00340083583071466,0.00479978338776837,-0.772571086355342,5.41174952770386e-08,2.82386903053772e-07,0.515171334142043,0.00154081607357206,0.0224002372658158,0.853781085224162,7.0642411509813e-11,1.53153596786213e-09,0.50827630356809,0.00182455441044165,0.00327659421621909,0.627655039424353,5.440308929093e-05,0.000249845907362048,-0.227630027731388,0.188472119362718,0.11698666862384,0.258686307979948,0.133484228770135,0.158335558468468,-0.130268829849696,0.455740604760934,0.187729952787891,"purple",0.853781085224162,7.0642411509813e-11,1.53153596786213e-09,TRUE,TRUE
"K00162","black",-0.0343518700212665,0.844684262186756,0.916651590703007,-0.492349688355239,0.00266076414620948,0.00410756754050382,0.196803840713132,0.257152086117941,0.150837830313199,0.289357491024823,0.0918006310287086,0.170751836918898,0.0714412720898153,0.683402539220442,0.225967058062973,0.701531840383156,2.66689298886677e-06,3.00129044367679e-05,0.586430384158018,0.000213782087796838,0.000756986463659725,0.0486214445696699,0.781499290723657,0.320200179610274,-0.327461978096888,0.0548258315554421,0.0857041918052848,0.491112388252634,0.0027378625896577,0.00324116071272559,"black",0.701531840383156,2.66689298886677e-06,3.00129044367679e-05,TRUE,TRUE
"K00164","green",-0.339792286270516,0.0458145690371512,0.163621884904383,-0.361180335095242,0.0330298979836155,0.0259457517637353,-0.282234811470641,0.100450540040397,0.073222949836874,0.203327564597696,0.241396738416812,0.295275488834703,0.531154379632321,0.00102697727339533,0.00120021678331701,0.529939920368657,0.00105987016454352,0.00219032337516021,0.75269490037008,1.83326500282246e-07,2.0982374738388e-06,-0.471216987261677,0.00427318740685607,0.00645387209142657,0.0496955800577419,0.776792997580216,0.479550043289861,0.1014571260131,0.561962136026073,0.219135211553903,"green",0.75269490037008,1.83326500282246e-07,2.0982374738388e-06,TRUE,TRUE
"K00170","black",-0.0234676079738415,0.893550972901117,0.941167360499462,-0.506796532717651,0.00189109196430616,0.0032756459937025,0.103673449707532,0.553404575787021,0.262616167919102,0.188255426122315,0.278805801808571,0.321722861686577,-0.112954030644914,0.518247738032854,0.184880187582262,0.747409563971809,2.48825316415872e-07,5.25047110594659e-06,0.540485664243426,0.000802850174432516,0.00225321878891437,0.0815237222662382,0.641529590545455,0.282273542426883,-0.163199532281394,0.348893323602306,0.298991712984179,0.592900196422026,0.000174589808180216,0.000366418660708229,"black",0.747409563971809,2.48825316415872e-07,5.25047110594659e-06,TRUE,TRUE
"K00184","green",-0.184135046067039,0.289653294399936,0.48105017256966,-0.577092144869611,0.000284244106770326,0.000854375675097531,-0.12116359936917,0.488095051452709,0.240084492774743,0.115663328650079,0.508196394573257,0.44712215242284,0.176767912441731,0.30971458165976,0.123307416866584,0.789456122504165,1.7373890999249e-08,7.60370156713085e-07,0.729007876010475,6.81928752134262e-07,6.44535236073016e-06,-0.122901044655876,0.481831538542254,0.230647907857645,-0.0122998984486389,0.944092564164552,0.535155031787995,0.4592130579082,0.00552115166996996,0.00577247521290188,"green",0.729007876010475,6.81928752134262e-07,6.44535236073016e-06,TRUE,TRUE
"K00185","green",-0.17142679899395,0.324792752674451,0.51251847497543,-0.365388663374288,0.0308953751482951,0.0246864846803253,-0.157653396611053,0.365734694191553,0.192295947769632,-0.0182047744408851,0.917329699181232,0.58603218424715,0.21798571450315,0.208399471146957,0.0901167384701226,0.701797039067142,2.6339354664096e-06,2.9927023573e-05,0.812097612175378,3.1876146532101e-09,6.06477160612637e-08,-0.326668561913976,0.0554507458588422,0.0462803987823742,-0.0214264599944047,0.902763672882389,0.523361764407315,0.323138595274193,0.0582999474750414,0.0380020409642938,"green",0.812097612175378,3.1876146532101e-09,6.06477160612637e-08,TRUE,TRUE
"K00208","brown",-0.0586095001778601,0.738052430353879,0.85293156705627,-0.595432079103928,0.000161097003215532,0.000580572424331679,0.339097136824676,0.046288715948536,0.0393808810252099,0.260177340034728,0.131180871276719,0.206950143783621,-0.480097140406226,0.00351448983035444,0.00327079094215078,0.553745576387639,0.000558813078683502,0.00134932008663246,0.112418945823543,0.520244395406758,0.307943873263394,0.344911251299379,0.0424419524100939,0.0380194253330208,0.0355033943944013,0.83954426683275,0.503536399225461,0.864162215745007,2.27249491327097e-11,7.77846459242848e-09,"brown",0.864162215745007,2.27249491327097e-11,7.77846459242848e-09,TRUE,TRUE
"K00232","blue",-0.125107969078995,0.473936082942449,0.651687594480434,-0.172352796433404,0.322146518737165,0.139865927330313,0.185604195908441,0.285754888737947,0.162633474760091,0.282929853696402,0.0995801627830008,0.177880467600954,-0.13393049289941,0.443061834755809,0.16290443874939,-0.0679077951762993,0.698308000120133,0.291679431548319,-0.331817991025905,0.0514940196302581,0.0596025435385008,0.713069510469905,1.53307451732269e-06,1.0800800513153e-05,-0.277298913102189,0.106798829122978,0.135220245417782,0.115009670249062,0.510612470065561,0.203239416642378,"blue",0.713069510469905,1.53307451732269e-06,1.0800800513153e-05,TRUE,TRUE
"K00241","turquoise",0.45659337886947,0.00583173184505541,0.0422676461784684,0.192082542079765,0.268969613664702,0.122987794804279,0.77964584441302,3.4026354038725e-08,1.87718754298512e-07,-0.187992262776793,0.279490629086722,0.321722861686577,-0.85898031938031,4.04810191702447e-11,1.04367210215234e-09,-0.283299510099036,0.099119597952287,0.0686147911098142,-0.592375508661482,0.000177509427863612,0.000653397868059414,0.531188855584365,0.00102605680459543,0.00197570737754387,-0.373690309469478,0.0270153444639015,0.052553646939463,0.313858878831474,0.0663450815191284,0.041901177901572,"turquoise",0.77964584441302,3.4026354038725e-08,1.87718754298512e-07,TRUE,TRUE
"K00259","turquoise",0.562922601035517,0.000430982222457167,0.00757060530327232,0.166750344047411,0.338361995512135,0.145291746202508,0.884400492513874,1.85559225188735e-12,4.00656932049566e-11,-0.30865869559195,0.0712203777242858,0.147950385535787,-0.85011410351639,1.03299859116348e-10,2.09660314097942e-09,-0.130439769748834,0.455144416387399,0.215276100347763,-0.436322728396139,0.00878386555501244,0.0151928787529531,0.38446919546312,0.022584707630019,0.023138838932442,-0.438693206253832,0.00838343330690875,0.0249196235891835,0.41095134438666,0.0141923345904847,0.0121645740455622,"turquoise",0.884400492513874,1.85559225188735e-12,4.00656932049566e-11,TRUE,TRUE
"K00260","black",-0.139538198337031,0.424023105170702,0.608379350201102,-0.599465164496123,0.000141526302058988,0.000527865063289549,-0.170891934451402,0.326327370286739,0.177498027802951,0.263729176937694,0.125812535257916,0.20219144742802,0.119301728193497,0.494853311999196,0.178875743484552,0.82177301241231,1.43904429254119e-09,1.54587086113953e-07,0.437681273471689,0.00855242768009139,0.0148981648545175,-0.139528857829303,0.424054432570282,0.209815661280512,0.212537763419296,0.220278060850333,0.221065946257004,0.526303375749961,0.00116398561193034,0.0016366712282752,"black",0.82177301241231,1.43904429254119e-09,1.54587086113953e-07,TRUE,TRUE
"K00261","green",-0.465031234687864,0.004881853081484,0.0377900346283398,-0.58426327793243,0.000228569357489582,0.000732257194429459,-0.366110495999944,0.0305408568842515,0.0284760824206331,0.442009475234376,0.00784941825817594,0.04883302982837,0.495532366789776,0.00247107213036127,0.00246721248308451,0.680300384595133,6.92468599153096e-06,5.68236762507271e-05,0.869842871901177,1.17367967402033e-11,7.16436498602846e-10,-0.133834463218138,0.443391868522862,0.216663629635922,-0.0615679282678297,0.725328692871721,0.462361471148963,0.252745274072163,0.1429587820552,0.0758843028324061,"green",0.869842871901177,1.17367967402033e-11,7.16436498602846e-10,TRUE,TRUE
"K00265","turquoise",0.584825157192947,0.000224650076903152,0.00514326219536866,0.412140633274492,0.0138875334024294,0.013575484555839,0.873048896305986,7.97303941285052e-12,1.33131477497676e-10,-0.295263932343023,0.0850705828998827,0.163955756252398,-0.715078072629496,1.38842355377308e-06,5.80900147053601e-06,-0.413251057095119,0.0136079365289557,0.014840200527427,-0.281286336321274,0.10164759620417,0.0991440238256103,0.214732480027298,0.215438268185327,0.129531417036896,-0.626538191950857,5.66038440275529e-05,0.00097158457867028,0.114102843863969,0.513973770128895,0.204192483935637,"turquoise",0.873048896305986,7.97303941285052e-12,1.33131477497676e-10,TRUE,TRUE
"K00271","blue",-0.26496612515579,0.123981837798902,0.291020510604325,-0.374828112581538,0.0265162806549291,0.0218950787021203,0.238207626537945,0.16820166134789,0.109710237866189,0.299078987134237,0.0809301152381639,0.159171901096659,-0.367787725425727,0.0297299586808479,0.0185239446963538,0.0408266653668319,0.815870977095873,0.324606169494038,-0.384729407711852,0.0224856910819371,0.0317969779276678,0.890316702533573,8.1620057805105e-13,2.44387229526135e-10,-0.201955136853216,0.244656153926753,0.237046119780697,0.366196816457199,0.0304986856786302,0.0228572460753775,"blue",0.890316702533573,8.1620057805105e-13,2.44387229526135e-10,TRUE,TRUE
"K00276","brown",-0.104117201793543,0.551698530202979,0.709485197529736,-0.519783081690105,0.00137337978753922,0.00259916119544025,0.344942262868679,0.0424221484138583,0.0367148900697705,0.214385908919405,0.216197628809871,0.277968324120761,-0.402707103968059,0.0164637815354137,0.0115062619899152,0.499541033713,0.00224900825262949,0.003834860314268,0.0443241563623613,0.800402613589066,0.404887233546759,0.571270799413783,0.000338026082913265,0.000812947446783619,-0.190248319998548,0.273655073449942,0.254171591765544,0.708220633952595,1.94089324951743e-06,1.04568132275041e-05,"brown",0.708220633952595,1.94089324951743e-06,1.04568132275041e-05,TRUE,TRUE
"K00285","turquoise",0.503457211327854,0.00204909989376013,0.0209296241544764,0.367187231150587,0.0300182294800383,0.0241365862416547,0.857355160120388,4.82897818735964e-11,6.3657524036673e-10,-0.262360502737641,0.127861508193585,0.204377251755102,-0.567605123158072,0.000376378600782148,0.00052955319218768,-0.164928056458936,0.343742149129764,0.176910104499738,-0.127822939856706,0.464316886843172,0.284971495063044,0.089211507319156,0.610308678003356,0.272679091610105,-0.587737123333785,0.000205284897880106,0.00197478796607072,0.170647842844309,0.327029201523209,0.145220676826304,"turquoise",0.857355160120388,4.82897818735964e-11,6.3657524036673e-10,TRUE,TRUE
"K00294","turquoise",0.593794740366605,0.000169711199983877,0.00434053365078764,0.218720828557402,0.206831238851019,0.102261457784187,0.866584169355719,1.72092540945634e-11,2.53548605081759e-10,-0.241786919354305,0.161709837987394,0.233306474683157,-0.85476379780561,6.36909672744738e-11,1.48094015399222e-09,-0.196592361032694,0.257673951759795,0.14188370974753,-0.524200150053384,0.00122822533110325,0.00310769827935339,0.242276772245677,0.160835618627651,0.103899654985587,-0.289695580376834,0.0914047175504634,0.121881767595851,0.394229595757314,0.0191093098826418,0.0156426045258218,"turquoise",0.866584169355719,1.72092540945634e-11,2.53548605081759e-10,TRUE,TRUE
"K00297","blue",-0.00498708867859909,0.977317093068322,0.98663151821498,-0.137046620657369,0.432425315873393,0.175366604625694,0.531094837806219,0.00102856868761889,0.00171518696070029,0.141810551046936,0.416440239094995,0.402831966887133,-0.57800034976704,0.000276581079582845,0.000404039334418902,-0.0547103935629058,0.754926480678426,0.308352845620654,-0.52613015508327,0.0011691622040661,0.00301024512601968,0.795753825534139,1.10738681458607e-08,2.45610647320959e-07,-0.405774669948562,0.0155854235607014,0.0367136768808017,0.314066318234971,0.066156184073326,0.0418319152146558,"blue",0.795753825534139,1.10738681458607e-08,2.45610647320959e-07,TRUE,TRUE
"K00299","turquoise",0.615277325096734,8.3722380800946e-05,0.0028911530181645,0.441627322699898,0.00790943591379046,0.00890217209859661,0.898790106069732,2.31141391239548e-13,8.04069014472293e-12,-0.291056970113913,0.0898237189457052,0.168987197492159,-0.732120608521401,5.78321475532613e-07,2.74465412341198e-06,-0.445450974680722,0.00732622263036153,0.0093499999871467,-0.406943106924417,0.0152613608157727,0.0232653308849581,0.280201354387663,0.103030181363268,0.0740236449111339,-0.641353839110532,3.30231483512886e-05,0.000649625894722313,0.0994262737687087,0.569856689945282,0.221740438420879,"turquoise",0.898790106069732,2.31141391239548e-13,8.04069014472293e-12,TRUE,TRUE
"K00301","turquoise",0.746929774193515,2.55727949474101e-07,0.000354593864219786,0.521674619841438,0.0013094707761558,0.00251445904522936,0.758111281931502,1.32989723876041e-07,6.43037683789615e-07,-0.459190636955213,0.00552374821185499,0.0410221025373966,-0.561725603670182,0.000446025191003954,0.000603510223804903,-0.406181457611372,0.0154719534040279,0.0163091478958487,-0.281653656962694,0.10118272804005,0.0987668905085186,-0.182001890605717,0.295374147497678,0.163175444610873,-0.356160504144158,0.0357318542738541,0.0631909986129174,0.0242600413872001,0.889977954441615,0.305128170610675,"turquoise",0.758111281931502,1.32989723876041e-07,6.43037683789615e-07,TRUE,TRUE
"K00318","turquoise",0.57136887043662,0.000337049707230667,0.00630144978956984,0.288266612483305,0.093087047705127,0.0561912407085315,0.875724470244399,5.72769825902095e-12,1.0395590041142e-10,-0.232063255730641,0.17977708380985,0.248720289211851,-0.779243387742577,3.4952266379959e-08,2.95060625613219e-07,-0.362819736319921,0.0321844945252565,0.0288989815841841,-0.477644225651324,0.0037113676196515,0.00747552024045103,0.357480768766504,0.0350043803497286,0.0327788302372588,-0.499605035603962,0.00224560903236918,0.00998962111226986,0.231641119142942,0.180592563491874,0.0912242823752858,"turquoise",0.875724470244399,5.72769825902095e-12,1.0395590041142e-10,TRUE,TRUE
"K00325","black",-0.200331234072543,0.248550688340679,0.441254175762367,-0.642718690609342,3.13789101944635e-05,0.000184299828399125,0.0932828147750639,0.59403999871393,0.276349534414659,0.377569726250475,0.0253448786931779,0.0881986056509963,-0.171604473547268,0.32428396691867,0.128092205303817,0.78708211020305,2.05082169633104e-08,8.35644656186639e-07,0.290915089561423,0.0899874999427456,0.090606332969238,0.231682904490913,0.180511726309641,0.113336540208288,0.0914904227400962,0.601178986253644,0.416023755062574,0.753146895332043,1.78536616665885e-07,1.69847083757652e-06,"black",0.78708211020305,2.05082169633104e-08,8.35644656186639e-07,TRUE,TRUE
"K00336","black",-0.556262874393624,0.000520771470068373,0.00836636376788235,-0.54841215822015,0.000647659687352263,0.00154084297154213,-0.501158063898578,0.00216448952481581,0.00321425167759607,0.302330233074781,0.0775261950755148,0.155635262643339,0.493996629367719,0.00256107822973009,0.00253958137436243,0.702463994623981,2.55268793215638e-06,2.92854724957981e-05,0.63167397390309,4.71078552585435e-05,0.000219787528226362,-0.229888398681638,0.18400647071709,0.114961542958339,0.23198853298034,0.179921242116194,0.194687820133833,0.138784294962904,0.426555792980589,0.178177371400922,"black",0.702463994623981,2.55268793215638e-06,2.92854724957981e-05,TRUE,TRUE
"K00344","green",-0.50974599687357,0.00176050836716825,0.0192751549651948,-0.337383111657336,0.0474746598443756,0.0338336640948031,-0.424540188437648,0.011024562026759,0.0124157986899261,0.350101288879386,0.0392298467806351,0.110709614320248,0.636158470988062,4.0019771532838e-05,8.57394616849922e-05,0.461435049096753,0.00526897825328659,0.00728613728281911,0.746160749374853,2.67159849430188e-07,2.9632439098432e-06,-0.1122607089087,0.520835576671305,0.244121051469961,-0.07131110650158,0.683949582371363,0.44949485727988,-0.0360836275049554,0.83695676952761,0.293039025916476,"green",0.746160749374853,2.67159849430188e-07,2.9632439098432e-06,TRUE,TRUE
"K00362","turquoise",0.55166346819287,0.000592120684832371,0.00897161056591986,0.33975185618964,0.0458420382759425,0.0330188224525071,0.708822339595679,1.88538962081798e-06,6.77403572435968e-06,-0.349056149270454,0.0398603318272461,0.111407641538743,-0.709213463806764,1.85009352247733e-06,7.33950694358967e-06,-0.366989222616045,0.0301137852784304,0.0275206419042566,-0.353478151603166,0.0372477184877179,0.0468920547141494,0.100913640894222,0.564069884163216,0.257952069336588,-0.394996951855631,0.0188561180157227,0.0419481115658236,0.130091936333156,0.456357998549056,0.187729952787891,"turquoise",0.708822339595679,1.88538962081798e-06,6.77403572435968e-06,TRUE,TRUE
"K00365","blue",-0.120251703415941,0.491399125136458,0.665826164745712,-0.142290101269283,0.41484978612739,0.169924751492649,0.296938209862479,0.0832338324889038,0.0628306583572631,0.113305140011553,0.516939637444118,0.451204090459966,-0.47294528575527,0.00411532623040218,0.00371401490095762,-0.0707545590438111,0.686290349948227,0.287983082918817,-0.457986492888017,0.00566475055950771,0.0107082487070385,0.765511153685902,8.46127288667183e-08,1.02362788609354e-06,-0.157022003682596,0.36768215569498,0.309042453043833,0.312925944805672,0.0671998679140787,0.0423650165959456,"blue",0.765511153685902,8.46127288667183e-08,1.02362788609354e-06,TRUE,TRUE
"K00367","purple",-0.697329673000378,3.24199379436214e-06,0.000740332440041127,-0.56065373781077,0.000459889983923963,0.0012020250449061,-0.653461872442787,2.08068553452732e-05,5.67690813750692e-05,0.551747950326953,0.000590735693228073,0.014855445063351,0.749133631914309,2.25410801349378e-07,1.27233765141722e-06,0.545224791438237,0.000706538748950998,0.00160555200115949,0.545290127541253,0.000705285779755275,0.00202996429155233,0.101355254971909,0.562356936500337,0.257952069336588,0.112807518310022,0.518794069719134,0.382281627115741,-0.0429526899801113,0.806459652624308,0.284721330334982,"purple",0.749133631914309,2.25410801349378e-07,1.27233765141722e-06,TRUE,TRUE
"K00370","brown",-0.181392045401101,0.297022846593861,0.486715551286813,-0.539117677164162,0.000832728611751618,0.00182256002373955,0.0664123454273186,0.704650302141465,0.310613632883763,0.213664152256097,0.217784939251162,0.278942172702732,-0.324398339772924,0.0572701359454233,0.0315198605233496,0.445445173607989,0.00732707879794799,0.0093499999871467,-0.190799628882076,0.272241216266154,0.199617105274598,0.329504610061067,0.0532427460571797,0.045033820730503,0.368126816226953,0.0295681813148838,0.0560152920544479,0.718809471019463,1.15237466718835e-06,7.03398393763911e-06,"brown",0.718809471019463,1.15237466718835e-06,7.03398393763911e-06,TRUE,TRUE
"K00371","brown",0.0456806334261406,0.794423012481388,0.891147498562455,-0.459522806608972,0.00548538737234032,0.0068115161410517,0.270537882302871,0.115980611221401,0.0818635380473205,0.143684888879319,0.410243414706761,0.399341010407233,-0.510089688446768,0.00174581838183397,0.00186492754621235,0.401057474991903,0.0169530242048622,0.0174957848828268,-0.200380124442645,0.248432836523035,0.187866752356133,0.336361515376497,0.0481930136750088,0.0418260257086964,0.296909574067179,0.0832649874744085,0.114068682728091,0.802523427762767,6.70435760284198e-09,1.64642703307994e-07,"brown",0.802523427762767,6.70435760284198e-09,1.64642703307994e-07,TRUE,TRUE
"K00380","turquoise",0.342014334100137,0.0443250644607017,0.160483840408679,0.035191578078615,0.84093546895376,0.284477726270093,0.787511104842762,1.99057640648238e-08,1.15409937384265e-07,-0.160174389036481,0.358020362655916,0.370694402791836,-0.548356149633533,0.000648655561276888,0.000817396224105343,0.124793199981884,0.475058031296946,0.221306045916798,0.0499626421367191,0.77562407767075,0.397383956874334,0.168729317503363,0.332578003311732,0.177505686470989,-0.429024783521997,0.0101204903219546,0.0279477696521118,0.521408992456873,0.00131828457308996,0.00180554602995764,"turquoise",0.787511104842762,1.99057640648238e-08,1.15409937384265e-07,TRUE,TRUE
"K00390","turquoise",0.508894545248952,0.00179736834051569,0.0194133730786788,0.240288367875907,0.164405469991806,0.0859860554621966,0.905092036131095,8.39669748600281e-14,3.75550703437847e-12,-0.23101758315629,0.181801892055017,0.250380554224477,-0.782480698946808,2.81186387882293e-08,2.51131234371826e-07,-0.186421446796705,0.283601013523354,0.152743553556268,-0.364713212112387,0.031230157450863,0.0406144348756129,0.373774565241826,0.0269781250773357,0.0266374448985773,-0.593085077378263,0.000173571337401263,0.0017978807357484,0.283449317300716,0.098933411412168,0.0570881103353501,"turquoise",0.905092036131095,8.39669748600281e-14,3.75550703437847e-12,TRUE,TRUE
"K00392","turquoise",0.597067059335351,0.000152888412608121,0.00402007821125787,0.49777388001909,0.00234465591107568,0.00377347706426738,0.847880820235978,1.29563793988024e-10,1.57530458294454e-09,-0.325529562815579,0.0563577290622185,0.131295644593274,-0.735279651003815,4.88121343055482e-07,2.46692105143338e-06,-0.501525438223512,0.00214567917202493,0.00370681079130489,-0.606214083939859,0.00011350208716319,0.000445794162124485,0.171098253047498,0.325734875507528,0.174866368426222,-0.363667982670672,0.0317540623442209,0.0587062274956507,0.0964515906952071,0.581510379747309,0.224958622749418,"turquoise",0.847880820235978,1.29563793988024e-10,1.57530458294454e-09,TRUE,TRUE
"K00405","brown",-0.140993623560475,0.419157506531085,0.603352790805888,-0.645273570946155,2.84987895497731e-05,0.000176513852185342,0.109943415662686,0.529530728836751,0.254860176481632,0.273001859674235,0.112568327136879,0.190377539898962,-0.298403264246955,0.08165187306519,0.0419141833980867,0.580017356262994,0.000260218446790744,0.000744525819804973,0.169764446811354,0.329577016780388,0.227643686895843,0.0945915839159223,0.588850738312967,0.266234827458617,0.224236344039078,0.195325170572718,0.205106549003785,0.772496976792016,5.43764373927395e-08,6.91448223274816e-07,"brown",0.772496976792016,5.43764373927395e-08,6.91448223274816e-07,TRUE,TRUE
"K00411","brown",0.181528542035833,0.296653323115526,0.486608863006842,-0.319201535910705,0.0616132228949164,0.0409672094311714,0.585822465926446,0.000217841305128355,0.000438599315840188,-0.0548895018070867,0.75414884271955,0.538650405086242,-0.687290036752894,5.10240294506524e-06,1.67838316807222e-05,0.240014232419812,0.164902062921875,0.100132483470055,-0.101585517133309,0.561464739212045,0.322910811523867,0.42795131903515,0.0103309550598443,0.0126567744961945,-0.201469384170495,0.245816805620382,0.237775911366601,0.722303874353037,9.65248515175789e-07,6.10346479524148e-06,"brown",0.722303874353037,9.65248515175789e-07,6.10346479524148e-06,TRUE,TRUE
"K00428","green",-0.180467180462338,0.299534368181166,0.488115518260269,-0.392471428793154,0.0197001211087372,0.0175526139465311,-0.220406743926886,0.203265545878661,0.126960170800645,0.168471124050877,0.33332915666634,0.359434765246509,0.35389086465946,0.0370111442994758,0.0222329133513878,0.638105824227043,3.72539820631928e-05,0.000182661657167097,0.903846668901163,1.03133014823144e-13,1.37354973420833e-11,-0.393664324094456,0.0192976302297664,0.0203096911799311,-0.0623603618005802,0.721932643500299,0.460949541567835,0.227572126569244,0.188587604998862,0.0946501229600492,"green",0.903846668901163,1.03133014823144e-13,1.37354973420833e-11,TRUE,TRUE
"K00432","turquoise",0.399593676219244,0.0173972827446371,0.0878658972110663,0.187640628810981,0.280407383245923,0.12666823309744,0.790750554227556,1.58575359086698e-08,9.54751771490541e-08,-0.249831829662137,0.147780859254427,0.222504594943534,-0.795785634950528,1.10482699152798e-08,1.12119404638657e-07,-0.173358641681947,0.319287352682093,0.167197053915035,-0.383154536473631,0.0230905043480401,0.0322168801050267,0.450033952746373,0.00667600527710047,0.0091799458130549,-0.404409160582621,0.0159714387302194,0.037274960688397,0.41719156287913,0.0126536937917798,0.0111257189813826,"turquoise",0.790750554227556,1.58575359086698e-08,9.54751771490541e-08,TRUE,TRUE
"K00446","brown",0.0568392374191292,0.745699161963995,0.85786261993483,-0.419194354094988,0.0121907494779688,0.0123474012973095,0.271560844617641,0.114554654953191,0.0810508510675381,0.0386564189202505,0.82550424819014,0.561286717530698,-0.553282957071304,0.000566066403573709,0.000731687067459971,0.423426247697246,0.0112594410193306,0.0128797740304889,-0.197806045117692,0.254688476009409,0.191245571018265,0.254397511006236,0.140275846286946,0.0937009964408838,0.271069105637033,0.115238462458532,0.142848744916268,0.757735713791088,1.36019207894679e-07,1.38108584758403e-06,"brown",0.757735713791088,1.36019207894679e-07,1.38108584758403e-06,TRUE,TRUE
"K00450","black",-0.379287542398446,0.0246329139884584,0.109073997259143,-0.718792877792488,1.1533374870151e-06,1.84167400049216e-05,-0.24098570524161,0.16314709533002,0.107195006271881,0.286039058722319,0.0957566829417041,0.174558297244722,0.208721227737418,0.228870331829243,0.0971197494177465,0.839281402078754,3.0005686223235e-10,4.43205673598419e-08,0.511221662042947,0.00169819246440256,0.00402566651555446,0.0651471243455159,0.710031544549752,0.302523000586673,0.161438163981308,0.354190196965393,0.302140076468587,0.525666902784723,0.00118310595198325,0.00165474264882211,"black",0.839281402078754,3.0005686223235e-10,4.43205673598419e-08,TRUE,TRUE
"K00451","black",-0.339765133873137,0.0458330156172262,0.163621884904383,-0.646006730078899,2.77177081122011e-05,0.000174855229426029,-0.200265327859486,0.248709616405552,0.147544304206494,0.12117156395859,0.488066243783256,0.437089347991105,0.0347594376836217,0.842864292582852,0.264484026400039,0.711179151196882,1.68168282065145e-06,2.28621317759162e-05,0.125239912478067,0.473466203522594,0.288531930631496,0.200122843990233,0.249053437546794,0.144518833970055,0.318197731445926,0.0624813190949678,0.0937376783146577,0.540659267383555,0.000799127096681158,0.00120207763652283,"black",0.711179151196882,1.68168282065145e-06,2.28621317759162e-05,TRUE,TRUE
"K00468","turquoise",0.678191811907179,7.58074661540742e-06,0.000905144877919739,0.595705073256636,0.000159699517347932,0.000578749752313388,0.828153494072853,8.29457022557692e-10,7.8693355033998e-09,-0.401530968177761,0.0168113682138757,0.0716428868253869,-0.652998965061316,2.1185479886964e-05,5.22205812791547e-05,-0.547629899807865,0.000661692253641289,0.00153916107981236,-0.447245085905314,0.00706550494134102,0.0127948159722096,0.145068764206769,0.405701869245129,0.203613343606243,-0.586188963324093,0.000215385941010918,0.00202739918157891,-0.0535459186747624,0.759988052251782,0.273830470496757,"turquoise",0.828153494072853,8.29457022557692e-10,7.8693355033998e-09,TRUE,TRUE
"K00477","green",-0.268346270378772,0.119080325839422,0.285382160201373,-0.522453794088846,0.00128391519025719,0.00248037295865002,-0.241325101367045,0.162537152698214,0.106906425259583,0.389436593579894,0.0207557047634112,0.0795915101667003,0.354689285831033,0.0365569384701745,0.0220433552316662,0.690255386846759,4.47104283114032e-06,4.26067963105902e-05,0.717285710521394,1.24392816320293e-06,1.09780846068835e-05,-0.11523379937824,0.509783391391193,0.240282763698689,-0.136853046435126,0.433081920223726,0.341394369561778,0.218085775474099,0.208185527385791,0.10244118420198,"green",0.717285710521394,1.24392816320293e-06,1.09780846068835e-05,TRUE,TRUE
"K00508","green",0.066734013366171,0.703284415595169,0.823891636737909,0.226862216124841,0.19000759049275,0.0960342440906586,-0.0313437261080938,0.858140820004994,0.354912090573133,-0.134552177354458,0.440928479195752,0.414026545752244,0.476800376272684,0.00378127150973232,0.0034850729521153,0.101245967807939,0.562780620084842,0.250570505981788,0.707200025213671,2.0384659964049e-06,1.69679808180005e-05,-0.640522550518775,3.40624081175266e-05,0.000126695467334562,-0.266928213189933,0.121118690665579,0.147722804897575,-0.275116645419521,0.109700289268053,0.0621463515702362,"green",0.707200025213671,2.0384659964049e-06,1.69679808180005e-05,TRUE,TRUE
"K00525","purple",-0.192083361790414,0.268967531556144,0.459097276233311,0.28409388373864,0.0981353530073198,0.058407200567656,-0.618181915819626,7.57913107808635e-05,0.000174477175733942,0.0552397062459148,0.752629040223422,0.538066235324702,0.759624750657447,1.2140028978918e-07,7.51992247583805e-07,-0.205971709774236,0.235199588523686,0.131655819025371,0.256250245231331,0.137311475417713,0.123412340930178,-0.48876663742028,0.00288938343732593,0.0046416136797829,0.19236491913402,0.268252985213804,0.251731860029019,-0.683133294797524,6.1246217649269e-06,2.43135124793629e-05,"purple",0.759624750657447,1.2140028978918e-07,7.51992247583805e-07,TRUE,TRUE
"K00528","turquoise",0.236886983205882,0.170643414598051,0.357267188258002,0.149643576635298,0.390893813804107,0.162787315722156,0.734098324631343,5.20219152369919e-07,2.23111311955142e-06,-0.195382779479727,0.260672277847559,0.309573843989718,-0.733416562117534,5.39613679471824e-07,2.65218159586614e-06,-0.273524762479534,0.111853985542077,0.0748432260208379,-0.500600255914807,0.00219332594601191,0.00492072795888588,0.582987290065676,0.000237697730328569,0.000622946049701843,-0.479592540310727,0.00355423342320712,0.0136463329430528,0.295606279311004,0.0846924954143545,0.0508143101828686,"turquoise",0.734098324631343,5.20219152369919e-07,2.23111311955142e-06,TRUE,TRUE
"K00548","salmon",0.407485356907746,0.0151129017533624,0.0794670179366772,0.802159245808609,6.89117034233741e-09,2.93439157120523e-07,0.350999803981839,0.038694290067808,0.034053369219244,-0.274645829183028,0.110333986137996,0.188665350408912,0.0184036069083692,0.916429913742498,0.28091441752616,-0.711160250666287,1.68323301740673e-06,2.28621317759162e-05,-0.185377152507815,0.286355130842544,0.206757981201497,-0.377298804417673,0.0254586993547366,0.0254095262445556,-0.343120679091187,0.0435981164945762,0.0725582578739301,-0.609095533017722,0.000103139123461308,0.000243557659909278,"salmon",0.802159245808609,6.89117034233741e-09,2.93439157120523e-07,TRUE,TRUE
"K00549","black",-0.45704703187583,0.00577689778394836,0.0420700278252458,-0.690563882225042,4.40963279964512e-06,4.50649350165381e-05,-0.157878202088159,0.36504279163273,0.192193222626084,0.5058944488795,0.00193268773758043,0.0237156869313877,0.0605909437751014,0.729522748853674,0.23686528137003,0.731439656622436,5.99666139307772e-07,1.02695679022451e-05,0.165297690211074,0.342646646574987,0.23272106819824,0.329365385704943,0.0533494785196932,0.0450922524536035,0.2333521607283,0.177303346035132,0.192449781919365,0.567980473640379,0.000372280843880188,0.000673149636185575,"black",0.731439656622436,5.99666139307772e-07,1.02695679022451e-05,TRUE,TRUE
"K00553","blue",-0.411923997222094,0.0139426406554047,0.075167996922983,-0.0973964888544863,0.57779712265792,0.216542531545094,-0.151655192663986,0.384482943498594,0.199792021012186,0.13038826797731,0.45532399540526,0.422024507912633,-0.0385702294610607,0.82588735281899,0.260355197964127,-0.228663524134261,0.186419141853041,0.110196917208462,-0.435849830590923,0.00886566872554499,0.0152433307446908,0.750656924067225,2.06427370496244e-07,2.14986426794018e-06,-0.0966437288508132,0.580754454587997,0.407748211281386,-0.146404278903686,0.401346319625202,0.169517863766849,"blue",0.750656924067225,2.06427370496244e-07,2.14986426794018e-06,TRUE,TRUE
"K00567","brown",-0.0411561441680252,0.814410770471509,0.901297183540795,-0.463450853693576,0.00504884786780685,0.00638582844146796,0.477660031950127,0.00371006899356198,0.00500670627915717,0.301149028443397,0.0787497621338594,0.157189271439175,-0.427427095222974,0.0104350769872729,0.00800827336843254,0.37073680667829,0.02834698502177,0.026109646020638,-0.0508576188414176,0.771710347848956,0.39632986304793,0.512904385404151,0.00162949964324087,0.00286161692940153,-0.173196342886577,0.319747620367083,0.281835823882551,0.730317726105826,6.36415551601051e-07,4.45059021908637e-06,"brown",0.730317726105826,6.36415551601051e-07,4.45059021908637e-06,TRUE,TRUE
"K00570","brown",0.113691765703803,0.515501105939092,0.685381807187647,-0.377401160904904,0.0254156475198298,0.0212552538348618,0.59066146778693,0.000187354503786847,0.000387817022008069,0.0940912408060362,0.590832238290953,0.479690017553703,-0.64114268129682,3.32843789019583e-05,7.43578703869658e-05,0.274795030696062,0.110132870090974,0.0739848593599368,-0.100310242506257,0.566414232577757,0.324267357638835,0.538495343749919,0.000846643355296166,0.00169566837969413,-0.280447423306251,0.102715374133959,0.131649620679621,0.744627897409981,2.91359976800737e-07,2.48120119428888e-06,"brown",0.744627897409981,2.91359976800737e-07,2.48120119428888e-06,TRUE,TRUE
"K00574","blue",-0.271541209892297,0.114581900319028,0.278391130122476,-0.43845936715177,0.00842222969998929,0.00930511343759814,0.20680398252748,0.233271398626283,0.140515783157092,0.258193951204725,0.134251340403804,0.209933410134199,-0.312958769834994,0.0671696465207624,0.0356432976315164,0.139388406352888,0.424525652463564,0.205672913500776,-0.257815881756273,0.134842590567327,0.122051668722954,0.827004323226721,9.17494787383126e-10,3.51179629587513e-08,-0.235902360989033,0.172480298163767,0.189024895043467,0.406684950498022,0.0153324687051986,0.0130484627202973,"blue",0.827004323226721,9.17494787383126e-10,3.51179629587513e-08,TRUE,TRUE
"K00605","black",-0.331340832339186,0.0518509080239575,0.175601009483678,-0.798985018740148,8.73570878399309e-09,3.57103792139547e-07,0.0908142237740605,0.603881806844594,0.279301031339899,0.508306476289122,0.00182321930853738,0.0237156869313877,-0.076982578270675,0.660264365183309,0.22045602843243,0.799120967043983,8.64816448238152e-09,4.44311792312252e-07,0.453283812643904,0.00624547028349929,0.0115543690739759,0.455284444013711,0.00599245971045845,0.00849356500978735,-0.196494126082094,0.25791660299119,0.245412305933706,0.736428017327939,4.58671552779796e-07,3.59203539162242e-06,"black",0.799120967043983,8.64816448238152e-09,4.44311792312252e-07,TRUE,TRUE
"K00616","green",-0.422014835300204,0.0115631146079039,0.0666077070296733,-0.314933314356727,0.0653712535229143,0.0428525845563444,-0.458765742134388,0.00557315369014768,0.00698640303455589,0.0812281090833743,0.642742717483177,0.498865480636518,0.615542995771694,8.29671117926691e-05,0.000153678496747775,0.530396350965989,0.00104740066598644,0.00217211761709483,0.733453156192598,5.38556041796252e-07,5.24845659556775e-06,-0.252237756065879,0.143790389324203,0.0955294663252157,0.0871749160286346,0.618516849370962,0.422345988186487,0.0325988494333563,0.852521177481185,0.297207439092992,"green",0.733453156192598,5.38556041796252e-07,5.24845659556775e-06,TRUE,TRUE
"K00635","purple",-0.37915168029094,0.0246886149521961,0.10916943568765,-0.346393868121785,0.0415034586731748,0.0307355880329307,-0.470229476784939,0.00436571428110638,0.00568918460380002,0.415534277955858,0.0130479097059519,0.0637736363293896,0.727800505580326,7.2650598714651e-07,3.30015443519803e-06,0.425967985180764,0.0107295849624548,0.0123815410335299,0.727221285495581,7.48826167223689e-07,6.94325772680609e-06,-0.372772772613817,0.0274234025315424,0.0268918068204734,0.074364798074786,0.671158135979509,0.443921088788898,-0.0905325301206544,0.605009292545592,0.231560038245045,"purple",0.727800505580326,7.2650598714651e-07,3.30015443519803e-06,TRUE,TRUE
"K00645","turquoise",0.558276992303824,0.00049200892464692,0.00821640266329771,0.362992015300143,0.0320966900872717,0.0253686903148217,0.798891684963037,8.79628504835241e-09,5.7978075813704e-08,-0.217626870360434,0.209167977674393,0.273264873880753,-0.43945915590324,0.00825741927606214,0.00668672414475206,-0.291160767873,0.0897040441411702,0.063200126940917,-0.0952078058782455,0.586414354796072,0.33221208986378,0.00350486420179994,0.984057697068276,0.370275967515983,-0.550514007247909,0.000611253100194434,0.00410029804909382,0.0981346672427143,0.574903658920142,0.223192677138352,"turquoise",0.798891684963037,8.79628504835241e-09,5.7978075813704e-08,TRUE,TRUE
"K00648","turquoise",0.532357130460377,0.000995292149250646,0.012987546943487,0.386485175735697,0.021826943372615,0.0189197520061206,0.812233168139925,3.15328920754224e-09,2.4376249935232e-08,-0.339446383826534,0.0460500118787298,0.118336079623524,-0.511189913765167,0.0016995125356726,0.00182774293262233,-0.247534962307964,0.151665167907366,0.0946879180492837,-0.0331665511835301,0.849981696921627,0.417613316892561,-0.166898257709657,0.337927567679054,0.1797154401223,-0.486444476952202,0.00304651402230789,0.012346796600048,0.136520523735952,0.434211121317912,0.180323515107007,"turquoise",0.812233168139925,3.15328920754224e-09,2.4376249935232e-08,TRUE,TRUE
"K00655","turquoise",0.57794541070555,0.000277039334428629,0.00562687730238436,0.343859415217088,0.0431180823115637,0.0317085988887859,0.853728970460882,7.10300568441045e-11,8.9851446256287e-10,-0.314186249697057,0.0660471655908102,0.141967493825096,-0.772710312302894,5.36341059288653e-08,3.99710389253255e-07,-0.411702731642552,0.0139991154012656,0.0150657233532886,-0.538929249977962,0.00083692015784534,0.00233077831196602,0.348812751298448,0.04000833318716,0.0364944929194162,-0.415004400750186,0.0131761148880146,0.0329552182414286,0.249071982674066,0.149057750705385,0.0781924032368224,"turquoise",0.853728970460882,7.10300568441045e-11,8.9851446256287e-10,TRUE,TRUE
"K00658","black",-0.226770033477178,0.190192526592217,0.379080740346208,-0.658645670330333,1.69665478400539e-05,0.000119580896955403,0.0202686066940174,0.907995265443799,0.369430776525183,0.180414988765521,0.299676499086204,0.334839917060567,-0.104494753101926,0.550248942880923,0.192410696508128,0.750244573349776,2.11415385069417e-07,4.62630821972289e-06,0.36588933123104,0.0306491231878782,0.0401261349251539,0.1836959873463,0.290824937787128,0.161481620928675,0.0412222139599198,0.814118031705905,0.494399007942652,0.63593050578506,4.03553930150418e-05,0.000114247451789282,"black",0.750244573349776,2.11415385069417e-07,4.62630821972289e-06,TRUE,TRUE
"K00661","turquoise",0.470683767114701,0.00432293581002871,0.0349000651127823,0.123267529249394,0.480515704089502,0.188583168682576,0.835158099063806,4.41183486366528e-10,4.68225805335831e-09,-0.0811233582361349,0.643172808655938,0.498865480636518,-0.692964939067043,3.95733964139435e-06,1.36775592327805e-05,-0.143978228017823,0.40927834781432,0.200675087907551,-0.256108399822432,0.137536785682195,0.123539053693005,0.395523725833039,0.0186839311908752,0.0198095739075347,-0.625111959681965,5.95309101217801e-05,0.000988732195604266,0.378839343917379,0.0248170616383086,0.0192981413097593,"turquoise",0.835158099063806,4.41183486366528e-10,4.68225805335831e-09,TRUE,TRUE
"K00681","brown",-0.218080268717747,0.208197297618491,0.400485415455064,-0.685619715514342,5.49283007840471e-06,5.29573959853826e-05,0.277664646756158,0.106318291942842,0.0765203322142264,0.398451663402989,0.017750601230497,0.0725419833294476,-0.404972468941296,0.0158112373805504,0.0111476268561601,0.546131509871578,0.000689325256037703,0.00158472097670212,-0.0724816436875811,0.679035915762933,0.366540749331585,0.550550268522145,0.000610641269227693,0.0012967272860294,0.0633262948592872,0.717800108922907,0.459822241416445,0.839538716613674,2.92820301927656e-10,1.81888832589316e-08,"brown",0.839538716613674,2.92820301927656e-10,1.81888832589316e-08,TRUE,TRUE
"K00688","green",-0.0361412381130865,0.836699951522835,0.913994951638887,0.079436604123223,0.650113990115254,0.235017404857432,-0.187753863056622,0.280111954888043,0.160619072870867,-0.00567187915348515,0.974203415264983,0.603394289569973,0.540959228953739,0.000792730117023645,0.000969493978728873,0.19091012012476,0.271958430968124,0.147915332934086,0.773554081236454,5.07887312723976e-08,7.01941403605241e-07,-0.564138555838311,0.000416164782393719,0.000954852795691792,-0.129367439007009,0.458891312812202,0.353398341445358,-0.198721668547424,0.252451428482017,0.119010036108154,"green",0.773554081236454,5.07887312723976e-08,7.01941403605241e-07,TRUE,TRUE
"K00692","brown",-0.157255275730763,0.366961937647461,0.554767166651546,-0.504655062591682,0.00199114145454887,0.00337459085292589,0.0941774529316292,0.590490605405981,0.275209505725149,0.122808570001115,0.482163856674804,0.434592700825352,-0.387979303061658,0.0212790451983597,0.014066957222067,0.480546766487741,0.00347940142843707,0.00528465542478483,-0.000661603755075294,0.996990430312475,0.457007765879588,0.194841260719223,0.262022029375007,0.150009142031849,0.324309787453338,0.0573420507293944,0.0883750654240442,0.734035556603383,5.21977634617827e-07,3.88165849125358e-06,"brown",0.734035556603383,5.21977634617827e-07,3.88165849125358e-06,TRUE,TRUE
"K00694","turquoise",0.688485781262856,4.83863380460922e-06,0.000763574894299118,0.528954172421084,0.0010872478551876,0.00218395351131615,0.904328572622304,9.52776876395799e-14,3.97729732389608e-12,-0.467014624221315,0.00467902991485146,0.0374569885746585,-0.682162260061512,6.3888352956403e-06,1.96699335213778e-05,-0.364505622161513,0.0313336419933025,0.0282927422328973,-0.215369699312332,0.21404686385686,0.170146451012715,-0.031911457248691,0.855598015450571,0.338755215962393,-0.527130586304619,0.00113954227549784,0.00643581581752854,0.119880211721772,0.492748426970011,0.197768978913812,"turquoise",0.904328572622304,9.52776876395799e-14,3.97729732389608e-12,TRUE,TRUE
"K00700","purple",-0.502846464369815,0.00207921487378521,0.0211023807983851,-0.143265626305506,0.411624998071055,0.168983420570889,-0.83487914134822,4.52668303795696e-10,4.76377486710076e-09,0.345794389506023,0.0418808892930123,0.113566279104072,0.886555060073198,1.38315097274919e-12,6.94432993117017e-11,0.158948617119877,0.361758993924126,0.183623430216954,0.368507055486315,0.0293876316379421,0.0388916463162351,-0.200678382615276,0.247714682971929,0.143951223079336,0.297738750265491,0.0823665048443549,0.113260457462677,-0.469871664105327,0.00439966490256688,0.00476018197134715,"purple",0.886555060073198,1.38315097274919e-12,6.94432993117017e-11,TRUE,TRUE
"K00710","blue",0.0345252936922038,0.843909751699889,0.916122063220558,-0.169170113099403,0.33129802325484,0.142774688770749,0.411947118370345,0.0139367504063418,0.0150460200910681,-0.0895478741457557,0.608957452187346,0.486886968616778,-0.723213207449636,9.21350957184968e-07,4.0779206044774e-06,-0.0584211199117801,0.738864987858251,0.303969362707441,-0.548145454047484,0.000652414049397934,0.00191925783842915,0.775455982180282,4.48781651629859e-08,6.57883125772423e-07,-0.138666585194331,0.426951988798919,0.338543773707425,0.433722344269347,0.00924175911667019,0.00865165748846672,"blue",0.775455982180282,4.48781651629859e-08,6.57883125772423e-07,TRUE,TRUE
"K00759","black",-0.460541486067984,0.00536917028259895,0.0401841083880067,-0.697843677825383,3.16603257749062e-06,3.59508524600809e-05,-0.241749756997072,0.161776299373533,0.106573906229471,0.60552548746653,0.00011611307435588,0.00664332527829933,0.253112804088127,0.142358756925591,0.0663408001367842,0.817414239717185,2.07097698892828e-09,1.88245089394788e-07,0.46155678543941,0.0052554537864847,0.0100644059846236,0.220762062925843,0.202519530175539,0.123639682342564,0.0538251684139927,0.758773347156167,0.473217947016795,0.423412908044214,0.0112622792047972,0.0101892262606737,"black",0.817414239717185,2.07097698892828e-09,1.88245089394788e-07,TRUE,TRUE
"K00764","turquoise",0.279386957230092,0.104077295694406,0.261584209382874,0.0591539547071359,0.7357055572149,0.258107054553826,0.711725947734519,1.63739691298393e-06,6.02332895603801e-06,-0.177489869553572,0.307710874617235,0.339719323728713,-0.635155077148805,4.15161488556415e-05,8.7231947490248e-05,-0.146525002841254,0.400953923568038,0.197659716652867,-0.488149002608924,0.00293047192768213,0.00617720652912447,0.52550553430335,0.0011879973631122,0.00222667185607508,-0.3984610974695,0.0177476581297774,0.039926115739169,0.302307181002096,0.0775499317538201,0.0476609139393605,"turquoise",0.711725947734519,1.63739691298393e-06,6.02332895603801e-06,TRUE,TRUE
"K00765","blue",0.109050122973208,0.532901310098279,0.698804548147743,-0.0114332689337808,0.948026185069847,0.308158476612453,0.626448719671281,5.67835776642085e-05,0.000135450793258086,0.144946492573654,0.406101977714121,0.397728510998617,-0.57668913434681,0.000287704822134691,0.000417730448505296,-0.152347885445185,0.382289664340642,0.190766711517371,-0.404561806452766,0.0159278934119629,0.0240321399309321,0.779899372073717,3.34547536002668e-08,5.34242179628373e-07,-0.566729841541465,0.000386090638187621,0.00295181168667435,0.29085013497326,0.0900625572515715,0.0532198314217404,"blue",0.779899372073717,3.34547536002668e-08,5.34242179628373e-07,TRUE,TRUE
"K00790","turquoise",0.507926722488101,0.00184008543661286,0.0196747596683991,0.382351965880916,0.0234038665362236,0.0199576772676061,0.815468122703751,2.42897988604435e-09,2.00123659034644e-08,-0.202971658351372,0.242239175786296,0.295809361921328,-0.626181367642192,5.73237118100441e-05,0.000112747501379266,-0.377752271952465,0.0252684239304728,0.0240021148196577,-0.371954603757328,0.027791531343602,0.0375251209147944,0.376078326429308,0.0259766918416364,0.025861863577503,-0.70591746869176,2.1674371978724e-06,0.000108128935949754,0.0567779481259062,0.745964337033889,0.270601146718085,"turquoise",0.815468122703751,2.42897988604435e-09,2.00123659034644e-08,TRUE,TRUE
"K00793","turquoise",0.482634693408165,0.00332041389023494,0.0284594187857402,0.466409529636166,0.00474012202241141,0.0061409266320454,0.758210349573683,1.32201024734679e-07,6.41701744389498e-07,-0.23418314009707,0.175721359403952,0.245048803826471,-0.594981576968098,0.000163427157453808,0.000266491107477404,-0.588057047122118,0.000203251184245608,0.000625451437722659,-0.434154069839123,0.00916436155803661,0.01559331400455,0.330148389074229,0.0527514203003951,0.0446813564586819,-0.599555986796233,0.00014111128911952,0.00160683154226386,-0.0302915198909864,0.862857229498899,0.299071055990808,"turquoise",0.758210349573683,1.32201024734679e-07,6.41701744389498e-07,TRUE,TRUE
"K00819","turquoise",0.525310963550109,0.00119391887435534,0.0150273962256458,0.310610168630326,0.069359029628246,0.044853105090636,0.839224821475887,3.0167021209182e-10,3.34327491254026e-09,-0.336199205112009,0.0483079423491224,0.12109888051745,-0.683796269573388,5.94999136465198e-06,1.88566352583605e-05,-0.230291323078607,0.183217660268182,0.108423607286544,-0.365356422617136,0.0309112879999918,0.0403374080947076,0.26537925252111,0.123374842227268,0.0847755907063919,-0.505753292386196,0.00193926848926037,0.00910256875571625,0.228060096225514,0.187615891325566,0.0942520233299949,"turquoise",0.839224821475887,3.0167021209182e-10,3.34327491254026e-09,TRUE,TRUE
"K00824","black",-0.139700411040696,0.423479261184382,0.607931386621675,-0.462333542170887,0.00516986072702887,0.00651352400298918,0.236736396866839,0.170923435222063,0.11119595347604,-0.0356555571770602,0.838865549446547,0.565234791166668,-0.142093407994656,0.415501714829694,0.154284776975743,0.706552132085913,2.10271248451118e-06,2.67310595455196e-05,0.621138355932914,6.84199717645345e-05,0.000297435191005308,0.0815672988754761,0.641350839462338,0.282273542426883,-0.337401371962624,0.04746189831106,0.0770308806523276,0.581628382454865,0.000247776380206312,0.000484529157832385,"black",0.706552132085913,2.10271248451118e-06,2.67310595455196e-05,TRUE,TRUE
"K00847","turquoise",0.445026951632959,0.00738902914023154,0.0496275759691602,0.0128235053255252,0.941716542954027,0.306742079232061,0.844304407853895,1.84850841943e-10,2.16349432138128e-09,-0.108777270382499,0.533932899748039,0.459580457455392,-0.737088630026557,4.42478459695182e-07,2.28157508705535e-06,0.0354360703531412,0.839844599984494,0.331576659689749,-0.109685611140217,0.53050241725371,0.3116014025526,0.196749797005576,0.257285382479527,0.148043821470816,-0.413783435978542,0.0134755777542895,0.0333846821252605,0.564475997334974,0.000412133958174637,0.000712280348790979,"turquoise",0.844304407853895,1.84850841943e-10,2.16349432138128e-09,TRUE,TRUE
"K00853","brown",-0.245928714569129,0.154425253621438,0.335799326366823,-0.594755154363117,0.000164609663493576,0.000588200808145212,0.343598675206396,0.0432870236765073,0.0372318361762109,0.336412490016258,0.0481569647717873,0.120876176536913,-0.450979997373787,0.00654812777152857,0.00549861325318384,0.442785532374686,0.0077287331803176,0.00972900836696101,-0.00298248769532154,0.986433552890832,0.454586641238483,0.5368559679159,0.000884286604942423,0.00174975489088882,-0.091430260773365,0.601419247162266,0.416025581778358,0.779360346656617,3.46808161862287e-08,5.30754874918832e-07,"brown",0.779360346656617,3.46808161862287e-08,5.30754874918832e-07,TRUE,TRUE
"K00867","blue",-0.123450821934999,0.479858307207173,0.65672389047146,-0.29852289827436,0.0815237272917669,0.0505855820268107,0.387792013227824,0.0213470921215705,0.021301643038871,0.220877793748498,0.202276956935625,0.268408182604599,-0.508161446953562,0.00182964449565902,0.00193497133963629,0.0485921145180634,0.781627907408666,0.315304306189915,-0.318947674393733,0.0618318591568195,0.0682108703404414,0.738109466770717,4.18485218177734e-07,3.7970629092885e-06,-0.351344574035134,0.0384903701764715,0.0662622218281689,0.394597186721874,0.0189876706516108,0.015567167555122,"blue",0.738109466770717,4.18485218177734e-07,3.7970629092885e-06,TRUE,TRUE
"K00872","blue",-0.00784891643865296,0.964307340290631,0.983166263452547,-0.000662304911532168,0.99698724083593,0.318900397633957,0.468185694554623,0.00456272307696306,0.00590902382959867,-0.0730140224092475,0.676805384714164,0.510357654817398,-0.333914600079812,0.0499490359780371,0.0284293844979385,-0.224068581574031,0.195668401669795,0.114486426021778,-0.296489999800273,0.0837225067387512,0.0855924373569504,0.729366826320786,6.69168269231901e-07,5.50683511885418e-06,-0.562388135211056,0.00043764229424787,0.00320594630449049,0.100147830348808,0.567046003498972,0.22079151605016,"blue",0.729366826320786,6.69168269231901e-07,5.50683511885418e-06,TRUE,TRUE
"K00882","turquoise",0.617774225877476,7.6862051463515e-05,0.00280351614213076,0.41797112910996,0.0124717642681956,0.0125718718866279,0.915099505113644,1.44119340404865e-14,8.59450909253626e-13,-0.43056759570127,0.00982438549319829,0.0546035226190248,-0.784480483434507,2.45375632385602e-08,2.22923828800757e-07,-0.363102858975135,0.0320403005803891,0.0287937740670483,-0.376357351778916,0.0258575091063633,0.0353371289995209,0.0761986532323072,0.663519561727043,0.288766562474461,-0.415204471306781,0.0131275830822627,0.0329399312480871,0.214541001430385,0.21585758383999,0.105332848269437,"turquoise",0.915099505113644,1.44119340404865e-14,8.59450909253626e-13,TRUE,TRUE
"K00925","green",-0.33110340222733,0.052029226327733,0.176018451396574,-0.168618314027149,0.332900814063322,0.143308010025961,-0.309170527288574,0.0707284493765655,0.0552674473702536,0.306702979299116,0.0731247148519286,0.15005109137008,0.691775102370593,4.17589208907156e-06,1.42777385460588e-05,0.310701434232466,0.0692729206103381,0.0521049577499837,0.733223472974007,5.4522595396699e-07,5.2549948416703e-06,-0.239287647127956,0.166223470806533,0.106689654387737,-0.278389532560802,0.105370697762487,0.134170879719347,-0.181974358839194,0.29544845260909,0.134418904648397,"green",0.733223472974007,5.4522595396699e-07,5.2549948416703e-06,TRUE,TRUE
"K00936","turquoise",0.378836865856199,0.024818082929856,0.109439187761034,0.0485473402972722,0.781824260080674,0.270331382214107,0.812315851927451,3.13252045304422e-09,2.43661068069301e-08,-0.154136983177383,0.376658784220124,0.381222062995272,-0.733804632856471,5.28494159897739e-07,2.6257497005229e-06,-0.143272249032377,0.411603153954389,0.201535678806734,-0.32004071686364,0.0608948246063098,0.0674923727247407,0.566598973358448,0.000387561754218129,0.000902443602346374,-0.582163943791746,0.00024375955477028,0.00219985865313823,0.428625615427437,0.010198322649443,0.00939718773178328,"turquoise",0.812315851927451,3.13252045304422e-09,2.43661068069301e-08,TRUE,TRUE
"K00939","blue",-0.189998749908626,0.274296678400662,0.465459915523841,-0.426009708603955,0.0107210666711345,0.0112490374540539,0.393008140828713,0.0195181744236799,0.0199373222673671,0.0896445848926447,0.608569188683827,0.486886968616778,-0.525088750757148,0.00120071340745149,0.00137356042464228,0.243261682411569,0.159088207588943,0.0978084418269567,-0.285987836016149,0.0958187513844559,0.095428301825842,0.810034136792385,3.75474250385246e-09,1.07071150654989e-07,-0.256868583742267,0.136332463394383,0.160517790317771,0.584009433213975,0.000230359966755321,0.000455532663411624,"blue",0.810034136792385,3.75474250385246e-09,1.07071150654989e-07,TRUE,TRUE
"K00942","blue",-0.187451757869601,0.280900596809829,0.472652214737381,-0.249693744112297,0.148012311623313,0.0793617558716067,0.119821295876374,0.492962590142641,0.241950098677918,0.139097497346949,0.425502590701597,0.407144094929042,-0.438033725219882,0.00849324116670051,0.00682045922681247,-0.0208299692854402,0.905458340850904,0.346755441732675,-0.641833963098011,3.2436061372636e-05,0.000160537229351221,0.778041077870543,3.7858669935905e-08,5.88865659141843e-07,0.0490689412056824,0.77953765942215,0.480228451142444,0.25079167524007,0.146179296132223,0.0771151531071802,"blue",0.778041077870543,3.7858669935905e-08,5.88865659141843e-07,TRUE,TRUE
"K00943","blue",-0.249697964149999,0.14800523428882,0.32565226016611,-0.336860519571503,0.0478410498242128,0.0339763115404627,0.279470584403099,0.103969401813157,0.0751320237062595,0.420265548766733,0.0119490719182919,0.06046896197864,-0.309084236783685,0.0708111976026486,0.0372579105944696,0.047628951926434,0.785854666039547,0.316500107222996,-0.235762443847163,0.172742463582005,0.145692988425518,0.799588210725372,8.35343014365205e-09,1.92399129552757e-07,-0.366551860924257,0.0303257325168133,0.0569679047678107,0.293499829458555,0.0870395252252653,0.0518688439641628,"blue",0.799588210725372,8.35343014365205e-09,1.92399129552757e-07,TRUE,TRUE
"K00956","turquoise",0.523980231912681,0.00123511925329605,0.0154850049128921,0.199857199599969,0.24969529735327,0.116680398304349,0.890462212503702,7.9941012198836e-13,2.15743604843824e-11,-0.18923605861033,0.276263505441564,0.320078226727816,-0.874220315069053,6.90454415233084e-12,2.27117905293844e-10,-0.216059916706918,0.212546722686685,0.122034414674523,-0.424255401626565,0.0110842120463632,0.0180627759375121,0.431865147856781,0.00958108067693733,0.0120410177854694,-0.544124322850106,0.000727940980500425,0.00456800767706406,0.349188703026937,0.0397799172325633,0.0283866994861686,"turquoise",0.890462212503702,7.9941012198836e-13,2.15743604843824e-11,TRUE,TRUE
"K00957","turquoise",0.55016615336571,0.000617150061613002,0.00926304576045431,0.210037452866761,0.225881758955268,0.108827966757537,0.813112476036142,2.93881134318148e-09,2.34401894228838e-08,-0.28922806781866,0.0919525370217552,0.170751836918898,-0.764164209776889,9.19829153441235e-08,6.12014498601533e-07,-0.167679954149059,0.335637375003547,0.173951109725449,-0.365920702456131,0.0306337470036482,0.0401261349251539,0.342858824526393,0.0437693003317393,0.0388308982757117,-0.508194681096134,0.00182817038566472,0.00876917352884167,0.32151894545659,0.0596454642220266,0.0385695890110901,"turquoise",0.813112476036142,2.93881134318148e-09,2.34401894228838e-08,TRUE,TRUE
"K00969","blue",-0.0514749115295722,0.7690141478491,0.875236109175356,-0.194661372389475,0.262471423411922,0.121045484563054,0.369517139017726,0.0289123992581704,0.0272649158615793,0.121119400903608,0.488254931806302,0.437089347991105,-0.517337030173211,0.00146007913437692,0.00160461567452268,0.0470515105114909,0.788391617489205,0.317305559646346,-0.482081269548481,0.00336192818166343,0.00693525118799432,0.803436341236113,6.25646129012485e-09,1.56109425637151e-07,-0.242143595182736,0.16107295622405,0.180425746387199,0.337871856648753,0.0471340390074394,0.0321112144944739,"blue",0.803436341236113,6.25646129012485e-09,1.56109425637151e-07,TRUE,TRUE
"K00975","green",-0.232249144845605,0.179418813805121,0.365817568708527,-0.423502553300362,0.011243217639578,0.0116770151055581,-0.286106180938495,0.0956753949418227,0.0703543274904449,0.0922085518698217,0.598314286198558,0.482640386314946,0.250414493852306,0.14680712952066,0.0680150718693024,0.592351406901837,0.000177644586410598,0.000565851576589219,0.715129817056186,1.38486795490361e-06,1.20764265777639e-05,-0.148357024890223,0.395026213943457,0.199917572933208,0.0318948429940621,0.855672408667213,0.508579011943467,0.250521809955553,0.146628297788879,0.0771863735627217,"green",0.715129817056186,1.38486795490361e-06,1.20764265777639e-05,TRUE,TRUE
"K00978","brown",-0.310281573082248,0.0696697535700057,0.205454819934949,-0.615625242669648,8.27345405865915e-05,0.00036602538209106,0.10576155576371,0.545398238178846,0.260461646502689,0.377075425428052,0.0255528629942225,0.0881999520971588,-0.238700733016017,0.167296395862123,0.0758139012962411,0.598054467275037,0.000148114644990894,0.000488884997461212,0.0728227995997144,0.677606249581291,0.366060361646205,0.412610128610957,0.0137687334337696,0.0157955624413359,0.0943454645549534,0.589825074867143,0.411091460627767,0.731424983539105,6.00133925570292e-07,4.28193662842146e-06,"brown",0.731424983539105,6.00133925570292e-07,4.28193662842146e-06,TRUE,TRUE
"K01006","green",-0.555368404373853,0.000534016795190962,0.00853625847112752,-0.709473717086496,1.82694360080093e-06,2.52307257921977e-05,-0.350411873065721,0.0390440496812505,0.0342176158552538,0.548330366583048,0.00064911445886334,0.014855445063351,0.489570252154334,0.00283667342945009,0.00275838380405944,0.817969205475267,1.97823718764361e-09,1.88245089394788e-07,0.767269070375944,7.58117390746916e-08,9.91648587245812e-07,0.052178830656755,0.765942832150206,0.316766612415785,-0.0287067775703869,0.869969435874363,0.511978689179933,0.367459634626601,0.0298871780285842,0.0224627208019407,"green",0.767269070375944,7.58117390746916e-08,9.91648587245812e-07,TRUE,TRUE
"K01011","salmon",0.395125647210877,0.0188139296620798,0.092964657078314,0.823693498761696,1.22195812506784e-09,7.80499561997891e-08,0.194215999142835,0.263586230545155,0.15331928805922,-0.571350742682997,0.0003372299939234,0.0115130248413975,-0.0654302638386341,0.708826085540501,0.232040880645144,-0.771820286506537,5.67942307458888e-08,1.86420408651626e-06,-0.331946800933582,0.0513980137081602,0.0596025435385008,-0.145376791048886,0.40469491161431,0.203482745207207,-0.35985147354147,0.0337283847834398,0.0609405859675985,-0.726010374218798,7.97533606754611e-07,5.23090568189799e-06,"salmon",0.823693498761696,1.22195812506784e-09,7.80499561997891e-08,TRUE,TRUE
"K01027","brown",0.038247120183854,0.827323896655858,0.907849411752246,-0.444477187258252,0.00747114547606936,0.00854055309672629,0.469180584720574,0.00446588322501099,0.00580160869433098,0.14722672033515,0.398677444913872,0.394476796834842,-0.489676789855686,0.00282974871306693,0.00275445800992626,0.513386817326228,0.00161026065195167,0.00297774193729975,0.148121345066858,0.395785936691956,0.258495960652952,0.16891782502757,0.332030243835695,0.177371417777465,-0.0182921458580618,0.916934300902988,0.527837574773321,0.85834100985608,4.34009167998586e-11,7.77846459242848e-09,"brown",0.85834100985608,4.34009167998586e-11,7.77846459242848e-09,TRUE,TRUE
"K01028","brown",-0.163566228205552,0.347796644824451,0.537672085833544,-0.4669142389769,0.00468911783989732,0.00611239493419408,0.427535185976955,0.0104135353478542,0.0118448340605467,0.134036474664331,0.44269775328223,0.415385154977968,-0.336845736201088,0.0478514473241292,0.0274649251278394,0.499640149939762,0.00224374597284121,0.00383141616142231,0.271848091976586,0.114156622854809,0.108176016231728,0.269153333653309,0.117931732589583,0.081911871771662,-0.204170239759577,0.239409957769529,0.233124212301614,0.729110903690347,6.78243527330528e-07,4.64213291742698e-06,"brown",0.729110903690347,6.78243527330528e-07,4.64213291742698e-06,TRUE,TRUE
"K01029","brown",0.103533919760672,0.553941520432175,0.710939799607251,-0.444626444272739,0.00744877471562186,0.00853290454062174,0.557957204442232,0.000496479191131457,0.000897193090630046,0.0670731796373812,0.701845215126361,0.517547079857319,-0.588684274861201,0.000199316233603758,0.000312204918056013,0.441251949673649,0.00796876982521759,0.00994335713940059,0.1127075886423,0.519166861407233,0.307430271910473,0.347942495997423,0.0405411429944364,0.0368402170216892,-0.216356394489034,0.211904576809175,0.215949417282538,0.849760112906088,1.0710251730926e-10,1.02816014746854e-08,"brown",0.849760112906088,1.0710251730926e-10,1.02816014746854e-08,TRUE,TRUE
"K01032","brown",-0.0160623682250602,0.927031007061847,0.963725124925265,-0.358710738174379,0.0343375508043766,0.0266250374689573,0.421723507501049,0.011626650486696,0.0129771661350286,0.0972612857542138,0.578327790284779,0.475033431072644,-0.411684303482379,0.0140038275853219,0.010143261673464,0.442546853877395,0.00776568026831744,0.00975834601678315,0.0516887563444723,0.768080739504376,0.395376943780754,0.191719605720488,0.269892528000919,0.153487882894771,-0.0547526387355376,0.754743042559809,0.472772454653335,0.727182064947245,7.50360023834121e-07,5.01494730963576e-06,"brown",0.727182064947245,7.50360023834121e-07,5.01494730963576e-06,TRUE,TRUE
"K01041","turquoise",0.443600650254967,0.00760368394421487,0.0504141055806101,-0.0148374277003058,0.93258256120077,0.304591689512211,0.780789314465094,3.15177131088149e-08,1.75424514887071e-07,-0.0999904331441005,0.56765857374748,0.47271313892137,-0.702750930363912,2.51844382521611e-06,9.38440330323303e-06,0.0784024269872028,0.654384154743133,0.279457230322973,-0.211843394507576,0.221824649969772,0.17406478671043,0.165638889346268,0.341637308714407,0.180650299966016,-0.284979423385728,0.0970469456112345,0.126802473304234,0.544308210954052,0.000724325225490077,0.00111172902632299,"turquoise",0.780789314465094,3.15177131088149e-08,1.75424514887071e-07,TRUE,TRUE
"K01051","turquoise",0.731648869935987,5.93032590952821e-07,0.000473981298319043,0.496170376839272,0.00243449862989474,0.00386932210492312,0.910102532278194,3.56478855511068e-14,1.78571386419003e-12,-0.481873024975579,0.00337766558096863,0.0309930343577327,-0.761360102541066,1.09260023855633e-07,7.04229050527725e-07,-0.375758208474118,0.0261139842023817,0.0246074910259601,-0.327375492729036,0.0548936764317635,0.0622167231099003,0.0485720339443418,0.781715967027863,0.320200179610274,-0.499594169510751,0.00224618582774774,0.00998962111226986,0.143155277111212,0.411989065608904,0.173188809767577,"turquoise",0.910102532278194,3.56478855511068e-14,1.78571386419003e-12,TRUE,TRUE
"K01053","black",-0.141964522970218,0.41592920972244,0.599786054795958,-0.674723577639308,8.78391012172288e-06,7.35807780137667e-05,0.162379591940269,0.351353089975199,0.186999288629784,0.0932430814028904,0.594197852764028,0.481017212858589,-0.335500046061297,0.0488055146088206,0.027958522290147,0.735905938643559,4.71851828112586e-07,8.85027626066277e-06,0.285082980790363,0.0969202678426852,0.0959268343402226,0.341316875558771,0.0447883349038781,0.03944901124019,-0.0342234386851588,0.845257929153159,0.505075720679915,0.775961695180184,4.34170728268053e-08,5.95420232098912e-07,"black",0.735905938643559,4.71851828112586e-07,8.85027626066277e-06,TRUE,TRUE
"K01118","turquoise",0.674651297478448,8.81073655377563e-06,0.0009713077504283,0.53776268345942,0.00086328794444163,0.00185715081925545,0.825678318476934,1.02981536773953e-09,9.62437805937758e-09,-0.48295205345933,0.00329680892463586,0.0307737165262296,-0.699252503039675,2.96608842674135e-06,1.06770820756769e-05,-0.48903585729405,0.00287163087469019,0.00457316049932264,-0.424763328599881,0.0109780143794797,0.0179296046419649,0.137642893279124,0.430406215805259,0.21196129559925,-0.512077574213718,0.00166294132287491,0.00822448139315684,0.0337784679398526,0.847246092896686,0.295856803511838,"turquoise",0.825678318476934,1.02981536773953e-09,9.62437805937758e-09,TRUE,TRUE
"K01133","black",-0.253307167590984,0.142042187789196,0.316811669103737,-0.581058129175619,0.000252118329797002,0.0007927885758647,0.00114074682613693,0.994810879284471,0.390419792408462,0.183224645849897,0.29208610752053,0.332664413516847,-0.0944162108213164,0.589544932212259,0.202587110203926,0.732828602271112,5.56870308992461e-07,9.92857896109355e-06,0.321572848722368,0.0596002926996586,0.0661977087810061,0.218629401309008,0.207025836179006,0.125544892414707,0.0598317997768602,0.732786990303981,0.464702919123097,0.600925404124648,0.00013498469969179,0.000298297161689469,"black",0.732828602271112,5.56870308992461e-07,9.92857896109355e-06,TRUE,TRUE
"K01137","brown",-0.21293121945426,0.21940498603619,0.41140043422739,-0.561373683672058,0.000450535788563789,0.00118974709478994,0.147505636535426,0.397774663844172,0.204765989933823,0.176113985038247,0.311536557207138,0.342581963033459,-0.252820509055381,0.142835803926427,0.0664657000373601,0.557035837645063,0.0005095612721961,0.00124663988417979,0.31661712335418,0.0638677586905407,0.0698258511591127,0.123807760568686,0.478579456115523,0.229366188142475,0.0290326413372768,0.868506145182126,0.511652039658149,0.71824458458533,1.18556962908689e-06,7.19501311555719e-06,"brown",0.71824458458533,1.18556962908689e-06,7.19501311555719e-06,TRUE,TRUE
"K01179","brown",0.092881895117901,0.595633623610861,0.742436372947667,-0.393604463391725,0.0193176630542363,0.0173175343689555,0.490127184238225,0.002800636364396,0.00393196798881379,-0.00963624961793437,0.956186581287196,0.599579211362851,-0.61790823710416,7.65085960236744e-05,0.000143388488974432,0.316993552899687,0.0635353939164005,0.0486250617340441,0.0177069642846182,0.919582902302823,0.438825517212843,0.406970756992219,0.0152537611812302,0.0170260215345038,-0.185950125064589,0.284841904671321,0.260962469318225,0.72023884634747,1.07214531321585e-06,6.65975883854924e-06,"brown",0.72023884634747,1.07214531321585e-06,6.65975883854924e-06,TRUE,TRUE
"K01180","turquoise",0.62462349778637,6.05643370936454e-05,0.00258024841752813,0.506304254927497,0.00191369306550424,0.00329909095422147,0.918047013283191,8.22695358289728e-15,5.93853310139494e-13,-0.415652533818778,0.0130194414047666,0.0637736363293896,-0.695895316494736,3.46285479837486e-06,1.22344620484016e-05,-0.354303239807715,0.0367759836386077,0.0320898478048316,-0.268797189747905,0.118437562025566,0.110870109937855,0.0256524184100287,0.883705039636066,0.34686809243947,-0.499558637555996,0.00224807284290627,0.00998962111226986,0.167001998187807,0.337623082058551,0.148550685834695,"turquoise",0.918047013283191,8.22695358289728e-15,5.93853310139494e-13,TRUE,TRUE
"K01182","turquoise",0.410663300167715,0.014266997528336,0.076401325122429,0.0744634655054509,0.670746321264551,0.240603628789678,0.770615049613192,6.13475374006185e-08,3.1616148644863e-07,0.027962257805477,0.873314286898306,0.57529477327849,-0.566923673136692,0.000383920873099667,0.00053699681609821,0.0461025707894807,0.792565364467602,0.318659769953648,-0.0557724465538827,0.750318830642539,0.389774352560441,0.256969271237065,0.136173533102694,0.0917797518670887,-0.64777659364309,2.59114126036434e-05,0.000581609305334241,0.331137523088297,0.0520035703193865,0.0348442178984019,"turquoise",0.770615049613192,6.13475374006185e-08,3.1616148644863e-07,TRUE,TRUE
"K01186","black",-0.267358608534731,0.120497293870323,0.286416244240464,-0.797479944898764,9.76123076468283e-09,3.83678580750678e-07,-0.142196615030164,0.415159569028386,0.211606010960741,0.384512436917051,0.0225682283105091,0.0828332892826146,-0.067470688482063,0.700159744378293,0.23023098387809,0.848305709071523,1.24132874538424e-10,2.71267788263447e-08,0.342770599555499,0.043827097927674,0.0532837802141539,0.153725820493192,0.377948510054872,0.193942677617102,0.278204426435317,0.105612064640331,0.134280964402251,0.747623504360123,2.45802978973624e-07,2.18358032228242e-06,"black",0.848305709071523,1.24132874538424e-10,2.71267788263447e-08,TRUE,TRUE
"K01190","blue",-0.142029243552962,0.415714509004828,0.599783923862848,-0.331995399178452,0.0513618291031036,0.0357075020351237,0.343055050329115,0.0436409696837485,0.0374334314943177,0.0504693362127435,0.773407632155384,0.545416942894648,-0.636760689524823,3.91452575525333e-05,8.46749455708856e-05,0.108621259347827,0.534523171648361,0.241816036694712,-0.451099159268217,0.00653217047101408,0.0119770563188541,0.806576380511481,4.91862578814361e-09,1.28064144351093e-07,-0.108973484049897,0.533190966188656,0.388475711579926,0.523745524458279,0.00124251432992021,0.00171736188671117,"blue",0.806576380511481,4.91862578814361e-09,1.28064144351093e-07,TRUE,TRUE
"K01196","green",-0.318765183656581,0.0619894057904239,0.190192063639141,-0.28727588590972,0.0942672724294399,0.056769546089766,-0.387187370375724,0.0215680077476125,0.0214878447466321,0.396245513216723,0.0184501313763106,0.0747724370648388,0.612465362354183,9.21044128016236e-05,0.000166718649527708,0.55362684885316,0.000560666674500465,0.00134932008663246,0.816559761543269,2.22167312699535e-09,4.58417484974903e-08,-0.436130231174909,0.00881708633994077,0.0114039606025835,0.0411148284871779,0.814593842510806,0.494516430733552,-0.00611809187184629,0.972174726957046,0.323499743996709,"green",0.816559761543269,2.22167312699535e-09,4.58417484974903e-08,TRUE,TRUE
"K01198","blue",-0.0428100178300345,0.80709040247161,0.895926394688104,-0.224762654623066,0.194251106029152,0.0975997880563381,0.338353883436,0.0468000227472472,0.0397079815105949,-0.0343058587269209,0.844889772794258,0.566546596127065,-0.614161680599275,8.69620502750269e-05,0.000159529420497042,-0.0247181232349091,0.887913467409792,0.34355268360565,-0.490755607070279,0.00276045247739999,0.00588657794363799,0.808612394961473,4.19837244156258e-09,1.16937581743703e-07,-0.132232001284153,0.448918919561939,0.348234030151552,0.415794223278679,0.0129854008058618,0.0113418221015724,"blue",0.808612394961473,4.19837244156258e-09,1.16937581743703e-07,TRUE,TRUE
"K01201","blue",-0.267589672491789,0.120164671290901,0.286273805123882,-0.422996834252881,0.0113511088650618,0.0117176201983825,0.239751309864006,0.16537935467177,0.108320712823261,0.0955097139389821,0.585222317075896,0.477326786017005,-0.457080656009135,0.0057728512575014,0.00494069293638674,0.31843801438346,0.0622726480577444,0.0477824427232834,-0.067763164854914,0.698920518261136,0.373446206744674,0.758003432115994,1.33853263071024e-07,1.5180278501186e-06,-0.245384257186355,0.155369025449605,0.175722892899177,0.528430001732036,0.00110205822684994,0.00156207557240894,"blue",0.758003432115994,1.33853263071024e-07,1.5180278501186e-06,TRUE,TRUE
"K01206","blue",0.0116792610043358,0.946909503221114,0.975594483338028,-0.225267907464987,0.193223910131539,0.0971314362640784,0.276355682658085,0.108045712506219,0.0774725619974578,-0.0865235834673669,0.621151619769439,0.490986237253045,-0.645199422434563,2.85788840416291e-05,6.56918557252417e-05,-0.00748942023872131,0.965941165978681,0.36109203930032,-0.573165358526487,0.000319603494541727,0.00106901832198069,0.75176545282807,1.93549695731884e-07,2.05142503316207e-06,-0.0110102771332097,0.949946584314626,0.535469706288547,0.397855862650399,0.0179372981067194,0.0148792963980307,"blue",0.75176545282807,1.93549695731884e-07,2.05142503316207e-06,TRUE,TRUE
"K01208","green",-0.299194954364439,0.0808067456333729,0.226812261448545,-0.32132754832068,0.0598060759207234,0.0400260371058253,-0.248059377258955,0.150771849037875,0.101187467327815,0.00176057373201115,0.991991435319409,0.606603506539086,0.454061906144284,0.00614599994410692,0.00521139978038537,0.615429470453053,8.32890965042426e-05,0.000319542897830331,0.722850978325062,9.38613277988358e-07,8.54083198560921e-06,-0.105186492367074,0.547597699112006,0.252540633991588,-0.20310491907565,0.241923514261815,0.234788276836506,0.0561023772274452,0.748889166530246,0.271249518531913,"green",0.722850978325062,9.38613277988358e-07,8.54083198560921e-06,TRUE,TRUE
"K01209","blue",-0.116123013089574,0.506500724669244,0.677872008926401,-0.410637041425064,0.0142738203640576,0.0138531385753054,0.456935468081724,0.00579034149645306,0.00722251694330129,0.151956671510098,0.383527467793148,0.384770683046061,-0.582143554209244,0.000243911408785306,0.000366414583188146,0.307655919778991,0.0721919075936373,0.0537530765166793,-0.143746367688109,0.410041046630674,0.264367275089549,0.739175363469985,3.94712801058832e-07,3.60870612809061e-06,-0.304503478310751,0.0753136384977241,0.107349809142941,0.634755439131509,4.21260824281809e-05,0.000117807655897986,"blue",0.739175363469985,3.94712801058832e-07,3.60870612809061e-06,TRUE,TRUE
"K01214","green",-0.0138743922371469,0.936949345316634,0.969707690831104,0.111733220901429,0.522808679510469,0.200786374211278,-0.33715160007917,0.0476366943951012,0.0402270856868752,-0.0203682535868233,0.907544872521925,0.583421586693627,0.606089349888318,0.000113971098431233,0.000199852780586114,0.261724956685124,0.128821320889898,0.0836848387672803,0.763430194532383,9.62439335102626e-08,1.23682391482807e-06,-0.65666602408886,1.83498423950828e-05,7.90549637674866e-05,-0.0103649467599871,0.952876940018561,0.536066237939573,-0.284339034994335,0.0978331138951618,0.0566699697632513,"green",0.763430194532383,9.62439335102626e-08,1.23682391482807e-06,TRUE,TRUE
"K01228","green",-0.163964015876726,0.34660934678448,0.53687503956879,-0.0211134995831302,0.904177351354077,0.298173038438381,-0.411112529961793,0.0141506978411447,0.0152558178757323,0.00304784830618344,0.986136275194945,0.60531264638127,0.612259193467321,9.27477007798308e-05,0.000167565107896849,0.126913205495739,0.467528495660853,0.219465748847408,0.701976402935945,2.61185649147022e-06,2.09092079648628e-05,-0.529379646516226,0.00107535541510183,0.00205085041078786,0.0402743941493824,0.818319936258735,0.496090376021799,-0.234439484378891,0.175235373516658,0.089223409720064,"green",0.701976402935945,2.61185649147022e-06,2.09092079648628e-05,TRUE,TRUE
"K01236","green",-0.103573657402656,0.553788575700863,0.710939799607251,-0.120063003941128,0.492084267417422,0.191505425076047,-0.18613843743827,0.284345698268363,0.162155779004939,0.143503351847692,0.410841305320798,0.399341010407233,0.547814825001716,0.00065835087650942,0.00082736651442679,0.401667352314564,0.0167707501052717,0.0173537636472832,0.916954890251377,1.01508751251859e-14,2.47851525196198e-12,-0.492055871481181,0.0026788990904795,0.00435933397103713,-0.239044299293736,0.166667729302122,0.18398532940885,-0.0832404851372512,0.634502511957749,0.239806370941485,"green",0.916954890251377,1.01508751251859e-14,2.47851525196198e-12,TRUE,TRUE
"K01243","blue",-0.34413443947373,0.0429404618970749,0.156798895243431,-0.260975010336704,0.129960756860362,0.0718309555249879,0.143609742501342,0.410490848800558,0.209586408247234,0.213683687889926,0.217741870946337,0.278942172702732,-0.280973976974441,0.102044181466979,0.0504104220432635,-0.0907278068751217,0.60422759685545,0.264636867032848,-0.353179672438018,0.037419575435898,0.0470153492100638,0.867254023232447,1.59203679220296e-11,1.90675415535333e-09,-0.266472345243197,0.121779467967653,0.148372072585368,0.149624544475959,0.390954761937999,0.166266042828885,"blue",0.867254023232447,1.59203679220296e-11,1.90675415535333e-09,TRUE,TRUE
"K01255","brown",-0.303863486368303,0.0759600373616338,0.216438716083015,-0.721341414584592,1.01379201487949e-06,1.64454075115353e-05,0.214045703063449,0.216944827983478,0.133244772431483,0.410585345639406,0.014287260551266,0.0673011320794472,-0.328929131238483,0.0536850246570333,0.0299657709109038,0.557600460523678,0.000501508609867583,0.00123460744294778,0.0374309672380996,0.830954957310092,0.413055507548018,0.555880708555852,0.00052639446220825,0.00115610433305141,-0.0554208354816598,0.751843341442356,0.472636729555023,0.723393350218146,9.12874893624121e-07,5.80706848448651e-06,"brown",0.723393350218146,9.12874893624121e-07,5.80706848448651e-06,TRUE,TRUE
"K01256","blue",-0.178918688330318,0.303769535344846,0.491971228215538,-0.464725529965052,0.00491377934260378,0.00625369113306964,0.284745753291037,0.0973332489643303,0.0713242579284015,0.0677858823011044,0.698824296118214,0.516298005033135,-0.541298946997279,0.000785540015689572,0.000961933868984347,0.258716147148294,0.133437842317798,0.0858344422331361,-0.308816875128368,0.0710680645808216,0.0753911157526796,0.817661784359057,2.02912332975856e-09,6.56822953734356e-08,-0.157327102257253,0.366740345125608,0.308547099528925,0.572014686186659,0.000330682640737891,0.000611453359746414,"blue",0.817661784359057,2.02912332975856e-09,6.56822953734356e-08,TRUE,TRUE
"K01273","blue",-0.252721385363544,0.14299784643082,0.317475079888425,-0.327694174733919,0.0546440108028161,0.0375297749548702,0.180746726614008,0.298773824940409,0.167322335580504,0.240195895182269,0.164572862911849,0.235433803293743,-0.1981745497789,0.253786571139821,0.105533316214203,0.212559782558279,0.220229137926336,0.124993027803334,-0.00314393051017148,0.985699270747436,0.454427575935214,0.763474507675739,9.59816223619745e-08,1.14955482293224e-06,-0.475403375119593,0.00389950595821474,0.0144355733582669,0.21194972042784,0.221587347307159,0.107649748058944,"blue",0.763474507675739,9.59816223619745e-08,1.14955482293224e-06,TRUE,TRUE
"K01284","turquoise",0.243951478748069,0.157872566922653,0.339275643780076,0.0378984785995391,0.828874575307631,0.282049140475119,0.729217693840291,6.7444300991631e-07,2.76020879734839e-06,-0.0890866044428164,0.610810750759777,0.487626136158061,-0.696908328467702,3.30549865204022e-06,1.18097331318758e-05,-0.0363889625913138,0.835595828617158,0.330451254525819,-0.342640010579729,0.0439127616350328,0.053343659196572,0.460297819437363,0.00539677463380073,0.00781574487282916,-0.294360569412619,0.0860745043487138,0.116882409235199,0.507850514461479,0.00184348649906463,0.00237689409888863,"turquoise",0.729217693840291,6.7444300991631e-07,2.76020879734839e-06,TRUE,TRUE
"K01299","brown",0.0095390373915938,0.956628161389116,0.981912872752948,-0.576240194888306,0.000291604177106449,0.000868832271188659,0.077467730799569,0.658252864274738,0.295889633398085,0.196702619611488,0.257401780761107,0.306438131255136,-0.293776181237693,0.0867287895112046,0.0439600347065234,0.569398931900795,0.000357151783205826,0.000939935855129902,0.188839129096515,0.277290725751741,0.202508742427647,0.0700631503898501,0.689202326744903,0.296985627792138,0.207353037409545,0.232005229598188,0.228832359849975,0.723481469035848,9.08754818899909e-07,5.80706848448651e-06,"brown",0.723481469035848,9.08754818899909e-07,5.80706848448651e-06,TRUE,TRUE
"K01312","blue",-0.0341481278187787,0.845594358213353,0.916941500851887,-0.105533849126726,0.54626865387391,0.207380323574481,0.388706800927535,0.0210164338315492,0.0211571297153375,0.0141466458544121,0.935714650735067,0.592716371693786,-0.531028921446978,0.00103033301446081,0.00120154121667791,-0.12477009032933,0.475140457012159,0.221306045916798,-0.368059603748027,0.0296001903324538,0.0390319101750512,0.766574526851014,7.91828864827916e-08,9.77690052135439e-07,-0.431804945179306,0.00959225492747251,0.0273518811171279,0.18481427731094,0.287846722672895,0.131640986747286,"blue",0.766574526851014,7.91828864827916e-08,9.77690052135439e-07,TRUE,TRUE
"K01416","blue",-0.332947939280312,0.0506566956455751,0.172872865409219,-0.328707624161036,0.0538560392557585,0.037038374989011,0.104668425467548,0.549582738717137,0.261396837605627,0.0777941221914651,0.656900931326044,0.503689294833192,-0.354258875998682,0.0368012241053421,0.0221325624607051,0.0489269956991366,0.780159742640948,0.315281075171571,-0.309412714548575,0.0704966079469732,0.0749477093895923,0.758673833170164,1.28568008889006e-07,1.48061171118871e-06,-0.0756315354400427,0.665878266775384,0.441763987402873,0.31572744717209,0.0646587319511686,0.0412018943766278,"blue",0.758673833170164,1.28568008889006e-07,1.48061171118871e-06,TRUE,TRUE
"K01417","brown",0.23080165525157,0.182222009932345,0.368984303806618,-0.428781159010543,0.0101679335849964,0.0107237145870114,0.423616924075836,0.0112189382599098,0.0125781476724056,0.040408036207869,0.817727165723815,0.559715923459009,-0.648276890690709,2.5420520546853e-05,6.00229636799561e-05,0.441064514224033,0.00799853904402171,0.00996997493810583,-0.0032144569048276,0.985378502724861,0.454427575935214,0.197147914350559,0.256304515924252,0.147724427787933,0.0753543045909953,0.667032450110683,0.442194585054155,0.831880474365291,5.94933364978496e-10,2.73145633613652e-08,"brown",0.831880474365291,5.94933364978496e-10,2.73145633613652e-08,TRUE,TRUE
"K01421","turquoise",0.432879395700112,0.00939448228056414,0.0584856964247276,0.442666461385672,0.00774714638513975,0.00876577340808651,0.772199766760114,5.54264239269034e-08,2.88016866315806e-07,-0.259624250196707,0.132031834448535,0.207295875581727,-0.61052868760778,9.83086549809122e-05,0.000176276525930215,-0.457229759956086,0.00575493654921533,0.00781651241329024,-0.402461082714564,0.0165359867313345,0.0247794595462608,0.308918646078239,0.0709702026982891,0.055631372165738,-0.545176959678148,0.000707457281546474,0.0044715213733123,0.0275254290548719,0.875277805923927,0.30241921758705,"turquoise",0.772199766760114,5.54264239269034e-08,2.88016866315806e-07,TRUE,TRUE
"K01423","green",-0.205944830174563,0.235262041354654,0.428077829374404,-0.36935933119076,0.0289862274614882,0.0236075938496913,-0.0650987301384438,0.710237650987646,0.312143003917652,0.137282787445222,0.431624982407556,0.410378173863032,0.281327704774186,0.101595160858763,0.0502406391153651,0.656216271422593,1.86780368427212e-05,0.000112607389646578,0.826107994197077,9.92094486237743e-10,2.50590385001083e-08,-0.348857008720268,0.03998138886532,0.0364944929194162,-0.0400400576677327,0.81935957678073,0.496484922874861,0.374937171123017,0.0264688467865448,0.0202506621080302,"green",0.826107994197077,9.92094486237743e-10,2.50590385001083e-08,TRUE,TRUE
"K01424","turquoise",0.153778086831048,0.37778441840279,0.562980761419162,0.0100206690729081,0.954440508236213,0.309345435455613,0.792177056955335,1.43286942356136e-08,8.83951997671304e-08,-0.0837840389094217,0.632284124556254,0.495747515510065,-0.598011234716907,0.000148320826865151,0.000248080356371951,-0.0186903572771191,0.915132449579323,0.348605228553034,-0.080844797694846,0.644317090865302,0.353319291621789,0.472459656305054,0.00415916520047717,0.00629905970970718,-0.644967467290664,2.88307574888071e-05,0.000605291882022586,0.412396336029247,0.0138227244687608,0.0119154743292364,"turquoise",0.792177056955335,1.43286942356136e-08,8.83951997671304e-08,TRUE,TRUE
"K01427","turquoise",0.70875351892037,1.89166353214808e-06,0.000549786210207037,0.290032860395318,0.0910110571676972,0.0552316979704606,0.717258508495542,1.24562144454859e-06,4.75587396621734e-06,-0.494916504843235,0.00250682954871569,0.0267561443884793,-0.727291023057277,7.46105935825737e-07,3.37312473002941e-06,-0.187845529088429,0.279872945809643,0.1512873083808,-0.339839274669906,0.0457826605208628,0.0551577843838397,-0.0635000855908268,0.717057414330596,0.304649490580673,-0.0924962529233119,0.597168273799038,0.414066602806967,0.343854677729969,0.0431211471272998,0.0299571497585379,"turquoise",0.717258508495542,1.24562144454859e-06,4.75587396621734e-06,TRUE,TRUE
"K01433","blue",-0.0519992466304504,0.766726055724711,0.873378431329064,-0.0795047416012534,0.649833029870141,0.234998963834546,0.213736427361548,0.217625630543681,0.133552767940903,0.0984827352762908,0.573541595866859,0.474643703068701,-0.381306084315184,0.0238175022573276,0.0154769193779264,-0.191364389880318,0.270797813246522,0.147528978664858,-0.591527013005441,0.000182323517454424,0.000667762552335417,0.804471216787131,5.78229132995789e-09,1.473478191766e-07,-0.151206510452347,0.385907518394328,0.318700127997027,0.141844785294393,0.416326585858509,0.174735095340385,"blue",0.804471216787131,5.78229132995789e-09,1.473478191766e-07,TRUE,TRUE
"K01434","blue",-0.289672931298502,0.0914311993786746,0.243621797585346,-0.393674192097097,0.0192943294924373,0.0173118025290859,0.196333831468942,0.258312872869121,0.151306105479147,0.215816253899336,0.213075478187401,0.275831376378723,-0.424654573171463,0.0110006802207457,0.00834831107643293,0.0745417311105547,0.670419726052502,0.283201506681284,-0.365805719400247,0.0306901352687079,0.0401439534998833,0.909798721478531,3.76015334565039e-14,2.22678246417626e-11,-0.172580723201947,0.321497233474973,0.282567861671958,0.392075019585153,0.0198354095396742,0.0160626558008869,"blue",0.909798721478531,3.76015334565039e-14,2.22678246417626e-11,TRUE,TRUE
"K01446","blue",-0.419906919559647,0.0120295290672336,0.0687269629001026,-0.590067222923331,0.000190880161797067,0.000657644180804704,0.026453660810419,0.880098420182926,0.361486365571077,0.350686886388572,0.0388801271454215,0.110252100187978,-0.25092306484368,0.145961053729506,0.0676888380593324,0.273148460194077,0.112367709995418,0.0751444163398028,-0.105735199512259,0.54549895216935,0.317378538482639,0.79224213472244,1.42623104816451e-08,2.93041566770893e-07,-0.119783712145969,0.493099234447416,0.371863867908417,0.461321592039703,0.00528160988914188,0.00556056804946133,"blue",0.79224213472244,1.42623104816451e-08,2.93041566770893e-07,TRUE,TRUE
"K01447","blue",-0.35242731640977,0.0378556197264821,0.14254937133753,-0.532928604987009,0.000980541893360796,0.00203261701679793,0.138838068433759,0.42637486650592,0.215916377042768,0.323633081994431,0.0578939814402839,0.132650544688226,-0.305468657147916,0.0743469048593116,0.0388397549085061,0.325577760558104,0.056319112180105,0.0442856321902382,-0.195871405696839,0.259458306236432,0.193144277579258,0.745646031815497,2.75071807423998e-07,2.70039846098346e-06,-0.0676130529990525,0.699556448772721,0.454463337981689,0.572338024338113,0.000327535333094599,0.000608466574400844,"blue",0.745646031815497,2.75071807423998e-07,2.70039846098346e-06,TRUE,TRUE
"K01449","turquoise",0.283918676504237,0.0983517957769112,0.253573137982891,0.113275919703593,0.517048438990417,0.199172926310104,0.810898320038009,3.50672985708665e-09,2.6140334077589e-08,-0.124627343945787,0.475649759604059,0.43076093887053,-0.578762907123386,0.000270289994996026,0.000397282682146921,-0.0580978736239063,0.740259922911,0.303969362707441,-0.133816705066651,0.443452914218442,0.276569228020684,0.28551752154732,0.0963900851317151,0.0704790542667783,-0.503676306412394,0.00203838998649841,0.00939157734838099,0.401215690629604,0.0169055798131611,0.0141569193081877,"turquoise",0.810898320038009,3.50672985708665e-09,2.6140334077589e-08,TRUE,TRUE
"K01451","brown",-0.0286739347765111,0.870116940024723,0.930667064991314,-0.491620538687507,0.00270596657297941,0.0041336398233858,0.424553392283789,0.0110218030230956,0.0124157986899261,0.221489951489797,0.200997225546058,0.267705861459627,-0.464624505526641,0.00492436932147128,0.00432548840897657,0.437975268889955,0.00850303340097943,0.0104229003582454,0.0339425839827481,0.846512701107625,0.416995986927525,0.513301488275983,0.00161364892925313,0.00283833833594753,-0.206903632935591,0.233041249626523,0.229478856485428,0.759320824160278,1.23650150764247e-07,1.28011283279339e-06,"brown",0.759320824160278,1.23650150764247e-07,1.28011283279339e-06,TRUE,TRUE
"K01458","brown",0.121698954091714,0.486160638394755,0.661666905469575,-0.400300635225509,0.0171815227841517,0.0158760642669651,0.607704871596454,0.000108029287412119,0.000240298589082481,0.093946982777572,0.591404083594462,0.479753829997979,-0.523748836299624,0.00124240971122261,0.00140589091198463,0.382266301817555,0.0234375207655849,0.0226452410351745,0.145174133818742,0.405357249354646,0.262070054929368,0.357552967287813,0.0349649488140566,0.0327777029586871,-0.333887833594296,0.0499685238567028,0.0798709009744661,0.767702638163132,7.37748967987906e-08,8.59931089591148e-07,"brown",0.767702638163132,7.37748967987906e-08,8.59931089591148e-07,TRUE,TRUE
"K01464","black",-0.332250361284105,0.0511723259700972,0.174225693425347,-0.779406803083666,3.45735362810602e-08,1.10415526401887e-06,-0.0107229097954834,0.951251402058073,0.38047869782274,0.398713994316319,0.0176689149087986,0.0723601702358954,-0.137074988832141,0.432329137144781,0.159477840561147,0.848346747602215,1.23619681538292e-10,2.71267788263447e-08,0.347979918177563,0.0405181140328333,0.0500499783908037,0.353726024738951,0.0371054866253424,0.0342377361297942,0.0662045146101125,0.705533289924196,0.45727238024875,0.751028704910353,2.02023142206232e-07,1.87132854881188e-06,"black",0.848346747602215,1.23619681538292e-10,2.71267788263447e-08,TRUE,TRUE
"K01465","turquoise",0.235368776163565,0.173481610374777,0.360377328374374,-0.152815920019027,0.380811873239191,0.159498637403656,0.78016936191769,3.28557914682663e-08,1.82062959723174e-07,0.0902767500224471,0.60603383749604,0.486147929852687,-0.557025581820443,0.000509708596829576,0.000676901206332718,0.132471470905282,0.44809060337522,0.212807065231398,0.0112824988402291,0.948710654691955,0.445184710343974,0.422526297532894,0.0114522798319881,0.0137024894132225,-0.558615683243403,0.00048731344492715,0.00349666016887062,0.531093953192147,0.00102859234767765,0.0014797931135297,"turquoise",0.78016936191769,3.28557914682663e-08,1.82062959723174e-07,TRUE,TRUE
"K01482","turquoise",0.387221849524177,0.0215553594475763,0.101044698172876,0.0902195540624963,0.606263041138095,0.223917613826654,0.80561324663721,5.2977548631331e-09,3.72726233626878e-08,-0.18142179011568,0.296942296747451,0.333894504000107,-0.557521291230812,0.000502630865600553,0.000669654039242155,0.0110664124576753,0.94969171156611,0.357505779320552,-0.0616473711913685,0.724987998970113,0.381987977795721,0.143730890491337,0.410091987155841,0.204991602873637,-0.399696684111111,0.0173657050622852,0.0393419451143916,0.458589698497272,0.00559373458754055,0.00583104218704314,"turquoise",0.80561324663721,5.2977548631331e-09,3.72726233626878e-08,TRUE,TRUE
"K01523","blue",0.034546665045181,0.843814317137848,0.916122063220558,0.0638609640137479,0.71551601603543,0.25249752458219,0.37764290791135,0.0253142054727606,0.0245369112207053,-0.0359685984809463,0.837469598330856,0.564956722830599,-0.373461647676796,0.0271165671962082,0.0171305821929421,-0.233831503697047,0.176389561449916,0.105321932969022,-0.406716682376457,0.0153237133593049,0.0233361016859838,0.761900457385095,1.05714565152135e-07,1.24129857642421e-06,-0.465702356233967,0.00481239126706415,0.0169868993140123,0.0612000345345317,0.726907093884878,0.265972265919731,"blue",0.761900457385095,1.05714565152135e-07,1.24129857642421e-06,TRUE,TRUE
"K01533","turquoise",0.647100733047479,2.65882033076119e-05,0.00188894413276523,0.534646591964482,0.000937354010973478,0.00196299929205746,0.869484125732034,1.22479821354568e-11,1.89364091959619e-10,-0.420462727473008,0.0119050296948194,0.06046896197864,-0.56686342213647,0.000384594161274645,0.000537150944646692,-0.320410810736005,0.0605801080921506,0.046787554706673,-0.147607176748167,0.397446295915385,0.259012967681143,-0.0644654655215136,0.712936524373293,0.30358101313652,-0.578931190159264,0.000268918997493027,0.00234239582461096,0.0551991157899073,0.752805146251769,0.272147779485798,"turquoise",0.869484125732034,1.22479821354568e-11,1.89364091959619e-10,TRUE,TRUE
"K01566","black",-0.390878542049901,0.020248446893763,0.0969062285721405,-0.617438330599879,7.77544492734427e-05,0.000351603454527965,-0.327595252078876,0.05472141312109,0.0450849736725196,0.236316006076357,0.171706903345911,0.242042694998679,0.352179542447057,0.0380001212052354,0.0227125792477668,0.814120329338628,2.70963371516234e-09,2.13457325299198e-07,0.617703473253872,7.70492545490758e-05,0.000330051488858466,-0.0621268657404232,0.7229327734257,0.305951847016092,0.233956389889265,0.176152038197432,0.191675448269626,0.400269797783774,0.0171908872988588,0.0143286385714157,"black",0.814120329338628,2.70963371516234e-09,2.13457325299198e-07,TRUE,TRUE
"K01574","tan",-0.0382562266521937,0.827283401727735,0.907849411752246,-0.112091928803982,0.521466511319559,0.200346199966951,-0.292718994292296,0.0879221441822504,0.0656573443074483,0.192724576652662,0.267342043964355,0.313664990709458,-0.103678799301971,0.553383994109035,0.193223640085215,-0.049090983925024,0.779441068179364,0.31509840455056,-0.487066675923583,0.0030037007786798,0.00630435420251045,-0.0588991328846666,0.736803676177797,0.309633916007022,0.780299919080585,3.25697198786716e-08,4.07306036637614e-06,0.0937071565330359,0.592355302023664,0.228039586740069,"tan",0.780299919080585,3.25697198786716e-08,4.07306036637614e-06,TRUE,TRUE
"K01579","turquoise",0.213419835471522,0.218324053891491,0.410865865509306,-0.258743760747396,0.133394926220203,0.07337192684793,0.705922861561318,2.16687962896612e-06,7.6873771002064e-06,0.123882268203767,0.478312732002261,0.432367443224061,-0.638469267854262,3.67573582677692e-05,8.0499202731067e-05,0.246882794867395,0.152781462538318,0.0952693459413455,-0.117211950860204,0.502495236598922,0.300104681456001,0.470927636668893,0.0043001214933457,0.00648637159311068,-0.340990405357732,0.0450065188310718,0.0741271011871478,0.707020680437399,2.05606808612732e-06,1.08017770092632e-05,"turquoise",0.705922861561318,2.16687962896612e-06,7.6873771002064e-06,TRUE,TRUE
"K01581","turquoise",0.243439606312166,0.158774004658396,0.340900263863594,-0.0231063979692852,0.89518032787221,0.296161734107186,0.73302336819471,5.51098626125697e-07,2.33160899230148e-06,-0.0896623438620577,0.608497903385025,0.486886968616778,-0.673971434649805,9.0667375046241e-06,2.61298796524646e-05,0.0295397629243493,0.866229772499532,0.338936154963371,-0.271710532541583,0.114347106080385,0.108286477139867,0.352451370923041,0.0378416149272324,0.0348364560133116,-0.331410842884238,0.0517984208334491,0.0819226057990939,0.513202652160051,0.00161758136564379,0.00214319450292997,"turquoise",0.73302336819471,5.51098626125697e-07,2.33160899230148e-06,TRUE,TRUE
"K01601","purple",-0.391121257203637,0.0201640855174744,0.096772019399248,0.0514750888016264,0.769013373944253,0.267314726662377,-0.529242035708371,0.00107918917176563,0.00177129601458434,0.131117245020959,0.452785705198146,0.421232609857621,0.70469624522244,2.29713228070027e-06,8.73024927204965e-06,-0.051185121808852,0.770279556568686,0.31246373656971,0.328550142825252,0.053977886262808,0.0613999093210603,-0.490903439070546,0.00275107276353021,0.0044525823343992,0.231418442102792,0.181023782868105,0.195067536135045,-0.479114734933502,0.00359222521591643,0.00404318041763773,"purple",0.70469624522244,2.29713228070027e-06,8.73024927204965e-06,TRUE,TRUE
"K01602","purple",-0.31747207181497,0.063114858886053,0.192720347525035,0.170287736115139,0.328066313921281,0.141895786097791,-0.695679728025092,3.49721339281388e-06,1.17103165507876e-05,0.117872952923352,0.500071659752256,0.442979080434855,0.883117310730603,2.20440748348645e-12,8.74166816942699e-11,-0.124511908422943,0.476061828919954,0.221560529663058,0.329183984615603,0.0534888001555313,0.0612198480548201,-0.54367686995448,0.000736805976435616,0.00151244549494727,0.237949888313716,0.16867622096125,0.18549603908349,-0.684123579742529,5.86546050798363e-06,2.34802153770639e-05,"purple",0.883117310730603,2.20440748348645e-12,8.74166816942699e-11,TRUE,TRUE
"K01608","turquoise",0.472439208035755,0.00416101994236628,0.0338493149001145,0.0588446153203625,0.737038678649379,0.258397342814609,0.89556780930098,3.78222756963594e-13,1.1841474087814e-11,-0.211973523136423,0.221534247191782,0.282033586264737,-0.790275157846828,1.63996229055476e-08,1.56440149664517e-07,-0.0104054046074891,0.952693208296375,0.357780029952953,-0.157807645219836,0.365259866384751,0.243862421668684,0.181032514117935,0.297997573274418,0.164207927794886,-0.411166668060373,0.0141367361978071,0.0342330595527351,0.567495003548526,0.00037758839000361,0.000676217693777144,"turquoise",0.89556780930098,3.78222756963594e-13,1.1841474087814e-11,TRUE,TRUE
"K01609","blue",0.0430203522183035,0.806160561576343,0.895625070796375,-0.210603582129924,0.224604533792735,0.10827270338234,0.490379622620151,0.00278443366842562,0.00391360758198843,0.146487448388079,0.40107596544502,0.39544206252697,-0.594396187973881,0.000166500110223268,0.000269422563592544,-0.137343660447386,0.431418825825191,0.207400093947984,-0.467828718487687,0.00459790934434972,0.00894550347847415,0.863767492529432,2.37663220698972e-11,2.58768193767317e-09,-0.446454899307507,0.00717933827683145,0.0224259709883782,0.321991897677281,0.0592500473386889,0.0384551864662825,"blue",0.863767492529432,2.37663220698972e-11,2.58768193767317e-09,TRUE,TRUE
"K01625","turquoise",0.314159414936436,0.0660715462970231,0.19796694799586,0.0414949271980143,0.812909969789362,0.278313605358349,0.811620300987864,3.31125285642419e-09,2.51319684614333e-08,-0.160873348695003,0.355898940370401,0.369709855977434,-0.620924999538762,6.8929451800913e-05,0.000132567635093012,-0.00366454315023908,0.983331476454033,0.365009513244021,-0.0305011269564252,0.861917309467098,0.422171148978075,0.287369485340637,0.0941552832195813,0.069222230707524,-0.549650195645316,0.000625989689384775,0.00413576796765884,0.404839384790906,0.0158489636007379,0.0133996113630337,"turquoise",0.811620300987864,3.31125285642419e-09,2.51319684614333e-08,TRUE,TRUE
"K01640","blue",-0.120692228411681,0.489801541940301,0.665488962848764,-0.492398065202241,0.00265778851005791,0.00410756754050382,0.378023482255594,0.0251551856624981,0.0244016609837427,0.325573218120418,0.0563227507646272,0.131295644593274,-0.468922756710953,0.00449080749681907,0.00401113747628712,0.242576810362838,0.1603018379625,0.0982478843452669,-0.253266172389419,0.142108915693526,0.126341729308173,0.753726691228431,1.72560986615262e-07,1.89608463370336e-06,-0.281911447549916,0.100857442844137,0.130029844124271,0.574224092720454,0.000309703264486166,0.000586091411086888,"blue",0.753726691228431,1.72560986615262e-07,1.89608463370336e-06,TRUE,TRUE
"K01647","tan",-0.272168252375849,0.113714208299931,0.27709171031622,0.0650441978290074,0.710469923257535,0.251112792590285,-0.58822398644456,0.000202197148474465,0.000411066815631953,-0.0376202174543174,0.830112674530545,0.56206265331771,0.19729231382571,0.2559493628388,0.10624741909698,-0.223456647192662,0.196923952564769,0.114855246429448,-0.294874664697622,0.0855020693046471,0.086926462397219,-0.171444684613305,0.324741513310538,0.17456783470386,0.775488555557349,4.4782705381819e-08,4.61207396998661e-06,-0.230985176322643,0.181864900328484,0.0916681854009436,"tan",0.775488555557349,4.4782705381819e-08,4.61207396998661e-06,TRUE,TRUE
"K01658","brown",-0.0761978819774209,0.663522767308358,0.794190298421872,-0.457139092716437,0.0057658244354218,0.00701485100657583,0.401829352443708,0.0167226097590233,0.0175101948875911,0.0877140383093599,0.616339522566631,0.489655589741607,-0.398094240877066,0.0178624053555397,0.0122585612468044,0.521742851672277,0.00130721515471282,0.00257876630236648,0.211367915928254,0.222887966846619,0.174709564943023,0.309592832680347,0.0703245699028534,0.0552304831566453,-0.176102374352743,0.311568967722819,0.276759431743744,0.702074549546959,2.59984675497431e-06,1.2889079995152e-05,"brown",0.702074549546959,2.59984675497431e-06,1.2889079995152e-05,TRUE,TRUE
"K01659","black",-0.320065108596256,0.0608740429496063,0.188945937194069,-0.588947454092159,0.000197685572844353,0.000662386479388596,-0.466217785014668,0.00475962414207739,0.00610093220876429,0.3264944985043,0.0555885965641469,0.130127173375113,0.407122500608645,0.0152121109005228,0.0108131275988977,0.780444020283286,3.22566413200958e-08,1.12106801733468e-06,0.662948366733981,1.42807376076125e-05,8.17240790508167e-05,-0.261104796864272,0.129763032942791,0.0882036759489909,0.300745539921692,0.0791711363946042,0.110272306892181,0.345591628786505,0.0420091721001718,0.0294441955128109,"black",0.780444020283286,3.22566413200958e-08,1.12106801733468e-06,TRUE,TRUE
"K01664","blue",-0.0351791294805771,0.840991019581046,0.914817383327868,-0.414639529028288,0.0132650125087705,0.0131480780449188,0.524992246546954,0.00120367477347059,0.0019400201654928,0.162923390989356,0.349720561380361,0.368330414474102,-0.60917309370116,0.00010287234135882,0.000182742137108039,0.16748250775009,0.336214946373949,0.174174056073096,-0.202019979539214,0.244501497575137,0.18549773484495,0.754042790327053,1.69381191307586e-07,1.87837815536037e-06,-0.379046440306253,0.0247318328674895,0.0500003759786338,0.638858893875633,3.62316138302969e-05,0.000103966550069848,"blue",0.754042790327053,1.69381191307586e-07,1.87837815536037e-06,TRUE,TRUE
"K01676","blue",-0.329807348760575,0.0530112468601368,0.177559370890481,-0.390885117964787,0.0202461574165351,0.0178901815396921,0.0519833348889464,0.766795462912545,0.32931394318969,0.395231977403792,0.018779132363616,0.075633065389834,-0.220892676537077,0.202245777085803,0.0881752105572914,0.178985738587876,0.303585369222003,0.160651153949765,-0.358016481968482,0.0347126586093839,0.044424789489584,0.786545097116783,2.12860964767752e-08,3.74911459214131e-07,-0.150953536302769,0.386712069708102,0.319213990734837,0.225514754305739,0.192723448316565,0.0964051194819717,"blue",0.786545097116783,2.12860964767752e-08,3.74911459214131e-07,TRUE,TRUE
"K01684","brown",-0.0772417061187724,0.659189697434056,0.792266715299503,-0.517702261348547,0.00144683594550828,0.00269329092886945,0.220020923959304,0.204077758926528,0.12734045821063,-0.0241584400815727,0.890435948945784,0.579584942880156,-0.302254794803398,0.0776038947189653,0.0401672910718959,0.617995858954319,7.62782850916467e-05,0.000300449441246657,0.206279758284806,0.234484658844503,0.180231583723447,0.286243719470678,0.0955089942175622,0.0699629504399099,-0.0575745049943517,0.742520191130104,0.468975225540448,0.711635175355906,1.64467403007896e-06,9.23795321353032e-06,"brown",0.711635175355906,1.64467403007896e-06,9.23795321353032e-06,TRUE,TRUE
"K01690","turquoise",0.556750319639991,0.000513676891635912,0.00829918214795564,0.441073373432903,0.00799712985624447,0.00896139524936891,0.952324976499613,1.39718331418177e-18,1.12011184532072e-15,-0.342516604713256,0.0439938371889889,0.115810712049363,-0.730732430280731,6.22597576825466e-07,2.89712961650594e-06,-0.380952170835453,0.0239588330924124,0.0229258941295886,-0.32773029689617,0.0546157686227292,0.0620251324924307,0.183937768427496,0.290179361057394,0.161203875309576,-0.573000887151403,0.000321166535930379,0.00261533115082629,0.17503465012667,0.314558515236661,0.141047147519031,"turquoise",0.952324976499613,1.39718331418177e-18,1.12011184532072e-15,TRUE,TRUE
"K01693","blue",0.100304561220373,0.566436326910466,0.719838776148664,-0.0328683819333529,0.851315303689308,0.286687845886779,0.448009027654441,0.00695692462150216,0.00839340247430972,-0.0879805387403444,0.615264406483786,0.489555636973097,-0.579429231168943,0.000264897784992258,0.000389957863031875,-0.2449672354544,0.15609471678472,0.0966721925376088,-0.521689356852865,0.00130898330750549,0.00328367844549992,0.714792268184762,1.4082135180999e-06,1.01005516778841e-05,-0.370755862222141,0.0283382238356435,0.0543421363594915,0.218447191413957,0.207414036662501,0.102109140384692,"blue",0.714792268184762,1.4082135180999e-06,1.01005516778841e-05,TRUE,TRUE
"K01702","turquoise",0.241919515222682,0.161472862921197,0.345072689010072,0.0814482376706245,0.641839274959331,0.233303329093326,0.795223565737569,1.1508745774554e-08,7.24257539023262e-08,-0.145356165623461,0.40476229276316,0.39735602595983,-0.630003472566106,5.00254326540565e-05,0.000100464263451679,-0.113537495499507,0.516074866682106,0.235544188468555,-0.17925129992972,0.302856650355311,0.215381925530559,0.435225547573141,0.00897465166311636,0.0115330265060378,-0.632864036776139,4.51240816249048e-05,0.000814463265007289,0.315456151837863,0.0649014563679229,0.0412608891654446,"turquoise",0.795223565737569,1.1508745774554e-08,7.24257539023262e-08,TRUE,TRUE
"K01704","turquoise",0.486389668841486,0.00305031063987238,0.0270134158328864,0.316093050327387,0.0643327620337737,0.0423466141709957,0.869157370986777,1.27315453868152e-11,1.94439893500106e-10,-0.369630916986328,0.0288592656192669,0.0937285816497068,-0.807496870873729,4.57990046858441e-09,5.32790593076181e-08,-0.364768455010861,0.0312026657665904,0.0282319097475923,-0.419135998105882,0.0122040331930618,0.0193286271421579,0.37269042384936,0.0274602722371666,0.0268918068204734,-0.559853897068424,0.000470484375172605,0.00338979777686659,0.225126419856709,0.193511174789443,0.0966617913669729,"turquoise",0.869157370986777,1.27315453868152e-11,1.94439893500106e-10,TRUE,TRUE
"K01712","blue",-0.198856703742827,0.252122619632287,0.443852431147809,-0.586644887206068,0.000212366032959784,0.000695611548122821,0.333850664063504,0.0499955959617056,0.0419297599903836,0.322509835451545,0.0588194024547998,0.133980651504124,-0.392563892282074,0.0196686754687084,0.0132129907513476,0.466339034282747,0.00474728399320497,0.00678315026959679,0.0475344582923266,0.786269670061674,0.400936189278975,0.73159751370843,5.94654682979144e-07,5.00995013621195e-06,-0.357365714429814,0.0350672925689562,0.0625846875552055,0.653481192628319,2.07911870717068e-05,6.51483105655712e-05,"blue",0.73159751370843,5.94654682979144e-07,5.00995013621195e-06,TRUE,TRUE
"K01719","turquoise",0.584169607898431,0.000229228647545918,0.0051564421274842,0.400175174663981,0.0172196484814052,0.0158969198142832,0.801093392329032,7.46595087221767e-09,5.05395654846678e-08,-0.475407194948027,0.00389917835542497,0.0337111752454981,-0.626271179194623,5.714174977332e-05,0.000112621818142697,-0.26874592691388,0.118510503735858,0.0785219853944796,-0.267427179766427,0.120398512170562,0.112275318587135,0.0643860657211321,0.713275156470196,0.30358101313652,-0.374908241709378,0.0264814225156056,0.0520353482739217,0.196802361983658,0.257155732729051,0.120635322131971,"turquoise",0.801093392329032,7.46595087221767e-09,5.05395654846678e-08,TRUE,TRUE
"K01729","brown",0.109545116844974,0.531032316071223,0.697695717515295,-0.504874634834711,0.00198067434563009,0.00337363542991334,0.408872042486751,0.0147387556255224,0.0157623884961563,0.0855592124490547,0.625061209521863,0.492675201559062,-0.523561515037982,0.00124833925078047,0.00141092698639831,0.493914568809412,0.00256596700197678,0.00421710011657149,0.169547584771391,0.330204341060577,0.227876719678877,0.222640887695378,0.198606438910598,0.121920758652001,-0.0878258408101634,0.615888393159974,0.421372891897438,0.816370199624388,2.25645272254393e-09,7.9425280391069e-08,"brown",0.816370199624388,2.25645272254393e-09,7.9425280391069e-08,TRUE,TRUE
"K01737","brown",0.0267944878084902,0.878564975735971,0.934388631878876,-0.483762307589814,0.00323720257108884,0.00465456534810445,0.350428894418959,0.039033887830962,0.0342176158552538,0.22922695520895,0.185306581632774,0.253941946182082,-0.326208097896024,0.0558160058367194,0.0308841643373002,0.530382718952404,0.00104777120472432,0.00217211761709483,0.11981897502692,0.492971027564572,0.297081630069432,0.332364067978878,0.0510879925017614,0.0437363689337695,-0.0825157424225375,0.637465254200608,0.430084721634554,0.73982372764934,3.80865899464955e-07,3.19194440039333e-06,"brown",0.73982372764934,3.80865899464955e-07,3.19194440039333e-06,TRUE,TRUE
"K01744","turquoise",0.598747791970726,0.000144843020086289,0.00402007821125787,0.34023625420902,0.0455137946186205,0.0329182854176911,0.859287830601308,3.91425973411706e-11,5.29857211623348e-10,-0.360759796562793,0.0332496561996405,0.101220764055162,-0.645716774558905,2.80242686868778e-05,6.45726051092028e-05,-0.122956161321695,0.48163352709773,0.223537323471647,-0.164123776668118,0.346133193804889,0.234436965425805,0.00935209693806607,0.957477361590786,0.36352610184926,-0.427905781323627,0.0103399647172408,0.0283028827880834,0.310829874143458,0.0691518795036561,0.0433369014146175,"turquoise",0.859287830601308,3.91425973411706e-11,5.29857211623348e-10,TRUE,TRUE
"K01758","blue",-0.117637790798188,0.50093320780034,0.672739246161889,-0.423082202353962,0.0113328350168855,0.0117170541588419,0.37189127785413,0.0278201929078519,0.0264171020272513,0.424292305377569,0.0110764669915912,0.0588257817042328,-0.459261685520007,0.0055155237762044,0.00474855378547409,0.124003444905677,0.477879106434538,0.222157308015248,-0.270706932401954,0.115744051257858,0.109185906633766,0.76685202811531,7.78197288245868e-08,9.70867764275951e-07,-0.3444079920572,0.0427643773803071,0.0713742445042146,0.415495217232595,0.0130573245044506,0.0113576709820938,"blue",0.76685202811531,7.78197288245868e-08,9.70867764275951e-07,TRUE,TRUE
"K01759","brown",-0.222918571106098,0.198032601576834,0.38951328359072,-0.713619074236443,1.49218455707088e-06,2.17244411272655e-05,0.159328414068679,0.360598118208346,0.190865230018212,0.219389061239015,0.205412790473428,0.270684251206781,-0.317340879978745,0.0632299348452241,0.0338857492502876,0.690284347999921,4.46524473158344e-06,4.26067963105902e-05,0.120107186551943,0.491923802524054,0.296572531638215,0.349187345246435,0.0397807402730563,0.0363422465424725,0.183945220436844,0.290159478161091,0.264038072007941,0.844106232683464,1.88478041508417e-10,1.24392601478e-08,"brown",0.844106232683464,1.88478041508417e-10,1.24392601478e-08,TRUE,TRUE
"K01768","black",-0.534369626463396,0.000944200911301647,0.0125953417586544,-0.729777165964766,6.54849452553081e-07,1.11538947291693e-05,-0.203634776273488,0.240671145509573,0.144166844816612,0.37992712444174,0.0243720896891838,0.085733577551801,0.240038581528315,0.164857911291561,0.0749224059732279,0.743889100929019,3.03729220967713e-07,6.08311881882423e-06,0.498716905934663,0.00229318181843564,0.00510566078283606,0.206227108440805,0.23460674630457,0.138008019702434,0.0385133448194814,0.826140221755396,0.498930910269137,0.515765270529484,0.00151829338664752,0.00203461974911083,"black",0.743889100929019,3.03729220967713e-07,6.08311881882423e-06,TRUE,TRUE
"K01776","turquoise",0.485112289624712,0.00313996863619017,0.0275026841915067,0.188672164508706,0.277723556526357,0.125798256527291,0.705397037338799,2.22186595174236e-06,7.84411653791325e-06,-0.10381040258659,0.552877784958416,0.466332830696486,-0.474334099825231,0.00399215318016076,0.00365121367513261,-0.089066635070271,0.610891037946848,0.266176665644652,-0.0935967105037741,0.592793587077449,0.334056551298256,0.167726606676816,0.335500995786239,0.178747142592971,-0.405708619582723,0.0156039134870845,0.0367136768808017,0.299112017802147,0.0808949613283498,0.0491785167567343,"turquoise",0.705397037338799,2.22186595174236e-06,7.84411653791325e-06,TRUE,TRUE
"K01810","purple",-0.424844721207522,0.0109610771460385,0.0644164772718478,-0.255611665008509,0.138327952685489,0.0754895654034944,-0.657886100021084,1.74857019334558e-05,4.86618551375561e-05,0.367020872176245,0.0300984949868839,0.0961414787696233,0.77477774183535,4.69089698889204e-08,3.63802052892437e-07,0.276857576603073,0.107380883894095,0.0727983141671014,0.615600673209824,8.28039545871653e-05,0.000349591580549003,-0.250191144100153,0.147179829865457,0.0973355411260141,0.057200874331316,0.744135084684199,0.469825701371406,-0.289883255015339,0.0911855101308496,0.0537330632196537,"purple",0.77477774183535,4.69089698889204e-08,3.63802052892437e-07,TRUE,TRUE
"K01812","turquoise",0.553802571398061,0.000557925195806948,0.00870091146826737,0.240736030126926,0.163596846149258,0.0857200506098922,0.842485784116798,2.20715907067396e-10,2.467934991622e-09,-0.316726079821296,0.0637714161704786,0.138798195597808,-0.650634246700379,2.32189200793387e-05,5.62160278467256e-05,-0.0103739969294534,0.952835840164532,0.357780029952953,-0.0492776736096372,0.778623123965546,0.398145702262504,-0.00141455947362707,0.993565361599265,0.372682607372521,-0.476024263043025,0.00384656810437545,0.014359371862001,0.353946082459858,0.0369795852428728,0.0268751065286038,"turquoise",0.842485784116798,2.20715907067396e-10,2.467934991622e-09,TRUE,TRUE
"K01814","green",-0.34342904666494,0.0433972171684141,0.158199433623056,-0.413566996546567,0.0135292569946255,0.0133203917380524,-0.118578202800427,0.497492385515761,0.243273589825454,0.10826802864336,0.535860788790566,0.460221690114702,0.330291386206278,0.0526427782646834,0.0295743682562337,0.6096743901475,0.000101162965953895,0.000371074477774754,0.715313611393002,1.37230588164878e-06,1.20385398453313e-05,-0.0358389402534635,0.838047726816385,0.335354112823288,-0.239455733704549,0.165917106367116,0.18361981472067,0.201403907311826,0.245973536349695,0.116895583524001,"green",0.715313611393002,1.37230588164878e-06,1.20385398453313e-05,TRUE,TRUE
"K01816","brown",0.24263951606121,0.160190443351445,0.343480112269999,-0.256445599615374,0.137001614863214,0.0750805995453203,0.649968897526183,2.38221031676479e-05,6.34746547733708e-05,-0.112378803868469,0.520394336582595,0.452735002511716,-0.657075484769625,1.80556091085517e-05,4.54451242173061e-05,0.343348578237913,0.0434495697414374,0.0365948139922103,0.101771514458528,0.560744532040715,0.322910811523867,0.24391092654089,0.157943846631413,0.102367756261854,-0.24062370131045,0.163799479390987,0.182054952983785,0.770618708471543,6.13332192505077e-08,7.35981437850266e-07,"brown",0.770618708471543,6.13332192505077e-08,7.35981437850266e-07,TRUE,TRUE
"K01820","brown",0.157070913586913,0.36753107881388,0.554767166651546,-0.28160366705624,0.101245898416973,0.0594654230778723,0.665892402530598,1.26721320361695e-05,3.72527377044773e-05,0.0329078166584023,0.851138902601858,0.569151528827696,-0.722030931145344,9.78793861800263e-07,4.2440737014238e-06,0.262659967884049,0.127411093242952,0.0830426448897718,-0.133419456236392,0.444819699356773,0.277190542488871,0.587222707604588,0.000208593173103692,0.000558342078728483,-0.330475611081372,0.0525030764001908,0.0829621216757098,0.757181722269462,1.40604038795591e-07,1.41404187123106e-06,"brown",0.757181722269462,1.40604038795591e-07,1.41404187123106e-06,TRUE,TRUE
"K01823","turquoise",0.2674623820825,0.120347824237253,0.286273805123882,0.240724565606697,0.163617519073079,0.0857200506098922,0.757519822870809,1.37789298622261e-07,6.63682315889281e-07,-0.182348239303273,0.294440411304569,0.33278530608431,-0.522001374661547,0.00129869981997439,0.00145920211646558,-0.227142515618319,0.189446031974876,0.111588539753728,-0.140425520543895,0.421052980704956,0.269180284539359,0.289567249303854,0.0915548429611226,0.067812991542851,-0.710566716592795,1.73258427025489e-06,9.47936504406776e-05,0.0890200002877534,0.611078551225471,0.233122787467807,"turquoise",0.757519822870809,1.37789298622261e-07,6.63682315889281e-07,TRUE,TRUE
"K01834","blue",-0.151318922775796,0.38555031875055,0.568504994734258,-0.136353318610009,0.434779539182632,0.176073120177899,0.230778543474833,0.182267017763071,0.116995436657902,0.0726297946556311,0.678414930763079,0.510528239745366,-0.379132635255554,0.0246964313723084,0.0158536678021283,-0.134758874817631,0.440220427533198,0.210832200589811,-0.556367880244397,0.000519235839290208,0.00158806585743021,0.770640989416437,6.12460940831253e-08,7.97319106132109e-07,-0.214331629162529,0.216316725631049,0.218663890985555,0.134897670816255,0.439745324736181,0.182173485707982,"blue",0.770640989416437,6.12460940831253e-08,7.97319106132109e-07,TRUE,TRUE
"K01845","turquoise",0.272863998792095,0.11275722995909,0.276022101209197,-0.153259527636359,0.3794143020801,0.159174222277197,0.725498042079008,8.19002611527277e-07,3.29794191120492e-06,-0.116987263433309,0.503320404109422,0.444355711717079,-0.605715279345944,0.000115388097366843,0.000201534466310393,0.187230042904323,0.281480294824451,0.15187826148838,-0.0770086926359834,0.660156032071578,0.359261684063583,0.279936945480624,0.103369266616947,0.0742227412741905,-0.388409283843026,0.0211235039647992,0.0452113542495206,0.559699776958382,0.000472550540166118,0.000788312343299579,"turquoise",0.725498042079008,8.19002611527277e-07,3.29794191120492e-06,TRUE,TRUE
"K01848","tan",-0.34172757877956,0.0445150659966634,0.160957721738848,-0.337544354174636,0.0473620677397858,0.0337769776986595,-0.702835258291096,2.50845990506557e-06,8.72615187134097e-06,0.400581743941896,0.0170963540322639,0.0719857739018357,0.464668762505064,0.00491972762407844,0.00432539408261447,0.324154495527158,0.0574683387080462,0.0450106649970198,0.235695671864088,0.172867675627257,0.145714704991244,-0.487053416462575,0.00300460767224005,0.00479808690545206,0.77595636276668,4.34322474275005e-08,4.61207396998661e-06,0.00881754436295164,0.959905883831526,0.3208727236152,"tan",0.77595636276668,4.34322474275005e-08,4.61207396998661e-06,TRUE,TRUE
"K01854","green",0.105925380182533,0.544772420520535,0.704260990054246,0.174774675350498,0.315289138367747,0.138109513415505,-0.251764231927002,0.144569479881932,0.0976528658208351,-0.18177809271713,0.295978498434265,0.333347061376022,0.486137152316991,0.00306785590808471,0.00294121138067883,0.207770201182824,0.231046329222314,0.12988473007341,0.735618726143571,4.79250119113164e-07,4.77621926159538e-06,-0.774421227779009,4.80101240335695e-08,6.68614788450182e-07,0.0421200684066222,0.810142332514107,0.492326175863067,-0.244524465585401,0.156867894974523,0.0816561462705548,"green",0.735618726143571,4.79250119113164e-07,4.77621926159538e-06,TRUE,TRUE
"K01858","salmon",0.583223125202085,0.000235986421334743,0.00523922631254982,0.714525248532375,1.42693576211829e-06,2.14452855141463e-05,0.460431666088676,0.00538159641916356,0.00676659045181139,-0.580357915689025,0.000257542719288375,0.0100198814423913,-0.150575216370402,0.387917086558077,0.146610110001676,-0.370659141312588,0.0283827163197474,0.0261204507814839,0.103850979227681,0.55272175149141,0.320308782915279,-0.631078999019586,4.81288868544611e-05,0.000168055719899059,-0.251445178774621,0.145096155451426,0.167789542234261,-0.265071391414933,0.123826962719734,0.0683167283219631,"salmon",0.714525248532375,1.42693576211829e-06,2.14452855141463e-05,TRUE,TRUE
"K01866","blue",-0.39142748828415,0.0200580650508729,0.0965747499512659,-0.3940523750481,0.0191681854568643,0.0172889412883819,-0.155961679077953,0.370966433850762,0.194121571558432,0.269427662493006,0.117543207922447,0.194225709426355,-0.0316876275362319,0.856600354520281,0.26767990297902,0.15457774586394,0.375279089432707,0.188281508228411,-0.251035602047798,0.145774314932231,0.128961488630168,0.748981995094917,2.27385813230464e-07,2.30793173710832e-06,-0.132311548132349,0.448643678206663,0.348174785172912,0.0662564372745167,0.705312656352131,0.259962571068712,"blue",0.748981995094917,2.27385813230464e-07,2.30793173710832e-06,TRUE,TRUE
"K01893","black",-0.289531831269743,0.091596309257925,0.243621797585346,-0.613773895307463,8.8114272700495e-05,0.000383190489345681,-0.205754340336273,0.235704951651954,0.141641036406862,0.502310270648901,0.00210597196848933,0.0242409252244597,0.159703275352877,0.359454517604839,0.138024160401742,0.769349220204114,6.64902898644496e-08,2.06759924298041e-06,0.411063934414584,0.0141632399957744,0.0219104852666169,0.083277870127612,0.634349833279483,0.279852280347584,0.134478341231508,0.441181559028135,0.345137483287089,0.459650928185383,0.00547065253589451,0.00573108537939814,"black",0.769349220204114,6.64902898644496e-08,2.06759924298041e-06,TRUE,TRUE
"K01903","blue",0.0681551110858055,0.697261036545262,0.818635157486303,-0.332890015644725,0.0506993525629329,0.0354398082666841,0.450203686942029,0.0066529059250482,0.0080811063340453,0.0728677178554094,0.677418095081771,0.510357654817398,-0.616888552243417,7.92352380408099e-05,0.000148204896254823,0.125210103450274,0.473572338644848,0.221112175003038,-0.366957409252831,0.0301291611184617,0.0395160228327212,0.732049995634877,5.80502003884791e-07,4.96612090840041e-06,-0.321348031693958,0.0597888708877255,0.0908662764710569,0.511159617596668,0.00170077306787332,0.0022254949246297,"blue",0.732049995634877,5.80502003884791e-07,4.96612090840041e-06,TRUE,TRUE
"K01916","brown",-0.0524719634981771,0.764664876116513,0.87277172757747,-0.567387261406979,0.000378775410621086,0.00105188989213492,0.378651949314356,0.0248943911699831,0.0242191211279417,0.334624245491648,0.0494345763991999,0.122815269431174,-0.374529390122601,0.0266465654737815,0.0168783748897551,0.530436353118076,0.00104631401390643,0.00217211761709483,0.175805126276679,0.312399439385397,0.219609888874213,0.422835927388249,0.0113856203019943,0.0136500049739207,-0.247791484442699,0.151227714174975,0.172712627825838,0.765761867711731,8.33024795528169e-08,9.56145255017968e-07,"brown",0.765761867711731,8.33024795528169e-08,9.56145255017968e-07,TRUE,TRUE
"K01951","blue",0.111455494499623,0.52384900206038,0.692043495697122,-0.181137941460699,0.297711537863531,0.132324995743938,0.586270956761054,0.000214840023483954,0.000433253116419554,0.0936218924251639,0.592693644708747,0.480199187274093,-0.734666829101865,5.04538037915642e-07,2.51985126697926e-06,-0.0221953279525797,0.899291864149707,0.345129999111101,-0.570162196244224,0.000349239756204842,0.00114717105006051,0.795103746865474,1.16091738611894e-08,2.52801838025729e-07,-0.300104806395573,0.0798438624388345,0.11080899411941,0.455652226438233,0.00594691892795108,0.00613261688127437,"blue",0.795103746865474,1.16091738611894e-08,2.52801838025729e-07,TRUE,TRUE
"K01956","turquoise",0.32012325293585,0.060824526803899,0.188945937194069,-0.0082618655880105,0.962430760287326,0.310863221354477,0.792656455246426,1.38462962276843e-08,8.62691791117731e-08,-0.105834037495585,0.54512131229464,0.464891051545063,-0.580047741358046,0.00025997871045753,0.000384496535912346,0.0768636998416984,0.660757607530424,0.281142401285315,-0.0394207125548567,0.822108773017316,0.410915785580715,0.299013749029911,0.0809995816528657,0.0615556843633508,-0.638998687567972,3.60446463826427e-05,0.000693480471800603,0.437162430958603,0.00864019526548315,0.00822285661364464,"turquoise",0.792656455246426,1.38462962276843e-08,8.62691791117731e-08,TRUE,TRUE
"K01963","black",-0.516154440148273,0.00150369286947175,0.0174811131043679,-0.655023827846485,1.95741271089353e-05,0.000133360577663914,-0.243527384121226,0.158619159414341,0.104935668699659,0.340895178450576,0.0450703208274441,0.11784224953084,0.265005509989723,0.123923875211374,0.0593146603476669,0.703785388348229,2.39844304677174e-06,2.86276665803261e-05,0.545300704032678,0.000705083136475685,0.00202996429155233,0.0274525197322518,0.875605600601735,0.344913715905936,0.105358039345841,0.546941141025517,0.393580290985911,0.464557878575958,0.00493136431457082,0.00525999905746568,"black",0.703785388348229,2.39844304677174e-06,2.86276665803261e-05,TRUE,TRUE
"K01965","turquoise",0.608724573755002,0.000104423718053473,0.00325291308871404,0.334516380004972,0.0495124995045521,0.0350017142772515,0.910568846177201,3.28328155952123e-14,1.71322731530803e-12,-0.318606296972069,0.0621268325122429,0.136604981393934,-0.768252225627115,7.12655035774375e-08,4.89078891112188e-07,-0.292391753237099,0.0882940819416208,0.0625125181141055,-0.295268448850762,0.0850655864181614,0.0866029064136371,0.119176742282,0.495308690175472,0.235530299363836,-0.491054284528304,0.00274153046470002,0.0116252609076095,0.270555917287561,0.115955356744991,0.0649925670273448,"turquoise",0.910568846177201,3.28328155952123e-14,1.71322731530803e-12,TRUE,TRUE
"K01995","brown",-0.160398454449398,0.357339473808576,0.548059440010181,-0.641516504281967,3.28231761942652e-05,0.000187397544497297,0.0820247638762466,0.639475518023822,0.291212044160024,0.36026183652407,0.0335114130645047,0.101237524048948,-0.402083665088993,0.0166472709286202,0.0116083718403713,0.567212714085789,0.0003807054937681,0.000986543037986103,0.00499996319394463,0.977258550677033,0.453533898513774,0.272463495782859,0.113307367660496,0.0793276407959481,0.28500654547275,0.0970137560160544,0.126802473304234,0.761375002483735,1.09160809598665e-07,1.19745055540357e-06,"brown",0.761375002483735,1.09160809598665e-07,1.19745055540357e-06,TRUE,TRUE
"K01996","brown",-0.134332044912835,0.441683236921493,0.622681369013694,-0.535445618807564,0.000917846156999881,0.00194607322976361,0.181875045065939,0.295716588395936,0.166131673019157,0.356739880126063,0.035411115207152,0.104212893671499,-0.324186086860539,0.0574426298535539,0.0315645029363944,0.503841243222582,0.00203035979449901,0.00356491907362419,0.0707945941434133,0.686121871278522,0.369141593837125,0.158608997227074,0.362798955132817,0.188478089721796,0.213885522832503,0.217297246949592,0.219022768724954,0.730097265760909,6.4387531136472e-07,4.47313450902297e-06,"brown",0.730097265760909,6.4387531136472e-07,4.47313450902297e-06,TRUE,TRUE
"K01997","brown",-0.0576803316373184,0.742062986885059,0.855835270227826,-0.487227245427353,0.00299273735052236,0.00443257238008803,0.178853958613702,0.303947394803461,0.169023909803125,0.252430497382192,0.143474152269817,0.218045439668256,-0.440835579833973,0.00803502801049594,0.00651770101272385,0.441300220746483,0.00796111856056667,0.00994335713940059,-0.00604135925954782,0.972523576839683,0.453021537714432,0.107134150282489,0.540165401336762,0.250269437368223,0.36576845994757,0.0307084257091779,0.0573775617477416,0.77700977133789,4.05276897110805e-08,5.86249870933153e-07,"brown",0.77700977133789,4.05276897110805e-08,5.86249870933153e-07,TRUE,TRUE
"K01998","brown",-0.000534040636192851,0.997570700340204,0.998195157742608,-0.470334639714277,0.00435577916526795,0.00579616788297342,0.345059162794972,0.0423475630717213,0.0366756850731019,0.376815843921901,0.025662648184613,0.0881999520971588,-0.59027063632205,0.00018966667871272,0.000299054282131022,0.379114350451192,0.0247039377029863,0.0234847958716395,-0.111838188455412,0.522415750057914,0.30873018701428,0.332479644809337,0.0510023857499439,0.0436943136294768,0.115380949069202,0.50923943388163,0.378681493667486,0.761717063773126,1.06905817866767e-07,1.18831480486888e-06,"brown",0.761717063773126,1.06905817866767e-07,1.18831480486888e-06,TRUE,TRUE
"K02005","green",-0.208314575033478,0.229799065047812,0.423195628431944,-0.334499593297121,0.0495246352189205,0.0350017142772515,-0.0416631202129012,0.812165121777805,0.342152042506731,0.253689806380268,0.141420472776767,0.216616669446818,0.3609895268944,0.0331294600894217,0.0203083476282256,0.606632606703239,0.000111941048367334,0.000403280535431212,0.892875057124715,5.63904822592708e-13,5.16327417420089e-11,-0.300133089759422,0.0798140737077926,0.0607412164387297,-0.211558901052753,0.222460447930035,0.222492838848543,0.283075646378363,0.0993983217599025,0.0573250550367359,"green",0.892875057124715,5.63904822592708e-13,5.16327417420089e-11,TRUE,TRUE
"K02010","turquoise",0.466230854035411,0.00475829271281886,0.0370128024401019,0.25446881593318,0.140160897165785,0.0761912927469824,0.758879531803607,1.26985282851907e-07,6.21200118159357e-07,-0.182884765681198,0.292997696768964,0.33278530608431,-0.525083330105015,0.00120087957752874,0.00137356042464228,-0.137834875706537,0.429757236814163,0.20713391856222,-0.105799926375024,0.545251629974199,0.31736067995027,0.0867320256857928,0.620307922977265,0.275812532808048,-0.42760792438879,0.0103990603939512,0.0283028827880834,0.263689529892458,0.125871543645204,0.0692638066851571,"turquoise",0.758879531803607,1.26985282851907e-07,6.21200118159357e-07,TRUE,TRUE
"K02012","brown",-0.217693093430449,0.209026006161188,0.401114130670658,-0.665226738053536,1.3020707061694e-05,9.85682673911742e-05,0.186285093271655,0.283959644235081,0.16203748264133,0.198460270259097,0.253088739293443,0.303532558694387,-0.220096366753536,0.203918762872452,0.0887261002876373,0.645731555268566,2.80085675662054e-05,0.000153224736118015,0.284221495283263,0.0979779362078033,0.0964638779558461,0.292037496394188,0.0886980876216889,0.0663536054063046,-0.0324397563549403,0.853233105796227,0.507934289997361,0.800135775811247,8.01986336601893e-09,1.88195063924933e-07,"brown",0.800135775811247,8.01986336601893e-09,1.88195063924933e-07,TRUE,TRUE
"K02027","black",-0.122540124728349,0.483129217982096,0.659506451703143,-0.577315065723575,0.000282345855270415,0.000851846916865107,-0.164419097795518,0.345254061975325,0.184537491409018,0.219359915927556,0.205474515846081,0.270684251206781,0.17111028160103,0.325700353139906,0.128332838678046,0.749616448129396,2.19226902593822e-07,4.71002153935388e-06,0.634051763689129,4.3219755042395e-05,0.000205613548519815,-0.190897077834397,0.271991800712855,0.154315368532826,0.20492748735281,0.237633997224749,0.2324290469365,0.543245428304987,0.000745444102157148,0.00113588828701286,"black",0.749616448129396,2.19226902593822e-07,4.71002153935388e-06,TRUE,TRUE
"K02031","black",-0.32016647721634,0.0607877373128237,0.188945937194069,-0.505574894480163,0.00194761348802713,0.00333958757589616,-0.531309364571365,0.001022845065383,0.00171248336213314,0.240312677196411,0.1643614858688,0.235433803293743,0.438364665995359,0.00843798511807817,0.00680406370664472,0.719931740487186,1.08893807745559e-06,1.6496823064018e-05,0.676230106844593,8.24141789250976e-06,5.20419201821854e-05,-0.414123805209367,0.0133915255788324,0.0155114043023791,0.432715487396733,0.00942442661409489,0.0270642890439826,0.280827144985933,0.102231011114556,0.0585748376845454,"black",0.719931740487186,1.08893807745559e-06,1.6496823064018e-05,TRUE,TRUE
"K02033","black",-0.481184669153473,0.00343014162668332,0.0291653265439005,-0.78361581755056,2.60308364419626e-08,8.86754072264689e-07,-0.328615402205049,0.0539273669565354,0.0445479905713334,0.383248418730405,0.0230540762173694,0.0834418599644275,0.0771097519172157,0.65973686070512,0.220357028491372,0.717518735058186,1.22950891027891e-06,1.81607352926812e-05,0.430920037567616,0.00975778541650941,0.0164312790646507,0.138057508895332,0.429005325029764,0.211532337969184,0.334293625339161,0.0496737306097624,0.0797147257547452,0.595954866764256,0.000158430330398468,0.000337976809422746,"black",0.717518735058186,1.22950891027891e-06,1.81607352926812e-05,TRUE,TRUE
"K02037","turquoise",0.549301783929408,0.000632022151168178,0.00927926343109644,0.493750396734555,0.00257577200010181,0.00401272965415859,0.865094459286705,2.04316463149806e-11,2.97524692582047e-10,-0.268921290598665,0.118261118367668,0.194958998265669,-0.686084254245246,5.38160100523534e-06,1.75209736407492e-05,-0.417559609764423,0.0125675245525917,0.0139310635224374,-0.38446760797102,0.0225853128129972,0.0318763155612219,0.144585483130128,0.407284616251608,0.203928738409611,-0.48229296347642,0.0033459953741535,0.0130762188730351,0.105129331956995,0.547816550459422,0.215048610959025,"turquoise",0.865094459286705,2.04316463149806e-11,2.97524692582047e-10,TRUE,TRUE
"K02040","turquoise",0.55198250160423,0.000586905534492146,0.00893493806557806,0.483093673451686,0.00328632245155684,0.00469721517147,0.887063071781616,1.28945592789161e-12,3.16409040487661e-11,-0.375547836262762,0.0262045339348234,0.0888071346413397,-0.674062011520322,9.03224464602686e-06,2.61093531968845e-05,-0.392925601709783,0.0195460639783136,0.0196735599888244,-0.281645113351351,0.101193522160975,0.0987668905085186,0.135860678322895,0.436456661527778,0.213885590076165,-0.594399196640374,0.000166484184978099,0.00175053703797566,0.104736114720159,0.549323186673237,0.215559916073998,"turquoise",0.887063071781616,1.28945592789161e-12,3.16409040487661e-11,TRUE,TRUE
"K02045","turquoise",0.53710680273039,0.000878432841261587,0.0118997872606496,0.304485635234621,0.0753316019838843,0.0476400457178953,0.885921164563382,1.50896578662573e-12,3.56550974415092e-11,-0.322583271193318,0.0587585446193274,0.133980651504124,-0.807183553366422,4.69269313095161e-09,5.39334775410169e-08,-0.27286969962335,0.112749413719132,0.0752936897457253,-0.316631072673635,0.0638554178974182,0.0698258511591127,0.144587357251623,0.407278471724387,0.203928738409611,-0.413847254867415,0.0134597842941539,0.0333846821252605,0.314195895229607,0.0660384038750032,0.0418044182182076,"turquoise",0.885921164563382,1.50896578662573e-12,3.56550974415092e-11,TRUE,TRUE
"K02046","turquoise",0.587373566650544,0.000207618069942831,0.00491990007825161,0.445545020023327,0.00731235461665592,0.00842500073908609,0.879144921146343,3.71083392183166e-12,7.04118389117842e-11,-0.307864066137962,0.0719894007032485,0.148662340411195,-0.678036296360917,7.63130531776564e-06,2.26781779001079e-05,-0.325565732270839,0.056328747488789,0.0442856321902382,-0.262626759629502,0.127460982499051,0.117440934525978,0.156293863438483,0.369935654341112,0.191044902242965,-0.585201842482832,0.000222056343855477,0.0020603918678153,0.108595914526364,0.534619094099422,0.211123625701158,"turquoise",0.879144921146343,3.71083392183166e-12,7.04118389117842e-11,TRUE,TRUE
"K02047","turquoise",0.623685211518227,6.25949526806837e-05,0.00259890991844345,0.41749451445028,0.0125827288862707,0.0125945895741659,0.886927769099361,1.31381471896294e-12,3.16409040487661e-11,-0.399765179990421,0.0173447337785878,0.0722107549886929,-0.769969277658191,6.39234559236411e-08,4.52390674805366e-07,-0.342294515124923,0.044140049780013,0.0369394016791195,-0.318630779606345,0.0621056409645077,0.0684613451948091,0.066084616949555,0.706042858009899,0.301789784336139,-0.430516304844111,0.00983410991019446,0.0276709530262086,0.207934407581837,0.230669618974066,0.111262091542633,"turquoise",0.886927769099361,1.31381471896294e-12,3.16409040487661e-11,TRUE,TRUE
"K02051","brown",-0.0311272700504846,0.859110673742595,0.923272276121588,-0.556036339876448,0.000524098108711848,0.00130956062151983,0.0761624015765479,0.66367024152159,0.298003891025758,0.211438332892217,0.222730273737568,0.282815882962845,-0.456860210668674,0.00579942537875475,0.00495718504627642,0.486662447418312,0.00303145559298308,0.00476965045987231,-0.033152089366902,0.850046370155108,0.417613316892561,0.283301958966231,0.0991165522574122,0.0719019576508537,0.289109133741414,0.0920923014806869,0.122332760352631,0.752799709058236,1.82205410116611e-07,1.70361366531812e-06,"brown",0.752799709058236,1.82205410116611e-07,1.70361366531812e-06,TRUE,TRUE
"K02065","tan",-0.070170106282496,0.688751576630493,0.811924332775695,-0.2845759412086,0.0975417141544886,0.0582598801005938,-0.390695464936472,0.0203122737151491,0.0205639692063098,0.045598110474602,0.794786463610902,0.552138732164803,-0.0375893822035398,0.830249898167458,0.261471235179136,0.227101161479651,0.189528808383929,0.111588539753728,-0.118002100533186,0.499598829300364,0.299596893598265,-0.262759194934061,0.127262109275807,0.0867992968219138,0.848508992429417,1.21610028822955e-10,3.54856692329024e-08,0.252749692508072,0.142951557596258,0.0758843028324061,"tan",0.848508992429417,1.21610028822955e-10,3.54856692329024e-08,TRUE,TRUE
"K02066","tan",0.0862923661850337,0.622088057682055,0.761414824046528,-0.227028569255529,0.189674173890889,0.0959131624037946,-0.0935441229004035,0.593002321262414,0.275969317754124,0.074329342019239,0.671306144253345,0.50909786075625,-0.295020345022543,0.0853403918686958,0.0433946469615165,0.117407252886373,0.501778542006007,0.230532869377228,-0.407564417015944,0.0150913580246467,0.0230831723545579,-0.0783649532358838,0.654539089289905,0.286001396493453,0.747614760741281,2.45925835588619e-07,2.05031089763816e-05,0.369634802708134,0.0288574524264429,0.0217973947729885,"tan",0.747614760741281,2.45925835588619e-07,2.05031089763816e-05,TRUE,TRUE
"K02067","brown",-0.229979374451564,0.183828156998657,0.370787771561328,-0.699987431979383,2.86642785102098e-06,3.48737019678965e-05,0.155167945262805,0.373436291853651,0.19510418817186,0.416266611088317,0.0128724523199927,0.0635548035056184,-0.296434117147732,0.0837835894261622,0.0427625920197682,0.643040918353225,3.10016982730125e-05,0.000158586144239026,0.237323639776606,0.169833289513696,0.14427772967132,0.262950433859102,0.126975339195383,0.0867387942448021,0.104300068055103,0.55099620190809,0.395522927887238,0.834233741544131,4.80311693231937e-10,2.73145633613652e-08,"brown",0.834233741544131,4.80311693231937e-10,2.73145633613652e-08,TRUE,TRUE
"K02074","turquoise",0.237581922789786,0.169355395435105,0.354802882834883,0.0571896572442896,0.744183583424715,0.260544742022845,0.702965183176247,2.4931483603559e-06,8.69704623098404e-06,0.0286731730373677,0.87012036121251,0.574162947330068,-0.387316341794304,0.021520727538315,0.014197210350378,-0.0201353880643734,0.908597442945096,0.347347550065605,-0.0327361726873522,0.85190675943088,0.418246780214098,0.329012839974243,0.0536205099703279,0.0451302398281926,-0.618730092468447,7.43727819252555e-05,0.00111613960208318,0.258049688816682,0.134476721552025,0.0725992334466771,"turquoise",0.702965183176247,2.4931483603559e-06,8.69704623098404e-06,TRUE,TRUE
"K02108","turquoise",0.648320961314178,2.53776847801371e-05,0.00184391950550224,0.418367545363689,0.0123801016585098,0.0125264757216106,0.745994554677956,2.69691333800661e-07,1.21489934956483e-06,-0.371845187935714,0.0278410686686519,0.092106840618989,-0.732608623483396,5.63455826011492e-07,2.70097869265545e-06,-0.429382419139903,0.0100511850560584,0.0118415368506406,-0.482124477384519,0.00335867087507849,0.00693525118799432,0.16622841015144,0.33989766506313,0.180188913653943,-0.290512918332664,0.0904529953537471,0.120888925246312,0.143700535657108,0.410191905276626,0.172546266655754,"turquoise",0.745994554677956,2.69691333800661e-07,1.21489934956483e-06,TRUE,TRUE
"K02109","turquoise",0.497119022576575,0.00238099118331453,0.0228457189484456,0.236656659929781,0.17107184169893,0.0886319855207478,0.901857165543297,1.42414014628743e-13,5.4045170805542e-12,-0.311678155274305,0.0683566182942498,0.144798607371718,-0.847871484279457,1.29685567764685e-10,2.474206845765e-09,-0.311227722605762,0.0687780001547958,0.0518301880115319,-0.393338180553324,0.0194069866346791,0.0281498505801487,0.370023752110677,0.0286764296525149,0.027828821872458,-0.485610262597421,0.00310474774780041,0.0125192458874055,0.376170724840996,0.02593717479337,0.0199774009853708,"turquoise",0.901857165543297,1.42414014628743e-13,5.4045170805542e-12,TRUE,TRUE
"K02110","turquoise",0.5127336381756,0.00163635704404475,0.0183559069116178,0.213348620714259,0.218481369876538,0.106425389718747,0.783867429782757,2.55878718144865e-08,1.44997327286018e-07,-0.228193492894515,0.187350867706485,0.255842794961472,-0.916519293810136,1.10295168302332e-14,2.10426699880437e-12,-0.258842457718824,0.133241618072861,0.085759102921046,-0.633897556918205,4.34628279514065e-05,0.000206062451486424,0.331156307842746,0.0519894500762241,0.0442289927217785,-0.157703801402465,0.365579491315241,0.307718316887138,0.393503472626342,0.0193514996262805,0.0157629744805796,"turquoise",0.783867429782757,2.55878718144865e-08,1.44997327286018e-07,TRUE,TRUE
"K02111","turquoise",0.580724069321408,0.000254693346256014,0.00539241475483759,0.583649585311416,0.000232919810714029,0.000739242419342374,0.737741335125815,4.26996307310304e-07,1.84392913162289e-06,-0.505788902712856,0.0019376064802229,0.0237156869313877,-0.595393585847942,0.000161294933594853,0.000263828555917254,-0.396978934697595,0.0182150685239254,0.0185872005480101,-0.23615529037115,0.172007099953861,0.145345826233583,-0.15388943319188,0.377434982957639,0.193762180576873,-0.337765456868852,0.0472080247603978,0.076885107202832,0.036132000606202,0.836741129594617,0.293039025916476,"turquoise",0.737741335125815,4.26996307310304e-07,1.84392913162289e-06,TRUE,TRUE
"K02113","turquoise",0.586981004738917,0.000210164005152639,0.00491990007825161,0.266544558851799,0.121674616099507,0.0684731745951648,0.923777648789601,2.59795666820424e-15,3.25349397955611e-13,-0.363904202575606,0.0316350368530031,0.0985982070582919,-0.855116810336809,6.13531712848837e-11,1.46315853624798e-09,-0.185181692488432,0.286872525012971,0.154014158859706,-0.388522706564537,0.0210826322045461,0.030136140135941,0.289719494028543,0.0913767635344908,0.0677427387815239,-0.449780928005494,0.00671056732477527,0.0217168500084889,0.363388694383572,0.0318952609932265,0.0237187385922681,"turquoise",0.923777648789601,2.59795666820424e-15,3.25349397955611e-13,TRUE,TRUE
"K02128","turquoise",0.534944963405307,0.000930027010921871,0.0124928418231816,0.175275239781468,0.313883317873042,0.137732068210546,0.781447721415702,3.01518473040478e-08,1.68571445557344e-07,-0.399115169063531,0.017544602055662,0.0723077476552257,-0.848060078692925,1.27246138927801e-10,2.474206845765e-09,-0.165393527163298,0.342362957552792,0.17634018638816,-0.315692892670126,0.0646896076631147,0.0705663842975257,0.196845706616023,0.257048857183747,0.148043821470816,-0.311688641207744,0.0683468328138755,0.0999675625012793,0.429856213048882,0.00995999056136582,0.00920166608478224,"turquoise",0.781447721415702,3.01518473040478e-08,1.68571445557344e-07,TRUE,TRUE
"K02137","turquoise",0.151485962700764,0.385019891259777,0.568504994734258,-0.0791704319307428,0.651211987378073,0.235164777060399,0.739317806261186,3.9163165844535e-07,1.71486470912453e-06,-0.132682698425229,0.447360663374523,0.418124548504754,-0.630435803128834,4.92551130473481e-05,9.97573201456377e-05,0.132434112255997,0.448219770963811,0.212807065231398,0.00950663756208314,0.956775338296622,0.447821557319277,0.348342376765351,0.0402956100221071,0.0366727473859117,-0.480506387928323,0.0034825400658038,0.0135193072663334,0.559532438728792,0.000474803038635651,0.000788801072204418,"turquoise",0.739317806261186,3.9163165844535e-07,1.71486470912453e-06,TRUE,TRUE
"K02167","blue",-0.219085450640531,0.206056422476245,0.397803371169417,-0.394611835259469,0.0189828367198917,0.0171679718133736,0.371878651142598,0.0278259107138257,0.0264171020272513,0.179266968564892,0.302813689210037,0.336300416764158,-0.433835622047085,0.00922139764216763,0.00723398386584452,0.196442791464346,0.258043465295744,0.142020996590125,-0.101685780811089,0.561076451484268,0.322910811523867,0.722096079624053,9.7554500694777e-07,7.60565774906459e-06,-0.337498177614774,0.0473942899172875,0.0770308806523276,0.499260969557329,0.00226393571345437,0.0027960938778239,"blue",0.722096079624053,9.7554500694777e-07,7.60565774906459e-06,TRUE,TRUE
"K02171","green",-0.467744165394751,0.00460627776395831,0.036093799047487,-0.366221895469738,0.0304864424606143,0.0244745473078234,-0.491833556918941,0.00269269222760553,0.00381032087782992,0.165310393218599,0.342609035892702,0.363794939613368,0.646925581596493,2.67661882817775e-05,6.27345056640582e-05,0.589399725239416,0.000194911172722152,0.000604832437864566,0.811322095357045,3.39073562144585e-09,6.36852249340533e-08,-0.171250650321784,0.325297657766042,0.1747457165045,-0.0707965462966617,0.686113656463049,0.450312903212386,-0.0181154088119853,0.917734142415477,0.311630546402405,"green",0.811322095357045,3.39073562144585e-09,6.36852249340533e-08,TRUE,TRUE
"K02192","turquoise",0.263025254867455,0.12686327284759,0.296159165223335,0.0375306290590064,0.830511376225996,0.282325203054608,0.799183477233573,8.60818380696787e-09,5.70384653219977e-08,-0.0573166357512531,0.74363462956826,0.534582975341289,-0.784802298480398,2.40022903803886e-08,2.20157612595106e-07,-0.242821730509237,0.159867062073033,0.0981341115253159,-0.503433615216874,0.00205025625925648,0.00469318348140759,0.646321624236746,2.73882231632725e-05,0.000107306377929615,-0.479155665626431,0.00358895695900833,0.013719479374457,0.3933558675948,0.0194010429353193,0.015783530620435,"turquoise",0.799183477233573,8.60818380696787e-09,5.70384653219977e-08,TRUE,TRUE
"K02274","tan",-0.236565289416997,0.171242013706975,0.357583747760418,-0.166265436470961,0.339788583498614,0.145720637835565,-0.750782856789041,2.0492573925148e-07,9.43508268993183e-07,0.116668684770452,0.504491557257273,0.444666978878466,0.323752314628669,0.0577964292662745,0.0316526465580332,0.0956241790246399,0.584770650106556,0.257643107344941,-0.126355829925685,0.469501967554484,0.28653591275172,-0.228159557711174,0.187418262856838,0.116593230621709,0.794808217339212,1.18603502680957e-08,1.88772917978543e-06,-0.154125516579173,0.376694717248912,0.161896755769707,"tan",0.794808217339212,1.18603502680957e-08,1.88772917978543e-06,TRUE,TRUE
"K02282","brown",-0.129926582999645,0.456935520074058,0.637913642596139,-0.607786957328663,0.000107734953029419,0.000440642163056913,0.329485108051553,0.053257686476689,0.04410685089788,0.35047252811728,0.0390078480324127,0.110453266806373,-0.428501635546428,0.0102226001781305,0.00786419096458398,0.537302008312749,0.000873901018173167,0.00188369448918247,0.147372372658836,0.398205858555138,0.259243727743346,0.451859355067975,0.0064311531632308,0.00891490483855782,-0.134079923485584,0.442548539768841,0.345435126270845,0.803611209516736,6.17389266440647e-09,1.6298695882558e-07,"brown",0.803611209516736,6.17389266440647e-09,1.6298695882558e-07,TRUE,TRUE
"K02283","black",-0.396795412263086,0.0182736519880351,0.0910730890373136,-0.67640450576185,8.18062883280903e-06,6.96693510728426e-05,-0.200765603061669,0.247504933525659,0.147178237431806,0.245623730860386,0.154953404613867,0.226649463927381,0.0691208629568232,0.69317799289024,0.228420843634919,0.732625421334719,5.62950438718917e-07,9.92857896109355e-06,0.421938356202038,0.0115797654889205,0.0186217609918898,0.28732472391784,0.0942088263654731,0.069222230707524,-0.0116707627461615,0.946948079446532,0.535155031787995,0.441367665791106,0.00795043860522928,0.00770162520794287,"black",0.732625421334719,5.62950438718917e-07,9.92857896109355e-06,TRUE,TRUE
"K02291","blue",-0.181984128806402,0.295422083210683,0.485650475872214,-0.171940383302148,0.323323414883535,0.140248489931129,0.187214702754498,0.28152043193669,0.161057985587119,0.270464027740988,0.116084073126162,0.192840857212323,-0.338509789944076,0.0466923960586732,0.0269292970089867,-0.238813020745498,0.167090742235211,0.101149632616491,-0.506966695887025,0.00188333408011027,0.00438647926549031,0.800965328745167,7.53791832062279e-09,1.77020210358442e-07,-0.298132122486362,0.0819428828549162,0.112786984832387,0.0556054862794735,0.751042619317508,0.27169663546225,"blue",0.800965328745167,7.53791832062279e-09,1.77020210358442e-07,TRUE,TRUE
"K02297","turquoise",0.499932062608942,0.00222831015643355,0.0219197156003632,0.0940425315386885,0.591025296887014,0.220199630106405,0.812387137289504,3.11471655426015e-09,2.43661068069301e-08,-0.209224460035982,0.22772455764195,0.2863537426515,-0.756270358107806,1.48457035651549e-07,8.96309621242224e-07,-0.0670097250663689,0.702114397577033,0.293062158666938,-0.154718169182609,0.37484015644356,0.248931561476653,0.193960973739633,0.26422598140097,0.150838302802654,-0.432437330935825,0.00947542861510526,0.0271514178214619,0.44300853427272,0.00769434859622913,0.00751622785354374,"turquoise",0.812387137289504,3.11471655426015e-09,2.43661068069301e-08,TRUE,TRUE
"K02351","blue",-0.40035100390458,0.0171662363243354,0.0873449268188208,-0.332290641778497,0.0511424382128552,0.0356276878155228,0.158958885917406,0.361727577282258,0.191075934134904,0.340171155170654,0.0455577976555546,0.118161881864819,-0.212076312354515,0.221305040392578,0.0946674770832076,0.048664145669157,0.781312050173476,0.315304306189915,-0.279533815416034,0.103887878868933,0.100792285437889,0.785898142591188,2.22593945092467e-08,3.86372188003077e-07,-0.241052359191266,0.163027179120401,0.181916432010068,0.256309490765478,0.137217448958062,0.0735150893723378,"blue",0.785898142591188,2.22593945092467e-08,3.86372188003077e-07,TRUE,TRUE
"K02355","salmon",0.481693749205423,0.0033912649269494,0.028988967838121,0.934614011568531,2.24535600633179e-16,1.62695294558739e-13,0.262851667147516,0.12712338371511,0.0881019246441546,-0.547064412520604,0.000672003351602142,0.0152004448547778,-0.0122131103054882,0.944486437438298,0.286294723458921,-0.70391594406586,2.38367546745994e-06,2.86276665803261e-05,-0.207367880029821,0.231971065923793,0.178862615908427,-0.437121157868551,0.0086472098676926,0.0112449614419525,-0.240034530501743,0.164865256328239,0.182686693012047,-0.646854061140229,2.68391755181244e-05,8.04200158601874e-05,"salmon",0.934614011568531,2.24535600633179e-16,1.62695294558739e-13,TRUE,TRUE
"K02357","turquoise",0.413852493700047,0.0134584885166698,0.0732994681223054,0.259490483247977,0.132238254306949,0.0728140953954043,0.765013201073395,8.72715512405291e-08,4.37170442482934e-07,-0.0158303488223778,0.92808229029147,0.590940382896832,-0.759687093210864,1.20943474617567e-07,7.51992247583805e-07,-0.390728291460408,0.0203008169925987,0.0203293383316436,-0.584057480249985,0.000230020085902312,0.000808107369466929,0.547434887384333,0.000665232164156638,0.00139533578529772,-0.427127959927671,0.0104948894284805,0.0283993529848271,0.225908349743919,0.191927345890188,0.0962050021535733,"turquoise",0.765013201073395,8.72715512405291e-08,4.37170442482934e-07,TRUE,TRUE
"K02372","brown",-0.00207904165380529,0.99054283608499,0.993650908993949,-0.487984967398517,0.00294146949860454,0.00438204220951851,0.33495852035927,0.0491937157353639,0.0413467580907936,0.0679131311444812,0.69828540555378,0.516095878170988,-0.354265679931318,0.0367973521442553,0.0221325624607051,0.617160072272875,7.85007738714682e-05,0.000307155806719387,0.371778395629612,0.0278713441253657,0.0375636452486632,0.194199992293708,0.263626354955641,0.15056776220761,-0.162242887112946,0.35176421198134,0.301009971441985,0.793446414597454,1.30840194553371e-08,2.81967383303552e-07,"brown",0.793446414597454,1.30840194553371e-08,2.81967383303552e-07,TRUE,TRUE
"K02377","brown",-0.0389243704083691,0.824313480665457,0.906701909827485,-0.467443992934249,0.00463609281500088,0.006074266501733,0.289251681386733,0.0919248070644509,0.0680378329559188,0.149048851646819,0.392800947015927,0.39104908774834,-0.428946506052279,0.0101357134906626,0.00781625981237912,0.410794242252588,0.0142330156386506,0.0152454320430998,-0.081524658854343,0.64152574845623,0.352320313846982,0.379863908676377,0.0243977672931831,0.0246797061060397,0.066163244499899,0.705708674732395,0.45727238024875,0.734186304484108,5.17763497845687e-07,3.88165849125358e-06,"brown",0.734186304484108,5.17763497845687e-07,3.88165849125358e-06,TRUE,TRUE
"K02387","turquoise",0.577610469479166,0.000279847823296564,0.00562687730238436,0.333065707215921,0.0505700557648554,0.0353984413818991,0.902702205231817,1.24276656626977e-13,4.86359817750919e-12,-0.400581504290275,0.0170964264899038,0.0719857739018357,-0.77341273668712,5.12554534591934e-08,3.88046611806132e-07,-0.242125772910117,0.16110473679361,0.0984845694274573,-0.261286121584717,0.129487165939289,0.118636308007223,0.0614483771032925,0.725841490162082,0.306749275005628,-0.410113237765518,0.0144104951897462,0.0347517871169326,0.323059122827921,0.0583654029384449,0.0380212373330184,"turquoise",0.902702205231817,1.24276656626977e-13,4.86359817750919e-12,TRUE,TRUE
"K02388","turquoise",0.569382111326716,0.000357327929983765,0.00660333752692541,0.347878375731887,0.0405806260879744,0.0301920792041769,0.923833104747492,2.56802146279233e-15,3.25349397955611e-13,-0.386715646381736,0.0217416740783919,0.0817809749637357,-0.751758310091022,1.93630251566654e-07,1.11270357262993e-06,-0.244801904691684,0.156383099185411,0.0967850506603147,-0.248706092042408,0.149675471293218,0.131328397465313,0.0734741187825112,0.674879873127287,0.292332621187148,-0.438291806038484,0.0084501239144553,0.0250752877260246,0.31254711695236,0.067549420403053,0.0425092500617609,"turquoise",0.923833104747492,2.56802146279233e-15,3.25349397955611e-13,TRUE,TRUE
"K02389","turquoise",0.619215549920627,7.31365706599798e-05,0.00280351614213076,0.276220616005439,0.108225156572137,0.0626287648076464,0.854160350813905,6.78800051508432e-11,8.76371481795125e-10,-0.36508984735583,0.0310431169315608,0.0972462990826691,-0.737638667563082,4.29398135280259e-07,2.2383264420763e-06,-0.158648076517752,0.362679198361499,0.184011469436711,-0.19995865504862,0.249450026977454,0.188374098218238,0.039869659366917,0.820115744050243,0.330164047999886,-0.366139312556092,0.030526773467925,0.0571615704600488,0.36638893748451,0.0304049975641161,0.0228194224466411,"turquoise",0.854160350813905,6.78800051508432e-11,8.76371481795125e-10,TRUE,TRUE
"K02390","turquoise",0.657247455748546,1.7933314532521e-05,0.00143332016401174,0.359960316725751,0.033670724697007,0.0263075886619485,0.916199555577496,1.17191412900039e-14,7.33810461491456e-13,-0.408719636240907,0.0147794923558769,0.068063354604138,-0.777625558754775,3.89138913760503e-08,3.11940713871806e-07,-0.237789334822853,0.168972323398137,0.102064839755899,-0.251961812649417,0.144244025617758,0.127761996591896,0.0410841794234111,0.814729656426595,0.328990971487474,-0.415669430207767,0.0130153781352508,0.0327518721294606,0.322369723626685,0.0589356546663292,0.0383053235427001,"turquoise",0.916199555577496,1.17191412900039e-14,7.33810461491456e-13,TRUE,TRUE
"K02391","turquoise",0.340807062457182,0.0451294232632958,0.162154495142648,0.277088190724355,0.107076441305943,0.0621661703188556,0.810267491514483,3.68621844376743e-09,2.71550277341523e-08,-0.301057775991619,0.0788449070150823,0.157189271439175,-0.564790942986742,0.000408403237671643,0.000562985802311075,-0.158255484807175,0.363883350922478,0.18430587595927,-0.153330335226317,0.379191503893309,0.25102475106963,0.139277909646291,0.424896578046246,0.210111922266511,-0.405376366003803,0.0156972027747816,0.0367905707874689,0.282845045748957,0.0996860564821514,0.0574596160158178,"turquoise",0.810267491514483,3.68621844376743e-09,2.71550277341523e-08,TRUE,TRUE
"K02392","turquoise",0.325612325498861,0.0562914310744315,0.180868045371816,0.2925065699569,0.0881634453263628,0.0538875704148292,0.803083423712723,6.42622121438108e-09,4.47096500624008e-08,-0.266245933788165,0.122108646927273,0.199020772524504,-0.524383131422859,0.0012225151254828,0.00138997388607415,-0.209470532577659,0.22716571391944,0.128191090343854,-0.167353984162307,0.336591231832016,0.230101785365734,0.136283576903891,0.435016748832726,0.213441959982293,-0.428866278051829,0.0101513361560487,0.0279888041527621,0.21518849450015,0.214441904267557,0.104884372834296,"turquoise",0.803083423712723,6.42622121438108e-09,4.47096500624008e-08,TRUE,TRUE
"K02395","turquoise",0.561646639142432,0.000447033778573371,0.00761810016252541,0.433843003806314,0.0092200721099221,0.00996046248658726,0.802510173578484,6.71107355072554e-09,4.61783823021719e-08,-0.397742815522381,0.017972906379194,0.0732965010650183,-0.580277278125757,0.000258174046493541,0.000383015164970332,-0.294419363201121,0.0860088895047633,0.0614097143264405,-0.235092998834068,0.174000747983065,0.146431642773965,-0.036742096590965,0.834022423670435,0.334189971790847,-0.37910515390031,0.024707713809691,0.0500003759786338,0.151287612308522,0.38564979104089,0.164340865997732,"turquoise",0.802510173578484,6.71107355072554e-09,4.61783823021719e-08,TRUE,TRUE
"K02396","turquoise",0.579246003286248,0.000266370889508099,0.00549411441133801,0.407848709712976,0.0150141017521047,0.0143677354054136,0.895844152909463,3.62810967372962e-13,1.16502140327665e-11,-0.371357971086464,0.0280625350131842,0.0925248093453069,-0.707764140838524,1.98399449984399e-06,7.75648573852619e-06,-0.284774280476625,0.0972982616826375,0.0675518520396159,-0.275796887734997,0.10878956441919,0.104371835970295,-0.00145529287624243,0.99338007489639,0.372682607372521,-0.384661026270445,0.0225116768271779,0.047032567336876,0.246530479996207,0.153386983048101,0.0801845892445643,"turquoise",0.895844152909463,3.62810967372962e-13,1.16502140327665e-11,TRUE,TRUE
"K02397","turquoise",0.515178276224859,0.0015405511381746,0.0177802959882462,0.204305813589173,0.239091344518686,0.113069484005613,0.823738517540985,1.2172544458736e-09,1.10463903847672e-08,-0.300313425934551,0.0796243417232278,0.157731225440598,-0.679285348394714,7.23375755703001e-06,2.1768026008434e-05,-0.0495201864543828,0.777560950774889,0.314461359328259,-0.152812355510369,0.380823115301791,0.251877243515493,0.105089344238553,0.547969676846818,0.252614910544411,-0.321142033941866,0.0599620773089143,0.0910504762572426,0.435466741174316,0.00893241135405806,0.00846715084453614,"turquoise",0.823738517540985,1.2172544458736e-09,1.10463903847672e-08,TRUE,TRUE
"K02400","turquoise",0.614365998601177,8.63604331478525e-05,0.00290625583972299,0.402297283590391,0.016584207293424,0.0154357842727559,0.911229179231914,2.92000620088667e-14,1.58991549533193e-12,-0.359912634602265,0.0336959745806964,0.101237524048948,-0.682994712366368,6.16170991574158e-06,1.92346321488574e-05,-0.293358828696998,0.0871983991859484,0.0620846999793709,-0.248688741258582,0.149704810205078,0.131328397465313,0.0218769783682454,0.900729146417867,0.351740228657863,-0.46626317099204,0.00475500174601714,0.0168182320701365,0.210044336138823,0.225866200210774,0.109257506021616,"turquoise",0.911229179231914,2.92000620088667e-14,1.58991549533193e-12,TRUE,TRUE
"K02401","turquoise",0.552598758589598,0.000576946992032195,0.00885273146165999,0.485230859450846,0.00313155103285886,0.00456750726030187,0.851691006337442,8.78357460954859e-11,1.08910066987153e-09,-0.354878623256484,0.0364498951383001,0.105987213859085,-0.593841444547,0.000169459876668005,0.00027352294631906,-0.328280981395407,0.0541866506112608,0.0429225701288644,-0.236510625338627,0.171343879985284,0.145014319892817,-0.0378471606214709,0.829102879878313,0.332886951245609,-0.430865970336816,0.00976797739212325,0.0276256677578856,0.104335456083725,0.550860336751115,0.216016248114865,"turquoise",0.851691006337442,8.78357460954859e-11,1.08910066987153e-09,TRUE,TRUE
"K02406","turquoise",0.637744300638455,3.77539936144408e-05,0.00219518518037239,0.353570870718009,0.0371944637028655,0.0282823410671113,0.786870086413337,2.08121478194539e-08,1.2010892288004e-07,-0.348701981931601,0.0400758349710954,0.111667013064061,-0.812049514947205,3.19987675960165e-09,4.0699244697125e-08,-0.421468571610845,0.0116824916315204,0.0132355777941559,-0.496117389239458,0.00243751802598926,0.00533778502921535,0.186713434406731,0.282834025598443,0.158440263290241,-0.294319826241883,0.0861199970185168,0.116882409235199,0.232424246763137,0.179081797551238,0.0906548228845343,"turquoise",0.786870086413337,2.08121478194539e-08,1.2010892288004e-07,TRUE,TRUE
"K02407","turquoise",0.635661067581543,4.07553521905038e-05,0.00219518518037239,0.355099882881991,0.0363251271652582,0.0277867022941092,0.88133081342603,2.79258162820199e-12,5.55115599053942e-11,-0.363391054412751,0.0318940656965981,0.0986376119561307,-0.68554147566133,5.51176868394893e-06,1.78231034469575e-05,-0.215342557832294,0.214106002472849,0.122670211738832,-0.216649650877775,0.211270724680987,0.168671852350962,0.00890752043400175,0.95949708871672,0.363895047732257,-0.407697608647125,0.0150551218711928,0.0357644579075821,0.294682132644941,0.0857161052960013,0.0512250369313551,"turquoise",0.88133081342603,2.79258162820199e-12,5.55115599053942e-11,TRUE,TRUE
"K02408","turquoise",0.607426077599504,0.000109034361483143,0.0033517582082847,0.417455570102735,0.0125918325500688,0.0125945895741659,0.897265757364356,2.92369057659844e-13,9.89572888181972e-12,-0.454102650054752,0.00614082898810366,0.0432813931427183,-0.764102330595025,9.23353043700213e-08,6.12014498601533e-07,-0.315627823043655,0.0647477812444176,0.0492104017265327,-0.300108233183095,0.0798402528037011,0.0823707309714193,0.0152020387463362,0.930929768404802,0.358223015059458,-0.399641355814867,0.0173826603190282,0.0393419451143916,0.233521279115238,0.176980567991437,0.0898063978645567,"turquoise",0.897265757364356,2.92369057659844e-13,9.89572888181972e-12,TRUE,TRUE
"K02409","turquoise",0.500010079458892,0.00222420050398994,0.0219197156003632,0.388859167484388,0.0209617751190999,0.0182783407246994,0.882234742492563,2.47880019512911e-12,5.00688868919733e-11,-0.419905498511423,0.0120298487824514,0.06046896197864,-0.709081329692942,1.8619494701229e-06,7.33950694358967e-06,-0.284335749378952,0.097837159930541,0.0678861101012096,-0.260287332769209,0.131012125134147,0.119507809575015,0.0586884868150734,0.737711813181114,0.309868703664552,-0.422918747130148,0.0113678459824943,0.0299740177827033,0.23430932038418,0.175482023026894,0.0892604467439413,"turquoise",0.882234742492563,2.47880019512911e-12,5.00688868919733e-11,TRUE,TRUE
"K02410","turquoise",0.474095791006467,0.00401305904169749,0.0331511460720483,0.309400999756818,0.0705078086046584,0.0453416390623741,0.821562869380769,1.46485238166263e-09,1.28772045478038e-08,-0.331369959743373,0.0518290659392686,0.125364699602954,-0.603966456637774,0.000122224973805746,0.000208948912301194,-0.140797552369947,0.419811155946878,0.20448191961868,-0.151009394477234,0.386534336150664,0.254562820274471,0.0329501854576059,0.850949384605976,0.338199386627856,-0.369359249945025,0.0289862655109859,0.0552527011600968,0.315690655850611,0.0646916067428971,0.0412018943766278,"turquoise",0.821562869380769,1.46485238166263e-09,1.28772045478038e-08,TRUE,TRUE
"K02416","turquoise",0.363229434367902,0.0319760069096789,0.127595750040751,0.240302345415378,0.164380178666871,0.0859860554621966,0.805772355425369,5.2333139819351e-09,3.70272646111856e-08,-0.308325547562456,0.0715420048021054,0.14831644916641,-0.567212485898279,0.00038070802270737,0.000533284888913978,-0.103350693148043,0.554646989523035,0.248430205520337,-0.0974338438834548,0.577650543966577,0.329156526718453,0.0914457214127252,0.601357500101248,0.269751005291407,-0.392532500402576,0.0196793467530505,0.0432301971191251,0.301153130748961,0.0787454869350227,0.0482048067660144,"turquoise",0.805772355425369,5.2333139819351e-09,3.70272646111856e-08,TRUE,TRUE
"K02418","turquoise",0.207704331044873,0.231197560728426,0.424412592016863,-0.0282690506989875,0.871935715290616,0.290985757239978,0.717916192403293,1.20526752692552e-06,4.62978639703321e-06,-0.013126967480172,0.940339718691483,0.594098426206386,-0.45706740598413,0.00577444555269358,0.00494069293638674,0.0215586422206072,0.902166678494317,0.346008540774332,-0.0593088370382001,0.735038364917185,0.384859009900495,0.227264279851275,0.189202450453651,0.117318268543561,-0.36308845910695,0.0320476216471705,0.0591240875438924,0.423449442476407,0.0112545074686198,0.0101892262606737,"turquoise",0.717916192403293,1.20526752692552e-06,4.62978639703321e-06,TRUE,TRUE
"K02419","turquoise",0.614830259619636,8.50073142657062e-05,0.0028911530181645,0.458739038021445,0.00557627141620925,0.00690758564876623,0.873577023784048,7.47356167957832e-12,1.26785166283177e-10,-0.4934027484326,0.00259664275419808,0.0270118237500512,-0.761758961730557,1.06632580756712e-07,6.91969490266388e-07,-0.336151958985069,0.0483414376075528,0.0395588905600175,-0.312037969727845,0.068021466338918,0.0731121398284858,0.0495201526458911,0.777561098823892,0.319475506328425,-0.408887744277246,0.0147345640528358,0.035146015012354,0.212546298537511,0.22025909633191,0.107134118962632,"turquoise",0.873577023784048,7.47356167957832e-12,1.26785166283177e-10,TRUE,TRUE
"K02420","turquoise",0.531251321180464,0.00102439089736258,0.0133129174750739,0.209376103628748,0.227380056683327,0.109060177166338,0.842584030425264,2.18624082566592e-10,2.467934991622e-09,-0.363516390668921,0.0318306385549442,0.0985982070582919,-0.703874515001129,2.3883526155477e-06,8.96972421760031e-06,-0.0644625335147666,0.712949028125733,0.296202559623877,-0.131050947847731,0.453016235695872,0.279676122459803,0.0764167084114473,0.662613490639323,0.288766562474461,-0.353151409845296,0.0374358816309499,0.0654116648608846,0.442603219764427,0.0077569413316043,0.00756337829563148,"turquoise",0.842584030425264,2.18624082566592e-10,2.467934991622e-09,TRUE,TRUE
"K02421","turquoise",0.386656343395137,0.0217635884829685,0.101574003474526,0.305017069398778,0.0747980093569727,0.047478882306778,0.724474761398748,8.63476830388996e-07,3.46588540280588e-06,-0.262660745149245,0.127409925719376,0.203990665536074,-0.471845015426865,0.00421522891724434,0.0037862650182729,-0.132420712342203,0.448266106100819,0.212807065231398,-0.123402467992792,0.480031687840789,0.291079981050545,0.0185567819678661,0.915736813375113,0.354480186532625,-0.343128862087855,0.0435927756729131,0.0725582578739301,0.24443511079514,0.157024264189679,0.081681649967145,"turquoise",0.724474761398748,8.63476830388996e-07,3.46588540280588e-06,TRUE,TRUE
"K02424","turquoise",0.529812371351754,0.00106337806585172,0.0136530910703933,0.357961863627584,0.0347423100063526,0.0268370743825349,0.731555631808291,5.959805400472e-07,2.5045742985458e-06,-0.435628496262791,0.00890417805506519,0.0513351140924974,-0.793540084509437,1.29962516647756e-08,1.27808794670797e-07,-0.399497347792852,0.0174268562153666,0.0179065921680648,-0.596892058930053,0.000153748725761855,0.000579030292398059,0.440200156828134,0.00813705088009867,0.0107686200448475,-0.393302661570874,0.0194189273080536,0.0427654421411077,0.176032692007543,0.311763526255346,0.139972190897618,"turquoise",0.731555631808291,5.959805400472e-07,2.5045742985458e-06,TRUE,TRUE
"K02426","purple",-0.38339988130879,0.0229954061238532,0.104803021946233,0.0267061013538624,0.878962601437818,0.292327902386622,-0.574692572578893,0.000305410506944683,0.000588421755746479,0.0950301089471619,0.587116465403133,0.477869892716694,0.702915624346767,2.49897872340022e-06,9.34838820712033e-06,-0.0123739766162793,0.943756383268297,0.355724757309904,0.24976313342117,0.147895971606082,0.130444590382439,-0.315328188300458,0.0650161921698932,0.0521908426275188,0.311008575682339,0.0689837477344172,0.100563096291613,-0.402693011271923,0.0164679104839728,0.0138232966873148,"purple",0.702915624346767,2.49897872340022e-06,9.34838820712033e-06,TRUE,TRUE
"K02429","brown",0.0243479969881643,0.889581499797663,0.939074319651922,-0.528936675888252,0.00108773937291346,0.00218395351131615,0.19561352902165,0.260098524046322,0.15217137983556,0.100690044431736,0.56493809050353,0.471171420540048,-0.536865180072226,0.000884071011684824,0.00106213815169939,0.488923286581449,0.00287904229477108,0.00457879253435042,-0.148123133811479,0.395780167438487,0.258495960652952,0.300121373552599,0.0798264124584402,0.0607412164387297,0.3777910598845,0.0252522031009383,0.0505272986060732,0.848370573858072,1.23322635947033e-10,1.08265165329496e-08,"brown",0.848370573858072,1.23322635947033e-10,1.08265165329496e-08,TRUE,TRUE
"K02433","blue",-0.17491407594869,0.314897240176267,0.504119417548085,-0.379860882945022,0.0243989968749386,0.0206073868521764,0.344239637604803,0.0428726773331808,0.0369515870123751,0.392583443231224,0.0196620317983718,0.0774065050904697,-0.487314835802335,0.00298677149987017,0.00288668374518652,0.0935754590617197,0.592877935835812,0.260729010611049,-0.453663433556561,0.00619676886788443,0.0115353274278808,0.829392956602587,7.43327537551e-10,3.069897149569e-08,-0.218252984748267,0.207828350551737,0.212965836382674,0.39709241589212,0.0181789219096181,0.0150560730118122,"blue",0.829392956602587,7.43327537551e-10,3.069897149569e-08,TRUE,TRUE
"K02454","green",-0.103426079912399,0.554356680565603,0.711187121897365,-0.218185205054073,0.207973084089976,0.102776286226701,-0.182495202460092,0.294044777923231,0.165874108152521,0.0831089854994448,0.635039668579279,0.49709436045997,0.343947211487616,0.0430613161564354,0.0250777034917716,0.572178064194989,0.000329088998408671,0.000889864049740714,0.776211863581088,4.27106342655814e-08,6.05963790625851e-07,-0.44857641241682,0.00687720871640319,0.00940263765352615,0.099185360018926,0.570796532684344,0.403482040178107,0.217618386821297,0.209186169817344,0.102837725801134,"green",0.776211863581088,4.27106342655814e-08,6.05963790625851e-07,TRUE,TRUE
"K02456","green",0.0973333886087551,0.578044761805116,0.728710214310314,0.0518394962062884,0.767422969715045,0.26685265661956,0.0355519967866048,0.839327464971594,0.349671762555054,-0.263620495365,0.125974339736589,0.20219144742802,0.192839821637271,0.267050580854924,0.109757131259423,0.327012363121625,0.0551792682490519,0.0436432490260076,0.758184315631187,1.32407868443167e-07,1.65793421177948e-06,-0.611085576697987,9.64872307589276e-05,0.000288902601197966,-0.115921745795524,0.50724280395992,0.377588388103847,0.0744319789100932,0.670877728688334,0.250328739207226,"green",0.758184315631187,1.32407868443167e-07,1.65793421177948e-06,TRUE,TRUE
"K02469","purple",-0.281508223782551,0.101366589697847,0.257343086590713,0.266326391052636,0.121991594468643,0.0685060196560776,-0.587092342142422,0.00020943911097422,0.000424411765573971,0.155004768299782,0.373945249112194,0.379660858588443,0.785817893490436,2.23829475942005e-08,2.07297666794573e-07,-0.205699335552295,0.235832948577719,0.131947845087957,0.135309091996946,0.438338668150975,0.274900991514452,-0.329634017289489,0.0531436921912604,0.0449818057248219,0.179450079821266,0.302311910974472,0.271273094229324,-0.678617640523722,7.44386497949753e-06,2.81739705715556e-05,"purple",0.785817893490436,2.23829475942005e-08,2.07297666794573e-07,TRUE,TRUE
"K02470","purple",-0.045055458687146,0.79717748886956,0.892671254611553,0.482491185564217,0.00333113595873008,0.00475461831723748,-0.497482169193974,0.00236078150187954,0.00342978291023929,-0.024132507475239,0.890552852554818,0.579584942880156,0.746715409225492,2.58868504693626e-07,1.42740585151956e-06,-0.352761458003435,0.037661454780717,0.0326507356580838,0.133089347284428,0.445957222175349,0.277422480868413,-0.506944122161187,0.00188436163014853,0.00323489926238097,0.151818089758911,0.383966502066448,0.317653217987354,-0.782817216299203,2.74841128607619e-08,4.4650069522289e-07,"purple",0.746715409225492,2.58868504693626e-07,1.42740585151956e-06,TRUE,TRUE
"K02478","blue",-0.211707902516844,0.22212729818472,0.413861599256731,-0.130972451214803,0.453289268209399,0.181026216278395,0.0502761513276815,0.774252479183283,0.331859091659116,0.281356372334398,0.101558836198918,0.179504192295997,-0.227374894646532,0.188981363579202,0.0834216109461796,-0.203499223317271,0.24099112264974,0.134226366394517,-0.531206680436176,0.00102558118667953,0.00270717557708849,0.716509164684525,1.29310510659481e-06,9.56005550188008e-06,-0.111243615629855,0.524643349530882,0.384238655415029,0.0254281397367754,0.884714996682563,0.304396593904722,"blue",0.716509164684525,1.29310510659481e-06,9.56005550188008e-06,TRUE,TRUE
"K02481","green",-0.3189992010926,0.0617874327377416,0.1900806052744,-0.459539907441067,0.00548341869014065,0.0068115161410517,-0.355486431188117,0.0361079860074432,0.0322532405898376,0.349632024461814,0.0395119264491998,0.110998207847147,0.515165328029622,0.00154104532116273,0.00167621675980827,0.596848350130769,0.000153964277396703,0.000503969786677321,0.846278531098135,1.52093564823906e-10,5.18181309940748e-09,-0.206301038187165,0.234435325974167,0.138008019702434,-0.0933964988343196,0.593588452017369,0.412675527909933,0.146229657849008,0.401914289452146,0.169628926876139,"green",0.846278531098135,1.52093564823906e-10,5.18181309940748e-09,TRUE,TRUE
"K02485","green",-0.330564907979847,0.0524354669752466,0.176755190577021,-0.272187124412494,0.113688170165909,0.0650534217244992,-0.281113088669339,0.101867414312774,0.0739544459122934,0.257113818312359,0.13594561110737,0.211731787142813,0.582964684119777,0.000237862348835725,0.000360163347751617,0.493941819336057,0.00256434264582882,0.00421710011657149,0.865187619785708,2.02147216615515e-11,1.08114912174562e-09,-0.428759040190986,0.0101722503190187,0.0125469859086481,-0.0682247538262808,0.696966316688638,0.453959787997786,0.0259837731899629,0.882213234762444,0.303847166680874,"green",0.865187619785708,2.02147216615515e-11,1.08114912174562e-09,TRUE,TRUE
"K02490","green",-0.264652812971081,0.124443657529129,0.291890222392241,-0.241555955551072,0.162123213742474,0.0852285826912306,-0.403344475729719,0.0162779452700952,0.0171017846293214,0.259660011521859,0.131976690407718,0.207295875581727,0.687616986164767,5.02900892741942e-06,1.67153267531496e-05,0.516870316638081,0.0014771569147814,0.00282900166209701,0.847187201452615,1.38906273097501e-10,4.96337813799417e-09,-0.508623897939743,0.00180922559237083,0.00314476331796285,0.011824995406432,0.946247988186884,0.535155031787995,-0.0611051389726998,0.727314410863526,0.266022176616885,"green",0.847187201452615,1.38906273097501e-10,4.96337813799417e-09,TRUE,TRUE
"K02492","turquoise",0.15463571306166,0.375097859792485,0.561680495436335,-0.14378350209977,0.409918839745179,0.168445113336765,0.714434543199113,1.43334728833718e-06,5.39045344964065e-06,0.180501937165515,0.299439740870029,0.334839917060567,-0.50404542502047,0.00202045723286776,0.00210611816070085,0.0760540815204375,0.664120550471685,0.281579922674245,-0.00974600675000846,0.955688032201723,0.4475986459757,0.333797691510127,0.0500341983205787,0.0431115608538254,-0.472211652999178,0.00418170843308198,0.0151894332417488,0.495452803741961,0.00247566645889491,0.00300487667775578,"turquoise",0.714434543199113,1.43334728833718e-06,5.39045344964065e-06,TRUE,TRUE
"K02501","turquoise",0.416465940965589,0.0128250415200566,0.0714898083258927,0.183464257912251,0.291444539678544,0.130120718672276,0.812035961957252,3.20333989533859e-09,2.46112415288554e-08,0.0579206217661024,0.741025180774666,0.533693228001397,-0.626731131202219,5.62180096397513e-05,0.000111030602298525,-0.235418911031055,0.173387352583666,0.103896816303163,-0.33767420317562,0.0472715527476977,0.0565793314080555,0.41262363128352,0.0137653294468072,0.0157955624413359,-0.582473618569327,0.000241463576304463,0.00219042899041564,0.236797262237285,0.170810214423923,0.0874315912758767,"turquoise",0.812035961957252,3.20333989533859e-09,2.46112415288554e-08,TRUE,TRUE
"K02510","brown",-0.194109225544405,0.263853956200538,0.45572182494496,-0.622706923217403,6.47773252994902e-05,0.000308220708527053,0.284607325940089,0.0975031599316007,0.0713975733799168,0.297446678135597,0.0826821305975219,0.161324308127926,-0.390858179314635,0.0202555377703098,0.013493205066807,0.602846274171055,0.00012679320717516,0.00044182379690436,0.139892611567573,0.42283538243041,0.269584468656461,0.317927227117004,0.0627168949598101,0.0506954354229258,0.0451253044718556,0.796869632983668,0.486455355702312,0.859839640795004,3.6843536999761e-11,7.77846459242848e-09,"brown",0.859839640795004,3.6843536999761e-11,7.77846459242848e-09,TRUE,TRUE
"K02518","salmon",0.415312411777492,0.013101462229404,0.0719679978477741,0.737137223567949,4.41308303151034e-07,8.05360628625219e-06,-0.00288053514399914,0.986897264178334,0.388968061028266,-0.630788809053668,4.8634093640998e-05,0.00418568531445258,-0.0479036048776572,0.784648755050976,0.250668549189367,-0.698178254369849,3.11746494303937e-06,3.31871787454875e-05,-0.3809610897197,0.0239552629523879,0.0331706999343224,-0.316960110799396,0.0635648660317766,0.0511973837882264,0.105040136776014,0.54815813641105,0.394009476338643,-0.59484360442152,0.000164146817906562,0.000348062229830743,"salmon",0.737137223567949,4.41308303151034e-07,8.05360628625219e-06,TRUE,TRUE
"K02523","blue",-0.180402931266067,0.299709340739727,0.488115518260269,-0.448683723714295,0.00686222009048845,0.00802397437791098,0.192604979173551,0.267644735311476,0.155319280123519,0.457766531440283,0.00569083900178155,0.0414618186931737,-0.287383384356099,0.0941386620970215,0.0470163613306345,0.165352107122246,0.34248554832663,0.17634018638816,-0.329468328888167,0.0532705436056706,0.0610935804689272,0.714813536168856,1.40673201318229e-06,1.01005516778841e-05,-0.211807220157774,0.221905424970521,0.222132942347508,0.36601193199383,0.0305890679581012,0.0229087242395277,"blue",0.714813536168856,1.40673201318229e-06,1.01005516778841e-05,TRUE,TRUE
"K02529","blue",0.0967507394726365,0.580333635263594,0.729725992933425,-0.177894246443615,0.306592157381198,0.135054599515319,0.694319002568192,3.72135358925573e-06,1.24276145137421e-05,0.136122730963985,0.435564099170352,0.411708673348746,-0.657402860981531,1.78234474240883e-05,4.49794634316559e-05,-0.0361671188123797,0.836584585297893,0.330731589357944,-0.354744134229161,0.0365259032784833,0.0461298812363022,0.786963423049142,2.06778430846421e-08,3.69634103808562e-07,-0.57177450410167,0.000333037948718019,0.00267468158986072,0.423375859010026,0.0112701650477132,0.0101892262606737,"blue",0.786963423049142,2.06778430846421e-08,3.69634103808562e-07,TRUE,TRUE
"K02556","turquoise",0.347756325750645,0.040655866222518,0.151135818969058,0.27166933197294,0.114404204305301,0.0653989998889458,0.795746649156731,1.10796508216126e-08,7.07926397225748e-08,-0.288219386841931,0.0931430483640841,0.172070090227722,-0.533039711916633,0.000977696629791246,0.00115284244370271,-0.142568685253012,0.413927422831042,0.202115941208559,-0.123036184274973,0.481346112811094,0.291635597393781,0.121582991487152,0.486579313719257,0.232378944106021,-0.431007337727212,0.00974134791879643,0.0276256677578856,0.283976502986386,0.0982803195097028,0.056835483557216,"turquoise",0.795746649156731,1.10796508216126e-08,7.07926397225748e-08,TRUE,TRUE
"K02565","turquoise",0.505003812928811,0.00197453888253833,0.0202977517925243,0.133871453114735,0.443264726188069,0.178083748601372,0.880685287134215,3.03890350039919e-12,5.94641259562155e-11,-0.192036908050869,0.269085543166153,0.314950756922889,-0.709914165172347,1.78836799906885e-06,7.13882412443555e-06,-0.105270160712748,0.547277430608225,0.245985035273813,-0.295706266095912,0.0845823150856222,0.0862307494756771,0.277795086857959,0.106147302827081,0.075673057746024,-0.414686602355786,0.0132535152062846,0.0330543657013902,0.455741985628277,0.00593584970465333,0.00612718559108849,"turquoise",0.880685287134215,3.03890350039919e-12,5.94641259562155e-11,TRUE,TRUE
"K02575","turquoise",0.653134022818725,2.10743721928768e-05,0.00164328702196652,0.473785513939535,0.0040404203005528,0.00548362681140708,0.716456961449863,1.29647403791399e-06,4.9051685481687e-06,-0.425730969487586,0.0107780832202349,0.0576611132027253,-0.769196133667683,6.71384758150943e-08,4.64094853094792e-07,-0.499448522096036,0.00225392960088296,0.0038377140453252,-0.523518629008848,0.00124970027965782,0.00315658315371756,0.0810562394991794,0.643448448027918,0.28279576909028,-0.309367838992328,0.0705395215693478,0.102235196148038,0.0445693017983655,0.799321130413203,0.283337830034759,"turquoise",0.716456961449863,1.29647403791399e-06,4.9051685481687e-06,TRUE,TRUE
"K02609","purple",-0.562682831008009,0.000433958804797032,0.00757398801860335,-0.0412798244299854,0.813862794288847,0.278417016492623,-0.525453767986289,0.00118957027444335,0.00191975800126394,0.286483951613031,0.0952188799977611,0.174250131535047,0.700551934898579,2.79196587623078e-06,1.023221317614e-05,-0.00160828337786774,0.992684160076119,0.36724410148669,0.227335678787541,0.189059723908005,0.155895209355409,0.10247918431662,0.558008244043588,0.256453012668228,-0.0938945697631749,0.591611911196651,0.411755790761099,-0.524545851835445,0.0012174568350064,0.00169604800125176,"purple",0.700551934898579,2.79196587623078e-06,1.023221317614e-05,TRUE,TRUE
"K02612","salmon",0.30681287022407,0.0730166684921206,0.211061744276048,0.757081791121639,1.41446058430389e-07,3.61382552761758e-06,-0.064592468142022,0.712394983268094,0.31270669903622,-0.293842115629677,0.0866547778486918,0.165235893727029,0.253392115390371,0.141903991268948,0.0662583482237063,-0.632207901414328,4.62082854897229e-05,0.000213290554996145,-0.356709720259287,0.0354277535363594,0.0450537034983233,-0.272935623534311,0.112659056988386,0.079230621947109,-0.0230300811624056,0.895524633799804,0.520655190586695,-0.71319565856298,1.52359889626731e-06,8.64990779343518e-06,"salmon",0.757081791121639,1.41446058430389e-07,3.61382552761758e-06,TRUE,TRUE
"K02613","blue",-0.361212874510936,0.0330129435882292,0.130138570470492,-0.346233549125358,0.0416041251712549,0.0307878270777154,-0.00856859422924734,0.961037009958679,0.382925101506538,0.424034919449879,0.0111305806397206,0.0588373781668253,-0.112521726853869,0.519860577000592,0.185247721131171,-0.0193786789688084,0.912018875212023,0.347980057946407,-0.393757279643096,0.0192665562793724,0.0280294119095624,0.783054437309536,2.70447897250919e-08,4.4987588507106e-07,-0.117549455191044,0.501257030875379,0.375201973968085,0.158064521342751,0.364469932661425,0.157540424874631,"blue",0.783054437309536,2.70447897250919e-08,4.4987588507106e-07,TRUE,TRUE
"K02614","turquoise",0.227705868031183,0.188320928830539,0.376759705551461,-0.0384633601084379,0.826362432672055,0.281410885616573,0.726239366817175,7.88105699271034e-07,3.19406752378451e-06,0.0609575941229937,0.727947858523269,0.527919345794146,-0.460685551285684,0.00535290674742279,0.00463785022584572,0.0358910972456827,0.837815155805977,0.331048889255166,-0.0340848669798342,0.845876978088465,0.416995986927525,0.470780094377398,0.00431391180085999,0.00649898798869337,-0.705330232740036,2.22894240726768e-06,0.000108128935949754,0.393527292464521,0.0193435144341465,0.0157629744805796,"turquoise",0.726239366817175,7.88105699271034e-07,3.19406752378451e-06,TRUE,TRUE
"K02636","green",-0.497979622216777,0.0023333404976082,0.0226738284828371,-0.534732131410483,0.000935248257050717,0.00196299929205746,-0.485523786735734,0.00311083930941371,0.00429999038833429,0.337749713782199,0.0472189797189799,0.120275030822507,0.582370806892105,0.000242223685980626,0.000364453152785082,0.706541180313843,2.1038142238837e-06,2.67310595455196e-05,0.864995891804741,2.06635183503502e-11,1.08114912174562e-09,-0.284555225140108,0.0975671689420332,0.0710346671371981,0.122886408098648,0.481884128750221,0.365704148759377,0.204306222053812,0.239090385013548,0.114500475544801,"green",0.864995891804741,2.06635183503502e-11,1.08114912174562e-09,TRUE,TRUE
"K02653","green",-0.0829423790569849,0.635720494499539,0.77483736977317,-0.147340625583643,0.398308620441895,0.16493425886951,-0.0872103008565474,0.618373844141144,0.283665532442533,-0.146203575992067,0.401999162364624,0.395750541895003,0.291689158218723,0.0890967270863636,0.0449929173349449,0.5029620882888,0.00207348412882436,0.00362984999052757,0.83539183430167,4.3176936386935e-10,1.1934804659037e-08,-0.444953081412252,0.00740001778901231,0.00989159566273501,-0.0890364785589369,0.611012291148355,0.419676808146499,0.18339040255609,0.291642193021133,0.132973644844004,"green",0.83539183430167,4.3176936386935e-10,1.1934804659037e-08,TRUE,TRUE
"K02658","black",-0.377019715407199,0.0255763918103754,0.111704541827555,-0.604624362176084,0.000119611391867898,0.000471964249630444,-0.328989060897964,0.0536388303281595,0.0443681711995798,0.345564177788116,0.042026564158986,0.113566279104072,0.262187891645368,0.128121662284877,0.0608657835191885,0.709762460121696,1.80156977766316e-06,2.36537669235494e-05,0.492984044031595,0.00262197478927141,0.00566549914913158,0.182928734984384,0.292879664687565,0.162260097613116,0.0132012219866222,0.940002847710921,0.534221880031029,0.28221912330885,0.100470252288981,0.0577540054262744,"black",0.709762460121696,1.80156977766316e-06,2.36537669235494e-05,TRUE,TRUE
"K02662","green",-0.0110084690895962,0.949954793505799,0.976843189076243,-0.0219379587076798,0.90045380866953,0.297328889560073,-0.0824266974435857,0.637829651957164,0.290833578398627,-0.195542031597703,0.260276211664218,0.309308946608714,0.354256030527873,0.0368028434952446,0.0221325624607051,0.35576499074767,0.0359521618956281,0.0314331214885263,0.736349997014071,4.60619507271202e-07,4.62198819169251e-06,-0.50394522604714,0.00202531146710649,0.00343738103458684,-0.0815472532476009,0.641433064088618,0.431196127465067,0.0446934269532039,0.798773679923442,0.283238852068883,"green",0.736349997014071,4.60619507271202e-07,4.62198819169251e-06,TRUE,TRUE
"K02686","turquoise",0.611574886027033,9.49119541194472e-05,0.00301655629448226,0.404094920917895,0.0160613961427571,0.0151004563608764,0.822662270812189,1.33442904205951e-09,1.19367350382396e-08,-0.391453187000323,0.0200491890159021,0.0784471380349601,-0.642026027317823,3.22038654747691e-05,7.22825448833896e-05,-0.237472721406255,0.169557330315853,0.102180515990434,-0.228159204593342,0.187418964237283,0.154852089090987,0.051457711534768,0.769089237769239,0.317629139177424,-0.428255243290693,0.0102709938932025,0.0282298062690115,0.25260128302536,0.143194363974793,0.0759466177644884,"turquoise",0.822662270812189,1.33442904205951e-09,1.19367350382396e-08,TRUE,TRUE
"K02768","turquoise",0.49174892317813,0.00269795941893575,0.0246193417724445,0.264998022618667,0.123934892808927,0.0692494315747153,0.907445457367317,5.64901347584575e-14,2.6201548030294e-12,-0.274442321641865,0.110608749781354,0.188665350408912,-0.703894053673189,2.38614574644786e-06,8.96972421760031e-06,-0.24030725233137,0.164371300627693,0.0998615081826033,-0.243576387382896,0.158532762194871,0.136860003027209,0.130163855447684,0.45610693235657,0.221611019100798,-0.447316068605846,0.00705535530238006,0.0222166696263165,0.304434976660253,0.0753826205924013,0.0465782257287249,"turquoise",0.907445457367317,5.64901347584575e-14,2.6201548030294e-12,TRUE,TRUE
"K02770","turquoise",0.612512829794042,9.1956874652086e-05,0.00301655629448226,0.386059939763869,0.0219849999327802,0.0190244843348601,0.951589482857378,1.78884734747998e-18,1.12011184532072e-15,-0.39039222706067,0.0204183606778836,0.0794390747312468,-0.815224267162278,2.47767331372755e-09,3.23769208740486e-08,-0.302416698280067,0.077437212283842,0.0567292546546883,-0.317792850833728,0.0628341801522089,0.0689917894073365,0.117028627079364,0.503168444336215,0.238196007154963,-0.480588569813045,0.00347615462884864,0.0135193072663334,0.289282166050747,0.0918890176951657,0.0539369293624625,"turquoise",0.951589482857378,1.78884734747998e-18,1.12011184532072e-15,TRUE,TRUE
"K02781","brown",0.256264658915562,0.137288595616797,0.309595711462016,-0.281142598732273,0.101829946217217,0.0597397893103274,0.509398311046581,0.00177547915681261,0.00270826106046131,-0.0638624336775112,0.715509741005158,0.522670145818342,-0.593180286618608,0.00017304892880641,0.000278373944116834,0.400352223612733,0.0171658662945223,0.0176691465255607,0.0740244365316942,0.672579447545071,0.364533048439293,0.023657423348189,0.892694920320104,0.349286125960923,0.0254738350605502,0.884509209945958,0.517577786881205,0.780705087702792,3.16965029914246e-08,4.92216547855545e-07,"brown",0.780705087702792,3.16965029914246e-08,4.92216547855545e-07,TRUE,TRUE
"K02782","brown",0.0599111391619964,0.732445622166613,0.849681549869651,-0.465092323205493,0.00487549479154852,0.00623603064026151,0.430197788055027,0.009894681863565,0.0113786846043915,0.119183819486996,0.495282899131953,0.440181553328437,-0.462662028150095,0.00513402677910578,0.00447258261400297,0.571857414372876,0.000332223217279638,0.000894246387215167,0.21866500878836,0.20695003276929,0.166401213011644,0.123817967898025,0.478542911107352,0.229366188142475,-0.021068618902522,0.904380106446651,0.523778554235613,0.855496306504297,5.89291386667711e-11,7.77846459242848e-09,"brown",0.855496306504297,5.89291386667711e-11,7.77846459242848e-09,TRUE,TRUE
"K02784","turquoise",0.533960614890582,0.000954392880058044,0.0126187995472191,0.272438351372714,0.113341973594094,0.0649499851889117,0.942148664049687,3.15172438731169e-17,7.8939856425139e-15,-0.302165018756695,0.0776964407340511,0.155816232868465,-0.759846125536164,1.19785324091491e-07,7.5175164153456e-07,-0.155021238355863,0.373893859606239,0.187846345459437,-0.20364619010999,0.240644215812763,0.183426215198613,0.209929539677708,0.226125778110749,0.134405371376026,-0.5656567487814,0.000398301656041518,0.00301880451801707,0.335086930700114,0.0491014400850127,0.0331733265972772,"turquoise",0.942148664049687,3.15172438731169e-17,7.8939856425139e-15,TRUE,TRUE
"K02804","brown",-0.31026311859133,0.0696872366245886,0.205454819934949,-0.643046793877848,3.09948584267252e-05,0.000184160944215759,0.205757570908751,0.235697435520878,0.141641036406862,0.247236626915268,0.15217508190159,0.225628013332851,-0.384415432700268,0.0226052105240269,0.0148000562173565,0.44059670323603,0.00807325298729448,0.0100419184809987,0.018689248744591,0.915137464961831,0.437845116297217,0.568780772426178,0.000363676284787015,0.000859109702472001,-0.0481169576238469,0.783712333157332,0.481517537035339,0.722080804366989,9.76305872468384e-07,6.1366364127264e-06,"brown",0.722080804366989,9.76305872468384e-07,6.1366364127264e-06,TRUE,TRUE
"K02805","green",-0.252835833016014,0.142810765072667,0.317344365749379,-0.115373627738141,0.509266491255586,0.196694213825443,-0.358484404533279,0.0344594747108234,0.0311360507847603,0.0143986191011959,0.934572060763702,0.592462036064736,0.557720445554685,0.000499812018097448,0.000666829821241234,0.413214314529956,0.0136171116224782,0.014840200527427,0.823071959684182,1.28864446317428e-09,3.04495433242376e-08,-0.507133569852819,0.00187575322439231,0.00323245508050394,-0.0503160260917999,0.774078075697757,0.478907676172858,-0.105556758308082,0.546181053122427,0.214486321545986,"green",0.823071959684182,1.28864446317428e-09,3.04495433242376e-08,TRUE,TRUE
"K02831","green",-0.369679747273128,0.0288364867567325,0.120984577639467,-0.0486144641169389,0.78152990054147,0.270331382214107,-0.506298839295998,0.00191394301294885,0.00288781265067299,0.178432562560726,0.305106887502701,0.337921885256362,0.753900387221552,1.70806959821326e-07,9.99613975193452e-07,0.202277744927161,0.243887348403314,0.135379151659262,0.718541882641169,1.1679916082434e-06,1.04336252863951e-05,-0.438875974432553,0.0083532163097382,0.0109939545402937,-0.0199942579719282,0.909235436638153,0.525200675912999,-0.375374297300432,0.0262794242554692,0.0201821263564681,"green",0.718541882641169,1.1679916082434e-06,1.04336252863951e-05,TRUE,TRUE
"K02834","turquoise",0.289919741089685,0.0911429405582143,0.243621797585346,-0.00161644562554907,0.992647032235282,0.317810534489176,0.802992015455355,6.47087986698274e-09,4.47716259340702e-08,0.132514969629276,0.447940231882551,0.418124548504754,-0.636842774667025,3.90274048106409e-05,8.4658374002671e-05,0.0172440438058619,0.921678739822583,0.350195785869817,-0.108104065650456,0.536482231118782,0.313502038591757,0.360530233689183,0.0333701198428638,0.0315444349849255,-0.539590851294847,0.000822284592119251,0.00496015914023272,0.444300025962812,0.00749777307199148,0.00737881025657647,"turquoise",0.802992015455355,6.47087986698274e-09,4.47716259340702e-08,TRUE,TRUE
"K02835","turquoise",0.565166532859357,0.000403993465947445,0.00721545871862559,0.543671047243567,0.000736921963762619,0.00168123091814701,0.733076958689961,5.49520187865623e-07,2.33160899230148e-06,-0.39047062607176,0.0203908889323068,0.0794390747312468,-0.319120391638455,0.061683041315035,0.0332247390246717,-0.33946418325419,0.0460378728112445,0.0382044895646271,-0.021643299589976,0.901784355432298,0.432901526969368,-0.172900839278597,0.3205867095249,0.173258587045773,-0.65059621230073,2.32530241485718e-05,0.000547290056362393,-0.101965281391164,0.559994693932357,0.218852917309706,"turquoise",0.733076958689961,5.49520187865623e-07,2.33160899230148e-06,TRUE,TRUE
"K02837","turquoise",0.516690401426909,0.00148378698764549,0.0173126532828564,0.291993897412775,0.0887479072821625,0.0541153447550488,0.811052080389554,3.46422496679695e-09,2.60712682071762e-08,-0.262793051166567,0.12721130558757,0.203840433112759,-0.651807572825257,2.21888528492679e-05,5.39961933541266e-05,-0.179423094926262,0.302385824292553,0.160159827484892,-0.395048437931141,0.0188392306177086,0.0275170320994598,0.170408570449563,0.32771808275838,0.175616161081218,-0.260987816354032,0.129941237560784,0.155396338298741,0.341402840294084,0.0447310253483616,0.0309331102299667,"turquoise",0.811052080389554,3.46422496679695e-09,2.60712682071762e-08,TRUE,TRUE
"K02858","turquoise",0.608616291403964,0.000104801391347371,0.00325291308871404,0.252151839096563,0.143931520261596,0.0777858687796028,0.708825461989778,1.88510542534233e-06,6.77403572435968e-06,-0.44089021412174,0.00802630718170662,0.04883302982837,-0.555133947694144,0.00053753773371138,0.000700506606878171,-0.0966365631750185,0.580782638478684,0.256459771583393,-0.117156467125645,0.502698937884132,0.300104681456001,-0.0700285493331661,0.689348170422128,0.296985627792138,-0.410134781986447,0.0144048520912219,0.0347517871169326,0.268083753438765,0.119455729746864,0.0664956793993621,"turquoise",0.708825461989778,1.88510542534233e-06,6.77403572435968e-06,TRUE,TRUE
"K02860","purple",-0.298832113235271,0.0811932330638022,0.227697163249979,0.127512578547704,0.465411228251018,0.18428295812493,-0.701606625090225,2.65756119162583e-06,9.2192199320912e-06,0.129586863433986,0.45812326976549,0.422987959167275,0.895626675545914,3.74889456275802e-13,3.14436719904857e-11,-0.0607719288500799,0.728745218758439,0.300961538104174,0.342480220606508,0.0440177639127266,0.0534269113031338,-0.512458451151507,0.00164746213355621,0.00288892547742525,0.259121478204732,0.132808912984989,0.157748267295395,-0.66326556903379,1.40989202982454e-05,4.74143695411374e-05,"purple",0.895626675545914,3.74889456275802e-13,3.14436719904857e-11,TRUE,TRUE
"K02871","salmon",0.566685269445375,0.000386591122927534,0.00698237025266204,0.809623386308829,3.87823096962678e-09,1.82213984088595e-07,0.435454683718698,0.00893451895343021,0.0104180154561132,-0.551848342910969,0.000589093604028646,0.014855445063351,-0.497047316227528,0.0023849995513054,0.00240244073759766,-0.861595565802082,3.03362708800907e-11,1.1949030611372e-08,-0.651072981578019,2.28287866331235e-05,0.000119443950446615,-0.0768067506309549,0.660993947158696,0.288191007016157,-0.126644553640786,0.468479150034953,0.357886811532451,-0.387807796499824,0.021341350715272,0.0169938327759062,"salmon",0.809623386308829,3.87823096962678e-09,1.82213984088595e-07,TRUE,TRUE
"K02874","salmon",0.561386853686934,0.000450366259217173,0.00761810016252541,0.859487175806283,3.82970762480783e-11,4.3486998448335e-09,0.406274037671343,0.0154462259910331,0.0164069057713746,-0.640419306957288,3.41935254615666e-05,0.00388749516577084,-0.374881147353566,0.0264932050002403,0.0168035493021442,-0.754068068274138,1.69129250899547e-07,4.25218941659018e-06,-0.441736804356067,0.00789220173860646,0.0140146930563031,-0.0738144756948526,0.67345677757421,0.29203012550312,-0.302359616180089,0.0774959475253273,0.109052103120706,-0.452004678577166,0.00641199541459658,0.00647933874027694,"salmon",0.859487175806283,3.82970762480783e-11,4.3486998448335e-09,TRUE,TRUE
"K02878","salmon",0.447125279478022,0.00708266410953963,0.0481771854429749,0.907185799831334,5.90457043775851e-14,1.20685370037874e-11,0.141034555050058,0.419021123853604,0.213167302149213,-0.54573584771256,0.000696790442706523,0.0155799565753958,-0.111960025533568,0.521959853764071,0.185579836993897,-0.8038475587307,6.06389600428539e-09,3.74398465968346e-07,-0.493390576031259,0.00259737617571632,0.0056289516422776,-0.203414524744758,0.2411912013326,0.140706484565038,-0.108329904945088,0.535626358975882,0.38895520702427,-0.68895117177761,4.73938048411989e-06,2.00186755115418e-05,"salmon",0.907185799831334,5.90457043775851e-14,1.20685370037874e-11,TRUE,TRUE
"K02886","turquoise",0.665669777409323,1.27877542718423e-05,0.00112803252535606,0.584395356534673,0.00022764261232903,0.000732257194429459,0.7137683337943,1.48125270212051e-06,5.5044934469687e-06,-0.406816107385608,0.0152963075324228,0.0686826945310226,-0.473997842354409,0.00402167910789247,0.00366601618797335,-0.485514707312756,0.0031114794872153,0.00485694066056123,-0.330666988217617,0.0523582639286616,0.0603502465116354,0.00536127667948332,0.975615651722854,0.368269997404377,-0.486645119668165,0.00303265030379964,0.012346796600048,-0.132923916108953,0.446527875429012,0.184534732363893,"turquoise",0.7137683337943,1.48125270212051e-06,5.5044934469687e-06,TRUE,TRUE
"K02892","salmon",0.506015708451165,0.00192705019763761,0.0202416434099909,0.751722179663128,1.94038203562073e-07,4.50682704287055e-06,0.501665291429383,0.00213855601776529,0.0031807288169856,-0.62785633177936,5.4014757063228e-05,0.00420296456765369,-0.498770521431739,0.00229028514535107,0.00232668893689017,-0.699949062629589,2.87155429658833e-06,3.1712099078357e-05,-0.624762323054825,6.02689944958367e-05,0.00027251367262381,0.157724571736349,0.365515548178093,0.189284553091242,-0.314951005922917,0.0653553131302386,0.0966415877523226,-0.321393522701668,0.0597506746631696,0.0386139770413554,"salmon",0.751722179663128,1.94038203562073e-07,4.50682704287055e-06,TRUE,TRUE
"K02899","turquoise",0.50087147882139,0.00217926317104928,0.0217043749465562,0.378571551721278,0.0249276286568547,0.0209672276904333,0.794611214489342,1.20305673971168e-08,7.53310843791304e-08,-0.322013407699695,0.0592321130866836,0.133980651504124,-0.519991128804909,0.00136621889250425,0.00152251255541618,-0.197278065935038,0.255984391273868,0.141160026108077,-0.174517026614606,0.316014272585033,0.221513282403492,-0.0255429308818048,0.884198054288823,0.34686809243947,-0.503049725447503,0.00206914971434225,0.00948338564321887,0.128556278240804,0.461736553595242,0.188812795511979,"turquoise",0.794611214489342,1.20305673971168e-08,7.53310843791304e-08,TRUE,TRUE
"K02906","turquoise",0.581853900382455,0.000246077793367727,0.00536015237236442,0.760265978207213,1.16776643799032e-07,3.22545203621483e-06,0.720488912914232,1.05864711463379e-06,4.14304207813762e-06,-0.577732518714847,0.000278821508087547,0.0102337242958837,-0.563823828258557,0.000419955861631384,0.000572295021873261,-0.702467864474844,2.55222327116273e-06,2.92854724957981e-05,-0.489734304472134,0.00282601650757167,0.0060088980195753,0.0996767912398473,0.568880128855861,0.259755094975944,-0.548892321339305,0.000639177479753108,0.0041912644402641,-0.268292444780012,0.11915722545752,0.066399520134402,"turquoise",0.720488912914232,1.05864711463379e-06,4.14304207813762e-06,TRUE,TRUE
"K02914","turquoise",0.375764355267022,0.0261113423431472,0.113500621931425,-0.0272592367624864,0.876474684256066,0.291957975995511,0.796099858973759,1.07983249738383e-08,6.93489494275742e-08,-0.0870825927040423,0.618890032299008,0.489927104829925,-0.592427048176635,0.00017722071215498,0.000281758864140294,0.0501677498147664,0.774726658562349,0.31351432105896,0.025805570970746,0.883015476509885,0.428777873676647,0.188626418293468,0.277842223291996,0.156891414455297,-0.594306481977584,0.000166975562854178,0.00175053703797566,0.453401532222175,0.00623033307567185,0.00633212515401339,"turquoise",0.796099858973759,1.07983249738383e-08,6.93489494275742e-08,TRUE,TRUE
"K02916","turquoise",0.57617214336343,0.000292199351126737,0.00579527516184144,0.304563784680584,0.075252949841983,0.0476197734292968,0.821518036330872,1.47041365606358e-09,1.28772045478038e-08,-0.43056917071079,0.00982408701081712,0.0546035226190248,-0.892831738004184,5.67490457630137e-13,4.16418074583206e-11,-0.305891215839247,0.0739267207808179,0.054807522824211,-0.553226453209219,0.000566958017609744,0.00170553761078968,0.397803568755956,0.0179537626257131,0.0192208761720115,-0.411551768254539,0.0140377569198171,0.0340876696347043,0.276038210663355,0.108467849747575,0.0615152940407101,"turquoise",0.821518036330872,1.47041365606358e-09,1.28772045478038e-08,TRUE,TRUE
"K02919","salmon",0.441633182981425,0.0079085125979235,0.0518104810974619,0.830170179759737,6.93632589984422e-10,5.90723933512042e-08,0.147070020456949,0.399185158469266,0.205302162908311,-0.501753867707634,0.00213405525121759,0.0244196844745474,-0.220326051174938,0.203435231170206,0.088572346429352,-0.87199510787628,9.0638845455317e-12,5.35520504418255e-09,-0.607680393179887,0.000108117199336185,0.000428087379099303,-0.171838108548274,0.323615687592731,0.17419719293401,0.0682426473265549,0.696890600548014,0.453959787997786,-0.570275898927621,0.000348074576102871,0.000640345236744822,"salmon",0.830170179759737,6.93632589984422e-10,5.90723933512042e-08,TRUE,TRUE
"K02926","turquoise",0.588178994106378,0.000202480742282884,0.00486714987276979,0.649284215489104,2.44576042026927e-05,0.000157200206102367,0.802154504537834,6.89363389755574e-09,4.71753607657391e-08,-0.527714079469424,0.00112257363650598,0.0195735178808094,-0.624241095937037,6.13846366902434e-05,0.000119502769583099,-0.632696902290829,4.5398052423442e-05,0.00021120064502772,-0.45467489168297,0.00606859734674938,0.0113399625721716,0.226551261046185,0.190631932059337,0.11799301037847,-0.645628676083483,2.81180185885856e-05,0.000605291882022586,-0.167819269803259,0.33523021484015,0.147820725473523,"turquoise",0.802154504537834,6.89363389755574e-09,4.71753607657391e-08,TRUE,TRUE
"K02933","salmon",0.27147272308253,0.114676971446315,0.278391130122476,0.742833577107693,3.22239851607577e-07,6.52480656140871e-06,0.0682471849220762,0.696871400222419,0.308160873600759,-0.376092514192277,0.0259706207815438,0.0884986018731182,-0.0265924508363658,0.879473925803171,0.273452547583449,-0.644550503985771,2.9288584867664e-05,0.00015589678135368,-0.401235234934575,0.0168997267461709,0.0252377152541681,0.0299758795016712,0.864272973189654,0.341287296705048,-0.239255758546327,0.166281638554125,0.183790888493645,-0.629600476754325,5.07532614209531e-05,0.000138339627698795,"salmon",0.742833577107693,3.22239851607577e-07,6.52480656140871e-06,TRUE,TRUE
"K02945","salmon",0.255405947351056,0.138656583747048,0.311733543065622,0.715679211934383,1.34762725485038e-06,2.07947811033107e-05,-0.214694754305955,0.21552083878939,0.132826175882324,-0.40470051363827,0.0158884107307097,0.069543878901068,0.217810089217219,0.208775348917803,0.0901975019814552,-0.65795083048352,1.74409043455065e-05,0.000107493247995574,-0.383205301286274,0.0230708007064858,0.0322168801050267,-0.320825243718338,0.060229213877745,0.0491385956573687,0.1874697793642,0.280853511636432,0.258254426121527,-0.732895539256568,5.54880475241814e-07,4.06902842912255e-06,"salmon",0.715679211934383,1.34762725485038e-06,2.07947811033107e-05,TRUE,TRUE
"K02946","salmon",0.554838407376564,0.000542005346486396,0.00862085120754731,0.924058060617138,2.44986583543638e-15,8.34559623513795e-13,0.256467095444181,0.136967550781587,0.0933897560715634,-0.672688985412544,9.56814544235663e-06,0.00186127729063505,-0.207051805409654,0.232699319851462,0.0983943994611447,-0.788089038584311,1.91199799389157e-08,8.06902638859874e-07,-0.377110374527201,0.0255381115521822,0.0350290418718563,-0.313752846250795,0.0664417998632806,0.0529096823028684,-0.165305683343704,0.342622980454895,0.295207674843673,-0.595287554230858,0.000161841270600097,0.000343863962524038,"salmon",0.924058060617138,2.44986583543638e-15,8.34559623513795e-13,TRUE,TRUE
"K02948","salmon",0.581530476150924,0.000248517060412135,0.00536830433876753,0.78439340630014,2.46842810598522e-08,8.69878922236607e-07,0.636476171454539,3.955624531306e-05,9.97211093702405e-05,-0.566624931397305,0.000387269558414885,0.0119579331491053,-0.584901107537667,0.000224124937289625,0.000342625712898828,-0.804647159974746,5.70506391872154e-09,3.74398465968346e-07,-0.630325306934205,4.94509676646508e-05,0.000229259358422673,0.0749116421279151,0.668876925791653,0.290254347681758,-0.312028539523905,0.0680302337018649,0.0995876862303426,-0.295406510812891,0.084912961618803,0.0508887586805781,"salmon",0.78439340630014,2.46842810598522e-08,8.69878922236607e-07,TRUE,TRUE
"K02952","salmon",0.628390693825141,5.29959737568412e-05,0.00246760953561401,0.914476875701673,1.61818479056948e-14,4.13432340883534e-12,0.335284567192717,0.0489596892048664,0.0411776974944819,-0.598461445555595,0.000146186275178098,0.00718706244075167,-0.239371182399624,0.166071163860572,0.0754019430944275,-0.740434953515807,3.68222145707704e-07,7.01794482931189e-06,-0.374521321813694,0.0266500916835128,0.0361505003751324,-0.414070910728718,0.0134045584974634,0.0155114988826514,-0.0548808103044074,0.754186573314766,0.472772454653335,-0.505580827938011,0.00194733543169737,0.00247182816999598,"salmon",0.914476875701673,1.61818479056948e-14,4.13432340883534e-12,TRUE,TRUE
"K02954","salmon",0.519849142264252,0.00137110244407153,0.0165411868441384,0.749386749952474,2.22149147377015e-07,4.83040022247417e-06,0.514947671734995,0.00154937327979862,0.00240734938099737,-0.413553216062932,0.0135326807882012,0.0647958537121003,-0.524777666045376,0.00121028252791509,0.00138043032966625,-0.753260917021639,1.77346631508451e-07,4.36589655559178e-06,-0.605974002245277,0.000114406364902957,0.000448144370742029,-0.00939989071548455,0.957260248011427,0.36352610184926,-0.127187999707214,0.466557161862362,0.357325074932057,-0.266895080728852,0.121166625603844,0.0672354007568829,"salmon",0.749386749952474,2.22149147377015e-07,4.83040022247417e-06,TRUE,TRUE
"K02956","salmon",0.341615332698016,0.0445896174409289,0.160957721738848,0.706431761965262,2.11485063940942e-06,2.80688938815771e-05,-0.013692328798961,0.937775100208347,0.376894111750739,-0.468637947776634,0.00451847957028237,0.0366238833108253,-0.0952950065674514,0.586069945987454,0.201765438556361,-0.615629912155019,8.272135421342e-05,0.00031839848668345,-0.440949761339174,0.00801681134355496,0.0141508628528914,-0.314694977731868,0.0655862968680158,0.0525157343126484,0.200461664925508,0.248236363495513,0.239357684267579,-0.507018847817081,0.00188096201341576,0.00240466039428614,"salmon",0.706431761965262,2.11485063940942e-06,2.80688938815771e-05,TRUE,TRUE
"K02963","salmon",0.626207070022815,5.72715843699408e-05,0.00253697937881024,0.839745870867024,2.87112527786933e-10,2.66744688586674e-08,0.424169399276138,0.0111022793091531,0.0124920895553015,-0.592523168376877,0.000176683386587314,0.00763776886472259,-0.338648270850544,0.0465969653833414,0.0268905163452077,-0.763854180863912,9.37609966226685e-08,2.63793845804817e-06,-0.449597431046681,0.0067357279925869,0.0122887683189277,-0.0924341496730529,0.597415571845122,0.268687197429108,-0.37580711439015,0.0260929707915555,0.0517580337651685,-0.511812937408274,0.0016737713500903,0.0022007348645601,"salmon",0.839745870867024,2.87112527786933e-10,2.66744688586674e-08,TRUE,TRUE
"K02965","salmon",0.464099137034193,0.00497975935371253,0.0383621461537806,0.89425145654805,4.60388503395628e-13,6.72144660517989e-11,0.0183396533800613,0.916719314412544,0.371475039336784,-0.62453043921342,6.07630438428848e-05,0.00437783175650202,0.0605983749514879,0.72949081854357,0.23686528137003,-0.657653091067331,1.76478246823632e-05,0.000107493247995574,-0.177519419018815,0.307629038250783,0.217169038653661,-0.520412330160226,0.0013518217277915,0.00247183640362356,-0.0315298454741701,0.857307056142626,0.508802505618954,-0.691974375467578,4.13853804677855e-06,1.82091420246948e-05,"salmon",0.89425145654805,4.60388503395628e-13,6.72144660517989e-11,TRUE,TRUE
"K02986","salmon",0.584510469454297,0.000226837650781039,0.00514326219536866,0.827040860849296,9.14567171819194e-10,7.18966374105902e-08,0.448555844074689,0.00688008478388156,0.00830870114288643,-0.535758070177395,0.000910315863543313,0.0190411192419526,-0.421617615297938,0.0116498176381409,0.00877808500747185,-0.786479478326501,2.13829931232658e-08,8.42246037433511e-07,-0.580206218437868,0.000258731532241637,0.000887954969601156,-0.120056442642115,0.492108099396125,0.23425640685604,-0.117619170339835,0.5010014583881,0.375171070372265,-0.39320862463006,0.0194505699377659,0.0158116412918799,"salmon",0.827040860849296,9.14567171819194e-10,7.18966374105902e-08,TRUE,TRUE
"K02996","turquoise",0.410705597923099,0.0142560130269797,0.076401325122429,0.0927024782161921,0.596347393778092,0.221208639115929,0.753426386943665,1.75632683633151e-07,8.20707963690071e-07,-0.015230321207648,0.930801574944057,0.591385093174845,-0.614658951032209,8.55043662938936e-05,0.00015776552620932,-0.14304166589136,0.412364085539002,0.201769460862171,-0.11065795298259,0.526842092602662,0.310686723156754,0.162895375637948,0.34980455337623,0.183591013636748,-0.483834625870759,0.00323192825959051,0.0128018962057866,0.308632946408694,0.0712451960777785,0.0444640481955977,"turquoise",0.753426386943665,1.75632683633151e-07,8.20707963690071e-07,TRUE,TRUE
"K03040","salmon",0.461752543814127,0.00523376841846888,0.0393702532561059,0.933171211306364,3.18396778768617e-16,1.62695294558739e-13,0.155766302201406,0.37157348820203,0.194211977380624,-0.578322692694394,0.000273905978393401,0.0102337242958837,-0.0780850154066699,0.655696935807331,0.219346605569014,-0.847271433000896,1.37739258914797e-10,2.71267788263447e-08,-0.458507600702522,0.00560335479725211,0.0106195958559602,-0.244912213307322,0.156190647822125,0.101722001853992,-0.10987920735424,0.529772654991432,0.386789982826459,-0.703491542621489,2.43198730191464e-06,1.21137669687504e-05,"salmon",0.933171211306364,3.18396778768617e-16,1.62695294558739e-13,TRUE,TRUE
"K03043","salmon",0.344621702626635,0.0426272182689377,0.155925877352167,0.825740985156721,1.0242323013379e-09,7.47664491398828e-08,-0.197021300762822,0.256616192749043,0.150639909600154,-0.450055741876541,0.00667303612584198,0.0450444177195212,0.350509068771031,0.0389860520588545,0.0231712030222487,-0.688066661325919,4.92963743112065e-06,4.58672806266844e-05,-0.168117455332385,0.334359766043497,0.229476584567687,-0.667138428612645,1.20423527918672e-05,5.67831172976732e-05,0.148800084540833,0.393600272959501,0.323223590047496,-0.846167042789917,1.53789338773225e-10,1.08265165329496e-08,"salmon",0.825740985156721,1.0242323013379e-09,7.47664491398828e-08,TRUE,TRUE
"K03046","purple",-0.0626101525968187,0.720863220272415,0.839059942695851,0.42309536593311,0.0113300194452925,0.0117170541588419,-0.680537759207928,6.8541648768957e-06,2.16759163103232e-05,-0.164090208313901,0.346233208340245,0.366488218529263,0.715114641885514,1.385909846177e-06,5.80900147053601e-06,-0.301910846448525,0.0779589201919471,0.0569349616745533,0.0962958209245937,0.582123543392612,0.330453292937186,-0.668770299922502,1.12605922926661e-05,5.47963280269133e-05,0.4693640521005,0.00444822024313932,0.015925626496339,-0.754611930896536,1.63791499934747e-07,1.60147947632064e-06,"purple",0.715114641885514,1.385909846177e-06,5.80900147053601e-06,TRUE,TRUE
"K03071","brown",0.234621085814089,0.174891666803623,0.361427704441617,-0.272680840259181,0.113008569960544,0.0648249552436682,0.523836206466972,0.00123965254839301,0.0019852322824835,-0.0132946990495303,0.939578784177364,0.593810532666234,-0.595350301216151,0.000161517761355598,0.000263828555917254,0.301953314604484,0.0779150162049813,0.0569349616745533,-0.0777662527065056,0.657016326686707,0.35848520175835,0.328626931818826,0.0539184454382478,0.0453491315220204,-0.0961135585363731,0.582841356567393,0.408991864674982,0.750718314100649,2.05694091367758e-07,1.8850347208711e-06,"brown",0.750718314100649,2.05694091367758e-07,1.8850347208711e-06,TRUE,TRUE
"K03086","salmon",0.419195396569285,0.0121905122881045,0.0689946939972799,0.780541156095279,3.20471710147152e-08,1.05648741235709e-06,0.0705948223717691,0.686962713587034,0.305180087951308,-0.442418253928605,0.00778564981822458,0.0487596645375649,0.302306804681065,0.0775503192977388,0.0401613520610756,-0.48502266610034,0.00314634429963046,0.0049014518281953,0.191316707278188,0.270919485632977,0.199046455977786,-0.715017709595685,1.39258193766041e-06,1.01005516778841e-05,-0.211999463899388,0.221476387314083,0.221957275295169,-0.680545667521876,6.85182671339258e-06,2.62407838741899e-05,"salmon",0.780541156095279,3.20471710147152e-08,1.05648741235709e-06,TRUE,TRUE
"K03087","salmon",0.575465582070986,0.000298443257771918,0.00579527516184144,0.813419168124781,2.86723975399791e-09,1.46511035115157e-07,0.512917398236754,0.00162897806835558,0.00250924343152281,-0.548835306772754,0.00064017947851792,0.014855445063351,-0.149923221432379,0.389998920668519,0.147280218465135,-0.523828407427922,0.00123989844561161,0.00246241293970976,0.0109215817821168,0.950349300187375,0.445810852046806,-0.492784676248485,0.00263411222186243,0.00429228485247736,-0.42603993212877,0.0107148997897126,0.0288181535661412,-0.404563014398347,0.0159275492183723,0.013444523633943,"salmon",0.813419168124781,2.86723975399791e-09,1.46511035115157e-07,TRUE,TRUE
"K03092","green",-0.219476458410156,0.205227773502038,0.396875563083864,-0.240709196654911,0.163645235447811,0.0857200506098922,-0.284240181254475,0.0979549020517484,0.0716535571105798,0.120658594720706,0.489923421926249,0.437174698407406,0.519105517560553,0.00139693045812462,0.00154590172441606,0.523082035465634,0.00126363047415606,0.00250113707928715,0.946755059068519,8.29776751966749e-18,1.21562780160912e-14,-0.447297701631214,0.00705798035269579,0.00953712152240663,-0.0999416273253362,0.56784858124177,0.40217858122824,0.0584297944854542,0.738827564924419,0.268936119545713,"green",0.946755059068519,8.29776751966749e-18,1.21562780160912e-14,TRUE,TRUE
"K03100","turquoise",0.459645105431083,0.00547132145208024,0.0404903117645846,0.191102548916182,0.271466397141398,0.12357654720647,0.8054940238999,5.34652187574979e-09,3.74055824348262e-08,-0.191478245779683,0.270507429973243,0.315450841467064,-0.826600122737284,9.50466895605518e-10,1.39488369998667e-08,-0.315808669874625,0.064586202153986,0.0491754432072615,-0.438853366900776,0.00835694896421588,0.0145923470548016,0.440946352930303,0.00801735461472461,0.0106337132359556,-0.506495467730186,0.00190488631868557,0.00898938564512372,0.311069499614841,0.0689265005606546,0.0432441691414389,"turquoise",0.8054940238999,5.34652187574979e-09,3.74055824348262e-08,TRUE,TRUE
"K03130","green",-0.301608693130783,0.0782718438936286,0.220728836828215,-0.517494490111641,0.00145435667888452,0.00270236845736592,-0.156419777573145,0.369545382486862,0.193555852844385,0.291578698509246,0.0892234245367349,0.16834628351414,0.350287588631515,0.0391183131807822,0.0232353350431123,0.657746960439745,1.75823489916675e-05,0.000107493247995574,0.849280392185033,1.12463643935767e-10,4.59146028711837e-09,-0.060145345460881,0.731438213439329,0.308152720847549,-0.248958109605427,0.149249799461663,0.171235608626225,0.259302583338842,0.132528610869806,0.0719598109985829,"green",0.849280392185033,1.12463643935767e-10,4.59146028711837e-09,TRUE,TRUE
"K03147","black",-0.401848939969375,0.0167167969285858,0.0856467945203348,-0.645787200058731,2.79495291291543e-05,0.000175235952739278,-0.126798416913031,0.467934562964561,0.231990330004735,0.45515807298086,0.00600817662759895,0.0429691831518908,0.111118300367028,0.525113441216221,0.186311232080748,0.745517515441438,2.77080609387756e-07,5.74411350772774e-06,0.519044767278148,0.00139905924031194,0.00347394912085674,0.24215775992022,0.161047700970239,0.103980575522159,-0.129666070475613,0.457846193378678,0.35318473764516,0.511768434780087,0.00167559864165661,0.0022007348645601,"black",0.745517515441438,2.77080609387756e-07,5.74411350772774e-06,TRUE,TRUE
"K03165","green",-0.330375803828837,0.0525787257550038,0.176755190577021,-0.213644493957963,0.217828283876971,0.10636074349482,-0.406014682728389,0.0155183898059924,0.0164695887062046,0.126433782393011,0.469225701254286,0.428534211392461,0.682830344993954,6.20596400783947e-06,1.92598272277611e-05,0.433720032397286,0.00924217506938421,0.0110761546458487,0.713888357497722,1.47251532802301e-06,1.26896681178372e-05,-0.305468066416332,0.0743474935709019,0.0576340912315687,-0.124787122198386,0.475079708338036,0.361794840358007,-0.195091502749378,0.261397722523907,0.122299311785097,"green",0.713888357497722,1.47251532802301e-06,1.26896681178372e-05,TRUE,TRUE
"K03217","salmon",0.322043552128398,0.0592069870181683,0.185937856087509,0.705868197728468,2.17253740145171e-06,2.84648554030247e-05,0.09497826357773,0.587321385153827,0.273936327188123,-0.426276730239425,0.0106666869024544,0.0574785304332949,-0.228651144586534,0.186443639436549,0.0826455864436554,-0.816237072073445,2.28117888750337e-09,1.92540920013359e-07,-0.665649319729694,1.27984270833268e-05,7.381799463418e-05,0.0507123495490244,0.77234523615992,0.318205763669314,0.0367182298311079,0.834128743230201,0.501967025387055,-0.496261952681571,0.00242928804775867,0.00296562803650045,"salmon",0.705868197728468,2.17253740145171e-06,2.84648554030247e-05,TRUE,TRUE
"K03283","purple",0.00924667213815455,0.957956287180621,0.981912872752948,0.430524216358516,0.00983260940482109,0.0104346725046215,-0.540997107753551,0.000791925543060542,0.00135670391563804,-0.193607074420993,0.265115455239381,0.312227822751909,0.774349503283991,4.8234517930522e-08,3.68097010401094e-07,-0.185918007634172,0.284926590387335,0.153317729861105,0.336961467355683,0.0477700991988593,0.0568971342393361,-0.777571519457618,3.90531021223772e-08,5.99656486454664e-07,0.229130044605452,0.185497608624788,0.197667655336896,-0.734138286068698,5.19102444485373e-07,3.88165849125358e-06,"purple",0.774349503283991,4.8234517930522e-08,3.68097010401094e-07,TRUE,TRUE
"K03286","green",-0.229406592028596,0.184952854506666,0.372117228356079,-0.367525415248122,0.0298556018135402,0.0240626192547116,-0.334623278572717,0.0494352744751231,0.0415219184025051,0.138465260169299,0.427630096581101,0.407905581465678,0.429498262837241,0.0100288225804707,0.00775263164170462,0.555411309420884,0.000533374692381546,0.00129684439986696,0.848715549714858,1.19095422097026e-10,4.59146028711837e-09,-0.406356566731516,0.0154233219566294,0.0171356571795722,0.0292634136040905,0.867470122191693,0.511652039658149,0.152915280785922,0.380498578695938,0.163105420384381,"green",0.848715549714858,1.19095422097026e-10,4.59146028711837e-09,TRUE,TRUE
"K03294","black",-0.161896296994356,0.352807838129238,0.543634721381667,-0.6743939532181,8.90685500569967e-06,7.40040680727938e-05,0.0741338165978981,0.672122566703436,0.301043610833457,0.270812766458997,0.115596136755973,0.19235882663446,-0.15424170374241,0.376330713329237,0.143195605604725,0.751146415021872,2.00646832880281e-07,4.60167389866165e-06,0.26097401287485,0.129962277311481,0.118848625122674,0.32776859530801,0.0545858376173131,0.0457178230994456,-0.104506544541841,0.550203699124551,0.395116042907002,0.619736865749467,7.18296880673548e-05,0.000183213475046887,"black",0.751146415021872,2.00646832880281e-07,4.60167389866165e-06,TRUE,TRUE
"K03296","green",-0.134330807019348,0.441687483222234,0.622681369013694,-0.0893204145518614,0.609871045660796,0.224600826793231,0.0223902295627061,0.898412079000006,0.366842724831599,0.0589706080065511,0.73649561231452,0.532600039324336,0.250056955567482,0.147404079703473,0.0681096462979333,0.333591519701507,0.050184667480629,0.0406659234760466,0.81228192500239,3.14102694295696e-09,6.0547669320179e-08,-0.34702598437711,0.0411084587524797,0.0371864577262875,-0.368562814034256,0.0293612318916974,0.0557542799099343,0.0459039490353257,0.793439689901134,0.281820632216293,"green",0.81228192500239,3.14102694295696e-09,6.0547669320179e-08,TRUE,TRUE
"K03298","turquoise",0.394656987526558,0.0189679431896291,0.093436848038897,0.333017459495304,0.0506055364727432,0.0353984413818991,0.80933756780299,3.96636679259665e-09,2.88790252738887e-08,-0.138599461186054,0.427178011050638,0.407905581465678,-0.473741023047215,0.00404435685531663,0.00367429930371795,-0.342633550648447,0.0439170027144995,0.0368571518898079,-0.203930364159626,0.239974390816125,0.183297126208819,0.313827756231658,0.0663734587385344,0.0529096823028684,-0.78895220344733,1.79996049370136e-08,2.61026313921567e-06,0.0417710056237059,0.811687433151516,0.286279861826061,"turquoise",0.80933756780299,3.96636679259665e-09,2.88790252738887e-08,TRUE,TRUE
"K03300","turquoise",0.549425074216945,0.000629881616273855,0.00927926343109644,0.506482286472965,0.00190549227151979,0.00329500466400494,0.847377004076038,1.36289453379982e-10,1.64114522961758e-09,-0.47662579733209,0.00379587502481995,0.0330204396059285,-0.654411247131749,2.00494660996912e-05,4.95484266279449e-05,-0.401395070651546,0.0168519232517541,0.0174066494393272,-0.290171003888257,0.0908501971233447,0.0911616923921991,0.047776850857869,0.78520522927607,0.321147910977999,-0.460874452775834,0.00533164590529881,0.0181063133928291,0.0929784978099926,0.595249465296057,0.228736809115367,"turquoise",0.847377004076038,1.36289453379982e-10,1.64114522961758e-09,TRUE,TRUE
"K03309","turquoise",0.691127901794965,4.29934294972618e-06,0.000763574894299118,0.554326192832314,0.000549826490718371,0.00136054193295062,0.879889783350414,3.37029544239017e-12,6.4934084338977e-11,-0.489676464124617,0.00282976986242994,0.0288204700707636,-0.719888076315136,1.09134513295763e-06,4.7106865059463e-06,-0.448696735567939,0.00686040457269552,0.00890840740506034,-0.364436657978109,0.0313680829589636,0.0407397387028488,-0.0212012076758153,0.90378113432414,0.352587163822967,-0.439724035703009,0.00821421888696914,0.0245835877484696,0.0844157508449652,0.629709901347488,0.238277899537488,"turquoise",0.879889783350414,3.37029544239017e-12,6.4934084338977e-11,TRUE,TRUE
"K03310","turquoise",0.602643481368636,0.000127636417714916,0.00372708340476992,0.434259240803199,0.00914559080787806,0.00989579964756714,0.753680399904159,1.73031237263761e-07,8.14631090371205e-07,-0.418225493367732,0.0124128824683231,0.061780147790413,-0.534313438291956,0.00094559532071571,0.00112332165195828,-0.203248334224575,0.241584107920197,0.134465262015749,-0.155630033742791,0.371997234766733,0.247379994421261,-0.065618917528433,0.708023283061604,0.302097219656943,-0.362614557957053,0.0322893225405064,0.059382276646383,0.191914327243196,0.269397111555552,0.125099694012119,"turquoise",0.753680399904159,1.73031237263761e-07,8.14631090371205e-07,TRUE,TRUE
"K03313","turquoise",0.476024036701241,0.00384658728865699,0.032054217398876,0.324292793024869,0.0573558603679557,0.0387926686902277,0.890582161239102,7.85811975343733e-13,2.15743604843824e-11,-0.26472105682816,0.1243429577844,0.200565946031031,-0.64971426345116,2.40566777211177e-05,5.74385398215839e-05,-0.282216379016129,0.100473700807714,0.0693895585376769,-0.283518683532926,0.098847290427518,0.0971312639782672,0.346778779380604,0.0412625703091298,0.0372695676474278,-0.618732840603626,7.43657311804267e-05,0.00111613960208318,0.237065190708513,0.170312455029213,0.0872483278328385,"turquoise",0.890582161239102,7.85811975343733e-13,2.15743604843824e-11,TRUE,TRUE
"K03320","turquoise",0.495475867543854,0.00247433388512794,0.0233151070932166,-0.000678519258140874,0.99691348373272,0.318900397633957,0.796177100463515,1.07376901403356e-08,6.93150022486842e-08,-0.214831875126559,0.215220825361505,0.277540541047946,-0.755805555552448,1.52615730819694e-07,9.15622670647252e-07,0.0449097443853355,0.797819843582238,0.320010203750924,-0.107531582411313,0.538654729137542,0.314520658856627,0.140492404143632,0.42082957493558,0.20865021323164,-0.432687412664089,0.00942956370620594,0.0270642890439826,0.486044359938503,0.00307432527969116,0.0035479908813127,"turquoise",0.796177100463515,1.07376901403356e-08,6.93150022486842e-08,TRUE,TRUE
"K03332","turquoise",0.632698999463904,4.53946053996496e-05,0.0023035960867092,0.267279553645418,0.120611253077676,0.0680621560035494,0.919454728690958,6.24765086572615e-15,5.2160722377916e-13,-0.355503942546149,0.0360981741439523,0.105279232958473,-0.869471842915515,1.22658457521355e-11,3.44138247474555e-10,-0.190135535873734,0.273944902210213,0.148900247019597,-0.296326157656168,0.0839016922776874,0.0856706621618355,0.114895096306257,0.51103655135748,0.240728385931516,-0.382358517676543,0.0234012942260575,0.0480373842755694,0.424777439217046,0.0109750764711036,0.00998226530142617,"turquoise",0.919454728690958,6.24765086572615e-15,5.2160722377916e-13,TRUE,TRUE
"K03336","brown",-0.0364302029816816,0.835412047655058,0.913722995673356,-0.515716783775756,0.0015201211591062,0.0027890694705131,0.521526680705361,0.00131437313716585,0.00208094353136384,0.234314827235516,0.175471583019477,0.245048803826471,-0.583676312308831,0.000232728812729607,0.00035351257832254,0.454290542384739,0.00611703119009555,0.00819942436994049,0.0437237666877336,0.80305282965349,0.404983510808597,0.462107109675372,0.00519468708611321,0.0075780564526443,-0.214469985454945,0.216013242875456,0.218483260330724,0.850937222129051,9.49374814549682e-11,1.00251638452433e-08,"brown",0.850937222129051,9.49374814549682e-11,1.00251638452433e-08,TRUE,TRUE
"K03350","turquoise",0.17525297314492,0.313945769356526,0.50360696444608,0.046097619743432,0.792587155766603,0.273094030004681,0.726103353434314,7.93693138116032e-07,3.20633603606741e-06,-0.0338483928627042,0.84693360119185,0.567330407972144,-0.551079655063548,0.000601770637642866,0.00077308190390116,-0.135046239457297,0.439237081038575,0.21055899933731,-0.19499136653061,0.261647425776612,0.194280289520502,0.475502850809776,0.00389098231606339,0.00598992330062553,-0.556564477242628,0.000516371566658213,0.00360183204806224,0.300472340180991,0.0794574377290692,0.0485379326774194,"turquoise",0.726103353434314,7.93693138116032e-07,3.20633603606741e-06,TRUE,TRUE
"K03366","green",0.0439837423736752,0.801904988379597,0.894000636172423,0.17974041871365,0.301517379785212,0.133431622215359,-0.0358888864989255,0.837825013378049,0.349197346200602,-0.206548837737589,0.233861372257443,0.290291816551049,0.405281950679089,0.0157237976415767,0.0111023894584735,0.0906579314258186,0.60450725960997,0.264661257108766,0.738683970499325,4.05513686060577e-07,4.15440507105161e-06,-0.503302007466358,0.00205671638152872,0.00347431965619752,-0.366427824541571,0.0303860629442253,0.0570200571785549,-0.274566798938618,0.110440626895523,0.0623983828777528,"green",0.738683970499325,4.05513686060577e-07,4.15440507105161e-06,TRUE,TRUE
"K03381","brown",-0.0359487113989286,0.837558266711488,0.914214133611214,-0.465905054723107,0.00479158008335407,0.00617664009315115,0.531203992481169,0.00102565289653811,0.00171260517407968,0.23298038131959,0.178014390733071,0.247349129816688,-0.501822718970242,0.00213056247849491,0.00219481362971656,0.32146444578601,0.0596911630640578,0.0463197719450203,0.0360487492207352,0.837112258867505,0.414631986227104,0.448914322436444,0.00683010601197986,0.00935960699429408,-0.308047087111893,0.0718117052476287,0.103649997955919,0.707527988860787,2.00663344869938e-06,1.06480171920387e-05,"brown",0.707527988860787,2.00663344869938e-06,1.06480171920387e-05,TRUE,TRUE
"K03387","turquoise",0.594738979843848,0.000164694428671879,0.00428071616637397,0.393778557869175,0.019259449084575,0.0173109028143779,0.851086639227285,9.3488702442809e-11,1.14782866072264e-09,-0.411753468869064,0.0139861485005727,0.0665209032191326,-0.613834027228628,8.79347080957222e-05,0.000160818742081006,-0.210467401966415,0.224911314757112,0.127101011368541,-0.17127472394072,0.325228625453411,0.225772626558774,0.049785415550481,0.776399737323008,0.319107810202424,-0.450040272596062,0.00667514397016837,0.0216557154864855,0.250938992998975,0.145934612716908,0.0770902206318057,"turquoise",0.851086639227285,9.3488702442809e-11,1.14782866072264e-09,TRUE,TRUE
"K03406","turquoise",0.377163418668392,0.0255157359101346,0.111592076203421,0.260702572309495,0.130376529110434,0.0720218063498342,0.719079057917681,1.13683471855808e-06,4.39410491881589e-06,-0.0429186000625197,0.806610352359305,0.5558226286162,-0.536995389255081,0.000881028672246827,0.00106115596961056,-0.301555158817996,0.0783273879809248,0.0571687281254703,-0.115934425999453,0.507196035551319,0.302169606378778,0.0104435284588145,0.952520078174162,0.36262439900732,-0.346514480301473,0.04142785432698,0.0701165092926935,0.204414168829285,0.2388369030977,0.114468644665013,"turquoise",0.719079057917681,1.13683471855808e-06,4.39410491881589e-06,TRUE,TRUE
"K03407","turquoise",0.321160062653913,0.0599469026366201,0.18715844504812,0.00501471618899782,0.97719146669473,0.313944095606688,0.754436459094103,1.65496487056682e-07,7.8209770221875e-07,-0.0783350177990834,0.654662867009017,0.503362081945398,-0.622806740003463,6.45515528064204e-05,0.000124589130406738,0.0889531410413568,0.611347427262047,0.266176665644652,-0.0867666832531919,0.620167688154041,0.34310773997335,0.182598175632405,0.293767770792437,0.162588001433538,-0.27078566602436,0.115633999029631,0.143176253805856,0.557218713565214,0.000506940607312464,0.000833826753682642,"turquoise",0.754436459094103,1.65496487056682e-07,7.8209770221875e-07,TRUE,TRUE
"K03408","turquoise",0.463470080768258,0.00504678698721051,0.0386383205992535,0.386504971932585,0.0218196083212382,0.0189197520061206,0.82829023457123,8.19519987781807e-10,7.83441113874016e-09,-0.324324321455737,0.0573302425197349,0.132461572782263,-0.634665541275146,4.22643965992477e-05,8.84146416737012e-05,-0.304161480963188,0.0756585247362773,0.0557719823462991,-0.261612099138864,0.128992316958261,0.11837185650415,0.0558175252942716,0.750123445917699,0.312707800896762,-0.434004605059856,0.00919109418777972,0.0265978603271875,0.18508256372306,0.287135154573332,0.131486400711038,"turquoise",0.82829023457123,8.19519987781807e-10,7.83441113874016e-09,TRUE,TRUE
"K03412","green",-0.192947237266805,0.266779106482194,0.457560516858142,-0.338399292857302,0.0467686548124395,0.0334471388245954,-0.0782389174621891,0.655060286020918,0.294689179211994,0.385123876248403,0.0223362732817046,0.0825782501212621,0.356115523069116,0.0357568540269773,0.0216429994894611,0.396551928288987,0.0183516188337465,0.0186781515732601,0.780528481702447,3.20744315341443e-08,4.79481939352202e-07,-0.247785457844284,0.151237980959943,0.0994700935641446,-0.229675800717085,0.184423641664128,0.197247849249748,0.178170985843224,0.305828035101397,0.138279629181059,"green",0.780528481702447,3.20744315341443e-08,4.79481939352202e-07,TRUE,TRUE
"K03418","brown",-0.0609555437477628,0.727956662556847,0.846282709161542,-0.57480318529062,0.000304404724227915,0.000893940198869403,0.199007941636569,0.251754695609306,0.148786910923822,0.155461607094557,0.372521376530627,0.378993168524638,-0.392295295880019,0.0197601374487979,0.013255762842761,0.553161667864922,0.000567981844298607,0.00136137969606864,0.0409238579399144,0.815440168775114,0.40904769228371,0.225267364566948,0.19322501181529,0.118991282997883,0.175805824950528,0.312397485754283,0.277073659437149,0.82507662706387,1.08487596328473e-09,4.48958141031185e-08,"brown",0.82507662706387,1.08487596328473e-09,4.48958141031185e-08,TRUE,TRUE
"K03426","turquoise",0.495385568816657,0.00247955471119602,0.0233151070932166,0.21399661357184,0.217052790047578,0.106185020600783,0.877019686419539,4.86693096114277e-12,9.09700612872878e-11,-0.0935444206226248,0.593001139433323,0.480248298759369,-0.662060414563481,1.48010851153468e-05,3.85768561424699e-05,-0.163347240418803,0.348451320663058,0.178788636264834,-0.253354184451396,0.141965686682068,0.126341729308173,0.377874124725636,0.025217494892798,0.0252596588266077,-0.602626461912028,0.000127707412936504,0.00148072367043617,0.337926620733233,0.0470959947233129,0.0321060094518346,"turquoise",0.877019686419539,4.86693096114277e-12,9.09700612872878e-11,TRUE,TRUE
"K03431","turquoise",0.393695997200662,0.0192870375953206,0.094282353504954,0.0977365814287381,0.576463237984581,0.216272268928202,0.797074760973398,1.00557349069701e-08,6.55889519593539e-08,-0.031305348656131,0.858312759294395,0.571411093089252,-0.715194857845328,1.38041052662794e-06,5.80900147053601e-06,-0.153563796541916,0.378457454884423,0.189334128952702,-0.304125341239435,0.0756950414118374,0.0789841018603667,0.29576170743236,0.0845212692388316,0.0637466128169628,-0.37558686119997,0.0261877170592014,0.05186569885386,0.385729779395954,0.0221083713105866,0.0175137994928075,"turquoise",0.797074760973398,1.00557349069701e-08,6.55889519593539e-08,TRUE,TRUE
"K03432","blue",-0.160820530920078,0.356058983763561,0.547269505332743,-0.236703041243093,0.170985505555548,0.0886319855207478,0.147558888576278,0.397602434181903,0.204765989933823,0.063724015086365,0.7161008279076,0.522905567188716,-0.322621747140477,0.058726678652608,0.0319753788328435,0.0182858970897657,0.916962578977844,0.349022574370207,-0.220856392979177,0.202321797989126,0.163463182615899,0.730210301960023,6.40040521451829e-07,5.32336910355671e-06,-0.282135028782612,0.100575967576998,0.12976250797944,0.226943922285819,0.189843777870113,0.0952353188941096,"blue",0.730210301960023,6.40040521451829e-07,5.32336910355671e-06,TRUE,TRUE
"K03433","blue",-0.20376867745717,0.24035534775724,0.433888225172161,-0.0525096317568248,0.764500699992488,0.266198806937601,0.156851971604582,0.368207651532467,0.192935885426014,0.191163689543028,0.271310184456951,0.316033365305309,-0.337726251715521,0.0472353097771683,0.0272095147203622,-0.288556148063539,0.0927442764352609,0.0650011861647879,-0.526470122612218,0.00115902156353693,0.00298938975164882,0.807382868735789,4.62064694757089e-09,1.25774242764917e-07,-0.261390201264036,0.129329015665713,0.154981769554436,-0.00523606759215348,0.976184968875013,0.32415951136036,"blue",0.807382868735789,4.62064694757089e-09,1.25774242764917e-07,TRUE,TRUE
"K03436","turquoise",0.537253955690878,0.000875014669921152,0.0118997872606496,0.284440953084885,0.0977076712677271,0.0582598801005938,0.864409359679117,2.20947104794581e-11,3.1804397064133e-10,-0.385164474812228,0.0223209420760463,0.0825782501212621,-0.870099420819349,1.13834931308882e-11,3.35332771246291e-10,-0.342111805638027,0.0442606294797006,0.0369671224328894,-0.531048384041731,0.00102981179835501,0.00271345380605622,0.282834033443817,0.0996998130507475,0.072193889456954,-0.344921840197154,0.0424351894991679,0.0710959259048718,0.311763891962212,0.0682766409682932,0.0428902133141568,"turquoise",0.864409359679117,2.20947104794581e-11,3.1804397064133e-10,TRUE,TRUE
"K03437","turquoise",0.386938151052113,0.0216596144324805,0.101384754525096,0.146999819214467,0.399412733462607,0.165257537058202,0.806839515193551,4.81950341913208e-09,3.42931776452844e-08,0.00105402083772498,0.995205380705716,0.606808162512562,-0.437717900761144,0.00854626061201907,0.00683424533366764,-0.117876192444557,0.500059796568989,0.230101079067463,-0.104396225961961,0.550627059812585,0.31947400698289,0.255937865815082,0.137808025239827,0.092568828510837,-0.670604060393969,1.04373727580908e-05,0.000323002884201966,0.213478053048677,0.218195506827066,0.106228249265279,"turquoise",0.806839515193551,4.81950341913208e-09,3.42931776452844e-08,TRUE,TRUE
"K03446","turquoise",0.415074507118308,0.0131590917612168,0.072037014316113,0.40479235467456,0.0158623135640238,0.0149683661089087,0.82687226225382,9.28148946905182e-10,8.73945075583884e-09,-0.409648569467628,0.0145326593116308,0.0678713608458162,-0.636588716882564,3.93932088695691e-05,8.50185023251524e-05,-0.382192713373792,0.0234664628979435,0.022654680950295,-0.293125217274662,0.0874621141223768,0.0884282328863292,0.255007494143894,0.139294737644843,0.0932015811422296,-0.603420063982949,0.000124434423964101,0.00145239298196542,0.0747508909613314,0.669547212710762,0.25003894699535,"turquoise",0.82687226225382,9.28148946905182e-10,8.73945075583884e-09,TRUE,TRUE
"K03457","brown",-0.0545536115474675,0.75560737891598,0.865523751484912,-0.549795371114269,0.000623491198814603,0.00150992090947477,0.372001600061703,0.0277702763184467,0.0264066026445247,0.255257757440328,0.13889367014216,0.214775690076203,-0.586454326039529,0.000213623616311343,0.000327886242116719,0.436815686204803,0.00869927756681265,0.0105865802258545,-0.0147275559926606,0.933080667617318,0.442147359035236,0.564699146537315,0.000409487505783497,0.000945548936432201,-0.142228559292688,0.415053701503524,0.333053894264093,0.750603034101531,2.07073045264908e-07,1.8850347208711e-06,"brown",0.750603034101531,2.07073045264908e-07,1.8850347208711e-06,TRUE,TRUE
"K03470","blue",-0.484440188444841,0.00318805550893472,0.0276962322338704,-0.382892142458398,0.0231925711067688,0.0198177360602302,-0.218631674963792,0.207020995307469,0.128600296167575,0.279614932645834,0.10378336638222,0.181391068726449,0.0407080449442035,0.816396836772544,0.25821670616972,0.0958230691812865,0.583986218726427,0.257532104218439,-0.318006349118297,0.0626479171280309,0.0689035777173861,0.744604536823168,2.91743892719122e-07,2.84078432783518e-06,0.036364088758632,0.835706678868136,0.502374816271731,0.122246710031118,0.48418551608177,0.195174778276339,"blue",0.744604536823168,2.91743892719122e-07,2.84078432783518e-06,TRUE,TRUE
"K03495","black",-0.0892180289635971,0.610282467714353,0.752960519012993,-0.537687884794098,0.000865003379193231,0.00185715081925545,0.297427808063014,0.0827025545128375,0.0625049655454422,0.407949657899208,0.0149867492008939,0.068275183311675,-0.178332242491919,0.305383335181332,0.122041426593097,0.729590923664333,6.6131318259893e-07,1.1006280229319e-05,0.453276337346035,0.00624643257434711,0.0115543690739759,0.149504228235956,0.391340187165994,0.199023856940341,-0.210664525759508,0.224467334944021,0.223547150630374,0.689397364624534,4.64596853489478e-06,1.99225232206892e-05,"black",0.729590923664333,6.6131318259893e-07,1.1006280229319e-05,TRUE,TRUE
"K03497","blue",-0.312889898243903,0.0672330676043389,0.201070268597822,-0.439146947597846,0.00830858735081771,0.00920942662262819,0.0350586683448668,0.841528604353326,0.35007358964467,0.33025384606929,0.0526712820968906,0.126620658645321,-0.102210416427379,0.559046736660031,0.194887335171254,0.336619965578177,0.0480104623378939,0.0393425370677862,0.0217227720424196,0.901425467859838,0.432901526969368,0.708482736399132,1.9165347611386e-06,1.31165691560376e-05,-0.308869167071943,0.0710177680268592,0.102824147407451,0.280999580264918,0.10201163028031,0.0585126372099113,"blue",0.708482736399132,1.9165347611386e-06,1.31165691560376e-05,TRUE,TRUE
"K03518","black",-0.529204700122016,0.0010802313948204,0.0138139990769633,-0.774679259646064,4.72107963996145e-08,1.41905338000217e-06,-0.476246796904301,0.00382774661196028,0.0051378289476252,0.377137960657185,0.0255264728594546,0.0881999520971588,0.25463679994158,0.139890366969972,0.0654482666569468,0.798091903807894,9.33152270260587e-09,4.46840071049341e-07,0.426537288345318,0.0106138490187029,0.0175302716768869,0.0428733490352123,0.806810402077114,0.326784738357449,0.489671960992534,0.00283006225998089,0.0119139964408586,0.536218585618624,0.000899316586849378,0.0013263353783988,"black",0.798091903807894,9.33152270260587e-09,4.46840071049341e-07,TRUE,TRUE
"K03519","brown",-0.288568909737255,0.0927291905888564,0.245409952245508,-0.764192113819446,9.18244133412352e-08,2.60670559719944e-06,0.116670223620377,0.50448589687304,0.246116803235835,0.289195681080249,0.0919905799363454,0.170751836918898,-0.198072373221616,0.254036432686442,0.105591188079582,0.704738463062705,2.29253285894833e-06,2.8218639472683e-05,0.204755347105459,0.238036933400887,0.182197231769885,0.373485778358847,0.0271058704526302,0.0267410749216427,-0.00851443279972293,0.961283107007575,0.536241791721572,0.709700595636678,1.80697893546773e-06,9.99018419066915e-06,"brown",0.709700595636678,1.80697893546773e-06,9.99018419066915e-06,TRUE,TRUE
"K03522","turquoise",0.280715030873368,0.102373840258201,0.259191324188985,-0.131477411130249,0.45153442960753,0.180890906540181,0.703708648867349,2.40716227324616e-06,8.42054974602397e-06,0.0790192239169821,0.651836063161453,0.502829963230302,-0.770633936487393,6.12736607968948e-08,4.42806775643515e-07,0.0668988713285604,0.702584738898747,0.293154927150007,-0.43226824085036,0.00950654703609801,0.0160636067905971,0.52192173675558,0.00130131775076065,0.00240656121419781,-0.306611249548889,0.0732150003528591,0.104897158014043,0.51559956709209,0.00152454777840361,0.00203782891861694,"turquoise",0.703708648867349,2.40716227324616e-06,8.42054974602397e-06,TRUE,TRUE
"K03535","brown",0.0399617415732463,0.81970709600095,0.904592193964459,-0.449895619292244,0.00669488205862313,0.00786429870833646,0.568140763478372,0.000370543078027987,0.000695714372191014,0.281703390811794,0.101119910944537,0.179313654255825,-0.454694252388781,0.00606616633987686,0.00514828243701558,0.453265637705029,0.00624781015443286,0.00832330749872953,0.164055888159555,0.346335480957033,0.234465576746163,0.423745767932541,0.011191639620004,0.0134443608381362,-0.365123140327867,0.0310266275272565,0.0576658274778912,0.788034433308957,1.91929788542012e-08,3.72713293013225e-07,"brown",0.788034433308957,1.91929788542012e-08,3.72713293013225e-07,TRUE,TRUE
"K03544","tan",-0.120221822851744,0.491507584860769,0.665826164745712,0.120555543215571,0.490296951372656,0.191100942236612,-0.667449485594197,1.18896387516537e-05,3.54517332895763e-05,-0.140524800211567,0.420721388884079,0.405370779048449,0.344988618824499,0.0423925593843252,0.0247335378132024,-0.145933850434299,0.402877476836676,0.198359717744392,-0.135002918044996,0.439385247546067,0.275293176828058,-0.480152096309089,0.00351018472711094,0.00548836269869054,0.776637396136667,4.1533305496801e-08,4.61207396998661e-06,-0.339298593952199,0.0461509026871204,0.031707361590542,"tan",0.776637396136667,4.1533305496801e-08,4.61207396998661e-06,TRUE,TRUE
"K03549","brown",0.00646280321545588,0.970607627493772,0.984464652632484,-0.509993131497641,0.00174993450765199,0.00309360230701869,0.502170102270634,0.00211301606514671,0.00314647950668765,0.281440555345572,0.10145222491793,0.179504192295997,-0.51112815107529,0.001702083162481,0.00182844613417655,0.459627136755552,0.00547338613154991,0.0075118113190468,0.105924849428858,0.54477444747731,0.317208965135948,0.409151663013525,0.0146642610420043,0.0165689855474185,-0.306734132520674,0.0730940718910919,0.104809669419124,0.730968762278818,6.14846649177232e-07,4.32841929463117e-06,"brown",0.730968762278818,6.14846649177232e-07,4.32841929463117e-06,TRUE,TRUE
"K03560","green",0.0384402039136921,0.82646537983162,0.907663970910921,-0.284870156608934,0.097180744263421,0.0580791742789133,0.0564975549769891,0.747177855323587,0.323216503730731,-0.0351726664933341,0.841019860314876,0.565657642197707,0.0346968951032689,0.843143521083824,0.264484026400039,0.585517963834752,0.000219900339920162,0.000663357833679544,0.75752338631524,1.37759910617342e-07,1.71033115178066e-06,-0.377843035325912,0.0252304808228762,0.0252596588266077,-0.0119831078580749,0.94553032691604,0.535155031787995,0.443774998352515,0.00757716241380411,0.00744306659706582,"green",0.75752338631524,1.37759910617342e-07,1.71033115178066e-06,TRUE,TRUE
"K03561","green",-0.064672679249273,0.712053033115444,0.833248003978797,-0.281911960785792,0.100856796026541,0.0593733795253275,-0.0240782045041917,0.890797656481569,0.365042827957559,-0.0706051537870481,0.686919219440213,0.513154330380236,0.188782374946992,0.277437803221261,0.113245586528512,0.566633523070744,0.000387172889742729,0.00099609461160946,0.823961961450512,1.19415586547705e-09,2.96516158823623e-08,-0.215397082092132,0.213987210859343,0.12891784566491,-0.294876167410918,0.0855004003747043,0.116311983141333,0.246602773858804,0.15326259052803,0.0801592445970285,"green",0.823961961450512,1.19415586547705e-09,2.96516158823623e-08,TRUE,TRUE
"K03562","green",-0.0713333146297625,0.683856237711104,0.808837732875471,-0.227365382247371,0.189000368962955,0.0957145171895539,-0.104744819313444,0.549289813402641,0.261356776151579,-0.0392106910319013,0.823041507453195,0.560706257988116,0.198511909015108,0.252962755073081,0.105282534214008,0.510310643096005,0.00173643121158269,0.00314703608415847,0.789970985272812,1.67553947982911e-08,2.67231747264647e-07,-0.438151586947835,0.00847352694102385,0.011103492927039,-0.0316321728909086,0.85684872192104,0.508771355962711,0.248710999398782,0.149667174069874,0.0784341656352709,"green",0.789970985272812,1.67553947982911e-08,2.67231747264647e-07,TRUE,TRUE
"K03563","green",-0.284307358913828,0.097872126370769,0.253153064730864,-0.173172952140057,0.319813988944209,0.139317531677975,-0.315202156275378,0.0651293520046472,0.051720554009977,-0.0166080527312203,0.924558984686313,0.589875704830498,0.423662347203626,0.0112093078621148,0.00847965281957626,0.335628532605058,0.0487137679104374,0.0398084405146283,0.712715148632793,1.55998173845384e-06,1.33648092608284e-05,-0.447892804791144,0.00697335084864006,0.0094907480756875,0.0615404423433543,0.725446579348401,0.462361471148963,-0.0455018136418741,0.79521063197116,0.282259768308748,"green",0.712715148632793,1.55998173845384e-06,1.33648092608284e-05,TRUE,TRUE
"K03569","tan",-0.0265507452843983,0.879661575038317,0.935243782972231,0.00996249254435637,0.954704738871382,0.309345435455613,-0.241425811068765,0.162356479214529,0.106843705320407,-0.00260955951268423,0.988129764087213,0.605606278584832,-0.131205248528897,0.452479794417759,0.165820943983253,-0.236584816577065,0.171205635411214,0.102903074730346,-0.489459389149629,0.00284389493298634,0.00602069759166659,-0.0782146375039765,0.655160709548798,0.286168610984158,0.735153584736798,4.91457876809694e-07,3.58517135206067e-05,0.0350180419413044,0.841709924672671,0.294033022790722,"tan",0.735153584736798,4.91457876809694e-07,3.58517135206067e-05,TRUE,TRUE
"K03570","turquoise",0.208342325881035,0.229735605162553,0.423195628431944,-0.0790603825867735,0.651666167298418,0.235245664212054,0.753310819812004,1.76828121512539e-07,8.23222359271799e-07,0.20009601439123,0.249118214228777,0.300810680363538,-0.675784316927471,8.39867724317108e-06,2.45757993532439e-05,-0.0414069309337598,0.813299728358205,0.324347616337893,-0.32588988987436,0.0560695368530141,0.0631377401132056,0.55344346328683,0.000563540446841172,0.00121830753055365,-0.421845092264682,0.0116000981749016,0.0304032535543134,0.478100111772199,0.00367407031003467,0.0041052521859305,"turquoise",0.753310819812004,1.76828121512539e-07,8.23222359271799e-07,TRUE,TRUE
"K03578","turquoise",0.419867037826093,0.0120385046055857,0.0687269629001026,0.313466593334998,0.0667034604834946,0.0435026478313125,0.809510986810676,3.91267219549617e-09,2.86546730854975e-08,-0.164345568597807,0.345472821601783,0.36603660658087,-0.6731178080269,9.39774671501014e-06,2.69211658275402e-05,-0.408031417129789,0.0149646267009866,0.0158592540119395,-0.496898788319071,0.00239332095811477,0.00528046569465064,0.533464488921115,0.000966885850784936,0.0018829625848311,-0.636198253040324,3.99614617039266e-05,0.000744300603075086,0.121213486309572,0.487914626377665,0.196201755270094,"turquoise",0.809510986810676,3.91267219549617e-09,2.86546730854975e-08,TRUE,TRUE
"K03580","black",-0.136528796428027,0.4341830087368,0.616214520214599,-0.520135882677342,0.00136125590553176,0.00258813336036738,0.078226501237266,0.655111639612719,0.294689179211994,0.329753743969162,0.0530521790153638,0.126840061224721,-0.0840436780906629,0.631225579373063,0.213298633078084,0.704291219435778,2.3416884421254e-06,2.85265409157554e-05,0.399654900890373,0.0173785081763008,0.0258473261560282,0.13712936114482,0.432144827683282,0.212642635754528,-0.0113036470085814,0.948614643551431,0.535469706288547,0.577638171648195,0.000279614579609607,0.000536847451634845,"black",0.704291219435778,2.3416884421254e-06,2.85265409157554e-05,TRUE,TRUE
"K03581","blue",-0.178799233994597,0.304097814456207,0.492253525476707,-0.0368121695486566,0.833710285500435,0.282876268707153,0.164783049877081,0.344172494420917,0.18419524145168,0.153218867725297,0.379542274397592,0.382746509176189,-0.221815086476999,0.2003198179585,0.0874554414592622,-0.188281829863203,0.278737151767336,0.150828651126127,-0.365598922300453,0.030791763436621,0.0402409578778726,0.7314865176306,5.98174423159307e-07,5.00995013621195e-06,-0.389596821757512,0.020698822285811,0.0447507463290508,-0.05412392822823,0.757474403851867,0.273407756023684,"blue",0.7314865176306,5.98174423159307e-07,5.00995013621195e-06,TRUE,TRUE
"K03584","blue",-0.386017979863596,0.0220006473898709,0.101936332906402,-0.42965823195552,0.00999801157808334,0.01056631331012,0.102903500306543,0.556370552879012,0.263325186475313,0.340292013831666,0.0454761316228894,0.118161881864819,-0.18505177954067,0.287216744989534,0.116341110631769,0.13971037403636,0.423445871345395,0.205486540339313,-0.191688487458565,0.269971755226087,0.198748845539087,0.826709848962945,9.41409124534205e-10,3.51179629587513e-08,-0.274021613924501,0.111178397268482,0.139135372032815,0.313261868567682,0.0668910928631704,0.0422207674605279,"blue",0.826709848962945,9.41409124534205e-10,3.51179629587513e-08,TRUE,TRUE
"K03585","green",-0.22310664187385,0.197644607783455,0.38951328359072,-0.293915981875349,0.0865719204073114,0.0531617081173239,-0.0574424263279991,0.743090933884033,0.322090984667658,0.144052439606812,0.409034400788836,0.399241654210523,0.296791267803754,0.0833937970380418,0.0426320748497984,0.50389119660502,0.00202793320467531,0.00356491907362419,0.883629886373638,2.05832409713454e-12,1.67525380991406e-10,-0.256902799971809,0.136278439440568,0.091798798381987,-0.278388368522152,0.105372214291278,0.134170879719347,0.2002452432156,0.248758062541991,0.117906868147768,"green",0.883629886373638,2.05832409713454e-12,1.67525380991406e-10,TRUE,TRUE
"K03587","blue",-0.185789092901156,0.285266670038943,0.476709504498292,-0.273596963378193,0.111755619866906,0.0642714749956908,0.216790497782761,0.210966759653392,0.130468932542863,0.165944821152502,0.340733843563237,0.363055747139963,-0.443382832239961,0.00763692946496819,0.00624255366080716,-0.0645937369871245,0.712389573590523,0.296095924486328,-0.442687478553297,0.00774389355797336,0.0138015199734622,0.847315977374859,1.37125793097654e-10,8.6438486278975e-09,-0.229470255253996,0.184827608150422,0.197247849249748,0.26157894281366,0.129042585693547,0.0706040348223091,"blue",0.847315977374859,1.37125793097654e-10,8.6438486278975e-09,TRUE,TRUE
"K03590","green",-0.321451829556175,0.0597017459200679,0.186757809888901,-0.471402048513171,0.00425603761262542,0.005705713495126,-0.302774090324508,0.0770702555401551,0.0593952258348227,0.449578671084595,0.00673830486204677,0.0450444177195212,0.475001539782846,0.00393410224041377,0.00361197266975632,0.684216470726037,5.84167074934988e-06,5.06694136826383e-05,0.790820505538756,1.57791837965091e-08,2.57507891013761e-07,-0.244757669205754,0.156460323361525,0.101842253808413,-0.0235192448012261,0.893318083072407,0.520644225632236,0.200058856795704,0.249207945103542,0.118007821724853,"green",0.790820505538756,1.57791837965091e-08,2.57507891013761e-07,TRUE,TRUE
"K03594","purple",-0.239861535414904,0.165179138148544,0.349720334212513,-0.0641558865836371,0.714257151525509,0.252140350546162,-0.569828966633854,0.000352674608809521,0.000668175947407106,0.115414394817043,0.509115837881358,0.44712215242284,0.840263030712874,2.73310841600896e-10,4.82811338285416e-09,0.350970707052584,0.0387115398954028,0.0332924264872795,0.830152929507594,6.947012686306e-10,1.817395406051e-08,-0.665523547863256,1.28642205460553e-05,5.99503820536785e-05,0.114755373344459,0.51155395601719,0.379502205067487,-0.304561118422914,0.0752556321966278,0.0465269854549564,"purple",0.840263030712874,2.73310841600896e-10,4.82811338285416e-09,TRUE,TRUE
"K03601","brown",0.0796537292879524,0.649218854757397,0.783574298080154,-0.494476752664822,0.00253263717234371,0.0039636574860373,0.319097059722841,0.061703128192524,0.04956546345485,0.32025680099441,0.0607109167654165,0.135211993442519,-0.351352370954991,0.0384857686502807,0.0229166965400917,0.497039599523929,0.00238543126389895,0.00402106065109481,0.134424493785033,0.441366175941891,0.27585496280865,0.266601914104607,0.121591386066772,0.0838387109225279,-0.0927805054580648,0.596036934123364,0.413609762283161,0.70553713079866,2.207092833776e-06,1.1480963481906e-05,"brown",0.70553713079866,2.207092833776e-06,1.1480963481906e-05,TRUE,TRUE
"K03609","brown",0.169298162218631,0.330926765084799,0.520143986222272,-0.384737236355258,0.0224827176926255,0.0193731589222524,0.590056136044473,0.000190946501008296,0.000392656251479664,-0.00125308127677807,0.994299891239278,0.606808162512562,-0.628128215990255,5.3494210870641e-05,0.000106090395823335,0.406960485367156,0.0152565839714621,0.0161108684684729,0.127237794206471,0.466381264240903,0.285520803883894,0.264059521544454,0.125321668026194,0.0858670098631867,-0.207358601551731,0.231992422057338,0.228832359849975,0.807934860064689,4.4264287021655e-09,1.4164240958147e-07,"brown",0.807934860064689,4.4264287021655e-09,1.4164240958147e-07,TRUE,TRUE
"K03621","brown",0.137260590383071,0.43170017000914,0.613903323879594,-0.348247743453623,0.0403536074592702,0.0300583112075025,0.589309977889649,0.000195458927865376,0.00040061979677238,0.0255725711588474,0.884064581972515,0.57698962243802,-0.479775071683867,0.00353981203000739,0.00329114639594974,0.470509972708456,0.00433925826869578,0.00632246422099665,0.124994827594344,0.474339199210152,0.288943744296673,0.191763703000101,0.269780282191766,0.153487882894771,-0.239180060236507,0.166419777779619,0.183827520880121,0.725827744404783,8.0512670262442e-07,5.24811072045623e-06,"brown",0.725827744404783,8.0512670262442e-07,5.24811072045623e-06,TRUE,TRUE
"K03623","turquoise",0.513337401645503,0.00161222210659139,0.0181904447532078,0.251971504895269,0.144228074376286,0.0779049397450887,0.738588384699167,4.07645950463471e-07,1.77006174570514e-06,-0.286278330272927,0.0954671552267335,0.174540278177607,-0.670038632334897,1.06851722894027e-05,3.00674219159641e-05,-0.193103376716722,0.266384814060278,0.145662054469544,-0.244061583085301,0.157679150756314,0.136353719497566,0.136074810293539,0.435727243930344,0.213615543045719,-0.413009991248068,0.0136682288761861,0.0336571626003182,0.298082543304622,0.0819961816097488,0.0496790613075744,"turquoise",0.738588384699167,4.07645950463471e-07,1.77006174570514e-06,TRUE,TRUE
"K03634","blue",-0.199417809284827,0.250759385918267,0.443388288530905,-0.132680109557611,0.447369605832559,0.179433436228542,0.160844641165874,0.355985921824487,0.188903030241722,0.25144557777355,0.145095495931721,0.220165474887626,-0.194650653194174,0.262498217943092,0.108306093235982,-0.0993033969939295,0.570335963767137,0.253361636785819,-0.388738562823068,0.0210050300760425,0.0300806374264326,0.843112879544836,2.0767682054642e-10,1.13059470418025e-08,-0.375346249425339,0.026291544784909,0.0519537908197147,0.0119287380977997,0.945777102697022,0.317759239439399,"blue",0.843112879544836,2.0767682054642e-10,1.13059470418025e-08,TRUE,TRUE
"K03636","turquoise",0.580941588494589,0.000253014000031321,0.00539241475483759,0.339992841747673,0.0456785018668553,0.0329950949091827,0.81303423959208,2.95733211558199e-09,2.34401894228838e-08,-0.459550077532267,0.00548224817705258,0.0410221025373966,-0.656557618251802,1.84284663400562e-05,4.58991645416917e-05,-0.223122935387515,0.197611018921915,0.115142310947997,-0.30566316512243,0.0741532594065231,0.0777074101173089,0.206524413150666,0.233917902294691,0.137805859268573,-0.59461253966161,0.000165358408337179,0.00175053703797566,0.148781715843725,0.393659331548683,0.167012673015414,"turquoise",0.81303423959208,2.95733211558199e-09,2.34401894228838e-08,TRUE,TRUE
"K03639","purple",-0.502433931877638,0.00209977448100901,0.0211503494129917,-0.236332284531497,0.171676518119437,0.0887892278408105,-0.636022437740757,4.02197414062754e-05,0.000100535548667052,0.338473459245248,0.0467174584068536,0.119577350277213,0.787430361047962,2.00178913045538e-08,1.872114968913e-07,0.237464832583604,0.169571924968903,0.102180515990434,0.306953808915011,0.0728782778714948,0.0767005056951526,-0.219956355080913,0.204213906449514,0.124280164779298,0.213121847161241,0.218982838254028,0.220341190300485,-0.33369403887156,0.0501098013775772,0.0338113189276326,"purple",0.787430361047962,2.00178913045538e-08,1.872114968913e-07,TRUE,TRUE
"K03648","blue",-0.41153131426827,0.0140429993448632,0.0755815974840535,-0.333023242027323,0.0506012830299834,0.0353984413818991,-0.194655484174349,0.262486141827722,0.153034593731136,0.272946677304133,0.112643911783471,0.190377539898962,-0.00775259981792487,0.964745062936779,0.290772420171523,0.0845364709817518,0.629218453957509,0.271556212226377,-0.196269335286748,0.258472429619227,0.192606115593857,0.735336251084502,4.8663011138662e-07,4.31724615425242e-06,-0.155168858959246,0.373433443139799,0.311780994193394,0.0256522740138811,0.883705689813534,0.304205415927893,"blue",0.735336251084502,4.8663011138662e-07,4.31724615425242e-06,TRUE,TRUE
"K03671","salmon",0.529923681572876,0.00106031620255179,0.0136530910703933,0.816982826208351,2.1458354707901e-09,1.21014238243637e-07,0.365174612497929,0.0310011484033158,0.028800895686176,-0.550781960752398,0.000606744765040046,0.014855445063351,0.000337114856839158,0.998466495473539,0.297923815142813,-0.541420288947237,0.000782985840596499,0.00174173769523004,-0.000870396891667379,0.996040657641376,0.456879052279364,-0.396111261290604,0.0184934322096797,0.0196358642685226,-0.417272080071821,0.0126348001662555,0.0321993051205282,-0.530283488846238,0.00105047191361522,0.00150104523305154,"salmon",0.816982826208351,2.1458354707901e-09,1.21014238243637e-07,TRUE,TRUE
"K03672","turquoise",0.681158234957572,6.67290772159742e-06,0.000905144877919739,0.668260610976881,1.14996584389966e-05,9.04019735903687e-05,0.807568065475854,4.55462318023819e-09,3.27809328473609e-08,-0.512414034251125,0.00164926074477547,0.0227295970997106,-0.584068301110675,0.000229943601898356,0.000350397789374545,-0.561345268928353,0.000450901747052929,0.00113848627612347,-0.382210321406371,0.0234595350172451,0.0326695401160315,0.109224502848516,0.532242526018191,0.248327779009622,-0.609345598947106,0.000102281205831739,0.00130710396294394,-0.128523655442064,0.461851178008669,0.188812795511979,"turquoise",0.807568065475854,4.55462318023819e-09,3.27809328473609e-08,TRUE,TRUE
"K03676","turquoise",0.428730127890319,0.0101778952216926,0.0613618719187616,0.0880160053065083,0.615121386573229,0.225720991997748,0.73316129178543,5.47044666433393e-07,2.33020195350277e-06,-0.146969710156587,0.399510362356252,0.394498296778688,-0.446570640545219,0.00716256728664786,0.00592589249406443,0.0770300761010742,0.660067329735826,0.281082373980941,0.0591242044606294,0.735833735231112,0.384862810378417,0.171958419309586,0.323271890031403,0.17411634288766,-0.486598463645017,0.00303586917045975,0.012346796600048,0.348146816435275,0.040415536438462,0.0286236146806751,"turquoise",0.73316129178543,5.47044666433393e-07,2.33020195350277e-06,TRUE,TRUE
"K03695","purple",-0.326943372897179,0.0552336604817442,0.179818750061239,0.050475954108211,0.773378694931225,0.268375723170145,-0.467358384295117,0.00464462647776312,0.00598392035305934,0.161035564512701,0.355407679978679,0.369709855977434,0.793560085199234,1.29775818589877e-08,1.27808794670797e-07,0.0208498347300865,0.90536858111811,0.346755441732675,0.404136950369472,0.0160493398269087,0.0241400172966413,-0.361709363787318,0.0327551316786934,0.0311104193004018,0.0173387649937313,0.921249854122607,0.528479033260027,-0.506518595911834,0.00190382350543012,0.00243094396286468,"purple",0.793560085199234,1.29775818589877e-08,1.27808794670797e-07,TRUE,TRUE
"K03696","purple",-0.140449318272971,0.420973483507825,0.605149382542498,0.342760324684403,0.0438338331536659,0.0320434007789341,-0.71997493298191,1.08656181002405e-06,4.23903993999961e-06,-0.0640422319723943,0.714742193805316,0.522655352985519,0.811156239901471,3.43570312487795e-09,4.31237379627523e-08,-0.202896678318656,0.242416906250556,0.134817769082256,0.236870321947694,0.170674380662783,0.14453119497443,-0.66858377739471,1.13475501415767e-05,5.48014476403376e-05,0.371594466463725,0.0279548549874034,0.0538428722897536,-0.753181022411964,1.78179681976115e-07,1.69847083757652e-06,"purple",0.811156239901471,3.43570312487795e-09,4.31237379627523e-08,TRUE,TRUE
"K03699","turquoise",0.306029828177123,0.0737892913341756,0.211967960365101,-0.154376566262321,0.375908460898206,0.158047125643036,0.730355394596673,6.35148915575883e-07,2.64257407269483e-06,-0.0318088103711199,0.856057654264323,0.570714014895948,-0.586428309624562,0.000213795824098681,0.000327886242116719,0.24681650495538,0.152895261763302,0.0952900223119241,-0.0537259299055826,0.759204958691673,0.392740010990195,0.421393690609062,0.011698936590794,0.0139557851757383,-0.591632510062345,0.000181718663283967,0.001828458653977,0.491313515199238,0.00272519915528836,0.00322979021486529,"turquoise",0.730355394596673,6.35148915575883e-07,2.64257407269483e-06,TRUE,TRUE
"K03711","blue",-0.334614989983082,0.0494412588213489,0.170327267728289,-0.375104198793431,0.0263963353544669,0.0218607370522383,0.112243910598615,0.520898355392057,0.251893395228831,0.378600825671835,0.0249155221585702,0.0871236003468227,-0.0979766867148582,0.575522350756457,0.199203673042035,0.1886753263813,0.277715355770221,0.15050885212127,-0.0845026886717984,0.629355964772571,0.347142384981567,0.791023768585963,1.55535352565929e-08,3.08453928349912e-07,-0.464610651666668,0.00492582309796593,0.017111305042813,0.177715294618383,0.307086913998245,0.138520378390707,"blue",0.791023768585963,1.55535352565929e-08,3.08453928349912e-07,TRUE,TRUE
"K03712","turquoise",0.516757937097392,0.0014812951670737,0.0173126532828564,0.282999159818504,0.0994936886713023,0.0588420936828528,0.884617149452706,1.80204084844777e-12,3.95920400321973e-11,-0.110913441650503,0.525882364567637,0.455472504858806,-0.729367166966219,6.69156264213969e-07,3.06887057959222e-06,-0.297801031692566,0.0822993214933179,0.0592230483966939,-0.329588948464292,0.0531781731383701,0.0610551215601061,0.258132164880718,0.134347835060551,0.0908047477361914,-0.5126521113023,0.00163964017239934,0.00817854962002515,0.3001470946394,0.0797993266141207,0.048655930645921,"turquoise",0.884617149452706,1.80204084844777e-12,3.95920400321973e-11,TRUE,TRUE
"K03716","turquoise",0.636011837749493,4.0235361336683e-05,0.00219518518037239,0.408093900838036,0.014947738286731,0.0143302776042162,0.88822697896916,1.0966350960196e-12,2.74669375847282e-11,-0.399432377846464,0.0174468261426687,0.0722107549886929,-0.667269447449434,1.19778128464437e-05,3.27390789176673e-05,-0.264955166474509,0.123997969256804,0.0813565633108854,-0.223515333320653,0.196803298633866,0.160265694924791,0.0196845155479978,0.910635855624892,0.353889866649996,-0.444125948117389,0.00752401619310579,0.0230700466335945,0.236471532813159,0.171416755267936,0.0876995469820577,"turquoise",0.88822697896916,1.0966350960196e-12,2.74669375847282e-11,TRUE,TRUE
"K03718","blue",0.02444346362817,0.889151219398443,0.939074319651922,-0.300898093337866,0.0790116155513732,0.049320321548569,0.272437505902638,0.113343137341818,0.0802843828705572,0.0487159244219028,0.781085021134777,0.547378231554386,-0.613640852184621,8.85127363829698e-05,0.000161442710032692,0.0199609719076385,0.909385918007234,0.347424178784006,-0.552953562367562,0.000571281720040959,0.00171502267590184,0.739675492184739,3.83991774362935e-07,3.54879222968668e-06,-0.00839289199937903,0.961835373156228,0.536241791721572,0.449297265371319,0.00677706024268492,0.00678976132490871,"blue",0.739675492184739,3.83991774362935e-07,3.54879222968668e-06,TRUE,TRUE
"K03719","blue",-0.203191691665327,0.241718120012083,0.434391653271593,-0.40508260616216,0.0157800730392876,0.0149045226432005,0.316852840040287,0.0636594751227028,0.0507140875576831,0.286510858456209,0.0951864281461734,0.174250131535047,-0.244869450367025,0.156265234397602,0.0717695514570693,0.299736436144294,0.0802326263747862,0.0581641169875349,-0.00767890953010473,0.965079964298322,0.450302353012089,0.701693270375955,2.6467867219249e-06,1.75138640326475e-05,-0.499441225635451,0.00225431815107803,0.00999201256079171,0.411404442241851,0.0140755538798514,0.0120939281322272,"blue",0.701693270375955,2.6467867219249e-06,1.75138640326475e-05,TRUE,TRUE
"K03733","blue",-0.200886209415189,0.247215092388382,0.440059382163506,-0.309275948569498,0.0706274583451064,0.045366964425226,0.162787954871453,0.350126721533,0.186425812312771,0.34635772492063,0.041526136298415,0.113296190043878,-0.340093832555094,0.0456101074988368,0.0263611108174828,0.0774723734242759,0.658233626755603,0.280594125189457,-0.266230373776559,0.122131293913673,0.113401835172567,0.742989588744085,3.19440145763566e-07,3.03641096890216e-06,-0.319940247909599,0.0609804828334472,0.0921970782593332,0.210596049642311,0.22462149521114,0.108755047166696,"blue",0.742989588744085,3.19440145763566e-07,3.03641096890216e-06,TRUE,TRUE
"K03738","brown",-0.240302110595715,0.16438060353262,0.34918590664039,-0.667048710983038,1.20867298878712e-05,9.42917820996221e-05,0.1685726304365,0.333033723163319,0.180003223751251,0.261595207207169,0.129017925222306,0.205381895630347,-0.147545384354415,0.397646105962841,0.149327123366248,0.672837650028344,9.50875576680453e-06,6.97894139603756e-05,0.420442200382126,0.0119096082582879,0.0189854688276543,0.227926090802523,0.187882389972161,0.116773947804221,-0.110698834109388,0.526688467787129,0.385253656625454,0.732704672305795,5.6057166661242e-07,4.08241276888226e-06,"brown",0.732704672305795,5.6057166661242e-07,4.08241276888226e-06,TRUE,TRUE
"K03768","tan",-0.370471770131656,0.0284690719802711,0.120710375491945,-0.212649265261981,0.22003039848488,0.106975985607422,-0.550907527896257,0.000604642254803061,0.00107101902294308,0.16785648858828,0.335121491601683,0.360567986366157,0.112683593280199,0.519256396716185,0.185101571979706,0.0918340506100065,0.599807477951317,0.263286478145944,-0.150982103155344,0.386621167701013,0.254562820274471,-0.0271557494594393,0.876940066294611,0.345170939780766,0.760803112155299,1.13028985701129e-07,1.04152833250982e-05,0.0649019775778551,0.711075809918101,0.261356948871997,"tan",0.760803112155299,1.13028985701129e-07,1.04152833250982e-05,TRUE,TRUE
"K03769","turquoise",0.649795041081148,2.39820379010639e-05,0.00182548988499288,0.662945418884535,1.4282437227517e-05,0.000105769283034448,0.706174095878847,2.14104940983538e-06,7.61731877472538e-06,-0.501075804230036,0.00216872108350855,0.0246712356460285,-0.539236288559192,0.000830099638482112,0.00101130655791101,-0.497092929977188,0.00238244907266624,0.00402106065109481,-0.257397590846179,0.135498975441892,0.122323968236783,-0.329170295414409,0.0534993256292057,0.0451206281396072,-0.22925097960202,0.1852592470101,0.197533882957841,-0.0570035053145491,0.744988580067407,0.270346963867492,"turquoise",0.706174095878847,2.14104940983538e-06,7.61731877472538e-06,TRUE,TRUE
"K03773","green",-0.0437314738907921,0.803018795069392,0.894000636172423,-0.300429353114838,0.0795025592756337,0.0495420056082956,0.0581724687039917,0.739937943264988,0.321416938407904,0.0401170178562543,0.81901810720765,0.559795404386612,0.0822139326388198,0.638700684889002,0.215214670909492,0.686004968996271,5.40043851659989e-06,4.87135147004355e-05,0.702539297374001,2.54366004542563e-06,2.0588269970663e-05,-0.211716128033486,0.22210891682683,0.132742465066601,-0.192004612576491,0.269167606928246,0.252278813952557,0.344117324105829,0.0429514983734582,0.0299180229115429,"green",0.702539297374001,2.54366004542563e-06,2.0588269970663e-05,TRUE,TRUE
"K03781","purple",-0.13084200972484,0.453743174804271,0.634288119741694,0.255596013292375,0.13835293594855,0.0754895654034944,-0.431362222112247,0.00967476972246868,0.011197768386121,-0.0345086989016539,0.843983857854375,0.566311539894914,0.797145167008609,1.0003978282193e-08,1.04868657599226e-07,0.0215595845867381,0.902162422534036,0.346008540774332,0.653237210290471,2.09898394907597e-05,0.000111413905039241,-0.658335454782868,1.7176861061908e-05,7.61941520124453e-05,-0.0746917431945117,0.669793905402885,0.443689230557652,-0.572989143441039,0.000321278401714717,0.000601528487160837,"purple",0.797145167008609,1.0003978282193e-08,1.04868657599226e-07,TRUE,TRUE
"K03786","brown",-0.24392948893683,0.157911216122851,0.339275643780076,-0.521628190134042,0.00131100761502297,0.00251445904522936,0.148349544928287,0.395050312953303,0.204013436579542,0.0235900445903514,0.892998779678761,0.580594057622468,-0.378317926428919,0.0250327210556304,0.0159780101068401,0.405193568389034,0.0157487273555826,0.0165418727969415,-0.128851258092941,0.460700791962916,0.283583764090987,0.397789631181652,0.017958152943496,0.0192208761720115,0.214561385424269,0.215812918648707,0.21840681926711,0.703566321435663,2.42341041745316e-06,1.21137669687504e-05,"brown",0.703566321435663,2.42341041745316e-06,1.21137669687504e-05,TRUE,TRUE
"K03789","blue",-0.166349993233308,0.339539554913925,0.528742307384226,-0.133946828788417,0.443005705080938,0.178083748601372,0.271327644511354,0.114878560192223,0.0812341287421478,0.0412109328524941,0.814168013726996,0.558819018056041,-0.398688337763983,0.0176768901320922,0.0121750414949596,-0.0971821992408362,0.578638303465,0.25579965526043,-0.389739555059616,0.0206482598256526,0.0296743931838276,0.852305140774231,8.2418209962148e-11,5.80651908562743e-09,-0.329947001251534,0.0529047275717483,0.0834461612337335,0.166043472166094,0.340442822955131,0.149604337424601,"blue",0.852305140774231,8.2418209962148e-11,5.80651908562743e-09,TRUE,TRUE
"K03790","blue",-0.327338285502283,0.0549228847823479,0.179236215657872,-0.381803002045523,0.0236202287079525,0.0201158864423154,0.134639704853632,0.440628573772005,0.221924219856305,0.381156246379025,0.0238772537382969,0.0851018353280329,-0.261069687479469,0.129816498518962,0.0615483302412714,0.0511991724602248,0.770218188882733,0.31246373656971,-0.294192837629411,0.0862619077357676,0.0875167590487087,0.925239188245227,1.90851131158878e-15,2.28579005945914e-12,-0.312784043367543,0.0673306367178527,0.0988114191674821,0.272375903361147,0.113427954347443,0.0638470797947225,"blue",0.925239188245227,1.90851131158878e-15,2.28579005945914e-12,TRUE,TRUE
"K03795","turquoise",0.54804639068836,0.000654187848908364,0.00950653887709109,0.4173709791041,0.0126116257654035,0.0125945895741659,0.746273717294281,2.6545160784666e-07,1.20446554887459e-06,-0.333361472823896,0.0503529878907625,0.123519455687875,-0.518743227511427,0.00140966789797588,0.00155818986372717,-0.356506554170254,0.0355400002013047,0.0312238805205262,-0.190320253299596,0.273470326165216,0.200217705916858,0.0462999615609187,0.791696704148837,0.32306680207026,-0.60994586110558,0.000100247974713608,0.00129426913821888,-0.0552737503034355,0.752481345911015,0.27212388311844,"turquoise",0.746273717294281,2.6545160784666e-07,1.20446554887459e-06,TRUE,TRUE
"K03801","blue",-0.398124814098626,0.0178528189030564,0.0894599718386699,-0.61075766007539,9.75560415626248e-05,0.000415412204111057,0.1414793694155,0.417540619964597,0.212560091780534,0.44915904483295,0.00679616588962202,0.0451337511249984,-0.18646433215449,0.283488278943646,0.115173184625027,0.383451096177245,0.0229755956771377,0.0223267207164377,-0.00546217481182961,0.975156883426741,0.4530956377054,0.846299254187453,1.51780280933825e-10,9.08922717077418e-09,-0.323362664919421,0.0581157112382182,0.0891749289258286,0.453674647117793,0.0061953352547983,0.00630262157949974,"blue",0.846299254187453,1.51780280933825e-10,9.08922717077418e-09,TRUE,TRUE
"K03802","green",-0.425247522522595,0.0108775824684512,0.0640435196162772,-0.255884367003951,0.137893197707784,0.0754795410051027,-0.412716527260632,0.0137419298223096,0.0148484935510715,0.37733804875366,0.0254421858149033,0.0881999520971588,0.701712834039858,2.64435948184474e-06,9.81525826598511e-06,0.484995341488674,0.00314829036145888,0.0049014518281953,0.843653798496972,1.97008138763276e-10,6.27430602519623e-09,-0.378329518778797,0.0250279096766799,0.0251472167421559,-0.0676705150122202,0.699312994214428,0.454463337981689,-0.101763896147427,0.560774022805596,0.218995390028144,"green",0.843653798496972,1.97008138763276e-10,6.27430602519623e-09,TRUE,TRUE
"K03885","turquoise",0.51845924415551,0.00141972345353975,0.0167674796376477,0.532524786834224,0.000990944635246775,0.00204588168635861,0.73040974802718,6.33325309766839e-07,2.64257407269483e-06,-0.312188034043646,0.0678820691055469,0.144474827997568,-0.605680624722543,0.00011552016863912,0.000201534466310393,-0.583850806518753,0.000231485270012242,0.000687277337771271,-0.579109528956212,0.00026747285737824,0.000913401637854815,0.381978268879519,0.0235509720227136,0.0239444655283466,-0.579771416506171,0.000262166174513924,0.00229661970758314,-0.0986489228806051,0.572891783998432,0.222493413581796,"turquoise",0.73040974802718,6.33325309766839e-07,2.64257407269483e-06,TRUE,TRUE
"K03887","tan",-0.189189707827741,0.276383329600294,0.46701770863221,-0.157481842546474,0.366263225187275,0.154857799285243,-0.634579764722884,4.2396752306575e-05,0.000104723159119777,0.0990275208887058,0.57141266960615,0.474400235838638,0.3498051889867,0.0394076449832532,0.0233780777373063,0.215299970143788,0.214198819507958,0.122670211738832,0.0950968010567025,0.586852910089368,0.332332025690382,-0.486169878607908,0.00306557709507042,0.00488893098883319,0.905935263404469,7.29376223505042e-14,4.25662318546507e-11,-0.00767003064392456,0.965120316703852,0.322105956504875,"tan",0.905935263404469,7.29376223505042e-14,4.25662318546507e-11,TRUE,TRUE
"K03889","blue",-0.277066580832858,0.107104941636596,0.265622922153205,-0.409387469500521,0.014601685250824,0.0140910496606212,0.173422027770425,0.319107706639669,0.175044909534941,0.226669832785462,0.190393691781554,0.258457818837143,-0.380683778898429,0.0240664736757727,0.0155750459825516,0.179747320597513,0.301498508482072,0.159976682285159,-0.157798474370804,0.365288086996784,0.243862421668684,0.801527991029645,7.22643219373571e-09,1.7309938666327e-07,-0.155876593867288,0.371230729415616,0.311128888723494,0.437142714923693,0.00864354551546824,0.00822285661364464,"blue",0.801527991029645,7.22643219373571e-09,1.7309938666327e-07,TRUE,TRUE
"K03918","blue",-0.338355299259642,0.0467990444692688,0.165139674578645,-0.240969390349738,0.163176456888314,0.0856500991925642,0.0496509389501963,0.776988437005468,0.332437446394924,0.440466070113299,0.00809422242659122,0.0489343047056735,-0.0442545916484,0.800709571738012,0.254128865963513,0.00623612623834466,0.9716381166239,0.362484069904474,-0.254456135282988,0.140181334312871,0.125147151618692,0.77450972479461,4.77345834422723e-08,6.68614788450182e-07,-0.342103756212612,0.0442659478128736,0.0733212127109906,0.0665026220219111,0.704266872103503,0.25966775270364,"blue",0.77450972479461,4.77345834422723e-08,6.68614788450182e-07,TRUE,TRUE
"K03921","turquoise",0.415436759238361,0.013071425323045,0.0719265865021942,0.412710743657036,0.0137433856795486,0.0134638984703234,0.740149682214314,3.74074457397848e-07,1.64952088610012e-06,-0.21821985193908,0.207899092072333,0.271975240347695,-0.432572621698158,0.00945059284149672,0.00739553689653868,-0.272845873973969,0.112782083063145,0.0752936897457253,-0.100184251911896,0.566904298383563,0.324421139638119,0.00669733274726803,0.969541489389236,0.366656962678607,-0.570027631564165,0.000350623212032055,0.00276517453415076,0.0206896225067639,0.906092514424723,0.308848077243779,"turquoise",0.740149682214314,3.74074457397848e-07,1.64952088610012e-06,TRUE,TRUE
"K03929","brown",0.011964608940104,0.945614290033562,0.97520286620558,-0.529697996835822,0.00106653233701465,0.00216261800361992,0.388489388153527,0.0210946316398988,0.0211847623687731,0.340613566566859,0.0452594262502578,0.118161881864819,-0.529954965345648,0.00105945706530346,0.00122799864369982,0.351931643170108,0.0381451430321736,0.0329492008104105,-0.117598905587193,0.50107574123763,0.299746384523841,0.452239593496372,0.00638113048998652,0.00889705065693373,-0.141339043811378,0.418007356843286,0.334068789577659,0.727713692235356,7.29811985068036e-07,4.9086844132133e-06,"brown",0.727713692235356,7.29811985068036e-07,4.9086844132133e-06,TRUE,TRUE
"K03933","blue",0.0757839899923222,0.665243880558,0.795059695754738,-0.192305816777715,0.268402874069808,0.122838572752705,0.447145266102604,0.00707979906704184,0.00850070074952314,-0.101356790645795,0.5623509840592,0.469700779817178,-0.740055923972926,3.76016474419388e-07,2.00386381457638e-06,-0.0485863803730016,0.781653053162442,0.315304306189915,-0.48224939511646,0.00334926911082969,0.00693036562702735,0.76027469377775,1.16714931598952e-07,1.35715920458945e-06,-0.147579923666072,0.397534413554017,0.325223547053597,0.492428814191608,0.0026558986619626,0.00317258311089511,"blue",0.76027469377775,1.16714931598952e-07,1.35715920458945e-06,TRUE,TRUE
"K03935","brown",-0.0205715378134739,0.906626138381615,0.950382776145661,-0.491789525720119,0.0026954313960064,0.0041336398233858,0.26330344960324,0.126447238703017,0.0878277440238217,0.105977744924286,0.544572456300768,0.464891051545063,-0.445360286277309,0.00733961692319755,0.0060455863338039,0.42818773726446,0.0102842865735411,0.012015862732038,-0.0123151336233826,0.94402342324937,0.444357721444152,0.260835353296475,0.130173767045176,0.0884326749589328,0.170463213580457,0.327560682455725,0.285887849395894,0.802793707485057,6.56875469661574e-09,1.64642703307994e-07,"brown",0.802793707485057,6.56875469661574e-09,1.64642703307994e-07,TRUE,TRUE
"K03975","blue",0.084672933446553,0.628663108645444,0.768285916796439,-0.130436339351209,0.455156376491292,0.181488181073642,0.446328721892786,0.00719765974407154,0.00860937142144121,0.127232219385168,0.466400955389774,0.426354762026243,-0.420444463683136,0.0119091033564624,0.00893047159933357,-0.107391002176684,0.539188855141067,0.243460729556627,-0.357840402271021,0.0348083233034478,0.0444589341855872,0.770897015667253,6.02531103575336e-08,7.93011855097987e-07,-0.555464600146197,0.000532578115443964,0.0036724115360101,0.189034684294843,0.276784335614555,0.127807521520721,"blue",0.770897015667253,6.02531103575336e-08,7.93011855097987e-07,TRUE,TRUE
"K03977","green",-0.0135024116526308,0.938636543863882,0.970197552774921,-0.162831637846491,0.349995689240662,0.149283636059325,0.269436314624702,0.11753096973938,0.0825967053024764,0.054102678197721,0.757566772877974,0.538845679173643,0.130278905345758,0.455705452759618,0.166810158620789,0.443709655987149,0.00758709290434544,0.00959774475027555,0.777163567960959,4.0118949148464e-08,5.81925697801934e-07,-0.20531389349063,0.236731193455048,0.138712691138912,-0.519493553957952,0.00138340010332552,0.00726901354241298,0.239384109930723,0.166047602490532,0.085544762957541,"green",0.777163567960959,4.0118949148464e-08,5.81925697801934e-07,TRUE,TRUE
"K03979","turquoise",0.347552110996731,0.0407820105680027,0.151428673386649,0.142924028489633,0.412752598817391,0.169269262223999,0.719702963015108,1.10160402645977e-06,4.27111334411827e-06,-0.0392847294981559,0.82271266516996,0.560706257988116,-0.433942262446991,0.00920226411157656,0.00722554929468648,-0.0241354045058408,0.890539792693054,0.344118153548329,-0.212477234524759,0.220412584456142,0.173605229665709,0.314152305585052,0.066078006678772,0.0527836537207803,-0.626080959766372,5.75277612345096e-05,0.000977856456477351,0.174680512393271,0.315554032402623,0.141365513898076,"turquoise",0.719702963015108,1.10160402645977e-06,4.27111334411827e-06,TRUE,TRUE
"K04043","purple",0.0368740547628769,0.833434640202873,0.912809367841242,0.494649991815691,0.00252244281470523,0.0039604703613563,-0.375029964345958,0.0264285423987256,0.0253424231809869,-0.103812253544083,0.552870666835708,0.466332830696486,0.746600190464387,2.60571131193705e-07,1.42853672864084e-06,-0.283862064352481,0.0984218094152304,0.0682517025470633,0.28728864645787,0.0942519987840843,0.0940597617505761,-0.627623276131067,5.44645965020385e-05,0.000186909108035627,-0.021145248267196,0.904033925589963,0.523778554235613,-0.77522091435473,4.55726417087275e-08,6.16969044055172e-07,"purple",0.746600190464387,2.60571131193705e-07,1.42853672864084e-06,TRUE,TRUE
"K04047","purple",-0.285932003706169,0.0958864404284834,0.250171247110301,0.202371375751443,0.243664520625981,0.114549875126158,-0.588780108233216,0.000198721060633195,0.000405977089983401,0.115145117397158,0.510111355587836,0.447592302030098,0.858250395359893,4.38302782833561e-11,1.10028449305736e-09,-0.0738438217764328,0.673334128252365,0.283755542355203,0.447029131583778,0.00709646058944941,0.0128191816612856,-0.325261185427479,0.0565731422660762,0.0469107485064595,-0.127032946296428,0.467105108348583,0.357588308830003,-0.7037340347597,2.40427469782497e-06,1.20897846242114e-05,"purple",0.858250395359893,4.38302782833561e-11,1.10028449305736e-09,TRUE,TRUE
"K04062","green",-0.175196368991882,0.31410456274804,0.50360696444608,-0.198270560883856,0.253551935254885,0.118084093540102,-0.0546396506714362,0.755233691871461,0.325751680825173,0.225338438966069,0.193080820472078,0.261557998884988,0.383429069399118,0.02298411413258,0.0150275035241611,0.247521133900677,0.151688775920065,0.0946879180492837,0.719265592623525,1.12619481539296e-06,1.01219754640511e-05,-0.278772575675946,0.104872559107618,0.075077106472725,-0.23270172936306,0.178548650409735,0.193441688556112,-0.0101887118896961,0.95367730535421,0.319296039530113,"green",0.719265592623525,1.12619481539296e-06,1.01219754640511e-05,TRUE,TRUE
"K04065","green",-0.108597687826876,0.534612382426113,0.698967277586805,-0.18887751033176,0.277191290111674,0.125623056660902,-0.371038211936367,0.028208668061,0.0266615139276079,0.0981723356569816,0.574756184155801,0.475033431072644,0.660423382550386,1.58057515421642e-05,4.08604500174374e-05,0.485819381166375,0.00309005977125888,0.00484014931027863,0.822125197412468,1.39673485468496e-09,3.14803806576629e-08,-0.544939419923351,0.00071203453496238,0.00147261598505422,0.0256783636262065,0.883588216437567,0.517345363246966,-0.058510650854215,0.738478771269662,0.268901850105829,"green",0.822125197412468,1.39673485468496e-09,3.14803806576629e-08,TRUE,TRUE
"K04074","blue",-0.156414734588285,0.369561008564539,0.556596719643951,-0.331581010335459,0.051671022303554,0.0358980372803035,0.182042870459398,0.295263569632738,0.166131673019157,0.222256878383265,0.199401909117389,0.26622759599993,-0.42040643222434,0.0119175898948435,0.00893047159933357,-0.0834131206634741,0.633797599939495,0.27293436324793,-0.422113858786472,0.0115415854983063,0.0185807586304865,0.85763958859607,4.68291667272169e-11,3.87233579575929e-09,-0.214088229670007,0.216851329400169,0.218825267923757,0.285264794820106,0.0966981668374983,0.0561357222556025,"blue",0.85763958859607,4.68291667272169e-11,3.87233579575929e-09,TRUE,TRUE
"K04077","purple",-0.233622136718035,0.176788270792623,0.363000707594101,0.065011510235675,0.710609163501511,0.251112792590285,-0.693829275905929,3.80517814600109e-06,1.26737534186639e-05,0.00857488540395854,0.961008424540315,0.599579211362851,0.875936752587189,5.57753694664041e-12,1.90019768772645e-10,0.160114543642539,0.358202352183917,0.182397056510515,0.619776284869916,7.17317295784412e-05,0.000309992342073833,-0.679741446406702,7.09335735465357e-06,3.84415745014527e-05,0.220907764715663,0.202214170348194,0.208939833631422,-0.518759897733777,0.00140907957215905,0.00191008121738004,"purple",0.875936752587189,5.57753694664041e-12,1.90019768772645e-10,TRUE,TRUE
"K04078","purple",-0.19071546916833,0.272456738797211,0.462829008466887,0.0326141570350108,0.852452683268577,0.286949080741681,-0.629435511427326,5.10539437409225e-05,0.00012319130105101,0.0518363928246127,0.767436510049558,0.5426692039462,0.871294105954697,9.86484688228997e-12,3.03558931649019e-10,0.224825941361443,0.194122233036943,0.113837154359027,0.694875468206399,3.62815354711817e-06,2.76836781068535e-05,-0.718850214804609,1.15001363697467e-06,8.60844301680757e-06,0.186781164774535,0.282656304399288,0.259367266615912,-0.448113948982711,0.00694212414735518,0.00692229636252012,"purple",0.871294105954697,9.86484688228997e-12,3.03558931649019e-10,TRUE,TRUE
"K04079","green",-0.335421012603522,0.0488620176604853,0.168877697795213,-0.384480614385494,0.0225803549098108,0.019424535664546,-0.357704053382185,0.0348825494847673,0.0314729069089755,0.158300223372489,0.363746009092702,0.374188140206339,0.527559765180907,0.00112703947642003,0.00129844378575042,0.603252575477816,0.000125118843447514,0.000438717092818962,0.79372826718046,1.28215688544428e-08,2.15904292727671e-07,-0.280500446965272,0.102647634185855,0.073837385054164,0.0708299096894303,0.685973266132905,0.450312903212386,0.163356214174839,0.348424478467959,0.152036220726239,"green",0.79372826718046,1.28215688544428e-08,2.15904292727671e-07,TRUE,TRUE
"K04080","purple",-0.194746694540952,0.262258209785432,0.454685193429515,0.0730689660630206,0.676575338273251,0.242184516255742,-0.717856160903863,1.20890062727122e-06,4.62978639703321e-06,0.0635868658625798,0.71668665433115,0.522940746637227,0.740926755122546,3.58329998976992e-07,1.92033734083585e-06,-0.0547625488122594,0.754700012669589,0.308352845620654,0.0696930210700143,0.690762994519171,0.370414287243398,-0.405087120604182,0.0157787967359497,0.0174335648168629,0.444177326577414,0.00751626247517256,0.0230700466335945,-0.531289895134747,0.00102336335279389,0.00147427893004766,"purple",0.740926755122546,3.58329998976992e-07,1.92033734083585e-06,TRUE,TRUE
"K04084","green",-0.197135588301088,0.256334847175357,0.448509618443452,-0.310578858810275,0.0693885897181263,0.044853105090636,-0.157858901626464,0.365102163657266,0.192193222626084,0.00435604902043205,0.980186663884324,0.603976001723914,0.251246737992655,0.145424436787516,0.0675056191816632,0.438547974163804,0.00840751088198019,0.0103379823240502,0.744914920663812,2.86680686756431e-07,3.11102877909965e-06,-0.16742899798694,0.336371578425582,0.179051670175491,-0.150402889714138,0.388466700411043,0.320188049982215,0.197549184610065,0.255318390815729,0.120040036679895,"green",0.744914920663812,2.86680686756431e-07,3.11102877909965e-06,TRUE,TRUE
"K04098","brown",-0.161816509156167,0.353048353521491,0.543634721381667,-0.532636579091551,0.000988055057979814,0.00204404531553235,0.246299257232038,0.153785328299366,0.102605049870883,0.227008140818838,0.18971509583805,0.257741137267528,-0.414773421558123,0.0132323323035694,0.00973970399219904,0.502505896826944,0.00209617518114822,0.0036533359927989,0.0348596683595468,0.842416840573763,0.416521179574716,0.495161062364147,0.00249257671233233,0.00408947233381672,-0.0108744439899083,0.95056333140786,0.535469706288547,0.708032181729762,1.95858168293506e-06,1.04985479285935e-05,"brown",0.708032181729762,1.95858168293506e-06,1.04985479285935e-05,TRUE,TRUE
"K04487","purple",-0.217148508324417,0.210195486812148,0.402036825674242,0.0485275371580188,0.781911108911797,0.270331382214107,-0.517374351004054,0.00145872102468245,0.00228064574308154,0.206737749633646,0.233424452736328,0.289959873663452,0.823232298029176,1.27112583673053e-09,1.7573319957014e-08,0.0983597934850782,0.574022526154416,0.254330037172324,0.501960201134438,0.00212360305589081,0.00480848673069578,-0.508070790165153,0.00183367089728804,0.00316905487173692,-0.0150198176786112,0.93175574688271,0.532586240760469,-0.459613948408748,0.00547490195685028,0.00573108537939814,"purple",0.823232298029176,1.27112583673053e-09,1.7573319957014e-08,TRUE,TRUE
"K04488","salmon",0.467032363326013,0.0046772492232561,0.0365603074981657,0.776302984389501,4.24559683265671e-08,1.31480435414509e-06,0.354024023188227,0.0369350763630016,0.0328122143690662,-0.471929742466357,0.00420746203041952,0.0348285708034664,-0.0228606395312589,0.896289142620716,0.277055371514496,-0.6225420063944,6.51519057626794e-05,0.000270130733992927,-0.331773276688415,0.0515273800198406,0.0596025435385008,-0.0991277996422924,0.571021188988522,0.260434852920418,-0.429047568275327,0.0101160628593787,0.0279477696521118,-0.557076942680859,0.000508971179021574,0.000835864711505357,"salmon",0.776302984389501,4.24559683265671e-08,1.31480435414509e-06,TRUE,TRUE
"K04518","blue",-0.317230380061372,0.0633269889413465,0.192874302726913,-0.446253422483377,0.00720861256796945,0.00832424275642819,0.218896265959702,0.20645818569433,0.128378041119518,0.407502292457682,0.0151082846764801,0.0686680477829003,-0.329824481220777,0.0529981699685482,0.0296691868730922,0.140702898326405,0.4201269118229,0.204551401893806,-0.181997748992813,0.295385324477833,0.211328108624693,0.78474303150209,2.41000513770846e-08,4.06538070014427e-07,-0.302029544187936,0.0778362574888755,0.109052103120706,0.400599846234006,0.0170908816242751,0.0142894294450086,"blue",0.78474303150209,2.41000513770846e-08,4.06538070014427e-07,TRUE,TRUE
"K04524","green",-0.290285621808189,0.0907168968107572,0.243103033616086,-0.0476243580199783,0.785874840551271,0.271421810418828,-0.442895206659204,0.00771180617426181,0.00915422853358927,0.0873755445846944,0.617706206096003,0.489655589741607,0.709082445469745,1.86184906495659e-06,7.33950694358967e-06,0.298640637418528,0.0813977631989896,0.0587564469969108,0.849084856525063,1.14719557360001e-10,4.59146028711837e-09,-0.474672151361082,0.00396265899578415,0.00608462334946837,-0.137081747335719,0.432306225031154,0.340936402208792,-0.321742027880777,0.0594586944490798,0.0385195794982859,"green",0.849084856525063,1.14719557360001e-10,4.59146028711837e-09,TRUE,TRUE
"K04564","purple",-0.493663897838352,0.00258095117406147,0.0239168142129696,-0.110380411631843,0.527885625606551,0.20212851501785,-0.8855910127015,1.57864269786992e-12,3.66107132225586e-11,0.133464558448727,0.444664404244483,0.416666252242685,0.925504838220567,1.8032621990686e-15,4.30044352134509e-13,0.229950781709679,0.183884185997584,0.108752846386293,0.514810023888495,0.001554660321421,0.00376460574624987,-0.433262349645704,0.00932483577008698,0.0118056976546901,0.38487845107481,0.0224291389937567,0.0470039655135036,-0.463338990532802,0.00506085246414098,0.00536559774955863,"purple",0.925504838220567,1.8032621990686e-15,4.30044352134509e-13,TRUE,TRUE
"K04565","green",-0.234868352592309,0.174424450847638,0.361396610084185,-0.195620512877044,0.260081171845566,0.120377734900288,-0.301749172181176,0.0781262363671138,0.0599507820954507,0.116826146800841,0.503912526952852,0.444357952507465,0.496683998975392,0.00240539951865198,0.00241533834019523,0.372393607985096,0.0275935029523319,0.0256135731760203,0.834215610152856,4.8111044358986e-10,1.30524003279398e-08,-0.331856459466318,0.051465332962527,0.0439355687277471,-0.111933158545328,0.52206036928249,0.383650164580643,-0.0683499298898984,0.696436696025752,0.257510848408032,"green",0.834215610152856,4.8111044358986e-10,1.30524003279398e-08,TRUE,TRUE
"K04566","blue",-0.177006707358093,0.309050926847059,0.498253057554235,-0.119219380540951,0.495153316421708,0.192479919773736,0.167504093888856,0.336151772796808,0.181141260935666,0.0504351797599101,0.773556988478529,0.545416942894648,-0.146291486648069,0.401713133459241,0.150335157170152,-0.132970226188853,0.446368089317111,0.212641157064228,-0.322185995517377,0.0590883712776404,0.065678915023203,0.743346389242044,3.13120997623577e-07,3.00015560580598e-06,-0.477422473382416,0.00372962807893617,0.0141032561516161,-0.0484322841870058,0.782328887445514,0.278906146614648,"blue",0.743346389242044,3.13120997623577e-07,3.00015560580598e-06,TRUE,TRUE
"K04649","green",-0.153810822285707,0.377681665837235,0.562980761419162,-0.0703100259149618,0.688162064729478,0.245457860696093,-0.301431475125821,0.0784558319620688,0.060056502557977,-0.0951315778690167,0.586715499072864,0.477869892716694,0.423769019817898,0.0111867191492498,0.00846928115961196,0.373566278662117,0.0270702110713763,0.0252269138073716,0.789948714400265,1.67817218145395e-08,2.67231747264647e-07,-0.408784697228608,0.0147620906205701,0.0166638015333088,-0.0861232746834945,0.622773253663655,0.42392970355293,-0.0772706755490814,0.659069595630482,0.24756876677112,"green",0.789948714400265,1.67817218145395e-08,2.67231747264647e-07,TRUE,TRUE
"K04653","tan",-0.456827564644997,0.00580336969633267,0.0421667566344899,-0.52654099206274,0.00115691743481313,0.00229133710115772,-0.591201320193027,0.000184202229743179,0.000381923207191321,0.339448466063893,0.0460485916767509,0.118336079623524,0.348640753733172,0.0401131863535453,0.0236971227350171,0.438269239490185,0.00845388662090497,0.0103780226983879,0.168269528491562,0.333916376971565,0.229450960601155,-0.26837683721521,0.119036672091732,0.0824569724546939,0.802651287787099,6.63988897783897e-09,1.29167474257031e-06,0.263577651832024,0.126038167391781,0.0692848369752073,"tan",0.802651287787099,6.63988897783897e-09,1.29167474257031e-06,TRUE,TRUE
"K04654","tan",-0.587340364868949,0.000207832324561416,0.00491990007825161,-0.57761001912659,0.000279851616560296,0.000851846916865107,-0.699093311717727,2.98808842450376e-06,1.01963676208524e-05,0.37257963135522,0.0275099412617189,0.0913219880527372,0.451450830078566,0.00648527148039754,0.00546025105925698,0.484638289850664,0.00317381589444541,0.00492820549719261,0.245719746130091,0.154786990717228,0.134338772502105,-0.145033345535123,0.405817746364202,0.203613343606243,0.748297181111743,2.36505038748197e-07,2.05031089763816e-05,0.208673962974015,0.228978146320742,0.110610829812585,"tan",0.748297181111743,2.36505038748197e-07,2.05031089763816e-05,TRUE,TRUE
"K04751","brown",0.163645424061413,0.34756006831809,0.537672085833544,-0.333161050214414,0.0505000002758238,0.0353984413818991,0.426911324587944,0.0105383872018972,0.0119759689457298,-0.15021890495962,0.389053995182302,0.388911113591363,-0.472971508286062,0.00411297047385709,0.00371401490095762,0.398543243024546,0.0177220487972936,0.0181467916960768,0.0138781146186175,0.936932463001139,0.442813656470842,0.15277363645748,0.380945243396948,0.194979206748801,0.035573372841467,0.839232115969618,0.503536399225461,0.729389922849364,6.68354749206088e-07,4.61285050889729e-06,"brown",0.729389922849364,6.68354749206088e-07,4.61285050889729e-06,TRUE,TRUE
"K04755","green",-0.212786925806765,0.219724896605682,0.411758789242888,-0.492351426327253,0.00266065719416915,0.00410756754050382,0.00691343178749653,0.968559179607178,0.384698324769922,0.236200429760676,0.171922747491687,0.242171468173218,0.227409106908773,0.18891301998813,0.0834216109461796,0.679049323833504,7.30740210586487e-06,5.87404685098564e-05,0.743776561056498,3.0565520790437e-07,3.25084539780142e-06,-0.0484253044213547,0.782359502981062,0.320348056163404,-0.27914022781737,0.104396114673441,0.133467097919709,0.343204983829584,0.0435431183042225,0.0302304134032989,"green",0.743776561056498,3.0565520790437e-07,3.25084539780142e-06,TRUE,TRUE
"K04759","black",-0.256692071381289,0.136611408928595,0.308654893529835,-0.547176908946523,0.000669940822790609,0.0015775496465539,0.0269470180976259,0.877878853792988,0.360811389367179,0.321420377295355,0.0597281354412596,0.134011840023356,0.0601807641607053,0.731285902775578,0.237195550416161,0.701092781218922,2.72228631309343e-06,3.0347272837983e-05,0.399300770261483,0.0174873372202278,0.0259828108016728,0.159399680834481,0.360380535089453,0.187579903671348,-0.0717270239804658,0.682202174217525,0.449152274024749,0.479008035096567,0.00360075717699625,0.00404501144008187,"black",0.701092781218922,2.72228631309343e-06,3.0347272837983e-05,TRUE,TRUE
"K04763","blue",-0.049744864121058,0.77657724687533,0.879772309801712,-0.0630852080288066,0.718830814544124,0.253142812402305,0.361792478886798,0.0327121335632922,0.0300339604655589,0.0538979481116789,0.758456856739117,0.538889344912553,-0.434680999774605,0.00907064420970951,0.00715337120465286,-0.216579174954307,0.211422933732878,0.121453361109516,-0.477186753596518,0.00374912400830309,0.00752395702831805,0.788529510233842,1.85404472742697e-08,3.41624061564606e-07,-0.430179197038463,0.00989822705944727,0.0277608686972506,0.104326371428065,0.55089521394382,0.216016248114865,"blue",0.788529510233842,1.85404472742697e-08,3.41624061564606e-07,TRUE,TRUE
"K04764","brown",0.0996080641998282,0.569147963010946,0.722141355877951,-0.460670117076669,0.00535464708616944,0.00670620795967758,0.360484819120347,0.0333939933712246,0.030481220285077,0.122724814630296,0.482464943608094,0.434592700825352,-0.380848222419988,0.0240004750529082,0.0155534375156967,0.478367478743269,0.00365234774001474,0.00549949346333866,0.177217709506659,0.308465259798875,0.217470362019842,0.322830523353819,0.0585540076515633,0.0480680789349526,-0.179656868213582,0.301745885138833,0.271167839596982,0.724900630969898,8.44705285226461e-07,5.47231867237988e-06,"brown",0.724900630969898,8.44705285226461e-07,5.47231867237988e-06,TRUE,TRUE
"K04765","turquoise",0.39373013939737,0.0192756246333246,0.094282353504954,0.235117075258583,0.173955381232681,0.0896502441583969,0.790086490559214,1.66194639312566e-08,9.86399084044858e-08,-0.0818321712657017,0.640264760768004,0.497999857080636,-0.541358635333486,0.000784282692640576,0.000961628652557849,-0.268719554166115,0.118548042510861,0.0785219853944796,-0.276251637351168,0.108183922990366,0.103996116017661,0.19343557654181,0.265547196727772,0.15137608537941,-0.501102889994706,0.00216732695441024,0.00980462780316791,0.163663300818656,0.347506679779244,0.151880259168634,"turquoise",0.790086490559214,1.66194639312566e-08,9.86399084044858e-08,TRUE,TRUE
"K04767","purple",-0.375293392165548,0.026314398889654,0.113993405488108,-0.119585038030509,0.493821881332877,0.192108499460709,-0.569560112520556,0.000355467801899166,0.000672450597070162,0.248843355901292,0.149443515533972,0.22376247016274,0.88702953020614,1.29545491479294e-12,6.86537333209337e-11,0.30381951033072,0.0760046116018145,0.0559055239729994,0.70746103034155,2.01309534745085e-06,1.68525512837443e-05,-0.459934408575593,0.00543817138245556,0.00786618497530048,0.049279738220143,0.77861407958541,0.479987166283679,-0.340670314597777,0.0452212681189484,0.0311904269061734,"purple",0.88702953020614,1.29545491479294e-12,6.86537333209337e-11,TRUE,TRUE
"K05275","turquoise",0.671475073091412,1.00658625944339e-05,0.0010726854238135,0.532058888886989,0.00100306748650027,0.00206673502620872,0.758584671537272,1.29259679354244e-07,6.29865839534437e-07,-0.303861619755914,0.0759619289520452,0.154246957434102,-0.471733618127091,0.00422545951409106,0.0037918839834678,-0.375049326128608,0.026420139058801,0.0247774317682333,-0.20210831461814,0.244290914827401,0.185434000532014,-0.0726175545112236,0.678466228287226,0.293458626463409,-0.505495391669364,0.00195134253654618,0.00911039281640559,0.0208378902889281,0.905422550567149,0.308819082039607,"turquoise",0.758584671537272,1.29259679354244e-07,6.29865839534437e-07,TRUE,TRUE
"K05299","purple",-0.597007649675037,0.000153179989043994,0.00402007821125787,-0.477003179394999,0.00376436816787693,0.00524121958590389,-0.604326233735154,0.000120789445599791,0.000264448151799417,0.471297466479005,0.00426572199909869,0.0348638010181285,0.711741971740361,1.63611535091992e-06,6.64141193044565e-06,0.520969732004951,0.00133297419361696,0.00261647738367998,0.597122422027478,0.000152617146389435,0.00057626485935738,-0.163741455186932,0.347273331916303,0.182706914833012,0.284145600685645,0.0980715337285396,0.127565362181586,0.0380819882065848,0.828058286557877,0.290887932022676,"purple",0.711741971740361,1.63611535091992e-06,6.64141193044565e-06,TRUE,TRUE
"K05337","purple",-0.581802627776101,0.000246463058723043,0.00536015237236442,-0.25076534558697,0.146223059166864,0.0786793682528777,-0.753445308674026,1.75437665298901e-07,8.20707963690071e-07,0.287715858482297,0.0937417414946786,0.172604308775608,0.844648937096801,1.78698861155166e-10,3.27818004214553e-09,0.320001907412386,0.0609279016520457,0.0469640780706913,0.452526557302164,0.0063435999714513,0.0117193078341149,-0.145556342159531,0.404108606876911,0.203273285311067,0.222052489388672,0.199826202164189,0.207613210342955,-0.298590234539059,0.08145166864283,0.0494600073590635,"purple",0.844648937096801,1.78698861155166e-10,3.27818004214553e-09,TRUE,TRUE
"K05343","purple",-0.416279309822682,0.0128694275115587,0.0714898083258927,0.00898718181476326,0.959135165591615,0.310242082538705,-0.8437588002232,1.94997101147178e-10,2.24037006678524e-09,0.241674285544678,0.161911333492277,0.233306474683157,0.836289784055711,3.97309599991867e-10,6.64918725799157e-09,0.0276406481805311,0.874759831271754,0.340392606387833,0.313579846509866,0.0665998404504661,0.0717948170222395,-0.236002084183345,0.17229361820204,0.109471088954735,0.269292297247848,0.117734802237595,0.144957310070035,-0.592657196672165,0.000175936585788803,0.000367157795740629,"purple",0.836289784055711,3.97309599991867e-10,6.64918725799157e-09,TRUE,TRUE
"K05349","brown",0.26383641903348,0.125653025252088,0.294079591311073,-0.220714828924927,0.202618591284642,0.100714616678718,0.596149554240692,0.000157447412941858,0.000334196287943101,0.0759934088019812,0.664372830107594,0.506348128955854,-0.732265194481835,5.73880088482639e-07,2.73719363697505e-06,0.189683319019313,0.275109001899523,0.149326919855905,-0.167988217359789,0.334736860530567,0.229476584567687,0.14141613756883,0.417750899094869,0.207606980547174,0.10062462125344,0.565192239070498,0.401759945960646,0.781946384620898,2.91539649057899e-08,4.66452541762336e-07,"brown",0.781946384620898,2.91539649057899e-08,4.66452541762336e-07,TRUE,TRUE
"K05364","blue",-0.10269108905857,0.557190096450539,0.713962620582113,-0.136178731816174,0.435373488216355,0.176073120177899,0.187331700930288,0.281214402770167,0.161030032713412,0.218567279146692,0.207158131693665,0.271975240347695,-0.395564120464991,0.0186707816955607,0.0126946049637993,-0.199925393653579,0.249530419301342,0.138107527997328,-0.518149495929748,0.0014307631202445,0.00351617504357208,0.794404223941832,1.22118450123633e-08,2.56594905474958e-07,-0.155413944129154,0.372669782308177,0.311732155672679,0.163554852725323,0.347830634058274,0.151902634040576,"blue",0.794404223941832,1.22118450123633e-08,2.56594905474958e-07,TRUE,TRUE
"K05366","turquoise",0.433193290505658,0.00933736276210788,0.0583290050265735,0.121992533578482,0.485101520247637,0.189582071931779,0.783905447351353,2.55215502390673e-08,1.44997327286018e-07,-0.21283742145581,0.219612907418063,0.280371627597555,-0.763255649698448,9.72835863177262e-08,6.40008778465007e-07,-0.172513765705248,0.321687887845744,0.168196906873579,-0.263817722807954,0.12568082286901,0.116019622943889,0.454518735857697,0.0060882354897968,0.00858865887047653,-0.565068311070246,0.000405142568697458,0.0030442955675543,0.323267598135775,0.0581938213513102,0.0379943069919772,"turquoise",0.783905447351353,2.55215502390673e-08,1.44997327286018e-07,TRUE,TRUE
"K05499","blue",0.0187419558839155,0.914899003300558,0.954097298044748,-0.217972346229017,0.208428065812484,0.102794830986751,0.489461795646645,0.00284373800651579,0.00397909814633864,0.0439192458615132,0.802189714614497,0.554155055855538,-0.555483621556566,0.000532294043879131,0.000696633824256975,-0.084252570495149,0.630374451301185,0.271658243027501,-0.328545591553732,0.0539814109474419,0.0613999093210603,0.748296168911468,2.36518762952691e-07,2.3606193037737e-06,-0.473548810595197,0.0040614019749576,0.0148448331730311,0.326074156267907,0.0559226121194366,0.036816021740588,"blue",0.748296168911468,2.36518762952691e-07,2.3606193037737e-06,TRUE,TRUE
"K05516","purple",-0.260299321106618,0.130993742846024,0.301752243612632,0.217949208210332,0.208477564317528,0.102794830986751,-0.619963443090024,7.1268272527392e-05,0.000165894527831267,0.0930864728302704,0.594820210518384,0.481120592891883,0.883145784475043,2.19604547747983e-12,8.74166816942699e-11,-0.0647191955985466,0.711854753293442,0.296047775907076,0.434707410933774,0.00906596838736452,0.0154618123243272,-0.541140947807067,0.000788876847368562,0.00159868658503395,0.130578395207315,0.454661239054551,0.351908850643354,-0.661299905200649,1.52603734539943e-05,5.09954997376458e-05,"purple",0.883145784475043,2.19604547747983e-12,8.74166816942699e-11,TRUE,TRUE
"K05520","purple",-0.44838229207523,0.00690439356728024,0.0472662660269699,-0.0662669256096808,0.705268091421958,0.249830087926253,-0.731295145463548,6.04287850975264e-07,2.53099203802708e-06,0.268112165418259,0.119415057494458,0.1961962489878,0.981533968609212,2.7714500960271e-25,2.64375632480888e-22,0.182019609080036,0.29532633366053,0.157550642338849,0.557561392850303,0.000502062130930087,0.00153875305936316,-0.4280104115389,0.0103192735098451,0.0126567744961945,0.16121240656951,0.354872590062378,0.302339916728393,-0.512620453849658,0.00164091659023975,0.0021659593004548,"purple",0.981533968609212,2.7714500960271e-25,2.64375632480888e-22,TRUE,TRUE
"K05527","turquoise",0.621548566715573,6.74499428810801e-05,0.00269546834238516,0.468866400218883,0.00449627145685558,0.00592907772673875,0.710955873444464,1.70007948539291e-06,6.22531347366259e-06,-0.376373521770431,0.0258506161074871,0.0883820186238707,-0.622763014488973,6.46503667239648e-05,0.000124589130406738,-0.371164300778534,0.0281509697519161,0.0259851587426383,-0.377277297649756,0.025467752891068,0.0349675793339158,-0.162430868426768,0.351198957510621,0.183759172631973,-0.0897740903780827,0.608049429269705,0.418464601985107,0.123503162658814,0.479670668061048,0.193920517887787,"turquoise",0.710955873444464,1.70007948539291e-06,6.22531347366259e-06,TRUE,TRUE
"K05554","purple",-0.389983453962281,0.020562097639574,0.0977184804104169,-0.0724562036861976,0.679142570202568,0.2428482914289,-0.636778919886068,3.91190557776706e-05,9.89694755705605e-05,0.245590017722363,0.155011867027757,0.226649463927381,0.892006226270682,6.4001958049688e-13,4.36093472295999e-11,0.214531141956063,0.21587919009331,0.123062000298924,0.633339571066387,4.43527251997169e-05,0.000208929267492546,-0.523477507241229,0.00125100654409304,0.00233381353835067,0.143345803763076,0.411360588307524,0.331587170299002,-0.412844780437774,0.013709679090467,0.0118373531663898,"purple",0.892006226270682,6.4001958049688e-13,4.36093472295999e-11,TRUE,TRUE
"K05557","turquoise",0.452776246840468,0.00631109857450671,0.044737432688909,0.491718359075804,0.00269986378372303,0.0041336398233858,0.777267225114281,3.98456120429819e-08,2.16016351473368e-07,-0.262451551932773,0.127724439577063,0.204326050837061,-0.668183974697251,1.15360004840345e-05,3.18970508933466e-05,-0.601443734425431,0.000132728775101276,0.000453294784850232,-0.622299638543293,6.57059473413077e-05,0.000289938547267473,0.473795058029931,0.00403957627128687,0.0061710824817095,-0.585415522421667,0.000220596948946404,0.0020603918678153,-0.0540984801085262,0.757585021402878,0.273407756023684,"turquoise",0.777267225114281,3.98456120429819e-08,2.16016351473368e-07,TRUE,TRUE
"K05594","green",-0.38636917859027,0.0218699647213638,0.101730502464652,-0.244074354161889,0.157656727369389,0.0835683448380306,-0.46623692752186,0.00475767407516323,0.00610093220876429,0.12348371284472,0.4797403903145,0.433255311318747,0.742726535254051,3.2417379367127e-07,1.74710496475824e-06,0.489580501302635,0.00283600661688235,0.00453974724452618,0.897081166645844,3.00733150886888e-13,2.93717218289625e-11,-0.437664490352597,0.00855525478084937,0.0111617391238924,-0.0140141867252301,0.936315346528712,0.53362453504226,-0.128622146042231,0.461505164756955,0.188812795511979,"green",0.897081166645844,3.00733150886888e-13,2.93717218289625e-11,TRUE,TRUE
"K05635","purple",-0.346459545730934,0.0414622756241302,0.153241074779656,0.0828821265638868,0.635966784570987,0.231788960276742,-0.729613327896375,6.60532535952349e-07,2.72233125004517e-06,0.051490325418193,0.768946857278281,0.543481134285736,0.895269414418759,3.95548864801415e-13,3.14436719904857e-11,0.0421559645811218,0.809983480649132,0.323571101135119,0.478620514822798,0.00363189211133333,0.00733895615860378,-0.451632648509831,0.00646113751446171,0.00894611503442929,0.176637136487406,0.310078412148863,0.275575220993009,-0.611428635689769,9.53803489786754e-05,0.000229428919436438,"purple",0.895269414418759,3.95548864801415e-13,3.14436719904857e-11,TRUE,TRUE
"K05685","green",-0.225888699642089,0.191967036219479,0.381665805219946,-0.349016985120301,0.039884116162541,0.0297954670845805,-0.227088108489147,0.189554941146625,0.120377772676711,0.0418416081743719,0.811374859539388,0.557734232735252,0.360955287065976,0.0331473520298971,0.0203083476282256,0.685730790383698,5.46604535975451e-06,4.89317823126789e-05,0.84737022306238,1.36382149083114e-10,4.96337813799417e-09,-0.287472567374457,0.0940320660492369,0.0692197500711609,-0.0289820077333616,0.868733487232835,0.511652039658149,0.26161556892332,0.128987057211589,0.0706040348223091,"green",0.84737022306238,1.36382149083114e-10,4.96337813799417e-09,TRUE,TRUE
"K05710","salmon",0.328362092149427,0.0541236727723828,0.178315735665844,0.745539419588483,2.76737281578688e-07,5.77175533916208e-06,0.157298868627794,0.366827439402072,0.192701646373399,-0.194286874832192,0.263408614555568,0.311449212580782,0.26167131910413,0.128902568895858,0.0611758307803772,-0.578122537979943,0.000275564315280808,0.00077900174436755,0.0150898609231036,0.931438243901768,0.441627156594131,-0.397481532839213,0.0180554327227489,0.0192733250429568,-0.42498249600178,0.0109324576189717,0.0291775500115865,-0.695800389515394,3.47794527007249e-06,1.59679322154321e-05,"salmon",0.745539419588483,2.76737281578688e-07,5.77175533916208e-06,TRUE,TRUE
"K05712","turquoise",0.363878717196309,0.031647860737274,0.12663105228669,0.0912248738988156,0.60223978480206,0.222796708700632,0.814825091113938,2.55933717853092e-09,2.09123961287256e-08,-0.152254698115712,0.382584297502038,0.384628961780161,-0.580545246791685,0.00025608138820218,0.00038109596164953,0.0141675090381422,0.935620040371234,0.353673301639191,-0.0938911740214873,0.591625377063923,0.334056551298256,0.229799099673637,0.184181616705589,0.11501097345516,-0.418747126142647,0.0122928656308507,0.0316039147539718,0.486079537525111,0.00307187134710003,0.0035479908813127,"turquoise",0.814825091113938,2.55933717853092e-09,2.09123961287256e-08,TRUE,TRUE
"K05713","brown",0.40546143976309,0.0156732715545313,0.081475527089165,-0.138232576431285,0.428414572132249,0.174223224410467,0.652016940678115,2.200946552416e-05,5.9275421071177e-05,-0.161448734531948,0.354158264928661,0.369709855977434,-0.662600862755926,1.448236583306e-05,3.79535575981123e-05,0.275803165631182,0.108781186063751,0.0733688011460552,0.0118421919109754,0.946169932438895,0.444979794375009,0.0561653516272407,0.748616377602364,0.312603718846513,-0.0831885453235071,0.634714656520391,0.429301264440015,0.726227365136141,7.8859727436162e-07,5.20462042640235e-06,"brown",0.726227365136141,7.8859727436162e-07,5.20462042640235e-06,TRUE,TRUE
"K05783","brown",0.102347189614768,0.558518146723919,0.714804849910476,-0.464770182185974,0.00490910489344473,0.00625369113306964,0.451006457395909,0.00654458155308258,0.00797272663627146,0.11217341772559,0.521161842193879,0.452995646821044,-0.534861419729201,0.000932073448327026,0.0011099876412456,0.489082538891424,0.00286856232857578,0.00457316049932264,0.131399379210267,0.45180536677122,0.279046167171363,0.145303412497168,0.404934660921916,0.203491212659548,-0.0062749004151738,0.97146184330181,0.537556517170048,0.851136116730909,9.30135056287914e-11,1.00251638452433e-08,"brown",0.851136116730909,9.30135056287914e-11,1.00251638452433e-08,TRUE,TRUE
"K05786","turquoise",0.314774197701401,0.0655147576710519,0.197603964639533,0.0923948615443962,0.597572041936136,0.221427894965365,0.78932695176688,1.75323370028924e-08,1.0259923933156e-07,-0.0395405857160298,0.821576507227385,0.5604414378875,-0.514162947113247,0.00157972721384652,0.0017124337885043,-0.0886182624534881,0.61269490079816,0.26656690839693,-0.118553831096781,0.497581406048468,0.298720268310801,0.420032903586943,0.0120012130106735,0.0142454305344386,-0.659652289968103,1.6300095747372e-05,0.000445907770534775,0.351163348962166,0.0385974498672961,0.0277504848405866,"turquoise",0.78932695176688,1.75323370028924e-08,1.0259923933156e-07,TRUE,TRUE
"K05791","blue",-0.109718877270511,0.530376985722353,0.697695717515295,-0.0489685569402704,0.77997758452419,0.270185290546002,0.281182380423207,0.101779453082883,0.0739334471485931,0.0748318230987019,0.66920971715932,0.508739457245851,-0.37877599009353,0.0248431827588832,0.0159160891471828,-0.180946916614414,0.298229936995879,0.158741323594296,-0.45592687433084,0.00591310474484587,0.0111060680565107,0.860075303850069,3.59004875605754e-11,3.30749042651574e-09,-0.353026381566114,0.0375080862890712,0.0654724861588819,0.108022937496659,0.536789845824925,0.211901620709483,"blue",0.860075303850069,3.59004875605754e-11,3.30749042651574e-09,TRUE,TRUE
"K05792","blue",-0.151361231298708,0.385415929762469,0.568504994734258,-0.078125671284777,0.655528730590083,0.236389513976529,0.2502591122835,0.147066339442831,0.0990672261330062,0.194045606495728,0.26401356052611,0.311828600250687,-0.391955376833632,0.0198763933854016,0.0133150240449099,-0.275903175213119,0.108647780890281,0.0733206740953207,-0.568193939503959,0.00036996817380931,0.00119648022411316,0.882021068789301,2.54985643254263e-12,4.36273957999373e-10,-0.329413807747019,0.053312337806065,0.0839378419145225,0.0517076202404414,0.767998416111522,0.275471257491487,"blue",0.882021068789301,2.54985643254263e-12,4.36273957999373e-10,TRUE,TRUE
"K05794","turquoise",0.627239520922548,5.52126845950986e-05,0.00252164218072186,0.451858807837051,0.00643122539641007,0.00760705070492086,0.889944822605481,8.60618119185967e-13,2.24536708641799e-11,-0.373416233099734,0.0271367081685989,0.0907021308255129,-0.776966663018256,4.06429448177212e-08,3.19842838936029e-07,-0.453315698325869,0.00624136708617432,0.00832330749872953,-0.401808037601477,0.0167289371131471,0.0250336985205813,0.246310874747043,0.153765296037321,0.100566094504494,-0.540075148380034,0.000811715145233391,0.0049174580710225,0.171193697360273,0.325461009435083,0.14470686203487,"turquoise",0.889944822605481,8.60618119185967e-13,2.24536708641799e-11,TRUE,TRUE
"K05807","brown",0.244186812801884,0.157459372555833,0.338988292296968,-0.231422587383968,0.181015748779921,0.0925422149465342,0.684215298686661,5.84197036482139e-06,1.87591366424389e-05,-0.0504314566356888,0.773573269111037,0.545416942894648,-0.686120990810155,5.37289302933891e-06,1.75209736407492e-05,0.265646737934163,0.122983015710012,0.0807803461497607,-0.0748497083478204,0.669135142377421,0.362934802920255,0.399317826558424,0.0174820825685966,0.0188630445173578,-0.235263286299097,0.173680059477713,0.18969357488181,0.757745567884961,1.35938915912823e-07,1.38108584758403e-06,"brown",0.757745567884961,1.35938915912823e-07,1.38108584758403e-06,TRUE,TRUE
"K05879","brown",-0.10968455861406,0.530506386088198,0.697695717515295,-0.68474657112389,5.70758453533065e-06,5.400884874863e-05,0.130980670329185,0.453260675756303,0.226418449621358,0.367204026693188,0.0300101356607426,0.0961211678356269,-0.259336647799033,0.132475937086372,0.0624368310972346,0.58098013906177,0.000252717406521772,0.000731925246710929,0.241116962023459,0.162911013547786,0.139897766126894,0.24560523209286,0.154985481602441,0.101047008850981,0.00806306878621747,0.963334135738341,0.536409857653573,0.724461671105105,8.64059837349041e-07,5.56357239751128e-06,"brown",0.724461671105105,8.64059837349041e-07,5.56357239751128e-06,TRUE,TRUE
"K05913","green",-0.290807329974564,0.0901120461882908,0.2420909341714,-0.384911020007447,0.0224167969471178,0.0193489845781278,-0.340781561911148,0.0451465389777108,0.038566355131724,0.155626321706736,0.372008781878189,0.37879706126424,0.445392240461879,0.00733489503810253,0.0060455863338039,0.501897153249164,0.00212679210422958,0.00368777639196153,0.81684897300576,2.16956627652083e-09,4.54061043169767e-08,-0.272700351600121,0.112981775431193,0.0793276407959481,-0.0669896453904518,0.702199585570309,0.455842151233563,0.0887560370647085,0.61214037625697,0.233443530787482,"green",0.81684897300576,2.16956627652083e-09,4.54061043169767e-08,TRUE,TRUE
"K05946","brown",-0.0261396732020665,0.881511488936822,0.935538652474949,-0.503736027196108,0.00203547919048936,0.0034257692640155,0.470114405359401,0.00437660791531479,0.00569153562597821,0.257691015530392,0.135038285622074,0.210655970481787,-0.460347009656686,0.00539119218508263,0.00466678270936122,0.422664300239514,0.0114225288564667,0.0130159311400518,0.107755899493339,0.537802974479577,0.314148527714775,0.312108443763639,0.0679559739104182,0.0538449891904862,-0.141009961624611,0.419103065533189,0.33474580776207,0.771952982241092,5.63124397199934e-08,6.91448223274816e-07,"brown",0.771952982241092,5.63124397199934e-08,6.91448223274816e-07,TRUE,TRUE
"K06001","black",-0.364383566957332,0.031394617897519,0.126408807831698,-0.817082376073231,2.12834249175777e-09,1.21014238243637e-07,-0.177173602573233,0.308587627077803,0.170996875159741,0.423024726689946,0.0113451354846914,0.0590790849014856,0.14357522130173,0.410604544915837,0.152823276566998,0.891945398754299,6.45692096965407e-13,7.62987118224622e-10,0.582658614383955,0.000240101228701893,0.000839498105761455,0.0573304381500439,0.743574966479374,0.311713865804192,0.121332619977747,0.487483896948864,0.369153766198276,0.660322822828581,1.58694387327954e-05,5.22047845071378e-05,"black",0.891945398754299,6.45692096965407e-13,7.62987118224622e-10,TRUE,TRUE
"K06006","green",-0.457814698891453,0.00568511730423767,0.0416865138111189,-0.349236453151941,0.0397509814864872,0.0297493556864497,-0.404169175425161,0.0160401010787459,0.0169228882295066,0.196894042772697,0.256929708636004,0.306438131255136,0.667710550421888,1.1762829396933e-05,3.22438517062033e-05,0.546671405611837,0.000679253030797558,0.00156766534817491,0.907728555820321,5.38217477131074e-14,7.88491756320828e-12,-0.330584107178868,0.0524209397410558,0.0444643253140813,-0.0685852501455874,0.695441436801923,0.453303857316787,0.00633672511828871,0.971180781524821,0.32341310240614,"green",0.907728555820321,5.38217477131074e-14,7.88491756320828e-12,TRUE,TRUE
"K06020","turquoise",0.579741254340015,0.000262405938976446,0.00549061025270766,0.572657279352676,0.000324454003346685,0.000944674828819938,0.760821869225223,1.12900139284292e-07,5.56645708765774e-07,-0.297135215257363,0.0830197398458116,0.161596966848836,-0.635749419210672,4.062380832487e-05,8.63075233068271e-05,-0.618117455553576,7.59597073307894e-05,0.000300449441246657,-0.590292737615714,0.000189535248155719,0.000691349984115843,0.267884365274597,0.119741448653749,0.0828493377987775,-0.4945150589051,0.00253037993216957,0.0108849436349899,-0.0845372892774377,0.629215123238878,0.238256340855659,"turquoise",0.760821869225223,1.12900139284292e-07,5.56645708765774e-07,TRUE,TRUE
"K06044","purple",-0.204943882329824,0.23759564476529,0.42987734935746,-0.0966936055681531,0.580558297417457,0.217328978191558,-0.336061544557173,0.0484055889930747,0.0407390297968222,0.208815222975727,0.228656024028697,0.286769310632259,0.731338305185885,6.02904118678003e-07,2.83313046154134e-06,0.410753770055121,0.0142435116451059,0.0152454320430998,0.823454795451995,1.24718128240069e-09,3.04208728900034e-08,-0.50797431963602,0.00183796402802299,0.00317189745310028,-0.0399930750399193,0.819568053066547,0.496484922874861,-0.151315291368476,0.385561854841737,0.164340865997732,"purple",0.731338305185885,6.02904118678003e-07,2.83313046154134e-06,TRUE,TRUE
"K06075","turquoise",0.369518569003701,0.02891173096532,0.121014659281679,0.317139502506651,0.0634068962869,0.0419348418067769,0.812372522431056,3.11835903794967e-09,2.43661068069301e-08,-0.257876184965443,0.134748155985039,0.210415947954928,-0.747773656119077,2.43701982100088e-07,1.35159001694146e-06,-0.459857453192909,0.0054469724699592,0.00749296581585817,-0.6146984305812,8.53895849468623e-05,0.000359471959975346,0.604446193306935,0.000120314178461646,0.000350603776243153,-0.548089821386294,0.000653409666155661,0.00425166825485172,0.128122483311797,0.463261986101395,0.189202390227563,"turquoise",0.812372522431056,3.11835903794967e-09,2.43661068069301e-08,TRUE,TRUE
"K06131","brown",-0.108435376056681,0.53522687577628,0.698967277586805,-0.577374375465455,0.000281842721259303,0.000851846916865107,0.27614904268518,0.10832033709981,0.0775948135393415,0.324516997027208,0.0571738845963404,0.13240418883091,-0.337631690320197,0.0473011722747554,0.0272310104277316,0.511698228146269,0.0016784849036325,0.00306552522212443,0.103889180808565,0.55257486991391,0.320308782915279,0.496172121424157,0.00243439927358968,0.00401602853974442,-0.134294844622657,0.441810853446153,0.345236166407955,0.719557854279929,1.10970757253449e-06,6.8527708876594e-06,"brown",0.719557854279929,1.10970757253449e-06,6.8527708876594e-06,TRUE,TRUE
"K06151","brown",-0.0565587091531989,0.746913134039176,0.858570739501795,-0.609651097290066,0.000101241823109883,0.000424039636604126,0.21876156102167,0.206744583066129,0.128492326686696,0.294460609672341,0.0859628807618075,0.164913540778742,-0.361269451394878,0.032983481577935,0.0202469608040106,0.694826522231522,3.63626499579471e-06,3.67008287444268e-05,0.217352783532071,0.209756283672931,0.167737000063962,0.109690910365224,0.530482435311261,0.247796169803871,0.161864906211552,0.352902451860469,0.301394743535116,0.798104932960499,9.32256703636963e-09,2.09455336527318e-07,"brown",0.798104932960499,9.32256703636963e-09,2.09455336527318e-07,TRUE,TRUE
"K06158","turquoise",0.596960997392548,0.000153409303025793,0.00402007821125787,0.490328290483113,0.00278772178385022,0.00421183943774019,0.791116208174293,1.5451904886584e-08,9.34823852395133e-08,-0.272055313828182,0.113870125519549,0.191104533190525,-0.499646577656186,0.00224340508400905,0.00228970688451877,-0.359209561196812,0.0340700798882237,0.0301792926998589,-0.188679828973,0.277703677944114,0.202709274883076,0.0985050385485959,0.573454368255881,0.260849259137525,-0.722810804760283,9.40545930250738e-07,5.67828085861186e-05,-0.0190563743221578,0.913476639873764,0.310563038512625,"turquoise",0.791116208174293,1.5451904886584e-08,9.34823852395133e-08,TRUE,TRUE
"K06200","black",-0.174669045736723,0.315586299286549,0.504212593112992,-0.614149246337002,8.69987845981231e-05,0.000379956300893401,0.0683650159568611,0.69637287631119,0.308049197656387,0.298103946194872,0.0819731697252335,0.160427034787044,-0.0497070179933669,0.776742924297786,0.248725987250447,0.76774411658694,7.35827041430054e-08,2.22420925566498e-06,0.543324910959615,0.000743846035289283,0.00212839609059174,0.115811136543875,0.50765085576217,0.239843945782118,-0.10862094003505,0.534524380098713,0.388705437381163,0.584506506236604,0.000226865322402561,0.000452862351668963,"black",0.76774411658694,7.35827041430054e-08,2.22420925566498e-06,TRUE,TRUE
"K06204","green",-0.232538341598851,0.178862442494569,0.365148932729972,-0.0562262860027299,0.748352454096721,0.261556273881105,-0.245981862738113,0.154333348681941,0.102915857241032,-0.023344446407899,0.894106485321362,0.580925926498404,0.592471100233335,0.000176974273455705,0.000281758864140294,0.365028524947678,0.0310735075747007,0.0281581697410931,0.861479163294357,3.07321290749492e-11,1.45234674490224e-09,-0.515096507137578,0.0015436742865849,0.002751236967841,-0.102862438607624,0.556528936978531,0.397744335351831,-0.124227206023187,0.477078926100979,0.193094510213652,"green",0.861479163294357,3.07321290749492e-11,1.45234674490224e-09,TRUE,TRUE
"K06207","turquoise",0.689604882596672,4.6030987474101e-06,0.000763574894299118,0.734737670452795,5.0261471880005e-07,9.01149134108539e-06,0.799965698695832,8.12212816483845e-09,5.41040895570825e-08,-0.51233004349915,0.00165266656064127,0.0227295970997106,-0.570149288495598,0.000349372249155795,0.0004974254068819,-0.618843413167207,7.40825400539518e-05,0.00029674648498598,-0.408134903903648,0.0149366644705885,0.0229134041183384,-0.059996910844603,0.732076635008995,0.308152720847549,-0.482324145765373,0.00334365403527737,0.0130762188730351,-0.151352521201022,0.38544359432542,0.164340865997732,"turquoise",0.799965698695832,8.12212816483845e-09,5.41040895570825e-08,TRUE,TRUE
"K06237","green",-0.119492398163778,0.494159029452274,0.667599784746335,-0.227601317202855,0.1885293771695,0.0955707134064163,-0.249027279365307,0.149133122094004,0.100141335299581,0.0821726607025522,0.638869702232892,0.497547441370096,0.398483623711746,0.0177406323742178,0.0122013250231099,0.496547183059313,0.00241312098104306,0.00405616399334712,0.737737332234034,4.27089720251516e-07,4.3450620945854e-06,-0.417753529639383,0.0125223224940476,0.0146749148441944,-0.0107712271114761,0.951032004046253,0.535561401102635,0.106681820600031,0.541887199339669,0.213117137789735,"green",0.737737332234034,4.27089720251516e-07,4.3450620945854e-06,TRUE,TRUE
"K06281","tan",-0.323663386200051,0.0578691751895287,0.183357535263551,-0.361862260163931,0.0326760690598847,0.0257271356074159,-0.606029515843335,0.000114196697224339,0.000252670893796721,0.149860103419618,0.390200801158756,0.389657028687985,0.288385513242293,0.09294616804213,0.0464451021002819,0.257959144583728,0.134618321227304,0.0862650718664125,0.0647370096941734,0.711778824143686,0.377929207585841,-0.238743245561777,0.16721851332459,0.107187986807653,0.743021295453306,3.18873893407451e-07,2.42731414963168e-05,0.080644137749305,0.645141868417953,0.243304963705593,"tan",0.743021295453306,3.18873893407451e-07,2.42731414963168e-05,TRUE,TRUE
"K06282","tan",-0.392822144254065,0.019581068595159,0.0951378059251114,-0.557833887512442,0.00049821263698422,0.00125717587601661,-0.545441304461413,0.000702394156615178,0.00122681715023747,0.311663907624556,0.0683699159706562,0.144798607371718,0.229478684286275,0.184811029978645,0.0821522650073623,0.488162405935117,0.00292957489813444,0.00463421030676023,0.0577549872903109,0.741740503284636,0.38670967319008,-0.0988772326216351,0.571999611450284,0.260682558201105,0.810621759546575,3.58439882361964e-09,7.84442650114075e-07,0.353207915422388,0.0374032863117158,0.0271158322685602,"tan",0.810621759546575,3.58439882361964e-09,7.84442650114075e-07,TRUE,TRUE
"K06324","brown",0.245551600138068,0.155078506955553,0.336354129400884,-0.337047817884399,0.0477094751164086,0.0339064307840353,0.401696538456262,0.0167620685262957,0.0175295573189144,-0.0890068020648932,0.61113162423001,0.487626136158061,-0.473586511947503,0.00405805378327523,0.00367973394944936,0.494671635189583,0.0025211717151028,0.00417249619412517,0.168357466321108,0.333660147900454,0.229410854414096,0.0709944034244506,0.685281241618884,0.295765461965895,-0.00717746520420448,0.967359039003201,0.537142664968644,0.717682343184955,1.21947669830498e-06,7.31668926571112e-06,"brown",0.717682343184955,1.21947669830498e-06,7.31668926571112e-06,TRUE,TRUE
"K06336","turquoise",0.625499328849108,5.87227006668621e-05,0.00253697937881024,0.485645315564265,0.00310228148898054,0.0045421565833334,0.894351144886715,4.53626197115246e-13,1.32113675778461e-11,-0.489045593030148,0.002870990674809,0.0289868960014376,-0.706927357350448,2.06528231316371e-06,7.99223195950702e-06,-0.365911271605465,0.030638368744223,0.0278278771244109,-0.316398217198467,0.0640616684060553,0.0699695874534786,-0.0131050285696284,0.940439251063719,0.360661981260402,-0.447325426236465,0.00705401820961617,0.0222166696263165,0.156878617720423,0.36812527043014,0.158795426667007,"turquoise",0.894351144886715,4.53626197115246e-13,1.32113675778461e-11,TRUE,TRUE
"K06378","brown",0.222330410298718,0.199249417162588,0.391037683651808,-0.488782936006854,0.00288830598750313,0.00432807869577845,0.375294109086724,0.0263140888021292,0.0252907684007622,0.130145365678246,0.456171472182288,0.422192401648985,-0.465819651337367,0.00480033902114062,0.00424116585148845,0.546482189563488,0.000682768083075322,0.00157270613507032,0.112962828544269,0.518214940466674,0.3071148555636,0.241435596350705,0.162338932097216,0.104701374341866,-0.0773951550607999,0.658553622456978,0.438900352134473,0.772257796253531,5.52199595299566e-08,6.91448223274816e-07,"brown",0.772257796253531,5.52199595299566e-08,6.91448223274816e-07,TRUE,TRUE
"K06412","brown",0.168109723585336,0.334382318622291,0.523018478211984,-0.32280277024828,0.0585769380105014,0.0394098893134874,0.473341739132603,0.00407983427527324,0.00539523849754302,-0.0840206373174129,0.631319487149552,0.495399973001234,-0.525332636464756,0.00119325800351099,0.00136812377641692,0.440375571613223,0.00810877662753332,0.0100754987848278,0.225650783480844,0.192448048826212,0.157331204627743,0.0993331037170891,0.570220077603646,0.260267700803831,-0.127346929568453,0.465995869568964,0.357207712148104,0.704126909138384,2.35998809625545e-06,1.19772728430959e-05,"brown",0.704126909138384,2.35998809625545e-06,1.19772728430959e-05,TRUE,TRUE
"K06413","purple",-0.514568405286274,0.00156397916651306,0.0179599690258054,-0.12154517767431,0.486715878164702,0.18999501013432,-0.727335337015617,7.44382106865011e-07,3.03173386635329e-06,0.276492577122352,0.107864069330986,0.186678283852432,0.884553658407076,1.81758287495482e-12,8.25637268273812e-11,0.127547623600774,0.465287590128399,0.218786598189274,0.388516329505802,0.0210849284269891,0.030136140135941,-0.31281671629774,0.0673005094061729,0.053415920035047,0.223130820082801,0.197594766157811,0.206065324406565,-0.454046067300818,0.00614801111726565,0.00626404290150224,"purple",0.884553658407076,1.81758287495482e-12,8.25637268273812e-11,TRUE,TRUE
"K06726","green",-0.307651759791775,0.0721959593999926,0.209446898549706,-0.286501978485168,0.0951971371828697,0.0571947146410796,-0.207736478473557,0.231123744945969,0.139759896794685,0.107034075688816,0.540546111412426,0.463073832655928,0.368985940573834,0.0291615293268187,0.0182412591450122,0.510549275223266,0.0017263427297425,0.00313837906672823,0.854314075401012,6.67892183654504e-11,2.96504836629868e-09,-0.368344950026977,0.0294644935695983,0.02839026547939,-0.0801054603449931,0.647358065316545,0.433584590431584,0.186393680248484,0.283674020079472,0.130116548272209,"green",0.854314075401012,6.67892183654504e-11,2.96504836629868e-09,TRUE,TRUE
"K06880","purple",-0.289093418304082,0.092110781519431,0.2443802228362,-0.253495918384512,0.141735254082605,0.0768019984856197,-0.369436932832731,0.0289499032996963,0.0272797408780692,0.272343214518165,0.113472981097072,0.191104533190525,0.718743439603666,1.15621050142168e-06,4.96819113946765e-06,0.473796733133945,0.00403942814961651,0.00596652734646302,0.799784517520667,8.23239553999227e-09,1.47079361987625e-07,-0.420392025321977,0.0119208060609228,0.0141640252335144,-0.0568488099354118,0.745657747981095,0.470278291965999,-0.0900303604934841,0.607021467335183,0.231826291213333,"purple",0.718743439603666,1.15621050142168e-06,4.96819113946765e-06,TRUE,TRUE
"K06882","turquoise",0.715654946650178,1.34925252429915e-06,0.000549786210207037,0.341522659596321,0.0446512445883958,0.0324613317534932,0.900485421225429,1.77199367816457e-13,6.52681578823131e-12,-0.351199201293148,0.0385762468230957,0.109870873788724,-0.771268419920953,5.88390031584737e-08,4.28458113751887e-07,-0.23289934701132,0.178169640739166,0.106063249352666,-0.231100564267705,0.181640623141491,0.151453942382486,0.0171269498478566,0.922208956642565,0.356064883311208,-0.468761280768674,0.00450647849923204,0.0159714818952839,0.278454479643677,0.105286109792497,0.0600140923692617,"turquoise",0.900485421225429,1.77199367816457e-13,6.52681578823131e-12,TRUE,TRUE
"K06884","purple",-0.455254667484795,0.00599615986979636,0.0430780294466044,-0.466225722057987,0.00475881550364421,0.00614835177068872,-0.494403935904597,0.00253693282540454,0.00361853315509554,0.328755437001223,0.0538190886935739,0.127987143500605,0.713510714459662,1.50016710113551e-06,6.1683074596173e-06,0.631832642936589,4.6838889470181e-05,0.000215360078623807,0.70515133641918,2.24799407157331e-06,1.85018229285928e-05,-0.167635878937914,0.335766251222837,0.178808923196293,0.0618767110649852,0.724004757969433,0.461778735932336,0.0451526798756881,0.79674897995966,0.282710775620183,"purple",0.713510714459662,1.50016710113551e-06,6.1683074596173e-06,TRUE,TRUE
"K06888","purple",-0.495814359575074,0.00245484841776602,0.0232882800937625,-0.335139631423029,0.0490636094613652,0.0347479738951111,-0.669583874680248,1.08883386449575e-05,3.29366468178934e-05,0.324882675832016,0.0568780631547711,0.13192806329155,0.835363155072902,4.3291435317563e-10,6.88279913434306e-09,0.517057555864786,0.00147028458299006,0.00282041117026628,0.746038686653987,2.69016972276257e-07,2.9632439098432e-06,-0.371647864442574,0.0279305891093113,0.0272410178303876,0.250586586062519,0.146520431710213,0.168685512554632,-0.107250732710839,0.539722052511617,0.212661631838026,"purple",0.835363155072902,4.3291435317563e-10,6.88279913434306e-09,TRUE,TRUE
"K06893","blue",-0.394848370339407,0.0189049234353518,0.0932701238006478,-0.469387629144427,0.00444595478806106,0.00588003358896223,-0.0307281140955716,0.860899664013089,0.355756662056948,0.308613069795745,0.0712643587760028,0.147950385535787,-0.237576528320182,0.169365366832409,0.0765696236742358,0.214735611937757,0.215431414323658,0.12303828721818,-0.275908344752228,0.108640888474667,0.104366910112688,0.78803350669984,1.91942198076178e-08,3.4831175362224e-07,-0.0470702215774382,0.78830937791455,0.482744569260465,0.312459113368282,0.0676308269804785,0.0425351309953657,"blue",0.78803350669984,1.91942198076178e-08,3.4831175362224e-07,TRUE,TRUE
"K06911","turquoise",0.70904500391212,1.86522101711543e-06,0.000549786210207037,0.692952556896182,3.95955922923108e-06,4.25950920744031e-05,0.822915632290243,1.30594012095995e-09,1.17659383500811e-08,-0.510081291632411,0.00174617599248745,0.023588962022251,-0.577547049758587,0.000280382451863361,0.000407889752714868,-0.586013622655304,0.000216557536748855,0.000656145916997037,-0.3988854946898,0.0176156819697008,0.0261205235426505,0.0668269927739291,0.702889770479608,0.301194482592184,-0.6143977654443,8.62672324991937e-05,0.00121803295803608,-0.150989581906307,0.386597371772104,0.164678212109382,"turquoise",0.822915632290243,1.30594012095995e-09,1.17659383500811e-08,TRUE,TRUE
"K06941","turquoise",0.32577373071308,0.0561623137044353,0.180868045371816,0.0617324929582022,0.724623008758933,0.254919058673751,0.860457745848601,3.44177269852216e-11,4.78914272670494e-10,-0.145052537746911,0.405754954029413,0.397728510998617,-0.684861916899668,5.67878261099841e-06,1.80571144164608e-05,-0.058230318670514,0.739688271569566,0.303969362707441,-0.307852778164466,0.0720003714533703,0.0760494711098495,0.521054155937466,0.00133013979232102,0.00245467607985082,-0.579748049485407,0.000262351906062399,0.00229661970758314,0.419131655023548,0.0122050223080441,0.0108486552843958,"turquoise",0.860457745848601,3.44177269852216e-11,4.78914272670494e-10,TRUE,TRUE
"K06945","blue",-0.237968851934769,0.168641271641049,0.354701411471338,-0.391580472424438,0.0200052742903732,0.0177471391351406,-0.0228660354434911,0.896264795221536,0.366324260239936,0.357096214820436,0.0352150164346355,0.103950310550291,-0.265425114976954,0.123307594590353,0.0590789715747799,0.160500749835236,0.357028877827441,0.182234100749386,-0.284445798762327,0.0977017101738941,0.0963213846842358,0.718636475973247,1.16244895538838e-06,8.64748100882062e-06,0.0872140377111498,0.618358742717454,0.422345988186487,0.377678771050922,0.0252991850517582,0.0195982648565997,"blue",0.718636475973247,1.16244895538838e-06,8.64748100882062e-06,TRUE,TRUE
"K06956","turquoise",0.631052386079412,4.81750205211172e-05,0.00236946985547711,0.565571044897909,0.000399291569332493,0.00109107564424563,0.8947868312408,4.25144611112027e-13,1.26766789786174e-11,-0.52115838118456,0.00132664790339801,0.0210544959510572,-0.639088368358391,3.59251624620795e-05,7.91453137816181e-05,-0.412375716788347,0.0138279410475093,0.0149367967217374,-0.25449366543285,0.140120854068966,0.125147151618692,-0.0289736477339767,0.868771024158752,0.34272450809115,-0.512222119875467,0.00165705190456227,0.00821857014010136,0.0685272586928719,0.695686658414892,0.257470436473974,"turquoise",0.8947868312408,4.25144611112027e-13,1.26766789786174e-11,TRUE,TRUE
"K06960","turquoise",0.319509481411833,0.0613488267983919,0.189771435227668,-0.00444829148831395,0.979767187147727,0.314672679477885,0.820996603375808,1.53654799374343e-09,1.33629314982602e-08,-0.00763797902876933,0.965265984306071,0.600772286972599,-0.591249358610266,0.000183924041507322,0.000291444840285914,0.00990848933783347,0.954950019041221,0.358180652909892,-0.11271320218395,0.519145916365712,0.307430271910473,0.247921593626927,0.151006186387968,0.0993722110677911,-0.495951826299351,0.00244697336747353,0.0106571854781054,0.457696820790115,0.00569912853169917,0.00591880582437588,"turquoise",0.820996603375808,1.53654799374343e-09,1.33629314982602e-08,TRUE,TRUE
"K06975","turquoise",0.308534520819304,0.0713401259000422,0.207955089834116,0.0105101122187552,0.952217709486058,0.309127650788732,0.766936174921245,7.74106715686451e-08,3.90901429511981e-07,-0.0843478095560404,0.629986556710574,0.495345996472965,-0.674587152715503,8.83460598859332e-06,2.57723365204995e-05,-0.0662831931028146,0.705198972760816,0.294038067602505,-0.357694556750785,0.0348877240970437,0.04452153322172,0.540913566806434,0.000793700976035482,0.00160574585282692,-0.391279615384043,0.0201092021712044,0.0437898694785483,0.463891309252043,0.00500181857611886,0.00532439216641707,"turquoise",0.766936174921245,7.74106715686451e-08,3.90901429511981e-07,TRUE,TRUE
"K06988","turquoise",0.497131414539924,0.00238029907147392,0.0228457189484456,0.379065550043511,0.024723980612473,0.0208302228575621,0.919108678836204,6.688033569644e-15,5.23475747791882e-13,-0.299401577164861,0.0805872946609384,0.159152570152327,-0.668899722134244,1.12006114147534e-05,3.1241363872665e-05,-0.340951544452538,0.0450325468491838,0.0374961179635381,-0.281231795419004,0.101716759292544,0.0991454744614902,0.246274501747223,0.153828020877916,0.100566094504494,-0.668898528150585,1.12011634378443e-05,0.000338119329942443,0.142013199592646,0.415767726590408,0.174638211184874,"turquoise",0.919108678836204,6.688033569644e-15,5.23475747791882e-13,TRUE,TRUE
"K06996","purple",-0.74225915089177,3.32743694920037e-07,0.000354593864219786,-0.319789973019196,0.0611087824085445,0.0406582552196753,-0.633234118482546,4.45227427003971e-05,0.000109327605989094,0.365357794870171,0.0309106105697244,0.0972462990826691,0.777974166931181,3.80267885826446e-08,3.11108446493424e-07,0.253277007388382,0.14209127733039,0.0898358852695086,0.500894039754731,0.00217809695431409,0.00490175192078713,0.0629128378595352,0.719568038788318,0.30517487401357,-0.0609197413035977,0.728110398921303,0.462879723502363,-0.323240474880346,0.0582161219854724,0.0379943069919772,"purple",0.777974166931181,3.80267885826446e-08,3.11108446493424e-07,TRUE,TRUE
"K06999","turquoise",0.687351398680434,5.08855433865549e-06,0.000763574894299118,0.460351641039772,0.00539066683954228,0.00672385844460098,0.832489509399409,5.63055070356191e-10,5.6304733863783e-09,-0.339952874379672,0.0457055918556958,0.118161881864819,-0.713522399687214,1.49930440866456e-06,6.1683074596173e-06,-0.443431063014713,0.00762955732546963,0.0096319723362314,-0.416679968319619,0.0127742989841743,0.0200583310080447,0.0334413707768417,0.848752887331555,0.338062069562332,-0.39476887318144,0.0189310795394016,0.0420081190502093,0.0896907331800512,0.608383954758674,0.232178694728432,"turquoise",0.832489509399409,5.63055070356191e-10,5.6304733863783e-09,TRUE,TRUE
"K07037","green",-0.166452448489044,0.339237962985114,0.528530101200492,-0.172345348001837,0.322167750526008,0.139865927330313,-0.252077611932847,0.144053530542498,0.0974094359651076,0.0567185553248835,0.746221334097519,0.535472650817718,0.482930763868194,0.00329838785467844,0.00310603709457607,0.41687182749756,0.0127289562409468,0.0140704122848383,0.867244801081893,1.59374854405199e-11,9.33940380629655e-10,-0.447083487126569,0.00708865816602923,0.00956076557451554,-0.146592435964556,0.400734837440481,0.326138267613604,-0.0139767971763764,0.936484912609607,0.31564154677625,"green",0.867244801081893,1.59374854405199e-11,9.33940380629655e-10,TRUE,TRUE
"K07042","blue",0.195576197344597,0.260191291897874,0.452082369672556,-0.00252768301497864,0.988502174884928,0.316681919754553,0.650644380683501,2.32098409550427e-05,6.19751270947811e-05,0.0707233925657382,0.686421517322265,0.512979525042027,-0.577533165538486,0.000280499617503194,0.000407889752714868,-0.1299428536605,0.456878674965877,0.215888334842845,-0.43918135505472,0.00830293505959571,0.0145500580052059,0.727843422747919,7.24876707726623e-07,5.90593158230891e-06,-0.504631807168814,0.00199225287963333,0.00920719847044741,0.317055411290439,0.0634809072417342,0.0406761359644088,"blue",0.727843422747919,7.24876707726623e-07,5.90593158230891e-06,TRUE,TRUE
"K07045","tan",-0.20750391369104,0.231658112087938,0.42490590037013,-0.384825995861257,0.0224490288161589,0.0193604536753886,-0.397839745991894,0.017942371026029,0.0186780833923933,0.0767464384469653,0.661244278300481,0.504907858244788,-0.00742933886243316,0.966214235182933,0.290939454039648,0.301429526288791,0.0784578571123423,0.0572286053734916,-0.172098338210485,0.322872346333548,0.224803136302248,-0.0784141068013812,0.654335867664714,0.286001396493453,0.834341847023492,4.75574761314675e-10,1.18947581912e-07,0.369159559524305,0.0290799096822012,0.0219497264238991,"tan",0.834341847023492,4.75574761314675e-10,1.18947581912e-07,TRUE,TRUE
"K07047","green",0.078981175519803,0.651993135690844,0.785388867672806,-0.221574089092771,0.200821775087562,0.099967348931449,0.105767609654265,0.545375105954626,0.260461646502689,-0.0759548333456585,0.664533247290064,0.506348128955854,0.185154231729814,0.286945263446818,0.116280519298897,0.584017525303353,0.000230302692542182,0.000685488610864165,0.726595262678199,7.73655689364042e-07,7.08381322622971e-06,-0.275081797652528,0.109747098536559,0.0777605678933992,-0.290197750453282,0.0908190775170063,0.121193160248804,0.245698414982982,0.154823950723504,0.0808157551613582,"green",0.726595262678199,7.73655689364042e-07,7.08381322622971e-06,TRUE,TRUE
"K07051","green",-0.115349211924612,0.509356729736935,0.679922114809595,-0.215914542904947,0.212862079279025,0.104535197184845,-0.196449427583656,0.258027063253184,0.151209417931015,-0.11462553540316,0.512034989369246,0.4485738004196,0.22218428139495,0.199552541951389,0.0872402454647808,0.44215578515462,0.00782654322515309,0.00979692376724165,0.732482704234054,5.67257565395129e-07,5.41614450686088e-06,-0.299711662645109,0.0802588239118272,0.0610314705922864,-0.00881496036808151,0.959917624040622,0.536241791721572,0.173969340473388,0.31755916234901,0.14191055511491,"green",0.732482704234054,5.67257565395129e-07,5.41614450686088e-06,TRUE,TRUE
"K07054","green",-0.296689132873661,0.0835051232994584,0.231741214573236,-0.206974012427833,0.232878796250273,0.110938955784605,-0.190538717610281,0.272909739880273,0.15800856188314,0.115432088543614,0.509050458237399,0.44712215242284,0.405860483722832,0.0155614285814246,0.0110203713483997,0.392048933397331,0.019844339410094,0.0199398120106525,0.708624666255873,1.90346152559519e-06,1.6118972737079e-05,-0.0998526976893065,0.568194870666739,0.25954114896053,-0.247858363145786,0.151113815024221,0.172695198821636,-0.0525441818854182,0.764350123032322,0.274722557713128,"green",0.708624666255873,1.90346152559519e-06,1.6118972737079e-05,TRUE,TRUE
"K07058","purple",-0.265574886139871,0.123088176788552,0.28977385949411,-0.0731016019508805,0.676438707001907,0.242184516255742,-0.468356240370079,0.00454599501188358,0.00589345447027493,0.386946047499963,0.0216567069542021,0.081644329850587,0.829125039470442,7.6120961250224e-10,1.13458921425905e-08,0.215220683980549,0.214371692136426,0.122670211738832,0.640123527870366,3.45716908413019e-05,0.00016939039989256,-0.368682864824824,0.02930445801233,0.0282587989128835,-0.105532337424376,0.546274434596054,0.393273286873422,-0.388924879033059,0.020938238780639,0.0167756173275316,"purple",0.829125039470442,7.6120961250224e-10,1.13458921425905e-08,TRUE,TRUE
"K07059","purple",-0.451239943101534,0.00651336068717237,0.0457653057514067,-0.34484051895585,0.0424871499984122,0.0313278573492786,-0.531797879634045,0.00100991607077319,0.00169310068595763,0.431132185506985,0.00971788156836867,0.0546035226190248,0.743359639178098,3.12888561008652e-07,1.69586539755515e-06,0.439929615664317,0.00818082298436793,0.0101543418966492,0.754294611943092,1.66886678288816e-07,2.00401607494624e-06,-0.212945813296489,0.219372648085087,0.13176465375108,-0.0590178679628318,0.736291940057286,0.466218786753382,-0.120455022435365,0.490661448405752,0.197231208846968,"purple",0.743359639178098,3.12888561008652e-07,1.69586539755515e-06,TRUE,TRUE
"K07063","blue",-0.256169907066293,0.137439052911716,0.309595711462016,0.03605040142683,0.837104893103447,0.283651357395527,-0.00946138480151171,0.956980902265272,0.38166015630878,0.0155560785994977,0.929325166883854,0.591029142828624,-0.154526918144013,0.375438040529793,0.142912944970371,-0.329095162577813,0.0535571237949401,0.0425882869173084,-0.499494818901988,0.00225146557164576,0.00504022198841193,0.753096187169809,1.79068187793764e-07,1.93213319107869e-06,-0.17909128778298,0.303295601925825,0.271754292284699,-0.160725098812147,0.356348262762446,0.155024787818995,"blue",0.753096187169809,1.79068187793764e-07,1.93213319107869e-06,TRUE,TRUE
"K07067","tan",0.0235832345771281,0.893029491768594,0.941167360499462,0.125881495593185,0.471184872298842,0.18592076491957,-0.260273238479344,0.131033739018926,0.0902183301027965,0.0451568246599938,0.796730712842538,0.552138732164803,0.00606511034785631,0.972415596602116,0.292069214691899,-0.309759850792862,0.0701653378478957,0.0525929681972806,-0.406124645471157,0.0154877589313161,0.0235369891553142,-0.314683890785323,0.0655963137759517,0.0525157343126484,0.744222637064459,2.98086461814523e-07,2.37221709033312e-05,-0.0655873119019485,0.708157757026312,0.260721738569462,"tan",0.744222637064459,2.98086461814523e-07,2.37221709033312e-05,TRUE,TRUE
"K07079","green",-0.336393758804686,0.0481702088405019,0.16720972601855,-0.28444250065795,0.0977057674319232,0.0582598801005938,-0.358317743283768,0.0345494788759927,0.0311948674313923,0.0972138943191327,0.578513851789378,0.475033431072644,0.558931549717045,0.000482970323158141,0.00064616774688626,0.556591454094831,0.000515979630793023,0.00125774866697728,0.942886620447995,2.56422245909836e-17,1.25220030705133e-14,-0.37880883037135,0.0248296397043238,0.0249899310390998,-0.0473734749267439,0.786976821863093,0.482265905985166,0.0587782353848016,0.737324846515148,0.268666959707286,"green",0.942886620447995,2.56422245909836e-17,1.25220030705133e-14,TRUE,TRUE
"K07086","green",-0.286744188595815,0.0949053670635209,0.249110139850262,-0.430110864893277,0.00991126686227167,0.0104963469907399,-0.182804194368975,0.293214063029141,0.165554640461839,0.0488652791062622,0.780430260569893,0.547378231554386,0.220488035509212,0.203094700732609,0.088464461384346,0.663503235013244,1.39640730705236e-05,8.96780228131576e-05,0.751994725338903,1.90980277519282e-07,2.16889321807419e-06,-0.118030380259075,0.499495322835,0.237019281219479,-0.158532253233968,0.363034202431175,0.306484292095543,0.257636686553789,0.135123497347861,0.0728738916788167,"green",0.751994725338903,1.90980277519282e-07,2.16889321807419e-06,TRUE,TRUE
"K07091","turquoise",0.406555864256527,0.0153681290052922,0.0806763685220347,0.0305078325613176,0.861887243263683,0.289143123017655,0.795511689775479,1.12705286813641e-08,7.12927025071429e-08,-0.347530895525712,0.0407951335714228,0.112169583272395,-0.769597768383027,6.5450183152564e-08,4.59077828430431e-07,0.00387896488074222,0.98235630623267,0.364804844481533,-0.164540900395691,0.344891867611971,0.233812404476159,0.309962028771996,0.0699729625856944,0.0550988645513744,-0.373704431357243,0.0270091032745008,0.052553646939463,0.565307747233228,0.000402346473731122,0.000698795972008828,"turquoise",0.795511689775479,1.12705286813641e-08,7.12927025071429e-08,TRUE,TRUE
"K07098","blue",-0.383308867349298,0.023030646176463,0.104803021946233,-0.325683535288866,0.0562344372268646,0.0382112143601825,0.14077292979949,0.419893281433935,0.213410274994148,0.273049415309488,0.112503219607427,0.190377539898962,-0.124152621117988,0.477345567501869,0.173269409011869,0.117994454263551,0.499626817233855,0.230026868061858,-0.161856298492267,0.352928398724507,0.237720538493135,0.825924993799682,1.00800049008429e-09,3.55077724127004e-08,-0.36232660737194,0.0324369100829825,0.0594663064270578,0.214997400203757,0.214859047302736,0.104991140075939,"blue",0.825924993799682,1.00800049008429e-09,3.55077724127004e-08,TRUE,TRUE
"K07114","green",-0.240543215553503,0.163944780879021,0.348723529254977,-0.391194790344852,0.020138585125074,0.0178189986018323,-0.214576917323996,0.215778889575713,0.13287387230213,0.209103290009091,0.228000084164336,0.286514998438128,0.442111224040777,0.00783350415942058,0.00636505766076635,0.645531556161994,2.82216976677376e-05,0.000153621235705914,0.837198755515575,3.65041287435293e-10,1.02843773870904e-08,-0.310391698771827,0.069565496215539,0.0548862699321121,-0.0492209012463589,0.778871836232045,0.479987166283679,0.232768608671053,0.178420319016408,0.0903632880201595,"green",0.837198755515575,3.65041287435293e-10,1.02843773870904e-08,TRUE,TRUE
"K07118","turquoise",0.245736082302064,0.154758689715088,0.335888344208512,-0.0308130617901456,0.860518876799039,0.288808138688282,0.733608760702457,5.34079989249625e-07,2.28274179377717e-06,0.00413889847601559,0.981174186101903,0.604007514067692,-0.524926716033464,0.00120568933201514,0.00137741022823296,0.0298216036381445,0.864965099130681,0.338635837640802,-0.149957470842133,0.389889400625342,0.25590961267329,0.297803711013336,0.0822964322446313,0.0623040287287799,-0.416500109739704,0.0128169292520139,0.0325185581703055,0.450283237569933,0.00664210336944576,0.0066862700738752,"turquoise",0.733608760702457,5.34079989249625e-07,2.28274179377717e-06,TRUE,TRUE
"K07124","green",-0.342120367975596,0.0442549728248695,0.160411732563614,-0.107578242231597,0.538477503953262,0.205108290356163,-0.427982574980896,0.0103247749115918,0.0117545501068923,0.220909333937141,0.202210883337946,0.268408182604599,0.730170055580511,6.41403484411589e-07,2.95580194276181e-06,0.259770125211019,0.131807001728421,0.085016798493593,0.737073409323943,4.42845567278649e-07,4.47428517101088e-06,-0.435025780473166,0.00900976556224195,0.0115605224471465,-0.0770766870233339,0.659873995307465,0.439303508854959,-0.281370285516882,0.101541210362899,0.0583378744696453,"green",0.737073409323943,4.42845567278649e-07,4.47428517101088e-06,TRUE,TRUE
"K07131","blue",-0.210171937732089,0.22557790544708,0.417465689940365,-0.300934910642701,0.078973154092208,0.049320321548569,0.104784081406201,0.549139295024099,0.261356776151579,0.0971837340078852,0.578632276879718,0.475033431072644,-0.33211336595031,0.0512740796175347,0.0289932667759282,0.0367641012065034,0.833924401992891,0.33023233719017,-0.398268315022032,0.0178078805628022,0.0263521710350844,0.87159222234379,9.51648935588357e-12,1.26641445254806e-09,-0.155987417486192,0.370886505979929,0.310989264598616,0.257514526610092,0.135315242542747,0.072940050078029,"blue",0.87159222234379,9.51648935588357e-12,1.26641445254806e-09,TRUE,TRUE
"K07149","turquoise",0.441056427022943,0.00799982561762195,0.0523015184039619,0.223936037984257,0.195939875193938,0.09820688233449,0.755426037980741,1.56090587104489e-07,7.43257105879569e-07,-0.319009884351594,0.0617782247649501,0.136099970525927,-0.587528100420269,0.000206623445626736,0.000319486044775401,-0.10477463676507,0.549175501002224,0.246650523552369,-0.135772486041812,0.436757274050202,0.274212178280102,0.210226268279359,0.225455230615696,0.134073346828199,-0.422488007246255,0.0114605461595127,0.0300825287110001,0.348786001168144,0.0400246260302445,0.0284922766836261,"turquoise",0.755426037980741,1.56090587104489e-07,7.43257105879569e-07,TRUE,TRUE
"K07167","purple",-0.342942348298053,0.0437146391328763,0.158633032131448,-0.109073561614582,0.532812739135365,0.20340543430838,-0.666110781821889,1.25596386539924e-05,3.70961972769132e-05,0.182561503614974,0.293866402685741,0.33278530608431,0.749418919879202,2.21737732275837e-07,1.2590549382377e-06,0.302700941840379,0.0771452514628599,0.0565855307073989,0.542396085231257,0.00076271152813023,0.00215709817739303,-0.474783661934856,0.00395297142123027,0.00607753989321323,0.408959392261552,0.0147154504257007,0.035146015012354,-0.253922348493237,0.141043611701213,0.0750698460806454,"purple",0.749418919879202,2.21737732275837e-07,1.2590549382377e-06,TRUE,TRUE
"K07177","blue",-0.185906167608636,0.284957813701282,0.476709504498292,-0.19501740635039,0.261582476830949,0.120853671279669,0.288444174210641,0.0928767236865958,0.0686207228543153,0.215982695078647,0.21271419798886,0.27571697985684,-0.29724068484759,0.0829052973503144,0.0424505955263109,-0.0484270412136893,0.782351884811646,0.315304306189915,-0.279159336369722,0.104371396580659,0.101194379411542,0.885965142183228,1.49990399591588e-12,3.02696315460093e-10,-0.463228650907493,0.00507271764843804,0.017558355982597,0.184321762936644,0.289155953922517,0.132125293943025,"blue",0.885965142183228,1.49990399591588e-12,3.02696315460093e-10,TRUE,TRUE
"K07180","purple",-0.303577704872897,0.0762500699496422,0.217071659509355,-0.0378557587640681,0.829064627308368,0.282049140475119,-0.762814272638515,9.99589208905142e-08,4.96751426086781e-07,-0.000523628387798329,0.997618064524482,0.607297935621856,0.853123135711831,7.5683950817273e-11,1.60437409800996e-09,0.296107803687781,0.0841409545210549,0.060294613233584,0.674702926797277,8.79156698732412e-06,5.4116374488979e-05,-0.614413687864501,8.62205518256595e-05,0.000266834164573115,0.333934574584364,0.049934497096953,0.0798709009744661,-0.373481593056334,0.0271077254810503,0.0206191977672818,"purple",0.853123135711831,7.5683950817273e-11,1.60437409800996e-09,TRUE,TRUE
"K07181","turquoise",0.485977173066883,0.00307901686404379,0.0271923119180884,0.288537762966023,0.092766013153621,0.0560968545663585,0.746753316583466,2.58310574880566e-07,1.17632572974151e-06,-0.203276256365654,0.241518064560981,0.295275488834703,-0.543471978609057,0.00074089710734727,0.000916680265682794,-0.215238136453315,0.21433363117573,0.122670211738832,-0.21344125221397,0.218276758715288,0.172200716186538,0.0193968347674742,0.911936765975859,0.353889866649996,-0.332410097074272,0.0510538854161828,0.0811114310799627,0.216054993858724,0.212557396459795,0.104203977340856,"turquoise",0.746753316583466,2.58310574880566e-07,1.17632572974151e-06,TRUE,TRUE
"K07182","purple",-0.643482591051624,3.04913271259071e-05,0.00203856317909769,-0.235392428740554,0.1734371369808,0.0894734004607944,-0.679888997417039,7.04847101857384e-06,2.22342516076845e-05,0.33395626752885,0.0499187112439864,0.123053051471195,0.888257170311009,1.09201130576153e-12,6.81767974457734e-11,0.241881766890194,0.161540301187545,0.0986997728941005,0.535393311108548,0.000919112169129042,0.00249815345266562,-0.101384223125143,0.562244657637194,0.257952069336588,0.0240015982488828,0.891143023010548,0.519722576070588,-0.389834790832957,0.0206145802312993,0.01657919892898,"purple",0.888257170311009,1.09201130576153e-12,6.81767974457734e-11,TRUE,TRUE
"K07183","purple",-0.479884283349676,0.00353120774626494,0.0299450163522786,-0.377194833792415,0.0255024916754988,0.021310443119499,-0.547384680686524,0.000666146239198735,0.0011706816296939,0.388650274520047,0.021036741730916,0.0802401273582169,0.770020361643331,6.37161119854078e-08,4.52390674805366e-07,0.380097607485991,0.0243029524912038,0.0231781872119996,0.595610922647089,0.000160180251602394,0.000598635221348192,-0.0885211199724207,0.613086013603683,0.273475685730211,-0.050278443107956,0.77424245514387,0.478907676172858,-0.17513861996196,0.314266619807179,0.140976124908412,"purple",0.770020361643331,6.37161119854078e-08,4.52390674805366e-07,TRUE,TRUE
"K07213","turquoise",0.611453864350082,9.52994012332527e-05,0.00301655629448226,0.497387519083292,0.00236603445348351,0.00378997817087148,0.937675986055214,1.04137036797799e-16,2.17356218457539e-14,-0.401382537877087,0.0168556674477045,0.0716428868253869,-0.713307803329512,1.51522017759581e-06,6.20346283645968e-06,-0.418087925273087,0.012444698364549,0.0138599200648774,-0.380765631502776,0.0240336037952129,0.0332340292704196,0.151586242220192,0.384701662798025,0.196649739867558,-0.557376423004458,0.000504690206855307,0.003548627302735,0.129471541342476,0.458526841562891,0.188401958570837,"turquoise",0.937675986055214,1.04137036797799e-16,2.17356218457539e-14,TRUE,TRUE
"K07217","green",-0.312606876874132,0.0674941840979823,0.201662529496495,-0.134141103656481,0.442338479132792,0.177904272552398,-0.56151312558248,0.000448743717172011,0.000819204576260761,0.129919622062814,0.456959840784947,0.422489197675584,0.689342245991235,4.65741617830575e-06,1.56990355433609e-05,0.388982082870379,0.0209177675850447,0.0207536891065302,0.753252709423802,1.77432045579139e-07,2.06300782529896e-06,-0.617286842052373,7.81599646845599e-05,0.000246371911896348,0.223120817047567,0.197615385626232,0.206065324406565,-0.194791452293875,0.262146409170499,0.122434758561894,"green",0.753252709423802,1.77432045579139e-07,2.06300782529896e-06,TRUE,TRUE
"K07218","green",-0.300718561154463,0.0791993733084188,0.222765565698903,-0.265000214370667,0.123931667590592,0.0692494315747153,-0.261218778780102,0.129589570385088,0.0893659980991594,-0.0373058765330544,0.831511791557084,0.562227210566557,0.366349998218802,0.0304239672868277,0.0188700856228176,0.529720233342158,0.00106591844366262,0.00219433949236601,0.752918154958006,1.80946043008673e-07,2.08729931341192e-06,-0.275339446688616,0.109401367000393,0.0775773071685851,0.0539429118308471,0.758261346409712,0.473217947016795,0.177175732410709,0.308581717498112,0.139135218374879,"green",0.752918154958006,1.80946043008673e-07,2.08729931341192e-06,TRUE,TRUE
"K07243","turquoise",0.327387135241859,0.0548845393842681,0.179236215657872,0.0567901835165228,0.745911396936627,0.260970855228323,0.810542071062618,3.60707227594241e-09,2.67292174536306e-08,-0.146348880970964,0.401526456324036,0.395653415678598,-0.615171931200369,8.4023713364449e-05,0.000155334001514329,-0.0652416399074469,0.709629069885978,0.295572344911592,-0.207735711111838,0.231125506748611,0.178616327772954,0.272192786457391,0.113680359000279,0.0794821625417937,-0.492610130687223,0.00264477864456485,0.0113214194397151,0.364590209935914,0.0312914407913537,0.0233189764030866,"turquoise",0.810542071062618,3.60707227594241e-09,2.67292174536306e-08,TRUE,TRUE
"K07273","blue",-0.294120148975366,0.0863432188590175,0.236132823517775,-0.435719946955423,0.00888824957893521,0.00969422226770165,0.165067963036148,0.343327250202114,0.183821437350136,0.0508407802490054,0.771783932165184,0.545148858567357,-0.430476335917884,0.00984169342857229,0.00763271562289897,0.180071401699687,0.300613242247006,0.159623414600163,-0.208253157435313,0.229939555420904,0.178045874968701,0.78854307461499,1.85228608229283e-08,3.41624061564606e-07,-0.134958383136321,0.439537592939885,0.344830282483181,0.465462955414408,0.00483707107041272,0.0051803526644338,"blue",0.78854307461499,1.85228608229283e-08,3.41624061564606e-07,TRUE,TRUE
"K07277","turquoise",0.190268424726659,0.273603430010996,0.46453009333253,-0.0288973015016713,0.869113836611299,0.290452758825017,0.7131461444599,1.52731174134349e-06,5.64216907933409e-06,-0.20365270478752,0.240628846052286,0.294953851759546,-0.612742165450003,9.12470452950851e-05,0.000165480729576863,0.074148722160801,0.672060315062076,0.283511980675226,-0.0909210197517261,0.603454588831835,0.337043273753058,0.37033770496646,0.0285309922881434,0.0277587831894641,-0.426043821544231,0.0107141064023249,0.0288181535661412,0.505340132420478,0.00195864292740084,0.00248292750849698,"turquoise",0.7131461444599,1.52731174134349e-06,5.64216907933409e-06,TRUE,TRUE
"K07279","green",-0.309081380519219,0.070813937909384,0.207318827377565,-0.542863404937124,0.00075316748206692,0.0017029011909117,-0.132780745831011,0.447022059705378,0.224376055870124,0.106954734661082,0.540848036452936,0.463073832655928,0.284774624204762,0.0972978401743383,0.0483410781206604,0.731630787861035,5.93603251583749e-07,1.02695679022451e-05,0.816123785107856,2.30241744778124e-09,4.68479867526423e-08,-0.115308754921498,0.509506272478005,0.240282763698689,-0.191693547328252,0.269958871741124,0.252677282080106,0.31612651787375,0.0643029872800557,0.041053427031646,"green",0.816123785107856,2.30241744778124e-09,4.68479867526423e-08,TRUE,TRUE
"K07284","blue",-0.417867970324516,0.0124957112090008,0.070085594272238,-0.420275657073913,0.0119468107630208,0.0121727127693932,0.0667596634600438,0.703175537800879,0.310291205880275,0.391356073946824,0.0200827478933844,0.0784471380349601,-0.101658771089625,0.561181038914523,0.195316480088787,0.241051823804012,0.16302814207571,0.0991984961912688,-0.0438110999726047,0.802667191544858,0.404928421766927,0.835341248654875,4.33790842623257e-10,2.07817431299834e-08,-0.415650270423767,0.013019985790694,0.0327518721294606,0.25947810397626,0.132257369183214,0.0718788055935674,"blue",0.835341248654875,4.33790842623257e-10,2.07817431299834e-08,TRUE,TRUE
"K07290","purple",-0.293596473508019,0.0869307593599521,0.236324521831434,-0.2108451429121,0.224061057579392,0.108126508988571,-0.529672457313548,0.00106723780277532,0.00175859450610199,0.33422249712842,0.0497253019561783,0.122913522721043,0.839031629459475,3.07239828373739e-10,5.23364001922843e-09,0.393896939321657,0.0192199480632135,0.0194640747660217,0.783866130417359,2.55901413648009e-08,3.90517781043047e-07,-0.516006438818839,0.00150923086034042,0.00270609767382538,0.0678205280616426,0.698677559225414,0.454229462305836,-0.205332791226762,0.236687099955063,0.113701988695676,"purple",0.839031629459475,3.07239828373739e-10,5.23364001922843e-09,TRUE,TRUE
"K07302","purple",-0.415099011153308,0.0131531461009277,0.072037014316113,-0.226749671582532,0.190233393504908,0.0961008425537679,-0.854025962816366,6.88471301024139e-11,8.79787667634105e-10,0.257471168475399,0.135383346692284,0.211025029989209,0.731990944248944,5.82331302483217e-07,2.7500027431955e-06,0.274127595410707,0.111034688390211,0.0744214454130343,0.309119894847586,0.0707769941521,0.0751759623009204,-0.452016342648628,0.00641045988418347,0.00891318165925203,0.689192826159374,4.6885788564187e-06,0.000190177392184909,-0.211932836309306,0.221625018403406,0.107649748058944,"purple",0.731990944248944,5.82331302483217e-07,2.7500027431955e-06,TRUE,TRUE
"K07315","blue",-0.194622319298849,0.262569052217452,0.45497737666081,-0.0897862895855015,0.608000478500492,0.224154270873292,0.294028907526062,0.0864453670792443,0.0648251239701943,0.242384906220964,0.160643096262084,0.23251239401123,-0.211041018925336,0.223621024163942,0.0954869066143486,-0.237708263765121,0.169121980746131,0.102065532046002,-0.23268693521323,0.1785770470147,0.149154173202397,0.703383309884951,2.44445038783519e-06,1.63557249198359e-05,-0.52572341598048,0.00118139711805365,0.00660631504972966,-0.0197091057975163,0.910524667540982,0.30985871339268,"blue",0.703383309884951,2.44445038783519e-06,1.63557249198359e-05,TRUE,TRUE
"K07322","purple",-0.135546061740719,0.437529585345899,0.619320779113779,0.0883990612127309,0.613577592732254,0.225424909868928,-0.4134486852639,0.0135586754817307,0.0147012203261701,0.065597208413079,0.708115648935428,0.520578413794406,0.723081629484602,9.27587471028886e-07,4.0779206044774e-06,0.10316518010159,0.555361688564475,0.248430205520337,0.62629107198271,5.71015166988235e-05,0.000260604537089304,-0.561335755990994,0.000451024324895468,0.00102307540437433,-0.0127871859739481,0.941881337031225,0.534361461487551,-0.354195944757872,0.0368370525071409,0.0268084209050278,"purple",0.723081629484602,9.27587471028886e-07,4.0779206044774e-06,TRUE,TRUE
"K07323","green",-0.20180003718349,0.245026347881083,0.438689430982632,-0.11818963238585,0.498912647858179,0.193720219184815,-0.21372102055613,0.217659583504199,0.133552767940903,0.0820365255568844,0.639427331361952,0.497547441370096,0.595408498871532,0.000161218225726632,0.000263828555917254,0.470344363260172,0.00435486153475334,0.00633129327474104,0.753417820200779,1.75721043036415e-07,2.06300782529896e-06,-0.445649392530828,0.00729699003997055,0.00979761794943041,-0.0892358877062982,0.610210696414466,0.419297999042307,-0.0356737385795892,0.838784459497443,0.293289966121155,"green",0.753417820200779,1.75721043036415e-07,2.06300782529896e-06,TRUE,TRUE
"K07335","black",-0.368292101382928,0.0294895872383938,0.122253759511893,-0.700764463730605,2.76439282132089e-06,3.43826919237093e-05,-0.173723468673624,0.318254239875828,0.174806450925265,0.294216852262835,0.0862350574046549,0.16494768100147,-0.054581075144182,0.755488092479627,0.243401325828441,0.713745843781393,1.48289517881054e-06,2.16330208654276e-05,0.344604240480487,0.0426384121241271,0.0520980179264068,0.174484620816857,0.316105550282431,0.171557992495613,0.342239739060432,0.0441761716346967,0.0733112249387458,0.694540482220515,3.68400023056266e-06,1.65725300464491e-05,"black",0.713745843781393,1.48289517881054e-06,2.16330208654276e-05,TRUE,TRUE
"K07346","turquoise",0.636764103683727,3.91403493103605e-05,0.00219518518037239,0.559580841278511,0.000474150525010227,0.0012205682027999,0.844116001673385,1.88297701670599e-10,2.18343047658313e-09,-0.462743049236265,0.00512522130030599,0.0397211863642855,-0.663530173253709,1.39488629682007e-05,3.69615919247243e-05,-0.491376760929797,0.00272122760757088,0.00439284138410142,-0.378809449519629,0.0248293844313365,0.0341872120459365,-0.0321294227318381,0.854622150653356,0.338704749295863,-0.411719757128044,0.0139947630748182,0.0340777975991423,0.0162648387948369,0.926113709213978,0.313145447040058,"turquoise",0.844116001673385,1.88297701670599e-10,2.18343047658313e-09,TRUE,TRUE
"K07369","brown",0.0716219550559689,0.682643450882727,0.808300412026695,-0.361078948224821,0.033082770348594,0.0259673247223311,0.622502640830688,6.52416061273063e-05,0.000153578745599675,0.0988411341588564,0.572140632529129,0.474403950192111,-0.568424532847834,0.000367484332527028,0.000519337180616886,0.334373195869988,0.0496160888733877,0.0403782641940171,0.0949232853087024,0.587538722233108,0.332463371675696,0.343410403847102,0.0434093416181632,0.0386834795550509,-0.341311761451664,0.0447917461526249,0.0738428305179951,0.760081870133661,1.18087296893992e-07,1.24697272485125e-06,"brown",0.760081870133661,1.18087296893992e-07,1.24697272485125e-06,TRUE,TRUE
"K07396","turquoise",0.500394289830714,0.00220405807939509,0.0218153983895545,0.375120867961778,0.0263891077861826,0.0218607370522383,0.76105623539561,1.11301589739425e-07,5.50933207943979e-07,-0.375035284858732,0.0264262329871905,0.0892475055504,-0.53055949187455,0.00104297520638403,0.00121331758754324,-0.299415090291307,0.0805729586674864,0.0582678500649233,-0.217605155388404,0.209214545548614,0.167578203713564,0.0657916566344864,0.707288475262126,0.301998869640803,-0.48781676813655,0.00295278350061165,0.0121927202080429,0.0902751313254111,0.606040323656485,0.231619121130471,"turquoise",0.76105623539561,1.11301589739425e-07,5.50933207943979e-07,TRUE,TRUE
"K07399","blue",-0.380010364430192,0.0243383125113888,0.108369895680933,-0.31616822624648,0.0642658961717233,0.0423452882117697,-0.104373498883275,0.550714296674373,0.261736225872164,0.301559868592607,0.0783225001659799,0.15663097404307,-0.0447662398594249,0.798452584537625,0.253696434097145,0.075170143364343,0.667799576487745,0.282531541127611,-0.24882473993969,0.149474958433713,0.131283986556228,0.785247233945681,2.3279979568719e-08,3.98314536417326e-07,-0.159270734243692,0.360774276863513,0.305491955487061,0.10956910474358,0.530941823388856,0.209948205298183,"blue",0.785247233945681,2.3279979568719e-08,3.98314536417326e-07,TRUE,TRUE
"K07465","turquoise",0.317139842159647,0.0634065974870145,0.192874302726913,0.0054249928022757,0.975325943403642,0.313724098063226,0.717133909924827,1.25340451222715e-06,4.77104442189103e-06,0.0331763738406496,0.849937770555075,0.568950953655892,-0.448219572800103,0.00692725181717293,0.00575616783030906,0.0293953085093378,0.866878094017773,0.338950527799975,-0.0276229866495217,0.87483922645281,0.42622034940498,0.344795926983102,0.0425156639716023,0.0380569915520769,-0.570843594711923,0.000342308725671669,0.00272414454606714,0.388063809456298,0.0212484010030605,0.0169341790893065,"turquoise",0.717133909924827,1.25340451222715e-06,4.77104442189103e-06,TRUE,TRUE
"K07478","blue",-0.334130232622497,0.0497922618997298,0.170800280357764,-0.383691333437395,0.0228828579205157,0.0196187047589616,0.0598602625424456,0.732664519709791,0.318921210000935,0.359718375845119,0.0337990031774508,0.101237524048948,-0.187834757507967,0.279901024663671,0.114007115685508,0.103211610886255,0.555182771213029,0.248430205520337,-0.341809193566471,0.0444609221864738,0.0538755263932895,0.781958937259751,2.91292436658649e-08,4.7791201565506e-07,-0.13291511364354,0.446558250551038,0.347635021220521,0.23752054329395,0.169468877041393,0.0869557597740261,"blue",0.781958937259751,2.91292436658649e-08,4.7791201565506e-07,TRUE,TRUE
"K07498","brown",0.367197826562949,0.0300131233127126,0.123317891733607,-0.208790793187507,0.228711710487229,0.109477997613527,0.64787624842888,2.58129517977735e-05,6.81989099246533e-05,-0.130582896213531,0.454645555474001,0.421807932454913,-0.623440815805001,6.31338477860622e-05,0.0001224084833133,0.42460502945154,0.0110110188169165,0.0126322878974526,0.163518789318831,0.347938402609521,0.235013333327488,0.0852053194592554,0.626498437251106,0.277408834723238,-0.229444471870418,0.184878325273725,0.197247849249748,0.731444774309604,5.99503063232887e-07,4.28193662842146e-06,"brown",0.731444774309604,5.99503063232887e-07,4.28193662842146e-06,TRUE,TRUE
"K07533","turquoise",0.680617492918417,6.8306241336626e-06,0.000905144877919739,0.648686624233678,2.50247819452652e-05,0.000159840431080958,0.718783958015812,1.15385536035449e-06,4.4461705251041e-06,-0.548661559398542,0.000643241581545201,0.014855445063351,-0.55713845569781,0.000508089247994332,0.000675982121453458,-0.459707444189682,0.00546416364998958,0.0075078741025669,-0.237701046368575,0.169135308670475,0.143914881615845,-0.303464367977334,0.0763653309790186,0.058893366989011,-0.255325254860247,0.138785645332295,0.162776801644991,-0.0266486175057942,0.879221220671346,0.303113261499125,"turquoise",0.718783958015812,1.15385536035449e-06,4.4461705251041e-06,TRUE,TRUE
"K07552","turquoise",0.62426252516194,6.13384046706718e-05,0.00258024841752813,0.495549325739383,0.0024700938061329,0.00391978509984402,0.907982540093287,5.15284016902112e-14,2.48194085533341e-12,-0.387121947473831,0.0215920243591167,0.0815585399999395,-0.665704690185324,1.27695588840035e-05,3.42168682791873e-05,-0.370391838851523,0.0285059763210343,0.0261930870515729,-0.339021045351436,0.046340854654792,0.0556472323658048,0.129997761820301,0.456686869288907,0.221623072218193,-0.541108862775614,0.00078955598994333,0.00483338910286187,0.109714779302601,0.530392436530156,0.209846882351816,"turquoise",0.907982540093287,5.15284016902112e-14,2.48194085533341e-12,TRUE,TRUE
"K07576","green",-0.172417060408954,0.321963370143961,0.510763820245161,-0.269710747326433,0.117143287455654,0.0666201572530344,-0.0739103695499981,0.673056028485717,0.301353927870425,0.0778267440630935,0.656765868320743,0.503689294833192,0.324091847438686,0.0575193483614641,0.0315854577519264,0.571470099044029,0.000336044532819544,0.00089488671410758,0.8783318524433,4.11899596221766e-12,3.01717660474304e-10,-0.375045818216657,0.0264216613884214,0.026152689253862,-0.214753164665603,0.21539300476905,0.218141170389373,0.19473675978565,0.262283030119441,0.122434758561894,"green",0.8783318524433,4.11899596221766e-12,3.01717660474304e-10,TRUE,TRUE
"K07652","green",-0.108456082360062,0.535148465245422,0.698967277586805,-0.403438111982313,0.0162507926884795,0.0152364704945167,0.00897887968198532,0.959172884044874,0.382303977366349,0.269375775531194,0.117616620496938,0.194225709426355,0.279856387417813,0.103472744431784,0.0510348135805574,0.675744332029018,8.41291515871866e-06,6.54025461796245e-05,0.777444345010374,3.9382531641808e-08,5.79652142627082e-07,-0.205585900882183,0.236097060745471,0.138712691138912,-0.222031588526516,0.199869625871321,0.207613210342955,0.344411647915579,0.0427620280689268,0.0298451069175542,"green",0.777444345010374,3.9382531641808e-08,5.79652142627082e-07,TRUE,TRUE
"K07657","green",-0.127458571335005,0.46560179851812,0.645222778440586,-0.337935519769154,0.0470898149426986,0.0336495947259286,0.169322417525463,0.330856469583374,0.179290711261614,0.126045209191729,0.470603669642107,0.429062905163607,0.0993356937174857,0.570209974498847,0.19786748376292,0.463869293136203,0.0050041603328065,0.00703115958314802,0.74374358042925,3.06221755197854e-07,3.25084539780142e-06,-0.086227789155701,0.622349701197763,0.276270263189002,-0.38929505819063,0.0208060591322935,0.0447507463290508,0.319621128238238,0.0612531905419717,0.0394942962595237,"green",0.74374358042925,3.06221755197854e-07,3.25084539780142e-06,TRUE,TRUE
"K07658","green",-0.183254921129543,0.29200499473035,0.482272712389756,-0.147727373648193,0.397057796211577,0.164482955582121,-0.418401688995556,0.0123722333650874,0.0136391679115043,0.0401295287715573,0.818962599820468,0.559795404386612,0.581620097040268,0.00024783898448075,0.000370564065975037,0.375237475377338,0.0263385936671556,0.0247346576944748,0.815142356208705,2.49423124165269e-09,5.0055662707666e-08,-0.627492814179949,5.47178849434294e-05,0.000187241822190121,0.0956223649117933,0.584777807195892,0.409539018403081,-0.115161674034593,0.510050117748484,0.203092135059493,"green",0.815142356208705,2.49423124165269e-09,5.0055662707666e-08,TRUE,TRUE
"K07660","turquoise",0.294600192621169,0.0858073223675039,0.235069416974216,0.104040045231346,0.551994988593183,0.209010725740031,0.801691292240239,7.13828500045382e-09,4.85841003046105e-08,-0.185103970037742,0.287078428058643,0.328306556685811,-0.548239104652692,0.000650741089437573,0.00081894245342266,0.0279563629774292,0.873340778870407,0.340392606387833,0.00207782498684068,0.990548370223966,0.455818141411611,0.217117553584034,0.210262096572733,0.127249708965768,-0.520489474362871,0.00134919934741418,0.00717984524610987,0.434306233823912,0.0091372141469284,0.00859187242912675,"turquoise",0.801691292240239,7.13828500045382e-09,4.85841003046105e-08,TRUE,TRUE
"K07667","green",-0.182494377196519,0.294046998631244,0.484321614953162,-0.216252208940581,0.212130081378974,0.104275934867832,-0.24569478462972,0.154830241592636,0.10319225802186,0.0371698543630332,0.832117378153231,0.562441182598278,0.407262703079266,0.0151737132982667,0.0107938768038898,0.374778651613086,0.0265378162476673,0.0248680556692269,0.772137253519512,5.56496374634806e-08,7.61934998339024e-07,-0.336371743446398,0.0481857787237505,0.0418260257086964,-0.0637816207191137,0.715854815673564,0.459733356899837,0.0246840199471652,0.888067139572515,0.304739922449455,"green",0.772137253519512,5.56496374634806e-08,7.61934998339024e-07,TRUE,TRUE
"K07669","turquoise",0.601895923743907,0.000130788418455206,0.00376694210631797,0.334398691830004,0.0495976306492915,0.0350290792477621,0.874481809929913,6.6849923587275e-12,1.19597191013815e-10,-0.302787541587266,0.0770564707211623,0.155387679087163,-0.609681722794554,0.000101138152965546,0.000180333161623196,-0.199687160797307,0.250106729458044,0.138361691797738,-0.170738289215469,0.326769034119942,0.226344467547167,0.0122678854806874,0.944237848079638,0.361193509924304,-0.54796354872672,0.000655674472506328,0.00425166825485172,0.18352156093337,0.29129124323938,0.13292842141166,"turquoise",0.874481809929913,6.6849923587275e-12,1.19597191013815e-10,TRUE,TRUE
"K07670","blue",-0.464456622066229,0.0049420113771568,0.0381633100791553,-0.457609757304225,0.00570949612257213,0.00697955650892196,-0.144567790688284,0.407342625596032,0.208640732716301,0.322165728991292,0.059105236174307,0.133980651504124,0.0278285390050202,0.873915266399661,0.272078939368836,0.169574347483047,0.330126883797421,0.171736032012471,-0.0552886274475657,0.752416806682463,0.390331100804793,0.723223778735335,9.20851572534166e-07,7.30389108094473e-06,-0.2113646458321,0.222895291814058,0.222614699564155,0.157803893621828,0.365271410676049,0.157757709194649,"blue",0.723223778735335,9.20851572534166e-07,7.30389108094473e-06,TRUE,TRUE
"K07682","blue",-0.22754396698234,0.188643788139493,0.376795265743917,-0.255801581885515,0.138025071521557,0.0754795410051027,0.164726024152866,0.344341823108654,0.184207142272696,0.297033472877849,0.0831302536555144,0.161596966848836,-0.314019983806492,0.0661983402101153,0.0352586658857918,0.0366043367630386,0.834636143936125,0.330403460506299,-0.471948225477666,0.00420576934663995,0.00828155473910468,0.81115424966774,3.43624606369606e-09,1.0552643089364e-07,-0.170127850975379,0.328527436893278,0.28630344102258,0.223214291670726,0.19742276293941,0.0981052082556167,"blue",0.81115424966774,3.43624606369606e-09,1.0552643089364e-07,TRUE,TRUE
"K07690","turquoise",0.484893976748323,0.00315551870746239,0.0275633696933258,0.13112018282852,0.452775491228746,0.181026216278395,0.828406088223633,8.11187345922871e-10,7.81440506258869e-09,-0.355068317872343,0.0363429053749801,0.105834312058877,-0.809069023880009,4.05086194275409e-09,4.86612540314814e-08,-0.126798311935364,0.467934934410781,0.21950733478902,-0.270861742127987,0.115527735961453,0.10905206818689,0.174420428926353,0.316286408872591,0.171557992495613,-0.301956266486416,0.0779119652348338,0.109052103120706,0.458034824735755,0.00565903197917066,0.00589329208111266,"turquoise",0.828406088223633,8.11187345922871e-10,7.81440506258869e-09,TRUE,TRUE
"K07709","black",-0.287472106316384,0.0940326168917113,0.2474257417307,-0.517103932705834,0.00146858673621792,0.00272385713639651,-0.27991726518519,0.103394538952713,0.0748621616102126,0.3152686573169,0.0650696237128129,0.140293339635058,0.472553642388357,0.00415064946894872,0.00373881915083711,0.751492205590666,1.96653450519054e-07,4.60167389866165e-06,0.621677009718203,6.71487712207382e-05,0.000293651770527592,-0.233851156495931,0.17635216835905,0.111399713096445,0.115131984367766,0.510159933177154,0.37878904079974,0.280606940049935,0.102511687182511,0.058698638626648,"black",0.751492205590666,1.96653450519054e-07,4.60167389866165e-06,TRUE,TRUE
"K07713","green",-0.0268009263606296,0.878536011648291,0.934388631878876,-0.220035384132403,0.20404727738005,0.101276988871784,-0.206475614494136,0.234030873103826,0.140905492483983,0.140278177924808,0.421545371214692,0.405953477227352,0.443325120675344,0.00764575875391888,0.00624442003779731,0.480938783500789,0.00344905714786381,0.00525884563087986,0.843057137165253,2.0880621415085e-10,6.37296513964168e-09,-0.498610860027579,0.00229892055828175,0.00382586117319109,-0.116061833664518,0.506726237663019,0.377588388103847,0.0723200797420033,0.679713359091541,0.252910690521707,"green",0.843057137165253,2.0880621415085e-10,6.37296513964168e-09,TRUE,TRUE
"K07714","green",-0.270732241471014,0.115708666205843,0.280242883227334,-0.380089103601693,0.0243063972870638,0.0205802025582801,-0.349350075592546,0.0396821967290492,0.0346307509482349,0.272836776095657,0.112794559803165,0.190466668233937,0.569982252019916,0.000351090857872607,0.000499127342655975,0.60565242766739,0.000115627729844868,0.000411543408535177,0.944092219893624,1.81969415893736e-17,1.25220030705133e-14,-0.429623149144055,0.0100047618468274,0.0123914429705754,-0.0643157498241407,0.713575091640034,0.459140919115588,0.0934645700334392,0.593318148784437,0.228243835648602,"green",0.944092219893624,1.81969415893736e-17,1.25220030705133e-14,TRUE,TRUE
"K07742","turquoise",0.388086783880599,0.0212400762235964,0.100106598369592,0.298291839740481,0.0817713653278549,0.0506777023522045,0.778117690630917,3.76670171106253e-08,2.0509331161328e-07,-0.1029365321954,0.556243156758981,0.467479738265464,-0.558424106568903,0.000489964473930951,0.000654607143983852,-0.403767572791705,0.016155557272021,0.0168941067701988,-0.42765709022701,0.0103892860547905,0.0172566495691706,0.43191450261987,0.00957192816825511,0.0120410177854694,-0.646163832532587,2.75528802280298e-05,0.000605279303949319,0.0400256869734038,0.819423342653665,0.288622693765282,"turquoise",0.778117690630917,3.76670171106253e-08,2.0509331161328e-07,TRUE,TRUE
"K07752","brown",-0.115259988970142,0.509686557030555,0.680078431897614,-0.599762235330033,0.000140172888129886,0.000524732178455793,0.210160055368865,0.225604741103631,0.137351066117155,0.161119742122068,0.355152914271793,0.369709855977434,-0.398895374564782,0.0176126193883366,0.0121395397275406,0.596586574337899,0.000155260915966648,0.00050681015497649,0.247022030662989,0.152542637967861,0.132992144095706,0.20503286466267,0.237387562805376,0.139029272658593,0.0458800659104067,0.793544839213215,0.485358974750836,0.801620682793624,7.17627598739005e-09,1.72226600336683e-07,"brown",0.801620682793624,7.17627598739005e-09,1.72226600336683e-07,TRUE,TRUE
"K07755","turquoise",0.213820337866623,0.21744077535801,0.409880989870023,0.0321983731781565,0.854313493045638,0.287386139865415,0.768684595951681,6.93468749065095e-08,3.53028601051335e-07,-0.16609908439437,0.340278833777471,0.362934208883625,-0.53347927398724,0.000966511471214085,0.0011410640239648,0.0739247958955181,0.672995747141998,0.283714124180327,0.0706376411131777,0.686782457733912,0.369245023948965,0.3112694936156,0.0687388377716209,0.0543055960678505,-0.598682854496331,0.00014514666809664,0.00161365964782686,0.424951250935994,0.0109389425024461,0.00995797709950327,"turquoise",0.768684595951681,6.93468749065095e-08,3.53028601051335e-07,TRUE,TRUE
"K07768","blue",-0.0367925799652052,0.833797544276181,0.912817037534562,-0.0846952054871648,0.628572489738597,0.229749473844747,0.323681705323737,0.0578541837069093,0.0472310406951978,0.137767423448307,0.429985191191761,0.4092191203216,-0.48046891639569,0.00348545493573572,0.00324996448501432,-0.35031051629794,0.0391046046485485,0.0335815857808032,-0.510338491934446,0.00173525120928397,0.00409364442015442,0.77446088019752,4.78864830310207e-08,6.68614788450182e-07,-0.325035101707754,0.0567551150433044,0.0877020929346272,0.135434317972997,0.437911008517297,0.181556035489717,"blue",0.77446088019752,4.78864830310207e-08,6.68614788450182e-07,TRUE,TRUE
"K07788","green",-0.180448857916607,0.299584260121401,0.488115518260269,-0.382382362385716,0.0233919344945919,0.0199576772676061,-0.197196471466834,0.256185052424201,0.150623344746199,0.283250591655492,0.0991804535167123,0.177329302066071,0.378466789537508,0.0249709937685324,0.0159547638085989,0.641028596403055,3.34262938232418e-05,0.000168796759064073,0.789089716124278,1.78268223537092e-08,2.77834033610149e-07,-0.412373006850521,0.0138286267732485,0.015849091269268,-0.00260834769570408,0.988135275953061,0.543579873159323,0.271857469268379,0.114143646477574,0.0641132313453596,"green",0.789089716124278,1.78268223537092e-08,2.77834033610149e-07,TRUE,TRUE
"K07790","turquoise",0.164745849117152,0.344282950327347,0.533788841996376,-0.0633537756681211,0.717682652749707,0.252825597935718,0.729423670510414,6.67167699649616e-07,2.73938628508067e-06,-0.0640803195328861,0.714579635774624,0.522655352985519,-0.488019729525444,0.00293913591508373,0.00284930494681867,0.105327611370699,0.547057570244903,0.24597977854504,0.0524493692301,0.764763357485803,0.394595457863497,0.346115959317716,0.0416780866533356,0.0375221564897864,-0.496342771179883,0.0024246976320385,0.0106128605090929,0.486550711497264,0.00303916673539527,0.0035206339118875,"turquoise",0.729423670510414,6.67167699649616e-07,2.73938628508067e-06,TRUE,TRUE
"K07793","turquoise",0.569793594156478,0.000353040981507361,0.00656204661557578,0.370378555421031,0.0285121130974507,0.0232920877852945,0.904854772359679,8.73401580883439e-14,3.77167341034192e-12,-0.390153044494203,0.0205023627218164,0.0795915101667003,-0.706926935853559,2.06532401505561e-06,7.99223195950702e-06,-0.215968847927945,0.212744238763516,0.122034414674523,-0.236033514545952,0.172234811032186,0.145348506299731,0.0569464822418279,0.74523522422219,0.312082159362702,-0.420194156556172,0.0119650521405545,0.0311267939187379,0.316534985933019,0.0639404627597328,0.0408961546697837,"turquoise",0.904854772359679,8.73401580883439e-14,3.77167341034192e-12,TRUE,TRUE
"K07794","turquoise",0.621865539057168,6.6708904925988e-05,0.00269546834238516,0.456952465523329,0.00578829152829621,0.0070338114672736,0.885199020744766,1.66526244963742e-12,3.72402653193402e-11,-0.409295437342417,0.0146260810020578,0.0679042976612819,-0.669912633628016,1.07411150720225e-05,3.01359448953188e-05,-0.29322654792786,0.0873476506023844,0.0620846999793709,-0.26803921504542,0.1195195080732,0.111668864381029,-0.0235298261671564,0.893270360608962,0.349397134607277,-0.385869656177581,0.0220560334999298,0.0466371427231698,0.22117104598569,0.20166320090088,0.099832809675643,"turquoise",0.885199020744766,1.66526244963742e-12,3.72402653193402e-11,TRUE,TRUE
"K07795","turquoise",0.448761080458366,0.0068514327049876,0.047206961978115,0.110188268604502,0.528608655911355,0.20232955758774,0.738649428011003,4.06283052057498e-07,1.77006174570514e-06,-0.1968031726034,0.25715373370132,0.306438131255136,-0.755135149004339,1.58803093334054e-07,9.40908609860216e-07,-0.0256246784719313,0.883829946574289,0.342196779615737,-0.376673558522418,0.0257229900047352,0.0351861167280362,0.16589292036589,0.340887011931147,0.180492622594163,-0.121137645926245,0.488188930308199,0.36936813962153,0.50127507927747,0.00215848251102965,0.00268785882682768,"turquoise",0.738649428011003,4.06283052057498e-07,1.77006174570514e-06,TRUE,TRUE
"K08097","green",-0.315671165912159,0.0647090272556331,0.195904128916912,-0.367415932854565,0.0299081710154938,0.0240859930154568,-0.360949267978315,0.0331504981044413,0.0303696402934767,0.28751110546274,0.0939860319459868,0.172643671954664,0.582892311396565,0.000238390059074035,0.000360390341083033,0.557800525402961,0.000498682525833238,0.0012327868374575,0.87693738025971,4.91782472041317e-12,3.27483728134494e-10,-0.306999086733178,0.0728338621079825,0.0567915504336243,-0.138000997571972,0.429196114838438,0.339400927293393,0.0253733990917428,0.884961528361102,0.304396593904722,"green",0.87693738025971,4.91782472041317e-12,3.27483728134494e-10,TRUE,TRUE
"K08137","purple",-0.453566592330656,0.00620916151798203,0.0442108894721349,-0.23663492824577,0.171112304685402,0.0886319855207478,-0.576506420168864,0.000289286171123786,0.000560806785413836,0.498762133334045,0.00229073811643825,0.0256099956258613,0.756643955262443,1.45190267116698e-07,8.87824788770307e-07,0.231336759755657,0.181182145265084,0.107423632467484,0.406441782531588,0.0153997021896915,0.0234274703047738,-0.296443777153852,0.0837730280709317,0.0632619583936131,0.234261359065406,0.1755729678118,0.191164156563343,-0.242588529439986,0.160281015166037,0.0830484779809714,"purple",0.756643955262443,1.45190267116698e-07,8.87824788770307e-07,TRUE,TRUE
"K08153","turquoise",0.451773970110225,0.00644243219281355,0.0453860087803613,0.297593246411945,0.0825236259569571,0.0511129186329977,0.7296044954368,6.60840190650819e-07,2.72233125004517e-06,-0.0471018252025907,0.788170477593774,0.549934168876195,-0.436169866414204,0.00881023743615297,0.0070152823571396,-0.21453116022565,0.21587915005559,0.123062000298924,-0.159993713865637,0.358569964014776,0.240856074009764,0.101141375252679,0.563186241181697,0.257952069336588,-0.529678382489411,0.00106707409789721,0.00613236096441703,0.0928099050418828,0.595919975450558,0.228895971867328,"turquoise",0.7296044954368,6.60840190650819e-07,2.72233125004517e-06,TRUE,TRUE
"K08161","turquoise",0.268120480155694,0.11940315675758,0.285754368142062,0.0499149182248522,0.775832927807737,0.269044671385422,0.788659909810407,1.83720187802495e-08,1.07012996514089e-07,-0.0992539429221918,0.570528908235021,0.474000264830079,-0.637711779397291,3.77992688158517e-05,8.25118496716208e-05,-0.0560290318160741,0.749206917798205,0.306971642216961,-0.146637598744304,0.400588144665533,0.260134742095696,0.421544476723472,0.0116658417182375,0.013930180634193,-0.572831867577504,0.000322779899704129,0.00261630029538596,0.413414272081192,0.013567242539629,0.0117431749495934,"turquoise",0.788659909810407,1.83720187802495e-08,1.07012996514089e-07,TRUE,TRUE
"K08166","turquoise",0.476384302151401,0.00381615658816758,0.0319378340638004,0.363762670938464,0.0317063073317365,0.0251379044129615,0.846473458324478,1.49170332007511e-10,1.76236027690311e-09,-0.359664487645977,0.0338276292027421,0.101237524048948,-0.672067277823181,9.82018388589687e-06,2.79633484164854e-05,-0.3479975644019,0.0405072585211172,0.0344853882976674,-0.319786534442682,0.06111172064066,0.0676712234830708,0.341989669927196,0.0443413810315134,0.0392222182815412,-0.673380269204146,9.29482080203963e-06,0.000312948256772406,0.126701463529682,0.46827768293117,0.19070176686211,"turquoise",0.846473458324478,1.49170332007511e-10,1.76236027690311e-09,TRUE,TRUE
"K08167","turquoise",0.449479964280618,0.00675187715163838,0.0471135271456594,0.43836055824754,0.00843866909168813,0.0093132078016612,0.834481164255103,4.695341357949e-10,4.85959308675809e-09,-0.324081772150858,0.057527555264274,0.132461572782263,-0.724489671080389,8.6281323199299e-07,3.84607177047788e-06,-0.507132253482117,0.00187581292062238,0.00335843789980283,-0.523277399994898,0.00125738026722307,0.00317051541466563,0.431954735536033,0.00956447274365854,0.0120410177854694,-0.617008466631689,7.89101089585513e-05,0.00115129403912569,0.0246085636395517,0.888407166028725,0.304739922449455,"turquoise",0.834481164255103,4.695341357949e-10,4.85959308675809e-09,TRUE,TRUE
"K08169","turquoise",0.521664195234092,0.00130981569615258,0.0161056953099992,0.436205438765766,0.00880409445108015,0.00965338183145262,0.713337903468883,1.51297848366496e-06,5.6057555544793e-06,-0.456389041104916,0.0058565763348003,0.0423520891919253,-0.789329345205122,1.75293890163538e-08,1.65561657688506e-07,-0.535409733853746,0.000918714520678666,0.00195252913905018,-0.652813852260582,2.13386291362596e-05,0.000112856377849597,0.411337968300108,0.0140926359927956,0.0160890408664292,-0.371621411851987,0.0279426079115402,0.0538428722897536,0.0439881394261018,0.801885578069611,0.28376285188623,"turquoise",0.713337903468883,1.51297848366496e-06,5.6057555544793e-06,TRUE,TRUE
"K08174","turquoise",0.117756116652402,0.500499611387385,0.672739246161889,-0.0173822825532965,0.921052819367258,0.302080999909954,0.705380764341599,2.22358781753801e-06,7.84411653791325e-06,-0.0585663850138965,0.738238378266,0.533067662513342,-0.542791146674998,0.000754636266600489,0.000932469710178882,-0.0289144776932555,0.86903670944289,0.339438218608057,-0.178288255939044,0.305504596976658,0.216529281036367,0.380419870506623,0.0241727055966052,0.0244934176292369,-0.370247542627153,0.0285726974846995,0.054672005873276,0.418754461180791,0.0122911850035951,0.0108977230552987,"turquoise",0.705380764341599,2.22358781753801e-06,7.84411653791325e-06,TRUE,TRUE
"K08191","brown",0.000281673871002155,0.998718691199848,0.999031181403602,-0.565779306234978,0.00039688986541799,0.00108742046088177,0.439384853600484,0.00826957230599716,0.0097241476703124,0.132847016869368,0.446793273502086,0.418124548504754,-0.61302581869175,9.03759163845822e-05,0.000164213089261998,0.479793398008483,0.00353836691524533,0.00536043455039875,0.092572573738966,0.596864421573985,0.334894627890887,0.431173208792728,0.00971018133546812,0.0121522586337722,-0.117446074725,0.501636140057035,0.375310278828306,0.860953328712491,3.25809961209833e-11,7.77846459242848e-09,"brown",0.860953328712491,3.25809961209833e-11,7.77846459242848e-09,TRUE,TRUE
"K08194","turquoise",0.269513334176414,0.1174220698962,0.2831058502701,-0.0805422715042004,0.645560731235912,0.233867752251764,0.759131338345508,1.2507221085624e-07,6.14240927639613e-07,-0.0656335270109673,0.707961126334402,0.520578413794406,-0.630151222723505,4.97609590138966e-05,0.000100355680860007,0.0899215963078341,0.607457656598556,0.265354391355732,-0.157769900108291,0.365376024277284,0.243862421668684,0.282115400658942,0.100600654268546,0.0727519605522243,-0.389414016710371,0.0207637301919556,0.0447507463290508,0.536036441954946,0.000903652922986342,0.00133087195944676,"turquoise",0.759131338345508,1.2507221085624e-07,6.14240927639613e-07,TRUE,TRUE
"K08217","turquoise",0.517815978622112,0.00144273418300442,0.0169574308200925,0.325946883214086,0.0560240605356756,0.0380935919053688,0.836067406477312,4.05597238864076e-10,4.34137431408655e-09,-0.323880882043093,0.0576913857035555,0.132585763820876,-0.644174294643138,2.97073016822039e-05,6.74727291576472e-05,-0.26656772197935,0.12164099823588,0.0801662226855933,-0.38438141425282,0.022618191717358,0.0318919955149256,0.429920956909235,0.00994758358264836,0.0123497863736495,-0.668080028206313,1.15854602719118e-05,0.000343792295471141,0.122606634491054,0.482889947690142,0.194923498698954,"turquoise",0.836067406477312,4.05597238864076e-10,4.34137431408655e-09,TRUE,TRUE
"K08301","tan",-0.265679183098262,0.122935551448515,0.28977385949411,-0.339677826439153,0.0458923702813846,0.0330284708732699,-0.475700458442052,0.00387409800799838,0.0051778458495593,0.141906355484525,0.416122224794366,0.402724605402093,0.238268565411064,0.168089597709602,0.0761010524573356,0.362692878739408,0.0322492746756018,0.0289351615309618,0.0595353350660928,0.734063014414527,0.384760864222752,-0.362106098427445,0.0325503028918577,0.0309404118589021,0.851903557147465,8.59243699738004e-11,3.0087161081507e-08,0.224485982858741,0.194815205437874,0.0970835541038512,"tan",0.851903557147465,8.59243699738004e-11,3.0087161081507e-08,TRUE,TRUE
"K08309","turquoise",0.486966377694407,0.00301056668492228,0.0268716585655336,0.126028348590286,0.470663509332782,0.185817491609766,0.872490274034084,8.53507012906112e-12,1.38814384895903e-10,-0.200973052757795,0.24700653092999,0.299189401952502,-0.730750587315155,6.2199892070725e-07,2.89712961650594e-06,-0.0105459538569731,0.952054948950088,0.357780029952953,-0.135824825210526,0.43657885685546,0.274212178280102,0.13571205037745,0.436963340928661,0.213958799286374,-0.419184809758846,0.0121929212425192,0.0314818046014643,0.524202772930883,0.00122814331477321,0.00170643295258328,"turquoise",0.872490274034084,8.53507012906112e-12,1.38814384895903e-10,TRUE,TRUE
"K08324","purple",-0.598430550990895,0.000146331867806269,0.00402007821125787,-0.351339952311638,0.0384930980001511,0.0290989315906928,-0.732442305636506,5.68482253604815e-07,2.39705813411418e-06,0.448570723119875,0.00687800414671658,0.0455091174306596,0.895955865898461,3.5674863017256e-13,3.14436719904857e-11,0.407148812121867,0.0152048986899724,0.0160706507146397,0.623098335160146,6.38960604517274e-05,0.000284523108811891,-0.290433230067366,0.0905454498733181,0.0673009295501903,0.222904853242757,0.198060922580946,0.206406977835422,-0.23739365744149,0.169703642582808,0.0870339292061044,"purple",0.895955865898461,3.5674863017256e-13,3.14436719904857e-11,TRUE,TRUE
"K08349","brown",0.118081444935734,0.499308448812925,0.671838851369916,-0.380616676030913,0.0240934481575192,0.0204337574938723,0.375157887035379,0.0263730625525513,0.0253086020746426,-0.162290713352051,0.351620347750306,0.368930063977587,-0.395926994579548,0.0185530025377072,0.0126505920281622,0.435998318796081,0.00883991324761601,0.0106901055763118,0.256457865099765,0.136982177191166,0.123191953275389,0.026034382493276,0.88198541965251,0.346567668326885,-0.066094330216617,0.706001571696692,0.457292923956664,0.718126383848567,1.19262542265351e-06,7.19647443461458e-06,"brown",0.718126383848567,1.19262542265351e-06,7.19647443461458e-06,TRUE,TRUE
"K08369","purple",-0.509405409871176,0.00177517238113247,0.0193034901444915,-0.458074018999421,0.00565439819481212,0.00694543395283874,-0.65882029272905,1.68491918155835e-05,4.73110209511585e-05,0.463836307259491,0.00500767066272136,0.0391218805113348,0.706352773660898,2.12285062193863e-06,8.13269432188102e-06,0.394431307398004,0.0190424814927205,0.0193313550195773,0.390028678325325,0.0205461541210453,0.0295937026285482,-0.0163834072381807,0.925576575405297,0.357005792756277,0.227340239834592,0.189050608943214,0.200477605468835,-0.116381882590728,0.505547065179361,0.20175556679829,"purple",0.706352773660898,2.12285062193863e-06,8.13269432188102e-06,TRUE,TRUE
"K08372","salmon",0.443488539759319,0.00762077986859069,0.0504141055806101,0.73826936520261,4.14837180195625e-07,7.70817040262164e-06,0.396866476958145,0.018250948306299,0.0189206740904906,-0.323434844000592,0.0580564619337516,0.132710203712895,0.0203960408969926,0.907419282005791,0.279139051237387,-0.535882692383702,0.000907327636102373,0.00193529025281988,-0.0249197284671645,0.887005100258013,0.429492121170521,-0.437889753384639,0.00851737575156363,0.0111365823973232,-0.377327268677789,0.0254467210594073,0.0507774733105961,-0.505576324348869,0.0019475464777096,0.00247182816999598,"salmon",0.73826936520261,4.14837180195625e-07,7.70817040262164e-06,TRUE,TRUE
"K08483","turquoise",0.428659016787012,0.010191790425043,0.0613618719187616,0.149255829770363,0.392136611018439,0.163238358010575,0.781944353790962,2.91579662537863e-08,1.63745913444962e-07,-0.112030847939885,0.521694936512062,0.453039655763841,-0.607456429568802,0.000108924534079561,0.000191708242246485,-0.101876445830926,0.560338411692233,0.249765472735152,0.0214999135723263,0.902431916991389,0.432901526969368,0.11525280010061,0.509713136506915,0.240282763698689,-0.567735549033928,0.000374950190748127,0.00289189540207377,0.296385386123664,0.0838368830836835,0.0504155355394771,"turquoise",0.781944353790962,2.91579662537863e-08,1.63745913444962e-07,TRUE,TRUE
"K08640","brown",-0.0721577055548456,0.680394448364303,0.807757200014087,-0.450261880297279,0.00664500209722693,0.00781468845367069,0.439910060020143,0.00818399475217555,0.00963256212286428,0.17328053996835,0.319508791874555,0.347615080371213,-0.522366619895269,0.001286752388199,0.00144748306557653,0.4163186153241,0.0128600688335476,0.0141755605908151,0.0911483812590777,0.602545502161213,0.336663878625979,0.407396152903546,0.0151372406712264,0.0169594050246411,-0.190402202739662,0.273259953405362,0.254078684065858,0.777585821205723,3.90162147143227e-08,5.80283947427395e-07,"brown",0.777585821205723,3.90162147143227e-08,5.80283947427395e-07,TRUE,TRUE
"K08651","turquoise",0.513244460503031,0.00161591689393525,0.0181904447532078,0.199656801056515,0.250180236477415,0.11685357506694,0.832247505293767,5.75527404315742e-10,5.67518980791967e-09,-0.0710442338601095,0.685071654827018,0.512317478017154,-0.687796389162551,4.98914660148818e-06,1.66408150262207e-05,-0.195406695709843,0.260612771899727,0.143135724588554,-0.2450056947158,0.156027688430473,0.135255312071117,0.0654419434681939,0.70877637473155,0.30220322537492,-0.299039702652845,0.080971940358033,0.111890390808734,0.359279470215813,0.0340327304197993,0.0250611741892226,"turquoise",0.832247505293767,5.75527404315742e-10,5.67518980791967e-09,TRUE,TRUE
"K08676","blue",-0.337532431026066,0.0473703860752156,0.165874177746401,-0.345300152618535,0.0421941387302296,0.0311567650420924,0.330890737238553,0.0521893600671648,0.0433985384772266,0.15837249285574,0.363524216095532,0.374188140206339,-0.322833239431176,0.0585517639376373,0.0319165760832461,0.194832499298384,0.262043905258961,0.14368734610704,-0.0246314769467619,0.888303910418323,0.429908971594819,0.739618657680133,3.85196493013423e-07,3.54879222968668e-06,-0.454390736853996,0.0061043732994268,0.0201271100899795,0.389465806898405,0.020745324093958,0.0166589737547262,"blue",0.739618657680133,3.85196493013423e-07,3.54879222968668e-06,TRUE,TRUE
"K08677","brown",-0.261959013798818,0.128467224775244,0.298275077397545,-0.63746967151972,3.81378710562264e-05,0.000205134717668707,0.233773919940876,0.176499157662709,0.113935486593388,0.332289409100387,0.0511433526419477,0.12451616184171,-0.467753203934501,0.00460538257118543,0.00409430651,0.513157381122968,0.00161938538958561,0.00298993658679833,0.0527017181485084,0.763663653582567,0.394350273265363,0.572118962890731,0.00032966469950177,0.000797643531866736,0.00050594305590171,0.997698513191989,0.547060383463202,0.78167096182142,2.97012829244971e-08,4.6811674750092e-07,"brown",0.78167096182142,2.97012829244971e-08,4.6811674750092e-07,TRUE,TRUE
"K08681","purple",-0.15984072103911,0.35903575299944,0.548918524131223,0.213132045665761,0.218960269207097,0.106607854370111,-0.66722881155185,1.19977963974461e-05,3.56546484254598e-05,-0.0233725701160949,0.89397963074787,0.580925926498404,0.834051818885157,4.88382088287795e-10,7.52832113159583e-09,0.0189179083137504,0.914102998903552,0.348605228553034,0.337320953165629,0.0475181210120228,0.0566430639502353,-0.627660357836469,5.43927967175689e-05,0.000186909108035627,0.368812551531528,0.0292432283724577,0.0556068865965049,-0.564630407135365,0.00041030110867372,0.000710275162708104,"purple",0.834051818885157,4.88382088287795e-10,7.52832113159583e-09,TRUE,TRUE
"K08738","brown",-0.315950492786692,0.064459711419757,0.195364976742646,-0.642399020224289,3.17572279238914e-05,0.000185455987927253,0.0474692296449552,0.786556179782252,0.334981038207846,0.272232916001635,0.113625009188734,0.191104533190525,-0.327376926840199,0.0548925508755982,0.0305325902506332,0.478545005939482,0.00363798588586638,0.00549023561348222,-0.0980857176387117,0.575095325913294,0.32808334142494,0.554021496325008,0.000554526356508758,0.00120534728898403,0.169984003887276,0.328942647033824,0.286522666725501,0.704649243877333,2.30226276372985e-06,1.18016149765049e-05,"brown",0.704649243877333,2.30226276372985e-06,1.18016149765049e-05,TRUE,TRUE
"K08884","green",-0.584678354901736,0.000225668224483236,0.00514326219536866,-0.550493932000166,0.000611592060514543,0.00149170909907629,-0.473652694774145,0.00405218197634553,0.00538422815225698,0.449649096821913,0.00672863554275355,0.0450444177195212,0.635263539971386,4.13519940664223e-05,8.70788361067518e-05,0.636722520264416,3.92001681052152e-05,0.000189066062614843,0.728608968355173,6.96371286396275e-07,6.53966675125973e-06,-0.0606469754130383,0.729282002908001,0.307787294858843,0.000566464082286722,0.997423209667153,0.547060383463202,0.0916922466185387,0.600373290924947,0.230283709374365,"green",0.728608968355173,6.96371286396275e-07,6.53966675125973e-06,TRUE,TRUE
"K08969","black",-0.151439164111778,0.385168455078387,0.568504994734258,-0.544127830104088,0.000727871868889554,0.00167315167004541,0.0485619771592936,0.78176007019029,0.333794768369197,0.188123610757863,0.27914868738365,0.321722861686577,-0.0625721912758878,0.721025709659588,0.234986216646347,0.777008495128276,4.05310974698019e-08,1.36839681249685e-06,0.608215254470435,0.000106210870166057,0.000423976966940576,0.0340306486935547,0.846119215115674,0.337712035459482,-0.126160635980937,0.470194117869332,0.35883592722478,0.556742612251267,0.000513788398388253,0.000842337284948366,"black",0.777008495128276,4.05310974698019e-08,1.36839681249685e-06,TRUE,TRUE
"K08972","purple",-0.606538237836804,0.000112291338157468,0.00340787640730127,-0.514085842075551,0.00158273767700842,0.00287300822213672,-0.727303234554927,7.45630539122566e-07,3.03173386635329e-06,0.494323970526724,0.00254165750995233,0.0268709187641032,0.73655627881062,4.55485644156835e-07,2.33601759817039e-06,0.541892054397827,0.000773125119597947,0.00172697418987629,0.543167674929529,0.00074701033946329,0.00213328366965132,0.00595849756114046,0.97290029704722,0.367811043247014,0.201171982609237,0.246529227515832,0.237939196806161,-0.0640941950386648,0.714520418067118,0.262257885068244,"purple",0.73655627881062,4.55485644156835e-07,2.33601759817039e-06,TRUE,TRUE
"K08995","green",-0.337131837441825,0.0476505467391616,0.166225396653372,-0.331141275170183,0.0520007496862913,0.0360395381602902,-0.446327728907491,0.00719780408801127,0.00860937142144121,0.191707561304945,0.269923191329036,0.315450841467064,0.661363734810723,1.52213337289704e-05,3.95640739154853e-05,0.620511214232671,6.99272986319306e-05,0.000283313172317086,0.914583102461697,1.58661846613656e-14,2.70479779222535e-12,-0.39850923747023,0.0177326464701494,0.0190410623929758,0.0174186896387661,0.920887982304821,0.528444590881743,0.029134465924691,0.868048989887529,0.300635723144026,"green",0.914583102461697,1.58661846613656e-14,2.70479779222535e-12,TRUE,TRUE
"K09019","turquoise",0.714696698266186,1.41488846292346e-06,0.000549786210207037,0.609730440544529,0.000100973435595586,0.000424039636604126,0.83905904971209,3.06443546449361e-10,3.36638461028296e-09,-0.37300919809418,0.0273177748263249,0.0911036193090129,-0.660316538364931,1.58734265772481e-05,4.09244945503118e-05,-0.511951204842783,0.00166810518851523,0.00305601480176138,-0.423541989930851,0.0112348407531588,0.0182069773291005,-0.021474606308018,0.902546216385549,0.352334926232595,-0.413501921816354,0.0135454313788573,0.0334961152282565,0.0220487725130357,0.899953492675558,0.307586228364957,"turquoise",0.83905904971209,3.06443546449361e-10,3.36638461028296e-09,TRUE,TRUE
"K09020","green",-0.343134639070642,0.0435890055090356,0.158537031413409,-0.422644680036685,0.0114267546376669,0.011783805632573,-0.419035090754022,0.0122270318272875,0.0135267268466291,0.393462445624809,0.0193652596627509,0.0769213264755027,0.467950187294784,0.00458591025922473,0.00408079827843151,0.582629514092323,0.000240315072873067,0.000710716049032453,0.754918988980853,1.60846782349621e-07,1.96367898514192e-06,-0.294218835960659,0.0862328397555417,0.0647926842690737,0.184184014943128,0.289522807420173,0.263595721122785,0.199910619565406,0.249566133601881,0.118109322889653,"green",0.754918988980853,1.60846782349621e-07,1.96367898514192e-06,TRUE,TRUE
"K09022","green",-0.418941715740957,0.0122483463032429,0.0689946939972799,-0.361000403034593,0.0331237784377845,0.0259795592090076,-0.397750526501055,0.0179704756537758,0.0186904225303163,0.25699950525115,0.136125836824816,0.211842874067615,0.581854880108885,0.00024607043688949,0.000369076748153631,0.594410314597049,0.000166425348095956,0.000534396235534637,0.818340281139519,1.9183902268677e-09,4.07312017147224e-08,-0.273645534459898,0.11168948380577,0.0787336719344966,0.00814314919204824,0.962970227678096,0.536409857653573,0.055941699680211,0.749585316129688,0.271262372411732,"green",0.818340281139519,1.9183902268677e-09,4.07312017147224e-08,TRUE,TRUE
"K09118","turquoise",0.477831660276964,0.00369599354858581,0.0310133631885271,0.304806703836525,0.0750088762421128,0.0475536595777081,0.724062318301237,8.82020328889514e-07,3.52900571497689e-06,-0.306810540578335,0.0730189577407979,0.149992298693401,-0.781104362684546,3.0857174446965e-08,2.70049898641456e-07,-0.451358692171061,0.00649753103690984,0.00854995365918602,-0.597371701703375,0.000151401064699024,0.00057462032781248,0.516718922591234,0.00148273421180988,0.00267044270452401,-0.426461423525879,0.0106292104954505,0.0287184410434246,0.168574032248581,0.333029644329543,0.147224065535317,"turquoise",0.724062318301237,8.82020328889514e-07,3.52900571497689e-06,TRUE,TRUE
"K09164","turquoise",0.407549135554503,0.0150955201822376,0.0794670179366772,0.240909295457462,0.163284641139166,0.0856628869211139,0.824891228960339,1.10238408345545e-09,1.0151077186749e-08,-0.182286160589602,0.294607632999136,0.33278530608431,-0.700493444003024,2.79959833212547e-06,1.023221317614e-05,-0.309018344959184,0.0708744354817562,0.0529388945658439,-0.395453979111465,0.018706653730134,0.0273904754711039,0.468459078697403,0.00453593367941638,0.00677382432271316,-0.603719771213914,0.000123218096023274,0.00144784837965243,0.229049004848806,0.185657458113496,0.0934905559748627,"turquoise",0.824891228960339,1.10238408345545e-09,1.0151077186749e-08,TRUE,TRUE
"K09167","green",-0.213234175729717,0.218734345666825,0.410865865509306,-0.210815410480946,0.224127902743716,0.108126508988571,-0.302538241119996,0.0773122646756783,0.059508492198945,0.312884098235564,0.0672384107437831,0.143418743009875,0.495311276934093,0.00248385726506471,0.00247587696066033,0.462633127878766,0.00513717085056428,0.00717097900897454,0.754021899429682,1.69589667428928e-07,2.01991752898401e-06,-0.391167928065092,0.0201478975225603,0.0210565258109219,-0.00960395703724647,0.956333266780833,0.536241791721572,-0.0192597143824241,0.912556912302966,0.310450253863962,"green",0.754021899429682,1.69589667428928e-07,2.01991752898401e-06,TRUE,TRUE
"K09251","blue",-0.322995315231301,0.0584179985620253,0.18454776818458,-0.376630003531584,0.0257414846125687,0.0214331254050043,0.128451719728391,0.462103986954246,0.229827553523052,0.241307960828223,0.162567917270404,0.234079188460245,-0.260661507384908,0.130439284235825,0.0617515292746208,0.115924783343228,0.507231600372978,0.232586026046516,-0.241995813348969,0.161336616462768,0.139034757683373,0.806824957208966,4.82493870233626e-09,1.28064144351093e-07,-0.244072821576465,0.157659418152902,0.177908893798381,0.286694715091232,0.0949649080369852,0.0553424946172577,"blue",0.806824957208966,4.82493870233626e-09,1.28064144351093e-07,TRUE,TRUE
"K09457","brown",-0.239919642127854,0.165073661682396,0.349720334212513,-0.666410004935728,1.24069737567222e-05,9.5767613156496e-05,0.064340820021766,0.713468148899479,0.313068033553242,0.321831179121342,0.0593841844889878,0.134011840023356,-0.192649839926627,0.267531170131278,0.109907298844056,0.662915755769537,1.42995501002817e-05,9.08450282504365e-05,0.129381137381488,0.458843344777312,0.282796881586297,0.217229684359984,0.210020877855789,0.127167983152419,0.297692654637399,0.0824162557727119,0.113260457462677,0.772432843811062,5.46014425753414e-08,6.91448223274816e-07,"brown",0.772432843811062,5.46014425753414e-08,6.91448223274816e-07,TRUE,TRUE
"K09458","turquoise",0.3691278389003,0.0290948077876856,0.12134204972363,0.263877234517554,0.125592356512176,0.0699842319604441,0.757118657079901,1.41134887106503e-07,6.77192246731038e-07,-0.0788674906234922,0.652462540780125,0.502829963230302,-0.411833972260266,0.0139655950090017,0.010143261673464,-0.14958913830055,0.391068160474347,0.193837563553611,0.018293779086029,0.916926909936115,0.438310668776769,-0.0128150388283087,0.941754958311648,0.360819950943791,-0.524452949919223,0.00122034250208161,0.00667677310398344,0.181574477659934,0.296529032247255,0.134852430288789,"turquoise",0.757118657079901,1.41134887106503e-07,6.77192246731038e-07,TRUE,TRUE
"K09461","turquoise",0.348498476232897,0.0402000894218409,0.149964627633168,0.302624869219336,0.077223305511172,0.0484763943567556,0.719868894368773,1.09240410786821e-06,4.24859718677632e-06,-0.195154040145748,0.261241856760313,0.309683089552082,-0.649683529651481,2.40851314790811e-05,5.74385398215839e-05,-0.421936973921557,0.0115800666228424,0.0131573810831104,-0.658983007381302,1.67405020534254e-05,9.188544568716e-05,0.542177209300973,0.000767218298216595,0.00156007421491109,-0.379580021774393,0.024513355009755,0.0496733981977428,0.123292678445163,0.480425476381558,0.194077066445822,"turquoise",0.719868894368773,1.09240410786821e-06,4.24859718677632e-06,TRUE,TRUE
"K09488","purple",-0.192853524925598,0.267015938091796,0.457721155002398,0.0281370516580744,0.872528806780414,0.290985757239978,-0.46853573192417,0.00452844671497901,0.00587678838760235,-0.0938672067253543,0.591720423573359,0.479810360922667,0.725117282278272,8.35299956731592e-07,3.74090962402102e-06,0.25485653253784,0.139537076763182,0.0886677705065157,0.690094938136899,4.50328969739118e-06,3.19135042618093e-05,-0.641229716095596,3.31764795285997e-05,0.0001245607509873,0.0836656126591791,0.632767185581531,0.42901602292848,-0.347117719350168,0.0410513881115225,0.0289767735094518,"purple",0.725117282278272,8.35299956731592e-07,3.74090962402102e-06,TRUE,TRUE
"K09490","purple",-0.147384404809416,0.398166915751591,0.580455827477353,0.372711723212286,0.0274507320463172,0.0225512112404312,-0.59224091591305,0.000178265381813486,0.000372077893363752,-0.102365417704467,0.558447717776315,0.467880893061345,0.736388866113934,4.59648104399524e-07,2.34475908735906e-06,-0.257198177948988,0.135812722601686,0.0868890992152723,0.199613681365537,0.25028466262304,0.188712556177355,-0.495953981968491,0.00244685005141959,0.00402620003713359,0.123636526575306,0.479192737003935,0.363977180361834,-0.817205288913817,2.10692644221628e-09,7.67193913204537e-08,"purple",0.736388866113934,4.59648104399524e-07,2.34475908735906e-06,TRUE,TRUE
"K09565","blue",-0.448124040321613,0.00694070205920247,0.047413300177928,-0.282616818022592,0.0999714537172403,0.0590221821934816,-0.0476795659690012,0.78563239946093,0.334877291405209,0.252906541867832,0.142695270714848,0.21737119492357,-0.123518269526267,0.479616517718862,0.173961339816681,-0.0283316385436961,0.871654522692326,0.339933130857269,-0.337582747849018,0.0473352898642567,0.0565854227233096,0.857315291505244,4.84978703833291e-11,3.87233579575929e-09,-0.147737831770705,0.397024003864905,0.325120177211588,0.0903189209078473,0.605864868119471,0.231619121130471,"blue",0.857315291505244,4.84978703833291e-11,3.87233579575929e-09,TRUE,TRUE
"K09667","green",-0.0389462369518914,0.82421632345157,0.906701909827485,-0.201568949762402,0.245578605329165,0.115336816643721,0.105250992558504,0.547350795307085,0.260929862239006,0.0815369927527648,0.641475152961795,0.498555856862218,0.18217721259483,0.294901253389735,0.118916481632395,0.448635700670813,0.00686892421135793,0.00890967951293892,0.790784441504998,1.58195341547413e-08,2.57507891013761e-07,-0.413647630685819,0.0135092378741875,0.0156024821326593,-0.237989353556198,0.168603493667371,0.18549603908349,0.266725943488168,0.121411548256009,0.067300577385388,"green",0.790784441504998,1.58195341547413e-08,2.57507891013761e-07,TRUE,TRUE
"K09681","turquoise",0.412314921208277,0.0138433317134808,0.0749125634037873,0.17424289056063,0.316786954724936,0.138640274370081,0.713769390008334,1.48117560630667e-06,5.5044934469687e-06,-0.189850298199372,0.274678788553647,0.318848633841105,-0.642282413276944,3.1896251966058e-05,7.17609463944369e-05,-0.270816479538818,0.11559094990104,0.0767784993396802,-0.474648297736654,0.00396473396513898,0.00787040444479387,0.537400699198673,0.000871617716866623,0.00173187582567521,-0.450386340295803,0.00662812493265695,0.0216098254607971,0.250705756844813,0.146322138088776,0.0771151531071802,"turquoise",0.713769390008334,1.48117560630667e-06,5.5044934469687e-06,TRUE,TRUE
"K09693","blue",-0.0990871281649908,0.571179952659862,0.723212508037241,0.105844644372001,0.545080792928427,0.207006271984967,0.167648897715886,0.335728181065778,0.181068826275906,0.0631733251608204,0.718454035411904,0.524033779907405,-0.296736623207252,0.0834533449470588,0.0426396657342523,-0.387681124529162,0.021387465744918,0.0211133385391597,-0.643915523384198,2.99984487642324e-05,0.000150506517601457,0.754054481336293,1.69264626386932e-07,1.87837815536037e-06,-0.287463735989038,0.0940426176484025,0.124076246037165,-0.157928132104262,0.36488922374688,0.157657127255191,"blue",0.754054481336293,1.69264626386932e-07,1.87837815536037e-06,TRUE,TRUE
"K09699","blue",-0.138644775496399,0.427025419867146,0.609192444138897,-0.368380620374411,0.0294475664246889,0.0238465951191205,0.406880117354814,0.0152786853961225,0.0162427216636525,0.403150068338546,0.0163344407780993,0.0706114398231597,-0.392251793443768,0.0197749840849382,0.013256400101215,0.112956477869922,0.518238614954164,0.236262752935273,-0.106863637972895,0.541194795680005,0.31550081394074,0.72013471914986,1.07781228921474e-06,8.17010514183563e-06,-0.459341256320803,0.00550632533126237,0.0183627373766675,0.432800302816444,0.00940892160745757,0.00877702218517334,"blue",0.72013471914986,1.07781228921474e-06,8.17010514183563e-06,TRUE,TRUE
"K09747","black",-0.489185284618025,0.0028618185376241,0.0257000951257984,-0.714063128538972,1.45987685089567e-06,2.1622377942657e-05,-0.14100746723332,0.419111376980488,0.213167302149213,0.345081667426719,0.0423332166499465,0.114058428066982,0.22258617805175,0.198719633852049,0.0869558181226979,0.801555213033291,7.21166863311945e-09,4.05796412565139e-07,0.49285693273988,0.0026297076315217,0.00567383959101461,0.324842772463374,0.0569102844499665,0.0470396381427194,-0.132921874224863,0.446534921363994,0.347635021220521,0.497958312959456,0.00233451024780896,0.00286316519494879,"black",0.801555213033291,7.21166863311945e-09,4.05796412565139e-07,TRUE,TRUE
"K09764","blue",-0.0339087863297658,0.846663723656647,0.917553872722135,-0.0762457708594804,0.663323736982528,0.23852713294452,0.3710927897153,0.02818368133149,0.0266615139276079,0.17917070572994,0.30307768913207,0.336322065420768,-0.395700821823636,0.0186263391194527,0.0126915256193549,-0.098801909037731,0.572293885968114,0.253767087990202,-0.421381624376918,0.0117015883416607,0.018763677152631,0.779974496192783,3.32870896592183e-08,5.34242179628373e-07,-0.332211637992177,0.0512010714410464,0.0811244247477683,0.216104328974354,0.212450444212564,0.104199920231063,"blue",0.779974496192783,3.32870896592183e-08,5.34242179628373e-07,TRUE,TRUE
"K09769","green",-0.330177471311398,0.0527293106166592,0.177075216430104,-0.250732475596357,0.146277706441661,0.0786793682528777,-0.376581338712529,0.0257621619572008,0.0248436486749053,0.333534053468265,0.0502266721074304,0.123365161768923,0.646785626344259,2.69091825188838e-05,6.29150726072662e-05,0.38874083066334,0.0210042160298571,0.0208219766837719,0.837824239177091,3.44268747009326e-10,9.88932805373541e-09,-0.400507262429984,0.017118885566201,0.0185883815259394,-0.0545279622321871,0.755718790151461,0.472783983058341,-0.077883485280736,0.656530970450564,0.246894768222999,"green",0.837824239177091,3.44268747009326e-10,9.88932805373541e-09,TRUE,TRUE
"K09786","purple",-0.380577405651872,0.0241092459294337,0.107951343468347,-0.225862841994671,0.19201927365219,0.0969072161746112,-0.69227752639577,4.08229636575512e-06,1.33831785395762e-05,0.154058244597841,0.376905568955294,0.381273464274784,0.764093309320563,9.23867823975877e-08,6.12014498601533e-07,0.35097709295357,0.0387077535434874,0.0332924264872795,0.644932738669804,2.88686407922066e-05,0.000145836992563296,-0.341843455080955,0.0444382086566711,0.039249891060475,0.231486490077084,0.18089192907954,0.195067536135045,-0.223948797791814,0.195913729329509,0.0974470396969877,"purple",0.764093309320563,9.23867823975877e-08,6.12014498601533e-07,TRUE,TRUE
"K09808","blue",-0.106415006828808,0.542904051987398,0.703837897081797,-0.290852838514585,0.0900594322566539,0.0547843162840788,0.292006895670496,0.0887330521910383,0.0662234143265798,0.319375103851031,0.0614640904152559,0.135869537538849,-0.3239067734955,0.0576702499011956,0.0316167296646959,0.105784887387971,0.545309089407751,0.245382397780678,-0.187924142594962,0.27966807506532,0.203838491531501,0.710858774947391,1.70813708423302e-06,1.18254648008342e-05,-0.408321938372178,0.0148862388886689,0.0354113129009481,0.323473183092839,0.0580250101702663,0.0379869679792937,"blue",0.710858774947391,1.70813708423302e-06,1.18254648008342e-05,TRUE,TRUE
"K09809","turquoise",0.336270338113946,0.0482575474934689,0.167331214031041,0.129364611481455,0.458901214382333,0.182518577133149,0.789576059050586,1.72279575463266e-08,1.01291334690224e-07,-0.140055708662206,0.422289430374326,0.406066945804563,-0.748600090243317,2.32430700241534e-07,1.30424424791872e-06,-0.275074080485923,0.109757466657375,0.0737958613000812,-0.426274214792577,0.0106671980878595,0.0175787487921002,0.574470652680423,0.000307437332741148,0.000757638325857635,-0.598769936319111,0.000144739603358246,0.00161365964782686,0.291298480424275,0.0895454558693534,0.0530230252937281,"turquoise",0.789576059050586,1.72279575463266e-08,1.01291334690224e-07,TRUE,TRUE
"K09810","green",-0.193159910728052,0.266242145438536,0.457130042409774,-0.191844047868661,0.269575849803788,0.123044785141603,-0.442273734946271,0.00780814366483964,0.00925104753414275,0.0484117738171161,0.782418853553534,0.547886217779887,0.587909925060059,0.000204184169695356,0.00031722547625949,0.415271836030716,0.0131112761372236,0.0143853686436112,0.701719174054059,2.64357332045555e-06,2.10480999880323e-05,-0.605851672522971,0.000114869609773965,0.000338027736947615,0.078829806234711,0.652618168655947,0.436606600196413,-0.120351541924899,0.491036822725359,0.197306990739183,"green",0.701719174054059,2.64357332045555e-06,2.10480999880323e-05,TRUE,TRUE
"K09815","turquoise",0.20004223398155,0.249248094063191,0.441710729889147,0.275537431337143,0.109136255694159,0.0630132828862584,0.729859729633029,6.520025799903e-07,2.70371229266982e-06,-0.321649140065074,0.0595364059829482,0.134011840023356,-0.508048754338002,0.00183465076089505,0.00193811711112711,-0.236413533846825,0.171524916215152,0.102989715062716,-0.188377017966958,0.278489752603788,0.203181832007357,0.40707599676023,0.0152248650255274,0.0170098415133326,-0.615933639776,8.18676971749785e-05,0.00118457363741508,0.170244152556795,0.328191973063102,0.145614549392968,"turquoise",0.729859729633029,6.520025799903e-07,2.70371229266982e-06,TRUE,TRUE
"K09903","turquoise",0.567283266822426,0.000379924294239667,0.00694067410676694,0.325532518776838,0.0563553600890647,0.0382679371535375,0.776161020336607,4.28533436195816e-08,2.3132087835062e-07,-0.482930060428481,0.0032984400360743,0.0307737165262296,-0.695486979518259,3.52819517483902e-06,1.23896792031557e-05,-0.242250726975924,0.160882014610169,0.0984539251493963,-0.339116864709376,0.046275205877207,0.0556139849406209,0.169308860908121,0.330895757549282,0.177002217331862,-0.422829053722145,0.0113870965469212,0.0299796264144726,0.225557842053392,0.192636184633518,0.0964051194819717,"turquoise",0.776161020336607,4.28533436195816e-08,2.3132087835062e-07,TRUE,TRUE
"K09930","turquoise",0.391520371079905,0.0200259998620563,0.0965657942066273,-0.0142182389808446,0.935389993851302,0.305313476964942,0.713874607382045,1.47351389787398e-06,5.5044934469687e-06,-0.0570461811502996,0.744804008896048,0.535005132891596,-0.699796048746625,2.89208156087221e-06,1.04898468797807e-05,0.0145955554670901,0.933679128673268,0.353052559177813,-0.177763367658421,0.306953954674213,0.216868599974994,0.271796280958657,0.114228339350674,0.0797256706032668,-0.451231780497587,0.00651445000315403,0.0213445971518481,0.473463584823553,0.0040689795364853,0.00447111552025003,"turquoise",0.713874607382045,1.47351389787398e-06,5.5044934469687e-06,TRUE,TRUE
"K09932","turquoise",0.339451299828164,0.0460466589480164,0.163621884904383,0.211777935007926,0.221970831544876,0.107506125187392,0.704633128267264,2.30402429083119e-06,8.10503994892726e-06,-0.0311014594871298,0.859226334198313,0.571500554065686,-0.380950646271585,0.0239594434040803,0.0155479720379404,-0.15049802611285,0.3881632191236,0.192563916269041,-0.189796245522172,0.27481800453538,0.200802985658471,0.324927248595097,0.0568420885159379,0.0470396381427194,-0.592903395044316,0.000174572142217619,0.0017978807357484,0.1734190802759,0.31911605889904,0.142516294232218,"turquoise",0.704633128267264,2.30402429083119e-06,8.10503994892726e-06,TRUE,TRUE
"K09959","brown",0.0476990504449756,0.785546839747078,0.883982135400003,-0.328470529875137,0.0540395681043589,0.0371396001500896,0.52336630078451,0.00125454512200737,0.00200651600563399,0.0195342338920511,0.911315410314806,0.584300755822931,-0.572117664718059,0.000329677354970415,0.00047220355112187,0.358237612562507,0.0345928209802615,0.0305964652416949,0.0893316366304696,0.609825958466703,0.339566172894822,0.404144618832572,0.0160471409160149,0.017683828857703,-0.284858255242869,0.0971953261363689,0.126802473304234,0.729022917297606,6.81389593798691e-07,4.64213291742698e-06,"brown",0.729022917297606,6.81389593798691e-07,4.64213291742698e-06,TRUE,TRUE
"K09969","brown",-0.0872011839164236,0.618410688278986,0.759239235955422,-0.528436515260626,0.0011018731026145,0.00220799318495342,0.157877299975748,0.365045566580196,0.192193222626084,0.00428670062394682,0.980502032257069,0.603976001723914,-0.448035034940471,0.006953253450441,0.00576772546490447,0.539585578134082,0.000822400341610126,0.00180296066430577,0.0484215947618247,0.782375774892227,0.399578266801197,0.287271534795111,0.094272480896981,0.0692265321604559,0.154660850982045,0.375019284203079,0.312514128334666,0.739000586952797,3.98523760438154e-07,3.28774421909801e-06,"brown",0.739000586952797,3.98523760438154e-07,3.28774421909801e-06,TRUE,TRUE
"K10008","blue",0.0413944876826623,0.813354846347044,0.901297183540795,-0.201506813381025,0.245727242023823,0.115353612595994,0.455804273950029,0.00592817863183949,0.00735780408377281,0.00884646355692354,0.959774491960497,0.599579211362851,-0.687512724468622,5.05230850047331e-06,1.67344612154075e-05,-0.05423990565564,0.756970334717763,0.308829970700643,-0.43380535142386,0.00922683499153346,0.0156814005845655,0.721053034697745,1.02876661252128e-06,7.87776600784646e-06,-0.226681479979123,0.190370300939278,0.201510903533242,0.419675625391583,0.0120816615090938,0.0107661911538354,"blue",0.721053034697745,1.02876661252128e-06,7.87776600784646e-06,TRUE,TRUE
"K10009","turquoise",0.686625904552263,5.25450349533331e-06,0.000763574894299118,0.477711599452981,0.00370583500801875,0.0051879949232283,0.814464064335847,2.63533664676014e-09,2.12922966115925e-08,-0.473502353709398,0.00406553101699106,0.0342364407851953,-0.594652110402907,0.000165150351672357,0.000267938226200521,-0.255400874110345,0.138664695416939,0.0883787606479877,-0.187582527159434,0.280559048884816,0.204386200816652,-0.0574037612767685,0.743258040097283,0.311690104170358,-0.387926737844594,0.0212981252057045,0.0455202044735172,0.186843639889849,0.282492436744039,0.129754260348301,"turquoise",0.814464064335847,2.63533664676014e-09,2.12922966115925e-08,TRUE,TRUE
"K10108","brown",-0.00856400388262643,0.961057867298409,0.982571794612413,-0.490817553830022,0.00275651866698673,0.00417962544263664,0.350205846494372,0.0391672187611653,0.0342768736981811,0.125812117761835,0.47143128568631,0.429062905163607,-0.464305570684358,0.00495793116949771,0.00434881917113305,0.524456196334857,0.00122024156232568,0.00243977663146962,0.199725739426342,0.250013343618657,0.188702221907302,0.211034322496608,0.223636057883164,0.133521899142568,-0.025995797668542,0.882159106363853,0.516720706892838,0.78919715938384,1.76928893010949e-08,3.52514238587719e-07,"brown",0.78919715938384,1.76928893010949e-08,3.52514238587719e-07,TRUE,TRUE
"K10117","brown",-0.107372675817702,0.539258503662925,0.701387077384203,-0.521616318493705,0.00131140082484285,0.00251445904522936,0.145231481055821,0.405169760681483,0.207612705333072,0.0787913165603531,0.65277713706399,0.502829963230302,-0.502479634878095,0.00209748803723414,0.00216641933656142,0.425099277592926,0.0109082485373703,0.0125509418008603,0.0274006655307807,0.875838745472151,0.426282023879822,0.301957255039688,0.0779109435187261,0.0596295011743195,0.219669051448788,0.204820468137325,0.210940170220297,0.770857506686399,6.04053688304938e-08,7.33179073286835e-07,"brown",0.770857506686399,6.04053688304938e-08,7.33179073286835e-07,TRUE,TRUE
"K10119","blue",0.069871342751039,0.690010935752432,0.81310909015869,-0.270979173550818,0.115363851551965,0.0658647486661151,0.492629446936485,0.00264359638622078,0.00374932036026928,-0.112777437239779,0.518906274498341,0.452165878391971,-0.792092635146972,1.44152357339552e-08,1.40316917007567e-07,0.103019834837024,0.555921938606667,0.248452915372611,-0.458721060809316,0.00557837111448784,0.0105859408744545,0.701449308599575,2.67722623089045e-06,1.76179464203376e-05,-0.0880309541208088,0.615061109243469,0.421300793146967,0.671957300035529,9.86539203867698e-06,3.53139343340647e-05,"blue",0.701449308599575,2.67722623089045e-06,1.76179464203376e-05,TRUE,TRUE
"K10126","green",-0.115885942326275,0.507374869591049,0.678409643698278,-0.25382274899305,0.141204933847935,0.0766365374669801,-0.265820532382383,0.122728929756042,0.0857205130636886,0.115220487300797,0.509832615475825,0.447549595916805,0.51462354201296,0.00156184832524904,0.00169497907846353,0.5746661492342,0.000305651208233281,0.000842188399843387,0.914854431472264,1.50858207243395e-14,2.70479779222535e-12,-0.455589299330046,0.00595468975118369,0.00846005459631996,-0.108065637227664,0.536627930139076,0.389520956944165,0.0713447950239258,0.683807985406088,0.253897455724519,"green",0.914854431472264,1.50858207243395e-14,2.70479779222535e-12,TRUE,TRUE
"K10215","turquoise",0.488165941392415,0.00292933832431556,0.026232758047162,0.0636695467616795,0.716333467722384,0.252694977040434,0.785637125396491,2.26635854800917e-08,1.30193777796991e-07,-0.254625830379099,0.139908021223272,0.21559891279061,-0.869941001758961,1.16004697814118e-11,3.35332771246291e-10,-0.0826847351322048,0.636773917087861,0.274116168013539,-0.285042879490866,0.0969693072436046,0.0959268343402226,0.217674128752905,0.209066656547044,0.126654232059993,-0.222769649254795,0.198340207051144,0.206540423724767,0.549653601103491,0.000625930979455773,0.000992443954256996,"turquoise",0.785637125396491,2.26635854800917e-08,1.30193777796991e-07,TRUE,TRUE
"K10216","brown",0.120126432754508,0.49185391145576,0.666013110937765,-0.402608957359794,0.016492555032299,0.0153892715351802,0.396096966273069,0.0184980478315894,0.0190820625743359,0.16477760772913,0.344188651813146,0.364874731901468,-0.572888947773237,0.000322234238524512,0.0004629328133503,0.363097630305325,0.0320429587411811,0.0287937740670483,-0.0153348113632323,0.930327976346191,0.44136526368217,0.212171384091473,0.221093186916086,0.132532221392273,-0.00339914918609025,0.98453849642832,0.542221873581678,0.736386787864883,4.59699995635781e-07,3.59203539162242e-06,"brown",0.736386787864883,4.59699995635781e-07,3.59203539162242e-06,TRUE,TRUE
"K10218","brown",-0.297299607373816,0.0828414150394581,0.230579616578314,-0.612575554845643,9.1762238989626e-05,0.000395687179088527,0.16196208455745,0.352609600059692,0.187429070015242,0.339252693010739,0.0461822736952614,0.118519392144623,-0.241484498635614,0.162251260221366,0.0739491542144315,0.627576169401066,5.45559306671265e-05,0.000240546426545626,0.196282931452293,0.25843878872212,0.192606115593857,0.25280346887851,0.142863650794355,0.0950584744771944,0.0121471669544291,0.944785718816212,0.535155031787995,0.70918006590919,1.8530836635166e-06,1.01917220619976e-05,"brown",0.70918006590919,1.8530836635166e-06,1.01917220619976e-05,TRUE,TRUE
"K10232","black",-0.329479210613858,0.0532622051400214,0.177805959237128,-0.636178119674798,3.99909622180098e-05,0.000212472914439346,-0.457029517151922,0.00577900657455966,0.00721556527474391,0.217471001941064,0.20950239712696,0.27333463344169,0.240797616004754,0.163485826081822,0.0743697011740696,0.784617693160655,2.43080094251327e-08,8.97617172537801e-07,0.593079076672863,0.000173604310273268,0.000640633076437367,-0.268991098425765,0.118161953682372,0.0819933202144298,0.512326559248463,0.00165280797975704,0.00821857014010136,0.483486611924666,0.0032573782114962,0.00373881634429174,"black",0.784617693160655,2.43080094251327e-08,8.97617172537801e-07,TRUE,TRUE
"K10233","brown",-0.314403920679375,0.0658496618656039,0.197666720043614,-0.730777233824519,6.21121314065008e-07,1.07587234382161e-05,-0.124035342869889,0.477764995049785,0.236116219150446,0.165496535820631,0.342058199178973,0.363606991692123,-0.207523656880651,0.231612715432649,0.097992594843416,0.71303080761893,1.53599247833231e-06,2.18221937809111e-05,0.210425011372833,0.225006868742306,0.175993796351327,0.284508626533766,0.0976244452962531,0.0710346671371981,0.293128419469823,0.0874584951448154,0.118385845612121,0.739030570687968,3.97867580311856e-07,3.28774421909801e-06,"brown",0.739030570687968,3.97867580311856e-07,3.28774421909801e-06,TRUE,TRUE
"K10234","brown",-0.204960129673953,0.237557641774265,0.42987734935746,-0.657005778840327,1.81053945754122e-05,0.000125871376650249,-0.00354179403926661,0.983889738851499,0.388201861119702,0.195185799868936,0.261162723535011,0.309683089552082,-0.334228985504195,0.0497205958003742,0.0283162588398746,0.624373777684095,6.1098889630368e-05,0.000257849932016969,0.0938039869263839,0.591971164839339,0.334056551298256,0.238164836105046,0.168280382840355,0.107606205047001,0.221123472011174,0.201762681737987,0.208650169900692,0.726377694986114,7.82460181662911e-07,5.19659528130397e-06,"brown",0.726377694986114,7.82460181662911e-07,5.19659528130397e-06,TRUE,TRUE
"K10236","tan",-0.395872024069496,0.0185708045467715,0.0920478482729126,-0.632536720786839,4.56620349326147e-05,0.000236878344225853,-0.512727430313135,0.001636606834856,0.00251789757741901,0.285899650338973,0.0959256811625727,0.174558297244722,0.275506906678806,0.109177098114439,0.0534909062746472,0.695762247068509,3.48402563685806e-06,3.54907426943338e-05,0.384275166041536,0.0226587750412931,0.0319184982185268,-0.271862146599683,0.114137174360087,0.0797084921674264,0.706974831603012,2.06059024887193e-06,0.000106107866514567,0.439153432413966,0.00830752180559643,0.00795334369240018,"tan",0.706974831603012,2.06059024887193e-06,0.000106107866514567,TRUE,TRUE
"K10238","brown",-0.0640873962524223,0.714549433635966,0.835185889357302,-0.535167549059041,0.000924594033201689,0.00195632172840439,0.0588031358782638,0.737217494928108,0.320457528531485,0.184598727254564,0.28841924074874,0.329259223104909,-0.434304769044179,0.00913747515013786,0.00719180577035985,0.442512891886012,0.00777094977571857,0.00975834601678315,-0.149608827708632,0.391005097088665,0.256459284059058,0.150393606311761,0.38849632146922,0.198251016498087,0.555337623616203,0.000534477872577398,0.0036724115360101,0.783114272253705,2.69350066408484e-08,4.4650069522289e-07,"brown",0.783114272253705,2.69350066408484e-08,4.4650069522289e-07,TRUE,TRUE
"K10439","turquoise",0.523090690340986,0.00126335300517564,0.0156548044866144,0.0802783748568327,0.646646343794687,0.234095071876858,0.811953108883815,3.22458655657817e-09,2.46234156024861e-08,-0.256075437824091,0.137589182121999,0.21339313208517,-0.951528571890884,1.82551849280345e-18,8.7070412494945e-16,-0.134993068055325,0.439418939983807,0.210560757669081,-0.42596770499651,0.0107296421845059,0.0176235765405668,0.262200220971796,0.128103066902202,0.087273472817941,-0.180306398083406,0.299972355838117,0.270020344661143,0.568000241029528,0.000372066146088505,0.000673149636185575,"turquoise",0.811953108883815,3.22458655657817e-09,2.46234156024861e-08,TRUE,TRUE
"K10440","turquoise",0.458772481903565,0.00557236705380738,0.0410480586889912,0.0832392594032915,0.634507518053204,0.231504792673136,0.816034104421254,2.31936015490313e-09,1.9235759962893e-08,-0.239641739286918,0.165578554036727,0.236166866854059,-0.906425074656393,6.7168047314413e-14,1.06788831213365e-11,-0.106551596026354,0.54238338433039,0.244716139618178,-0.532293994166352,0.00099693369908845,0.00266372474545369,0.426644879622629,0.0105920956906387,0.0129053556998108,-0.22961699929339,0.184539142687775,0.197247849249748,0.526036370983397,0.00117197333442744,0.00164134606146762,"turquoise",0.816034104421254,2.31936015490313e-09,1.9235759962893e-08,TRUE,TRUE
"K10441","turquoise",0.597011799644792,0.000153159605235834,0.00402007821125787,0.214240437739745,0.216516912804936,0.105973591891715,0.899770702645382,1.98321431434749e-13,7.09609969455513e-12,-0.339551516882559,0.0459783492023107,0.118336079623524,-0.8559364744625,5.62292182105438e-11,1.37534546280214e-09,-0.19699421389678,0.25668290338217,0.141469851235491,-0.395852866448244,0.0185770120232631,0.0272699713618126,0.173303478362517,0.319443745471593,0.1728058235718,-0.31402569521808,0.0661931426954962,0.0976331139267982,0.440027416577092,0.00816497619693542,0.00785962939503723,"turquoise",0.899770702645382,1.98321431434749e-13,7.09609969455513e-12,TRUE,TRUE
"K10457","black",-0.211091764751218,0.223507120394593,0.415195969727783,-0.594955011502498,0.000163565501837483,0.000586520469208599,-0.145245834457822,0.405122842001631,0.207612705333072,0.327982193357202,0.0544191454822204,0.128316078846036,-0.0109140601142431,0.950383452422767,0.287442868240135,0.704954854489182,2.26908998615984e-06,2.8218639472683e-05,0.438856463032548,0.00835643768814762,0.0145923470548016,-0.0151669997347915,0.931088589064972,0.358223015059458,0.155171190162254,0.373426174995922,0.311780994193394,0.535187866846428,0.00092409950542382,0.00135838238550027,"black",0.704954854489182,2.26908998615984e-06,2.8218639472683e-05,TRUE,TRUE
"K10529","tan",0.038489436966443,0.826246504317777,0.907663970910921,-0.196364785034616,0.25823632014366,0.119740772906536,-0.134108001635496,0.442452127365576,0.222438861899134,0.157148899643239,0.367290265450233,0.376391449529564,-0.142386346945196,0.414530995538425,0.153984267279351,0.0824325105341366,0.637805860564648,0.274460409788913,-0.250742185595822,0.146261561746522,0.129259664881332,-0.158313477927528,0.363705325195687,0.188654569222328,0.710984188176898,1.69773638045417e-06,9.47936504406776e-05,0.345556441792765,0.042031466482895,0.0294441955128109,"tan",0.710984188176898,1.69773638045417e-06,9.47936504406776e-05,TRUE,TRUE
"K10543","brown",-0.0153169827006551,0.930408782581454,0.9654387789396,-0.53087391358897,0.00103449249894527,0.00211443171612006,0.088989188042976,0.611202457184644,0.281303188020715,0.0957160727232264,0.584408159316758,0.476862674291248,-0.433382322463926,0.00930310726848498,0.00729208649096192,0.509699558021479,0.00176250152754746,0.00317965453389808,-0.0673379772304641,0.700722295065977,0.373839135608653,0.0713819346199515,0.683651895446482,0.295168607793367,0.47154230657959,0.00424307943389924,0.0153486668499798,0.752790484517997,1.82303827026996e-07,1.70361366531812e-06,"brown",0.752790484517997,1.82303827026996e-07,1.70361366531812e-06,TRUE,TRUE
"K10545","brown",0.164076308008369,0.346274628455632,0.536616571581511,-0.357972120411675,0.0347367401951295,0.0268370743825349,0.527552516674948,0.00112724963177035,0.00183574293986522,0.0255442361513677,0.884192176499348,0.57698962243802,-0.694548323524225,3.68268406102641e-06,1.28211877564258e-05,0.220984006076612,0.202054512340226,0.117038870277371,-0.228724846440127,0.186297826090084,0.154504818473342,0.391032948120129,0.0201947455200345,0.0210870859571131,-0.0186160574517451,0.915468614670252,0.527409099902692,0.733388531256843,5.4042511310301e-07,3.99073837739148e-06,"brown",0.733388531256843,5.4042511310301e-07,3.99073837739148e-06,TRUE,TRUE
"K10552","turquoise",0.6173982949075,7.78614350569539e-05,0.00280351614213076,0.267559026195206,0.120208747956828,0.0678724961834438,0.903787878134683,1.04131667062698e-13,4.2066776259579e-12,-0.425819745179713,0.0107598961835825,0.0576611132027253,-0.831115225477527,6.37362292181389e-10,9.6507302650589e-09,-0.139338521878645,0.42469308693416,0.205672913500776,-0.223048885743208,0.19776370336726,0.160779680204874,0.0847748551796278,0.628248460372592,0.277961584429966,-0.405491963443109,0.0156646927153897,0.0367635897939498,0.404363951185861,0.0159843547604106,0.0134816967389364,"turquoise",0.903787878134683,1.04131667062698e-13,4.2066776259579e-12,TRUE,TRUE
"K10553","turquoise",0.618614083296313,7.46709703620144e-05,0.00280351614213076,0.332749231666131,0.0508031502434719,0.0354880911523364,0.92125417461865,4.36246405970793e-15,4.00072149215195e-13,-0.403886003767329,0.0161214375476172,0.0700017764781544,-0.860142236545564,3.56367673773474e-11,9.44300375106308e-10,-0.245492774230866,0.155180587774948,0.0963079599082383,-0.338926579059929,0.0464056495670318,0.055679400829005,0.109746971401222,0.530271066650134,0.247794079941628,-0.384207995762696,0.0226844629915828,0.0472807193756102,0.350822847846246,0.0387992930560616,0.0278336252359718,"turquoise",0.92125417461865,4.36246405970793e-15,4.00072149215195e-13,TRUE,TRUE
"K10554","turquoise",0.642766102926236,3.1323148198662e-05,0.00203856317909769,0.314212248983539,0.0660235506965889,0.0431694207713388,0.928959016577975,8.45618451198505e-16,1.32373962085634e-13,-0.380878116475511,0.0239884933045476,0.0851018353280329,-0.809940819588662,3.78247351415901e-09,4.68597029591629e-08,-0.222673169334098,0.198539668886341,0.115512532298714,-0.249039682977184,0.149112206377642,0.131122602454392,0.0574215791535157,0.743181031707364,0.311690104170358,-0.430009050268394,0.00993072317728903,0.0277741899791002,0.354130976781903,0.0368740701850663,0.026816879123908,"turquoise",0.928959016577975,8.45618451198505e-16,1.32373962085634e-13,TRUE,TRUE
"K10559","brown",-0.0319163328319477,0.855576184410256,0.921899919635857,-0.566996990524109,0.000383102987507583,0.00106102470319244,0.182029908368176,0.295298542993069,0.166131673019157,0.318581957812248,0.0621479055261156,0.136604981393934,-0.381651064478392,0.0236804030840198,0.0154088235189096,0.608544306857669,0.000105053142156922,0.000380787936679307,0.234128455144934,0.175825156862784,0.147619886264631,0.175071368861422,0.314455407938141,0.17087915164706,0.174274919747316,0.31669661606719,0.279894140325055,0.811940905440259,3.22772698449234e-09,1.09948389434943e-07,"brown",0.811940905440259,3.22772698449234e-09,1.09948389434943e-07,TRUE,TRUE
"K10680","turquoise",0.553913074903754,0.000556207310015292,0.00870091146826737,0.446908254396007,0.00711383815929832,0.00824274222661773,0.873936280551503,7.15061789615497e-12,1.26125623762483e-10,-0.385030969055075,0.0223713906018356,0.0825782501212621,-0.765664279409565,8.38102443781376e-08,5.71062223697333e-07,-0.442770081780575,0.00773112035618298,0.00972900836696101,-0.506819808637534,0.0018900291465653,0.00438812007854649,0.30891431369803,0.070974366521776,0.055631372165738,-0.5009958464545,0.00217284115466153,0.00980462780316791,0.140456940240432,0.42094802381914,0.176113601030991,"turquoise",0.873936280551503,7.15061789615497e-12,1.26125623762483e-10,TRUE,TRUE
"K10715","green",-0.238011770413497,0.168562193454356,0.354701411471338,-0.0474474205657675,0.786651979934917,0.271598427982753,-0.414263577330739,0.0133571378402378,0.0145078215415283,0.0692962744089204,0.692437288592631,0.514510349598483,0.706885476440547,2.06942967491991e-06,7.99223195950702e-06,0.219372935661207,0.205446940426067,0.118712950882919,0.801535542666986,7.22233384473794e-09,1.30626683747361e-07,-0.539075719075675,0.000833660356353401,0.00167526876526133,-0.0547975248450806,0.75454815134969,0.472772454653335,-0.324827008075686,0.0569230179158903,0.0373814071607345,"green",0.801535542666986,7.22233384473794e-09,1.30626683747361e-07,TRUE,TRUE
"K10804","blue",-0.023277676719851,0.894407666483973,0.941528254774205,-0.236842347765406,0.1707263815825,0.0886117355285597,0.510309051471147,0.00173649867265228,0.00265851586473484,-0.0229871224526242,0.895718451772987,0.581196784061792,-0.699585732357701,2.9205149000074e-06,1.05528523126584e-05,-0.00305202640383029,0.986117272141389,0.365626981465888,-0.369023310433403,0.0291439456049008,0.0387268843222907,0.790248290146441,1.64307650409262e-08,3.17400566235664e-07,-0.365853996121191,0.030666449783278,0.0573617657347499,0.462967978141754,0.00510084389107171,0.00540257303798522,"blue",0.790248290146441,1.64307650409262e-08,3.17400566235664e-07,TRUE,TRUE
"K10843","turquoise",0.636310439933192,3.97974391893279e-05,0.00219518518037239,0.490568641368878,0.00277235502744824,0.00419741002318857,0.883587574865407,2.07003225153537e-12,4.32059905019673e-11,-0.301037628170818,0.0788659262661862,0.157189271439175,-0.637592475123622,3.79657817255959e-05,8.26861168527579e-05,-0.426829029099975,0.0105549511644013,0.0122397847149591,-0.297323947205012,0.0828150375148957,0.0848213588293291,0.09486028825711,0.58778780234709,0.265854606659134,-0.598792553657883,0.000144634046091958,0.00161365964782686,0.0763006960701017,0.663095490966196,0.248831727397975,"turquoise",0.883587574865407,2.07003225153537e-12,4.32059905019673e-11,TRUE,TRUE
"K10979","purple",-0.541601629174739,0.000779182429260003,0.010925641343615,-0.293880462595731,0.0866117555706259,0.0531617081173239,-0.895027378129799,4.10143415537082e-13,1.25276609577007e-11,0.483067945079833,0.00328822539347575,0.0307737165262296,0.820893555126777,1.54993974254049e-09,2.11218101686608e-08,0.26074459299883,0.130312336519965,0.0844445155478449,0.339712366899474,0.04586888108575,0.0552162526239114,-0.300225889811146,0.0797163949108514,0.0607412164387297,0.486784860423945,0.00302302713062394,0.012346796600048,-0.30237551857843,0.0774795811051525,0.0476508598386798,"purple",0.820893555126777,1.54993974254049e-09,2.11218101686608e-08,TRUE,TRUE
"K11004","brown",0.183300115032261,0.291883939184985,0.482272712389756,-0.243324013353956,0.158978083870166,0.0840507759328631,0.630141348208567,4.97785950074615e-05,0.000120578588524426,-0.0768326824440334,0.660886325951645,0.504907858244788,-0.630987069473546,4.82884165120908e-05,9.86371338757206e-05,0.281917520462278,0.100849789515334,0.0695679759613624,0.034294396200875,0.844940972023202,0.416995986927525,0.277098285541528,0.10706312966129,0.0762352000753891,-0.242675822728477,0.160125971265231,0.179709914581126,0.73868050491549,4.05590814692565e-07,3.31507265366699e-06,"brown",0.73868050491549,4.05590814692565e-07,3.31507265366699e-06,TRUE,TRUE
"K11068","turquoise",0.419028591900589,0.0122285142889451,0.0689946939972799,0.174086638485928,0.317227896479528,0.138647978419505,0.754965288128691,1.60407020179119e-07,7.60917458386042e-07,-0.0591355422065858,0.73578488607626,0.532283949595328,-0.711585912389496,1.64863576302107e-06,6.6638785650258e-06,-0.265351941031634,0.123414901746375,0.0810189912429617,-0.519917137591044,0.00136876186983309,0.00341027917704619,0.477723853365394,0.00370482950791917,0.0057543741602999,-0.473116111691208,0.00410000065977458,0.0149236037547207,0.238897341629199,0.166936428689684,0.0859067985512717,"turquoise",0.754965288128691,1.60407020179119e-07,7.60917458386042e-07,TRUE,TRUE
"K11072","black",-0.131713485149994,0.450715283274962,0.631435916139374,-0.63917741308262,3.5806880511473e-05,0.000197278243403093,0.0929672241453145,0.59529429153159,0.276628590484088,0.246399633402802,0.153612310535125,0.226249460418759,-0.117007290190305,0.503246827886304,0.181154669470503,0.759936657614448,1.19130595811641e-07,3.19935455930615e-06,0.386638566594115,0.021770161164812,0.0309945710530982,0.0464998381232812,0.790817355855227,0.322928020546239,0.100967048048215,0.563862599364346,0.401441526359847,0.715203598347269,1.37981251767313e-06,8.09471100431041e-06,"black",0.759936657614448,1.19130595811641e-07,3.19935455930615e-06,TRUE,TRUE
"K11103","turquoise",0.668440195985194,1.14149039385491e-05,0.00110961091356412,0.431913998896931,0.00957202154273583,0.0102111458906489,0.921257286521577,4.35972313220875e-15,4.00072149215195e-13,-0.429032491349356,0.0101189923768062,0.0553393317165293,-0.743626873003561,3.08234335747425e-07,1.68018586747098e-06,-0.292984721460447,0.0876210096426012,0.0621476900265543,-0.214124959673777,0.216770597426897,0.171566825958598,0.00841906638006789,0.961716438569855,0.364618764351721,-0.507804256871127,0.00184555359701581,0.00882836816068255,0.217320633480319,0.20982536603712,0.103056004865542,"turquoise",0.921257286521577,4.35972313220875e-15,4.00072149215195e-13,TRUE,TRUE
"K11177","purple",-0.559573045235613,0.00047425556940021,0.00797997397564458,-0.53815536073342,0.000854331492196005,0.00184587206643882,-0.56035744793018,0.000463789535788263,0.000842984963478801,0.413456080108706,0.0135568351522828,0.0647958537121003,0.71777114855122,1.21406272726763e-06,5.17020149122093e-06,0.629686977129522,5.05962369483765e-05,0.000226218696897598,0.74922824996034,2.24186443098944e-07,2.50713322284964e-06,-0.0979668417057873,0.57556091623801,0.261509512278926,7.07333266224181e-05,0.999678240412034,0.547488150716133,0.0154942726188203,0.929605268240657,0.314024386214586,"purple",0.71777114855122,1.21406272726763e-06,5.17020149122093e-06,TRUE,TRUE
"K11262","turquoise",0.370154930074927,0.0286155881476264,0.120937796308523,0.0339757285569555,0.846364602019347,0.285705597389701,0.82062290213765,1.58562970132513e-09,1.36008803722831e-08,-0.0279853115508189,0.873210682263331,0.57529477327849,-0.674485930178976,8.8723924550577e-06,2.58036570366556e-05,-0.0231810014418782,0.8948437699132,0.345082301856226,-0.108727104757375,0.534122668470693,0.312757895874891,0.296137036177093,0.0841088924087194,0.0634755669546777,-0.528254025400982,0.00110707012191448,0.00627265655894524,0.445325255875582,0.00734479636905433,0.00724578135079688,"turquoise",0.82062290213765,1.58562970132513e-09,1.36008803722831e-08,TRUE,TRUE
"K11355","green",-0.225784656994698,0.192177283057277,0.381846348001314,-0.277226583413263,0.106894057122106,0.0621399662456081,-0.129334981563419,0.459004980776029,0.228558571547196,0.157499235456293,0.366209619689383,0.376031951788169,0.277411429139698,0.106650819928052,0.0523877002450522,0.475810907783273,0.00386468848406455,0.00576331121745157,0.769913514006771,6.41505040891119e-08,8.65905672211321e-07,-0.122556093293,0.483071765129453,0.231149206068227,-0.198858291456835,0.252118755264848,0.241602523458681,0.189229717007744,0.276279897499666,0.12767823035126,"green",0.769913514006771,6.41505040891119e-08,8.65905672211321e-07,TRUE,TRUE
"K11443","green",-0.189317322983714,0.276053505632761,0.466969093744037,-0.387972185421042,0.0212816279128683,0.0185414270382471,-0.229213459852506,0.18533317491612,0.118296601169287,0.204525746336139,0.238575085571631,0.293418399441233,0.44380774144663,0.00757219041864544,0.00620026086600774,0.640761144596966,3.37611366058719e-05,0.000169762175382435,0.899745763287009,1.99099239036961e-13,2.24370424082683e-11,-0.434745735558613,0.00905918705734153,0.0115795381451713,-0.0829311015127398,0.635766590038436,0.429766734719391,0.190097120843443,0.274043665485853,0.12686687878584,"green",0.899745763287009,1.99099239036961e-13,2.24370424082683e-11,TRUE,TRUE
"K11473","brown",-0.278431402538202,0.105316159843507,0.263212122322724,-0.622381436068189,6.55184890073992e-05,0.00030960454913878,0.0923767881390883,0.597644027592088,0.277099730863216,0.560022613318361,0.000468231741815671,0.0132006425443103,-0.177247022539071,0.308383952644359,0.122931571311568,0.530629187537185,0.00104108963141157,0.00216968555266828,0.210030342539157,0.225897831695396,0.176417513605302,0.399409737234949,0.0174537897201739,0.0188630445173578,0.0475921062882082,0.786016480500016,0.482183719075265,0.715287840715988,1.37406095816844e-06,8.09471100431041e-06,"brown",0.715287840715988,1.37406095816844e-06,8.09471100431041e-06,TRUE,TRUE
"K11475","turquoise",0.278516796178403,0.105204996197364,0.263212122322724,-0.0981669292997787,0.574777349414657,0.215877523063636,0.738551231511782,4.08477514357788e-07,1.77006174570514e-06,0.0261852578754245,0.881306317401572,0.57698962243802,-0.504005606722464,0.0020223850484,0.00210611816070085,0.183695321072357,0.290826718068962,0.155924531221474,0.0270191103098589,0.877554594200096,0.426833539281002,0.27645747827512,0.107910619463947,0.0766629540545532,-0.417786065621781,0.0125147519282833,0.0319864860952652,0.548173027097665,0.000651921093264827,0.00102901732822233,"turquoise",0.738551231511782,4.08477514357788e-07,1.77006174570514e-06,TRUE,TRUE
"K11533","turquoise",0.483635832359963,0.00324644462158733,0.0280510363654451,0.376417117118252,0.0258320396818977,0.0214629745499949,0.91757647138735,9.00979020014306e-15,5.93853310139494e-13,-0.310171869123738,0.0697737332379993,0.146011475578743,-0.713833712342955,1.47648746846348e-06,6.12373360986075e-06,-0.321457724827401,0.0596968006125248,0.0463197719450203,-0.239007130995628,0.166735659013368,0.142627500963979,0.113519603440535,0.516141431147027,0.242706483592852,-0.50621080518995,0.00191801005679737,0.00902698662958228,0.243153140349053,0.159280106558592,0.0826515298902502,"turquoise",0.91757647138735,9.00979020014306e-15,5.93853310139494e-13,TRUE,TRUE
"K11608","turquoise",0.527817097322274,0.00111960099527154,0.0142217112835487,0.538643456200532,0.000843313210203785,0.0018333674033669,0.842576793275769,2.18777542820744e-10,2.467934991622e-09,-0.336823668490097,0.0478669714447507,0.120876176536913,-0.639299043874035,3.56458822137102e-05,7.88944509900443e-05,-0.52581886091724,0.00117851600874636,0.00237645505521161,-0.507328070529387,0.00186695104938501,0.00436219174166822,0.314071661662389,0.066151323855881,0.0527836537207803,-0.592657378767015,0.000175935573089546,0.0018013263778947,-0.0263694471751539,0.88047737938614,0.303447256066288,"turquoise",0.842576793275769,2.18777542820744e-10,2.467934991622e-09,TRUE,TRUE
"K11609","turquoise",0.533501809612534,0.000965941082211745,0.0127082865836664,0.282625191353157,0.0999609719568388,0.0590221821934816,0.917645867273987,8.89011847023022e-15,5.93853310139494e-13,-0.17944719422618,0.302319814252812,0.336300416764158,-0.72299059637951,9.31924863562347e-07,4.0779206044774e-06,-0.263242878167855,0.126537735576588,0.0825644976618524,-0.33743829467367,0.0474361026316616,0.056591342172012,0.33706848926983,0.0476949715158737,0.0415141128201492,-0.606145352768552,0.00011376030758467,0.00142264840414949,0.269839469561867,0.11696177586421,0.0654524377544121,"turquoise",0.917645867273987,8.89011847023022e-15,5.93853310139494e-13,TRUE,TRUE
"K11622","turquoise",0.348226865550279,0.040366411876334,0.150234480522282,0.338825781798396,0.0464748670947,0.0332793804302544,0.700453530045762,2.8048176273292e-06,9.70318165423023e-06,-0.33130398369802,0.0518785506364273,0.125364699602954,-0.70004365013179,2.85893176387661e-06,1.04091881672159e-05,-0.434390107146991,0.00912227967428373,0.0109658322982034,-0.46856771394491,0.0045253260854457,0.0088535811145834,0.432055244506089,0.009545869332388,0.0120346504719341,-0.489527268813169,0.00283947142428226,0.011921648325845,0.0715581821176632,0.682911339919938,0.25383228742205,"turquoise",0.700453530045762,2.8048176273292e-06,9.70318165423023e-06,TRUE,TRUE
"K11654","turquoise",0.611648011045403,9.46785339786833e-05,0.00301655629448226,0.442324943719472,0.00780016686779423,0.00879856848530035,0.739987498523941,3.77439613592446e-07,1.65852003898372e-06,-0.503019208500799,0.00207065814118204,0.0242409252244597,-0.616108045500764,8.13811050670107e-05,0.000151034034836811,-0.383313292727212,0.0230289316633708,0.0223418040037909,-0.299074617838899,0.0809347662813709,0.0833824941172536,-0.0606040945901964,0.729466242680479,0.307787294858843,-0.439071733358731,0.00832095461137213,0.0247759711169117,0.0793244923506674,0.650576378607689,0.245004496103737,"turquoise",0.739987498523941,3.77439613592446e-07,1.65852003898372e-06,TRUE,TRUE
"K11730","brown",-0.160368626619518,0.357430069571857,0.548059440010181,-0.570439613210444,0.00034640298221634,0.000988860247553141,0.207343553290287,0.232027061244401,0.140103179648194,0.345552770481087,0.0420337931657613,0.113566279104072,-0.368766176039952,0.0292651118014309,0.0182701113467522,0.43286701600119,0.00939674109413962,0.0112272321873324,0.0534474763085049,0.760416400309741,0.393093961541118,0.36411141007498,0.0315309305742494,0.0300908644179927,0.12674138308058,0.468136390752287,0.357886811532451,0.804934923829453,5.58080889632086e-09,1.57254137020746e-07,"brown",0.804934923829453,5.58080889632086e-09,1.57254137020746e-07,TRUE,TRUE
"K11744","purple",-0.383270489979159,0.0230455190579299,0.104803021946233,-0.190846482549767,0.272121278100411,0.123814785958706,-0.587363091272708,0.000207685647315513,0.000421540614942698,0.197396324924231,0.255693747797112,0.305526593988467,0.800210940331692,7.97504867317899e-09,8.54786582525143e-08,0.402825975710903,0.0164289883811289,0.0170742679504891,0.745573031319707,2.76211208267757e-07,3.01978386472478e-06,-0.426047016868438,0.0107134546372862,0.0130135031493178,0.124259855551594,0.476962228350988,0.36275510046946,-0.257019483781481,0.136094326041126,0.0731720048172202,"purple",0.800210940331692,7.97504867317899e-09,8.54786582525143e-08,TRUE,TRUE
"K11749","blue",0.154541310306893,0.375393028582736,0.561859322274817,-0.116964797642233,0.503402947538255,0.194945263047206,0.536601846847275,0.000890252173134209,0.00150864378639733,0.0620167817955049,0.723404450956817,0.525477244854361,-0.646246063282665,2.74669601825856e-05,6.34417139007245e-05,-0.0553413375699306,0.75218815574491,0.307766280920505,-0.542963979921053,0.000751127318052502,0.00214086754917771,0.762055963106096,1.04714052847616e-07,1.24129857642421e-06,-0.276504372613164,0.107848428868713,0.135964640912493,0.438059851506801,0.00848886776551637,0.00811959687759278,"blue",0.762055963106096,1.04714052847616e-07,1.24129857642421e-06,TRUE,TRUE
"K11754","blue",-0.0595358931949084,0.734060611493346,0.850023187341056,-0.00852768044832635,0.961222912420649,0.310669466561215,0.244947146234119,0.156129737370817,0.103782190988632,0.250883246180433,0.146027168693436,0.220718343555567,-0.343256309401117,0.0435096622263109,0.0253079066904544,-0.277704362904336,0.10626620747649,0.0722498823263821,-0.513968949912936,0.00158731117498029,0.00381216421013214,0.772821042317436,5.32525000083074e-08,7.22104798229365e-07,-0.336522193237797,0.048079456694821,0.0777867013912505,-0.016993015314101,0.922815470216569,0.312430385407952,"blue",0.772821042317436,5.32525000083074e-08,7.22104798229365e-07,TRUE,TRUE
"K11785","brown",-0.213282530142637,0.218627435818118,0.410865865509306,-0.697286526338474,3.2484452494204e-06,3.60847787602271e-05,0.10688156398463,0.541126552009872,0.259174942749954,0.342325437334919,0.0441196687527066,0.115980194759167,-0.298747633454351,0.0812834233668383,0.0417771082232601,0.584043979029941,0.000230115547117613,0.000685488610864165,0.138258749407418,0.428326292095602,0.271762895891923,0.489205487124176,0.00286049415545557,0.00460478895532215,-0.0609569188570038,0.727950758020204,0.462879723502363,0.734224612405753,5.16697592897977e-07,3.88165849125358e-06,"brown",0.734224612405753,5.16697592897977e-07,3.88165849125358e-06,TRUE,TRUE
"K11894","green",-0.36308652693211,0.0320486040921874,0.127595750040751,-0.312225521534668,0.067847281349807,0.0440798441525602,-0.45014524778075,0.00666085124450841,0.00808291741932083,0.15914275201493,0.361165328342204,0.373111849570082,0.662670512618462,1.44417477451211e-05,3.79513728500522e-05,0.464857163550544,0.00490001019513489,0.00693656112584116,0.758629741819368,1.28909620061829e-07,1.62804610698622e-06,-0.421199545860358,0.0117416648031846,0.0139789096785285,0.0917565905615054,0.600116523239004,0.415617067742528,-0.00949822105069847,0.956813570706897,0.320143069557508,"green",0.758629741819368,1.28909620061829e-07,1.62804610698622e-06,TRUE,TRUE
"K11900","green",-0.10611469326699,0.544049658821901,0.704260990054246,-0.169293357381371,0.330940691314027,0.142748388289806,-0.102123038076438,0.559384550658933,0.263953638787789,-0.0581100628937118,0.740207306596466,0.533499225711778,0.268621935967584,0.118687068897735,0.0571134731971992,0.473502268456095,0.00406553859755725,0.005990119067663,0.845797815334264,1.59531656041974e-10,5.31170023803797e-09,-0.411289295739563,0.0141051546606747,0.0160890408664292,-0.130113750387614,0.456281838898828,0.352910087493387,0.148858995991456,0.393410896817474,0.166974357792491,"green",0.845797815334264,1.59531656041974e-10,5.31170023803797e-09,TRUE,TRUE
"K11901","green",-0.040537929401298,0.81715111855508,0.903018096676968,-0.236264145037119,0.171803732315031,0.0888100772679722,-0.0709442046186082,0.68549240113507,0.304634973181381,-0.195243726464467,0.261018433063531,0.309683089552082,0.182402226230084,0.294295035828766,0.118754431535232,0.600412249817496,0.000137251936172672,0.000464015794206432,0.727957448512944,7.20564173050156e-07,6.72376263593295e-06,-0.271493663910272,0.114647895801361,0.0799371928204544,-0.179682261697422,0.301676423935162,0.271167839596982,0.190603556495666,0.272743505622427,0.126375784891488,"green",0.727957448512944,7.20564173050156e-07,6.72376263593295e-06,TRUE,TRUE
"K11903","green",-0.179852386405576,0.30121132753317,0.489813130276473,-0.395082802990709,0.0188279659203369,0.0170580988501357,-0.261439466447742,0.129254206551454,0.089183838576289,0.045094191728469,0.797006763397396,0.552138732164803,0.329909787796847,0.0529330952801705,0.0296691868730922,0.6846422006685,5.73376058973206e-06,5.01877263804446e-05,0.843066001158636,2.08626240604353e-10,6.37296513964168e-09,-0.322933768517705,0.0584687661335773,0.0480624581107018,0.0105657464201553,0.951965069718348,0.535742205429681,0.260134256793368,0.131247011522183,0.0714898893902793,"green",0.843066001158636,2.08626240604353e-10,6.37296513964168e-09,TRUE,TRUE
"K11913","black",-0.403991571792445,0.0160910745327969,0.0831068905999222,-0.589705917650848,0.000193052714872967,0.000657644180804704,-0.119798063293221,0.493047055263768,0.241950098677918,0.467475296523172,0.00463297578296301,0.0373960987417949,0.205755541939398,0.235702156027441,0.0993558314368491,0.703349634166657,2.44834006419582e-06,2.86445563612068e-05,0.563551635915202,0.000423259325921783,0.00133349976665104,0.15012393444466,0.389357350584372,0.198521232431174,-0.164270197031743,0.34569714996441,0.297563535129496,0.346495003258161,0.0414400557514691,0.0291642676583196,"black",0.703349634166657,2.44834006419582e-06,2.86445563612068e-05,TRUE,TRUE
"K11927","turquoise",0.597735645013792,0.000149641213241137,0.00402007821125787,0.708173125937607,1.94533860136747e-06,2.6507591187742e-05,0.765582578450717,8.42375368781032e-08,4.23666784594803e-07,-0.497081181185909,0.00238310577504348,0.0260439364583787,-0.510632752596973,0.00172282576341694,0.0018444972600156,-0.621035731154658,6.86646073174379e-05,0.000280510910619393,-0.367770969600655,0.0297379715197586,0.0391079914280644,-0.0438727050269098,0.802395189297135,0.325486908266489,-0.511447678481297,0.00168882080519765,0.00825983125247296,-0.187344237950469,0.281181622782217,0.12945032193843,"turquoise",0.765582578450717,8.42375368781032e-08,4.23666784594803e-07,TRUE,TRUE
"K11936","turquoise",0.543305162534653,0.000744242810966077,0.0105612028274914,0.191586700738419,0.270231010890881,0.123159320832158,0.852812636659912,7.81775366826582e-11,9.79039212033386e-10,-0.199113120379556,0.25149903262606,0.302745901703504,-0.646648592428457,2.70498619810124e-05,6.3089357750307e-05,-0.0256342081524574,0.883787036174425,0.342196779615737,-0.0775591686500538,0.657874015452588,0.358819540501356,0.054667583633784,0.755112384546317,0.314240679310366,-0.461209486892072,0.00529411661052722,0.0180328862465601,0.434171058968384,0.00916132714665322,0.00860688209144798,"turquoise",0.852812636659912,7.81775366826582e-11,9.79039212033386e-10,TRUE,TRUE
"K11954","brown",0.278586043622948,0.105114916545494,0.263212122322724,-0.150388788175609,0.388511695476032,0.161861243188295,0.665907269896823,1.26644444877062e-05,3.72527377044773e-05,-0.156524111285152,0.369222184315029,0.377507754900775,-0.71138048493909,1.66525057322534e-06,6.70263556505472e-06,0.280256741344269,0.102959258572391,0.0706519241796799,-0.0462643990580386,0.791853186367729,0.40224325793667,0.274365258921375,0.110712929623385,0.0781859324032571,-0.17461748740699,0.315731408668895,0.279323099243858,0.714043053642035,1.4613234917893e-06,8.43235824420853e-06,"brown",0.714043053642035,1.4613234917893e-06,8.43235824420853e-06,TRUE,TRUE
"K11959","brown",0.0388653289993588,0.824575825701953,0.906701909827485,-0.495174227184945,0.00249181147351452,0.0039359287082149,0.182378680876428,0.294358432886302,0.16597628050581,0.000118760086102964,0.99945977099623,0.608143392051461,-0.485724652237916,0.0030967058006304,0.00296588952386154,0.530748704643188,0.00103786316301913,0.00216678290944055,-0.0868179255578257,0.619960370687417,0.34310773997335,0.245898601504912,0.154477343363921,0.10082548617277,0.300311452407203,0.0796264161808213,0.110730254592384,0.778911911744933,3.57322797272678e-08,5.39034370438887e-07,"brown",0.778911911744933,3.57322797272678e-08,5.39034370438887e-07,TRUE,TRUE
"K12035","black",-0.277009900930328,0.1071797214819,0.265622922153205,-0.468240223288183,0.00455736883126091,0.00598647128489958,-0.405365993815863,0.0157001225624241,0.0166342670895055,0.0735220458907346,0.674679413748633,0.510281478200006,0.341078330292887,0.044947673647007,0.0260332255177607,0.711830942678786,1.62901634741291e-06,2.2646351908464e-05,0.546615668575351,0.000680286784276632,0.00198926970735487,-0.185176320519264,0.286886753424413,0.159962366370284,0.262336485571737,0.127897682642814,0.154067167217957,0.279232495569375,0.104276801605095,0.059488779116192,"black",0.711830942678786,1.62901634741291e-06,2.2646351908464e-05,TRUE,TRUE
"K12063","blue",-0.453320073645425,0.00624080423030593,0.0443374469428624,-0.280105392551188,0.10315314781858,0.060407350752306,-0.0192905385784898,0.912417501080194,0.37038768876071,0.182439089547925,0.294195797012114,0.33278530608431,-0.0829397723446791,0.635731148987541,0.214365506525773,0.0860938093487763,0.622892685590203,0.269515201535066,-0.197584896326338,0.255230751021653,0.19145650032036,0.749203517000058,2.24505896016679e-07,2.29817708841415e-06,-0.188518868596707,0.278121339423963,0.25655055780682,0.103337835530961,0.554696510349891,0.217264774260353,"blue",0.749203517000058,2.24505896016679e-07,2.29817708841415e-06,TRUE,TRUE
"K12132","green",-0.399332225574681,0.0174776475912117,0.0881325541783971,-0.333054693691385,0.0505781532079237,0.0353984413818991,-0.156212278680387,0.370188657283118,0.193811720407618,0.182499359357287,0.294033592260094,0.33278530608431,0.36888670642194,0.0292082644383038,0.0182465631962815,0.473861244578681,0.00403372727619249,0.00596556369898088,0.726774586219444,7.66467251176712e-07,7.06213215188583e-06,-0.0498574799118351,0.776084310762462,0.319087668433719,-0.266012176856242,0.122449200803203,0.148980703280649,0.0958572628405656,0.583851404541735,0.225505735356758,"green",0.726774586219444,7.66467251176712e-07,7.06213215188583e-06,TRUE,TRUE
"K12243","turquoise",0.291340123010555,0.089497543135768,0.241454553084431,0.0999290758183371,0.567897450607305,0.213450430160898,0.73564135552514,4.78663368303134e-07,2.05994349602006e-06,-0.162948829707436,0.349644304887718,0.368330414474102,-0.457063198592287,0.00577495188180285,0.00494069293638674,-0.07719399437719,0.659387519599336,0.280984645341486,-0.060870448892664,0.728322078525387,0.383122481436449,0.211953167097686,0.221579657788061,0.132553082361404,-0.420955471271323,0.0117955689435315,0.0307773506304587,0.287372934330537,0.0941511585394822,0.0549592597297273,"turquoise",0.73564135552514,4.78663368303134e-07,2.05994349602006e-06,TRUE,TRUE
"K12340","turquoise",0.146988696960018,0.399448795879206,0.582059161543218,0.0341454977258367,0.845606107862658,0.285585077282412,0.806957856165016,4.77553015111353e-09,3.41744589089508e-08,-0.0369139847102188,0.833256797059962,0.563015706285144,-0.604250126473354,0.00012109184811852,0.000207732501453077,-0.0713898997497848,0.683618421349464,0.28737212955023,-0.0752163163049667,0.667607211273177,0.362240175804017,0.376316538062712,0.0258749140549916,0.0258034341703186,-0.557383196164233,0.000504593757786961,0.003548627302735,0.427738589895706,0.0103731008034144,0.00952122640247428,"turquoise",0.806957856165016,4.77553015111353e-09,3.41744589089508e-08,TRUE,TRUE
"K12369","brown",-0.0939896196499002,0.591235043866735,0.739925196611263,-0.604315673000206,0.0001208313667652,0.00047312457150466,0.197507491247224,0.255420735352582,0.150315107429497,0.369891486802218,0.0287378829656287,0.0936405058193887,-0.341843268717722,0.0444383321801526,0.0257538570616257,0.580049807000036,0.000259962419847406,0.000744525819804973,0.129226873148541,0.459383691592671,0.283010848940254,0.246784119036992,0.152950880697856,0.100101939855995,0.134365802097155,0.441567449479913,0.345236166407955,0.804753391753442,5.65889848792735e-09,1.57254137020746e-07,"brown",0.804753391753442,5.65889848792735e-09,1.57254137020746e-07,TRUE,TRUE
"K12373","blue",-0.240229808609973,0.164511459039976,0.349231829050999,-0.524835968289425,0.0012084840271223,0.00237963243384137,0.216902781608318,0.210724653457989,0.130383592896439,0.26789061555051,0.119732484401779,0.196386041067276,-0.550204474534403,0.000616497962603058,0.000786220581742794,0.186715588545256,0.282828372131785,0.152535992130085,-0.38320736428682,0.0230700002765456,0.0322168801050267,0.746953875411059,2.55377053761348e-07,2.52777319011216e-06,0.0334951283830642,0.848512560127671,0.506329259534676,0.59764706544352,0.000150067842830805,0.000325396180868012,"blue",0.746953875411059,2.55377053761348e-07,2.52777319011216e-06,TRUE,TRUE
"K12454","green",-0.314675855172457,0.0656035745963436,0.197666720043614,-0.295669477579205,0.0846228412864826,0.0522462534276354,-0.379864273165828,0.0243976191772167,0.0238515398744176,0.317119813468336,0.0634242190441804,0.138471607731842,0.59552947008734,0.000160597195674101,0.000263828555917254,0.521516960896395,0.00131469579346189,0.00258920095070552,0.873738759993801,7.32652832510454e-12,4.666698655451e-10,-0.414448016275757,0.0133118747410649,0.0154465220569839,-0.00649825954125423,0.970446444788758,0.537431509307533,0.031967623276964,0.855346531350184,0.297602911697243,"green",0.873738759993801,7.32652832510454e-12,4.666698655451e-10,TRUE,TRUE
"K12599","turquoise",0.573111004379357,0.000320119292912822,0.00602012576142525,0.408704424023693,0.0147835636227758,0.0142262665250242,0.790601658833656,1.60255113626782e-08,9.60248670713516e-08,-0.414387915513688,0.0133266098309747,0.0645086100864806,-0.61329702859775,8.95500078986208e-05,0.000163022932965784,-0.270837573027617,0.115561487412242,0.0767784993396802,-0.246935684626144,0.15269071130649,0.132992144095706,0.0659346236952584,0.706680510132034,0.301846890270109,-0.384852528313833,0.0224389664881943,0.0470039655135036,0.200096334259581,0.249117441880848,0.118007821724853,"turquoise",0.790601658833656,1.60255113626782e-08,9.60248670713516e-08,TRUE,TRUE
"K12632","brown",0.0810985180987691,0.643274815247722,0.780282743986613,-0.481404909727815,0.00341327541021157,0.00480475264152486,0.352612779929998,0.0377477495060813,0.0334081732251132,0.0587650271320629,0.737381792225886,0.532844717146514,-0.561049238023873,0.000454730132499488,0.000613692354399664,0.43975583161025,0.00820904613927218,0.0101786816342271,0.0735352332297674,0.67462426039574,0.36510542691424,0.302739278571393,0.0771059394308031,0.0592736922378942,-0.011826392772116,0.946241645459531,0.535155031787995,0.759899703492549,1.19397449081623e-07,1.24832436510685e-06,"brown",0.759899703492549,1.19397449081623e-07,1.24832436510685e-06,TRUE,TRUE
"K12706","turquoise",0.369947486915871,0.0287118509221674,0.120937796308523,0.295338644866078,0.0849879596839429,0.0524168861219092,0.828884004396507,7.77637623337476e-10,7.54928216933346e-09,-0.187924308900528,0.279667641767737,0.321722861686577,-0.555922404355672,0.000525778362605564,0.000693711306766813,-0.256420284006503,0.137041740077536,0.0875332131711808,-0.247417408787496,0.15186594169205,0.132747311487572,0.397691741710917,0.0179890132672718,0.0192367154441858,-0.644462030735721,2.93865712031315e-05,0.000605291882022586,0.209585144106486,0.226905743651478,0.109659893764122,"turquoise",0.828884004396507,7.77637623337476e-10,7.54928216933346e-09,TRUE,TRUE
"K12949","turquoise",0.635257490394866,4.13611344248638e-05,0.00219518518037239,0.58708142481123,0.000209510092334968,0.000689191532649094,0.789692316013503,1.7087582955715e-08,1.00939902137921e-07,-0.400356902657668,0.0171644468478733,0.0720344934774717,-0.608053729947565,0.000106783359034744,0.000188294091854549,-0.488827265920026,0.00288537724026547,0.00458269971899185,-0.3325421937469,0.0509561040852654,0.0594355023354335,0.0346241551728688,0.843468300474729,0.337072734186992,-0.509995972114135,0.00174981329372795,0.00853359685735654,-0.0113687501840687,0.948319084360007,0.318410670743181,"turquoise",0.789692316013503,1.7087582955715e-08,1.00939902137921e-07,TRUE,TRUE
"K12957","green",-0.392633594354937,0.0196449983282507,0.0951591812960871,-0.10452958137468,0.550115311836064,0.208530780261996,-0.516306421050115,0.00149802454354796,0.00233335589417013,0.15706716039379,0.367542670674763,0.376391449529564,0.754772841753729,1.62242218435583e-07,9.55351571498262e-07,0.312636082264372,0.0674672023472197,0.0508762906903697,0.846754260914455,1.45050930745304e-10,5.059534835735e-09,-0.457148987262494,0.00576463537680148,0.00825413922515425,-0.0564717246108306,0.747289677128526,0.470738093175077,-0.300984254343576,0.07892162961916,0.0482846431058229,"green",0.846754260914455,1.45050930745304e-10,5.059534835735e-09,TRUE,TRUE
"K12962","turquoise",0.599749835086095,0.000140229148834724,0.00400279097164834,0.276338081061454,0.108069084537635,0.0625738801038085,0.859239986916866,3.93480934296468e-11,5.29857211623348e-10,-0.318289738026317,0.0624013519560225,0.137007262024983,-0.665726563366636,1.27581712923983e-05,3.42168682791873e-05,-0.150170161149957,0.389209675818876,0.192997338891326,-0.182302056636177,0.294564807970581,0.211021598500855,-0.0394021636187915,0.822191141756903,0.330888343322181,-0.361565264152608,0.0328297883948242,0.0598944223471227,0.304709353783886,0.0751066148187126,0.0464778362466089,"turquoise",0.859239986916866,3.93480934296468e-11,5.29857211623348e-10,TRUE,TRUE
"K12984","turquoise",0.44424908609953,0.00750544440539937,0.0500937489855152,0.30074590327019,0.0791707561547472,0.049365343371926,0.834076476429606,4.8728091421942e-10,5.0019307518008e-09,-0.328911926936203,0.0536982917395382,0.12785617973272,-0.612081209137658,9.3306295280044e-05,0.000168255641564789,-0.17295596545815,0.320430073456966,0.167613414484615,-0.162703904484846,0.35037892416727,0.236329270747707,0.0855122079034492,0.625252025921785,0.277250363863309,-0.407091440578442,0.0152206284156627,0.036011044886196,0.288343744603307,0.0929956390431151,0.0545258749404944,"turquoise",0.834076476429606,4.8728091421942e-10,5.0019307518008e-09,TRUE,TRUE
"K13017","brown",-0.159481982463277,0.360129359460652,0.549123276724742,-0.590000264181214,0.000191281128945236,0.000657644180804704,0.319821784398294,0.0610816051667138,0.0490976937188954,0.406590260166452,0.0153586202801407,0.0686826945310226,-0.389087411070189,0.0208801179084756,0.013851232574718,0.49181949324227,0.00269356686132463,0.0043541372858342,0.190719776600545,0.272445705297739,0.199667110539072,0.429279342252935,0.0100711186022581,0.0124607434488898,-0.224997191542871,0.193773810414843,0.204372214336502,0.704877437557746,2.27745169146995e-06,1.17313795361227e-05,"brown",0.704877437557746,2.27745169146995e-06,1.17313795361227e-05,TRUE,TRUE
"K13020","green",-0.0670723066910376,0.701848918035074,0.822511360321896,-0.22413886786698,0.19552454920606,0.0980468028278664,0.0499123627643337,0.775844111490681,0.332288418149827,0.0501873222859868,0.77464103701298,0.545416942894648,0.116419193351256,0.505409688990468,0.181659036169431,0.412715616161894,0.0137421591568134,0.0148840787215838,0.754747268261488,1.62487540276475e-07,1.96731568751852e-06,-0.136164867211869,0.435420675105672,0.213552661601555,-0.355038340340193,0.0363597960222793,0.0641718596673125,0.208072277569572,0.230353649463468,0.111224403912871,"green",0.754747268261488,1.62487540276475e-07,1.96731568751852e-06,TRUE,TRUE
"K13038","turquoise",0.336483749142802,0.0481066070296032,0.16720972601855,0.0294413171157115,0.866671594884199,0.290376195073233,0.770995966377042,5.98733287549414e-08,3.09839042912317e-07,0.0275174712146207,0.875313582767252,0.576174527337202,-0.481634803538425,0.00339574674350594,0.00318201245839993,-0.00851199877580481,0.961294166733876,0.359810191071563,0.0474513642417226,0.78663465642798,0.400982734503427,0.18692508458958,0.2822789054994,0.158277352735688,-0.613321467827739,8.94759183772291e-05,0.00123144919993992,0.322356548525554,0.0589465955304967,0.0383053235427001,"turquoise",0.770995966377042,5.98733287549414e-08,3.09839042912317e-07,TRUE,TRUE
"K13049","blue",-0.346381436406731,0.0415112576778115,0.153241074779656,-0.3940962709503,0.0191535884663491,0.0172889412883819,0.179067143089952,0.303361871588547,0.168848256772066,0.388205963194923,0.0211969350687847,0.0806929289664184,-0.259625681184246,0.132029627535742,0.0622880317384685,0.073282772095718,0.675680416768025,0.284642798911123,-0.302428494891437,0.077425078346206,0.0803753208658234,0.907519842084945,5.57772946435886e-14,2.22678246417626e-11,-0.265876071580057,0.1226478144467,0.149015241806839,0.330932705437416,0.0521577275195545,0.0349032152144702,"blue",0.907519842084945,5.57772946435886e-14,2.22678246417626e-11,TRUE,TRUE
"K13075","brown",-0.0800265070338737,0.64768314194618,0.782851797656686,-0.577288759586458,0.000282569271006089,0.000851846916865107,-0.0012640997958055,0.994249770209258,0.390419792408462,0.0845264103114186,0.629259404611158,0.49498143337728,-0.364788473043098,0.0311927086609975,0.0192717056495597,0.542071565609665,0.00076940197480491,0.00172191261983005,0.0701802095990655,0.688709003111625,0.369718843278395,0.156096847791506,0.370546795710572,0.191044902242965,0.367439480329123,0.029896858032065,0.0563436132382745,0.728536132756995,6.9903840712981e-07,4.73184175454695e-06,"brown",0.728536132756995,6.9903840712981e-07,4.73184175454695e-06,TRUE,TRUE
"K13195","green",-0.11831048045573,0.498470716455631,0.671559578806849,0.0134891099359194,0.938696881591482,0.306099560384353,-0.379613712664531,0.0244996137759605,0.023913915257176,-0.108482160830191,0.535049719278238,0.459931226907103,0.560181904403461,0.000466113753734721,0.000627133562377736,0.336970025250002,0.0477640882067429,0.0392222435942049,0.785313493080003,2.31741479491574e-08,3.57371183955927e-07,-0.698915448093104,3.0128451353754e-06,1.9296422685573e-05,0.0904000162535816,0.605539993606871,0.417488993183502,-0.168370920567292,0.333620956229167,0.147403974834237,"green",0.785313493080003,2.31741479491574e-08,3.57371183955927e-07,TRUE,TRUE
"K13280","turquoise",0.52341644225532,0.00125294853684821,0.0155862897755009,0.564466304227818,0.000412249258354597,0.00111456244648225,0.816559035292971,2.22180542165676e-09,1.85495281774708e-08,-0.423377073247095,0.0112699065247354,0.0590790849014856,-0.619501294023781,7.24176123384762e-05,0.000137611536939619,-0.452336905733844,0.00636838223936278,0.00844584590221917,-0.344970506950882,0.0424041182204975,0.0518983137449389,0.0105228216767739,0.952159994322633,0.362605436505182,-0.432299961848104,0.00950070266480348,0.0271793560850787,0.0256247635988322,0.883829563262062,0.304205415927893,"turquoise",0.816559035292971,2.22180542165676e-09,1.85495281774708e-08,TRUE,TRUE
"K13282","green",-0.281501729089181,0.101374806428095,0.257343086590713,-0.389318309805032,0.0207977798905898,0.0181974467720038,-0.2122253420756,0.220973011119761,0.135188420945464,0.0674644672483603,0.700186112109156,0.516715389951947,0.448636078074775,0.00686887150308844,0.00572261153833998,0.61999254646508,7.11964471971084e-05,0.000287132555856676,0.822258916276212,1.38097492744833e-09,3.14803806576629e-08,-0.20795999731751,0.230610950399595,0.136529231050269,-0.274070304936399,0.11111235580896,0.139135372032815,0.0913548635607989,0.601720409397356,0.230468592234893,"green",0.822258916276212,1.38097492744833e-09,3.14803806576629e-08,TRUE,TRUE
"K13290","green",-0.0878396663343972,0.615832615999095,0.7563645306758,-0.491223313521588,0.00273087214739864,0.00415564961117688,0.0546446195070612,0.755212112781081,0.325751680825173,0.182269503291115,0.294652513161645,0.33278530608431,0.139366755314593,0.424598318452741,0.15735628292976,0.643594296295998,3.03634579127416e-05,0.000158332527162502,0.743245767379875,3.14891338491036e-07,3.31883205178849e-06,-0.106155405173202,0.543894287870149,0.251316557364325,-0.222278895002446,0.199356242087124,0.20738654746768,0.392762214895135,0.019601369436817,0.0159219712224266,"green",0.743245767379875,3.14891338491036e-07,3.31883205178849e-06,TRUE,TRUE
"K13448","green",-0.348604407638382,0.0401353720792231,0.149898112777192,-0.139325051454661,0.424738305974928,0.173073358513249,-0.376564015592195,0.0257695257353582,0.0248436486749053,0.0861548167961507,0.622645414416551,0.491767351475336,0.670582173964426,1.04468664337304e-05,2.9483816710185e-05,0.43113180349598,0.00971795329771823,0.0115392284986875,0.877787786955862,4.41507018766064e-12,3.08004937326572e-10,-0.519248767602979,0.00139192202435875,0.00252205787667413,-0.00348040052272725,0.984168959123979,0.542221873581678,-0.0913906763715442,0.601577352702764,0.230468592234893,"green",0.877787786955862,4.41507018766064e-12,3.08004937326572e-10,TRUE,TRUE
"K13483","green",-0.478841113178987,0.00361413987000168,0.0304865571619931,-0.45482261327072,0.00605006997807069,0.00728264315957068,-0.554430654986505,0.000548223346711949,0.000980793526702286,0.32766473471313,0.0546670371269264,0.128698289066742,0.759509147374278,1.22251580131183e-07,7.52379829101039e-07,0.620477304582193,7.0009646313617e-05,0.000283313172317086,0.735330993852924,4.86768446277274e-07,4.81836908638218e-06,-0.248057227023906,0.150775504047427,0.0993010137805209,0.0594040469909681,0.734628320096492,0.465502095839757,-0.0461614215193456,0.792306353498258,0.281813997003289,"green",0.735330993852924,4.86768446277274e-07,4.81836908638218e-06,TRUE,TRUE
"K13542","turquoise",0.30949819543518,0.0704149207324122,0.206908549247722,0.174201865704116,0.316902689310893,0.138640274370081,0.808385401313603,4.27353702609378e-09,3.09356661459339e-08,-0.0563017019415437,0.748025845905031,0.535759830621391,-0.69246819587361,4.04728085723396e-06,1.3887782547728e-05,-0.35025928776905,0.0391352397314118,0.0335834874507895,-0.400985204087732,0.0169747332382543,0.0253239140677716,0.543193381774292,0.000746492187669483,0.00152570037294536,-0.533971882254902,0.000954110818454744,0.00553246383103646,0.274717803292018,0.110236934193244,0.0623500177448871,"turquoise",0.808385401313603,4.27353702609378e-09,3.09356661459339e-08,TRUE,TRUE
"K13582","purple",-0.410256074329375,0.0143731165337427,0.0768408922380858,-0.130911471850513,0.453501432041778,0.181040199850534,-0.530351626120384,0.00104861678739493,0.00173577570800848,0.207914483399007,0.230715305363832,0.288066172999267,0.799199556902956,8.59792714520438e-09,9.11308900987926e-08,0.230844160204648,0.182139256387759,0.107936949525661,0.509266204567918,0.00178119661847644,0.00418584597817345,-0.177021846511705,0.309008882606062,0.168684796578697,-0.0337786333840564,0.847245353506051,0.505917950442755,-0.368101829468213,0.0295800775986371,0.0222794809189768,"purple",0.799199556902956,8.59792714520438e-09,9.11308900987926e-08,TRUE,TRUE
"K13587","green",-0.393756138690819,0.019266937433483,0.094282353504954,-0.540858634595416,0.000794870326516614,0.00176210458829414,-0.34045890991481,0.0453635508228653,0.0387253215007344,0.408764233724183,0.0147675620974837,0.068063354604138,0.500286769930477,0.0022096787456876,0.0022617916265548,0.688817809653344,4.76763093262276e-06,4.47119713739085e-05,0.7033682619803,2.44618778074443e-06,1.9909330144666e-05,-0.150963113102369,0.386681594180938,0.197488309929036,0.0280302772176524,0.873008610372845,0.512905223641906,0.262883183742874,0.127076128594808,0.0697812048987568,"green",0.7033682619803,2.44618778074443e-06,1.9909330144666e-05,TRUE,TRUE
"K13626","turquoise",0.417296742363753,0.0126290178427393,0.0705856119637022,0.245897640060397,0.154479006685551,0.0821823254984118,0.888814782491623,1.00981380142834e-12,2.58085334212709e-11,-0.315208042104954,0.0651240638744943,0.140293339635058,-0.735157497911869,4.91353994669803e-07,2.46692105143338e-06,-0.155918934402573,0.371099195387443,0.186932395486919,-0.228180365213175,0.187376937209757,0.154852089090987,0.0977897222100885,0.576254938546247,0.261626342890164,-0.382979833919248,0.0231584191689934,0.0477007100507669,0.38243359617557,0.0233718342431156,0.0183086649947659,"turquoise",0.888814782491623,1.00981380142834e-12,2.58085334212709e-11,TRUE,TRUE
"K13633","blue",-0.0169576309297735,0.92297571319537,0.961470627268035,-0.0976261580213944,0.576896180202074,0.216355270700847,0.619095839369159,7.34396799748434e-05,0.000170631856036436,0.136521346292838,0.434208326028487,0.411226428508401,-0.504853708610534,0.0019816698288985,0.00208603080813977,-0.0862765161308685,0.62215227233734,0.269293443325672,-0.297394710629334,0.0827383867475968,0.0848213588293291,0.774678294709059,4.72137625634987e-08,6.68614788450182e-07,-0.576252899735191,0.000291493181309894,0.00245363198957139,0.333301978175999,0.0503965921937427,0.0339181377622182,"blue",0.774678294709059,4.72137625634987e-08,6.68614788450182e-07,TRUE,TRUE
"K13641","blue",-0.201676785557357,0.245320793634547,0.438689430982632,-0.310433023939676,0.0695264046994955,0.0448854082963767,0.171989086167661,0.323184293373507,0.176507960025402,0.298887458311949,0.0811341888680394,0.159262509460004,-0.313530190412716,0.0666452573043145,0.035457108822223,-0.00997480143975711,0.954648832985904,0.358180652909892,-0.474176731956855,0.00400594782365623,0.00792002297486369,0.856524330231005,5.28025748742903e-11,3.95254405975408e-09,-0.190996276479305,0.271738060184163,0.253203886800954,0.207315649519031,0.232091301447985,0.111756812123965,"blue",0.856524330231005,5.28025748742903e-11,3.95254405975408e-09,TRUE,TRUE
"K13688","green",-0.314337900363031,0.0659095162860471,0.197666720043614,-0.56836950598573,0.000368075702240789,0.0010334086408412,-0.17508090063369,0.314428645903382,0.173237047739679,0.226565350308533,0.190603612255809,0.258562349798738,0.260683772439616,0.13040525616466,0.0617515292746208,0.623598483128324,6.2785713015719e-05,0.000264025726034263,0.733369901096026,5.40965035846113e-07,5.24845659556775e-06,-0.119158777443969,0.49537416145425,0.235530299363836,-0.0405707226581517,0.817005702696915,0.495590929507374,0.382717641920349,0.0232606553635191,0.0182486465517869,"green",0.733369901096026,5.40965035846113e-07,5.24845659556775e-06,TRUE,TRUE
"K13787","blue",-0.165028999396063,0.343442767875268,0.532744555505693,-0.2786501724403,0.105031547465097,0.0613013361858242,0.210287454685769,0.225317130099191,0.1372426846682,0.42322410644573,0.0113025141980958,0.0590790849014856,-0.191582090458227,0.270242757348607,0.110782724334782,0.0463259121512056,0.791582521344244,0.318372933841854,-0.209796415075206,0.226427053761593,0.176539095230055,0.769503422879606,6.58432143648217e-08,8.4649417064885e-07,-0.363742206022706,0.0317166236156933,0.0586989957355847,0.194167861847831,0.263706908556519,0.122889669102064,"blue",0.769503422879606,6.58432143648217e-08,8.4649417064885e-07,TRUE,TRUE
"K13788","blue",-0.234026463543851,0.176018863514222,0.361929695659035,-0.399444785445174,0.0174430109201527,0.0160570099553795,0.460772928059935,0.00534306344779976,0.0067316581182509,0.280440130786765,0.102724693285105,0.180644895879457,-0.565073863829402,0.000405077529129387,0.000560598919681558,0.114379846239306,0.512945852444838,0.234478328739054,-0.253086707959638,0.142401300240991,0.126512273434351,0.720978515212978,1.03266897123281e-06,7.87776600784646e-06,-0.28270314827067,0.0998634253560649,0.128941632388489,0.566911037199536,0.000384061989141651,0.000681613422362108,"blue",0.720978515212978,1.03266897123281e-06,7.87776600784646e-06,TRUE,TRUE
"K13810","purple",-0.367330934817538,0.0299490360688053,0.123317891733607,-0.0199318632723041,0.909517516380042,0.299354496504588,-0.621992920555183,6.64131775202005e-05,0.000156043310251359,0.324893179874512,0.0568695837248255,0.13192806329155,0.846372924636516,1.50671406328817e-10,2.81822086935985e-09,0.0538694969397441,0.758580575156955,0.309204095105368,0.383850328617719,0.0228216523411938,0.0319941189909952,-0.271433366875439,0.114731631204251,0.0799371928204544,0.0670731988368427,0.701845133685173,0.455781049671877,-0.532203201406324,0.000999298506817849,0.00144552681098297,"purple",0.846372924636516,1.50671406328817e-10,2.81822086935985e-09,TRUE,TRUE
"K13875","brown",-0.025808425955178,0.883002622860606,0.935538652474949,-0.465281489445178,0.00485585102923498,0.0062343131031762,0.423177578802648,0.0113124482410321,0.0126490143940694,0.271024170027016,0.115301101791827,0.192032141395447,-0.55566439242041,0.000529601063580719,0.00069504717913087,0.327102960588082,0.0551079054276783,0.0436159997378714,-0.018209732435136,0.91730726131614,0.438310668776769,0.393538999818636,0.0193395907507267,0.020335982381515,-0.0611324004730225,0.727197389727954,0.46280344173359,0.76024067220683,1.16955997910669e-07,1.24697272485125e-06,"brown",0.76024067220683,1.16955997910669e-07,1.24697272485125e-06,TRUE,TRUE
"K13884","green",-0.185875496787407,0.285038705941743,0.476709504498292,-0.141271398691474,0.4182324558621,0.17110457463615,-0.29548315464012,0.0848283245742842,0.0638035371538121,0.124912633758896,0.474632163493095,0.430039581701695,0.549723643786092,0.000624724529279746,0.000795648231123437,0.412372503221482,0.0138287542152653,0.0149367967217374,0.77694795540127,4.06930558396877e-08,5.84466324932979e-07,-0.415184741373063,0.0131323623331764,0.0152851281224032,-0.053650012367968,0.759535190169383,0.473217947016795,-0.0684841135315351,0.695869120961159,0.257470436473974,"green",0.77694795540127,4.06930558396877e-08,5.84466324932979e-07,TRUE,TRUE
"K13890","brown",-0.180000226785622,0.300807523320571,0.489654608989748,-0.571545550828726,0.000335297054889998,0.000962533965596024,-0.0508743081593176,0.771637417791948,0.331153597911719,0.372787567795197,0.0274167826568398,0.091168316123135,-0.369561649158097,0.0288916037328276,0.0181080363644961,0.428881841836709,0.0101483038492959,0.0118966494474916,-0.17325154799066,0.319591016246414,0.223699336185429,0.288783396367557,0.0924759223763771,0.0683261984954887,0.515437790710221,0.00153067575172904,0.007767816656228,0.720769483205244,1.04368783822403e-06,6.52135272760273e-06,"brown",0.720769483205244,1.04368783822403e-06,6.52135272760273e-06,TRUE,TRUE
"K13891","brown",-0.0845030139978356,0.629354640475228,0.76883713626263,-0.634279840839813,4.28624932359407e-05,0.000225424260473973,0.190587213504244,0.272785399636993,0.15800856188314,0.288904644289459,0.0923329860017755,0.171060954842776,-0.435931923373093,0.00885142173619507,0.00704219767225982,0.587553058169492,0.000206463210835197,0.000629607944637667,-0.0154573599275463,0.929772558527403,0.441244653026547,0.290439988477315,0.0905376059375258,0.0673009295501903,0.253450921254011,0.141808381210318,0.165628521716639,0.856357293380259,5.37559458238408e-11,7.77846459242848e-09,"brown",0.856357293380259,5.37559458238408e-11,7.77846459242848e-09,TRUE,TRUE
"K13892","brown",-0.0638684646657441,0.715483990658355,0.835529015669137,-0.512467182198852,0.00164710878221029,0.00295832810386696,0.256578927972619,0.136790432157718,0.0933550374117191,0.2858139572015,0.0960296758328713,0.174584223421035,-0.403990657166522,0.0160913373875794,0.0113283642919777,0.454376848554396,0.00610612650957374,0.00819926382261744,0.0874865924248181,0.617257706059568,0.342014430649527,0.228829922389751,0.186090080541738,0.116021228675672,0.0292169326024986,0.867678775384455,0.511652039658149,0.70856810947231,1.90866119410555e-06,1.04430007108388e-05,"brown",0.70856810947231,1.90866119410555e-06,1.04430007108388e-05,TRUE,TRUE
"K13924","black",-0.471461344688271,0.00425055518274807,0.0344025947322673,-0.651875295035508,2.21306836657483e-05,0.000147822220775356,-0.471850226073153,0.0042147509023552,0.00554172253162305,0.370076514232219,0.028651945356546,0.0936405058193887,0.486524711773452,0.00304096347711879,0.00292677370410892,0.767378854635769,7.52911447166733e-08,2.22420925566498e-06,0.531207476529595,0.00102555994917184,0.00270717557708849,-0.0635050316071896,0.717036281262403,0.304649490580673,0.33345329919167,0.0502857464783842,0.0801091397603669,0.337445179317216,0.0474312939884453,0.0322313705734106,"black",0.767378854635769,7.52911447166733e-08,2.22420925566498e-06,TRUE,TRUE
"K13979","turquoise",0.460337797616665,0.00539223725319201,0.0401841083880067,0.266169934810177,0.122219290154193,0.0685582398649587,0.769137979656896,6.73862294878733e-08,3.44447610720168e-07,-0.271301252950617,0.114915260202507,0.191839946920702,-0.668692339181693,1.12968640703186e-05,3.13266403674887e-05,-0.113192266362466,0.517359983961271,0.23603956480026,-0.362551694538915,0.0323214959541855,0.041940815658924,0.308816766381188,0.0710681692073625,0.0556684646682225,-0.377927057572211,0.0251953977233644,0.0505272986060732,0.287829894117656,0.0936058964968233,0.0547620596037775,"turquoise",0.769137979656896,6.73862294878733e-08,3.44447610720168e-07,TRUE,TRUE
"K13991","purple",-0.268470547641791,0.11890291494373,0.285382160201373,-0.187310805659885,0.281269042199194,0.126757705059515,-0.443111908019257,0.00767845381800711,0.00913194967904467,0.152114289993336,0.383028480638162,0.384628961780161,0.769944914424754,6.40225623649085e-08,4.52390674805366e-07,0.509120684108932,0.00178751328913844,0.00321976655681561,0.807032937029522,4.74782438046299e-09,8.69448815655611e-08,-0.486061767547778,0.00307311073964354,0.00489442830418966,-0.037066688581446,0.832576747673248,0.501693703252994,-0.181019189842464,0.298033735885638,0.135361837872662,"purple",0.769944914424754,6.40225623649085e-08,4.52390674805366e-07,TRUE,TRUE
"K13993","purple",-0.325626693543429,0.0562799276986225,0.180868045371816,-0.109196948869526,0.532346595133104,0.203303424685614,-0.612280428624534,9.26812566428058e-05,0.000209130335817003,0.265914655471923,0.122591485972289,0.199020772524504,0.878133117346676,4.22493197787572e-12,1.55010363241973e-10,0.25604708461365,0.137634264166052,0.0878167414102284,0.51059175570472,0.00172455220873981,0.00407629147365789,-0.446142767300365,0.00722473400723552,0.00971148759303089,0.170738672757335,0.326767931141562,0.285603471951675,-0.371653343585853,0.0279281001777903,0.0211407776657882,"purple",0.878133117346676,4.22493197787572e-12,1.55010363241973e-10,TRUE,TRUE
"K14052","brown",0.088504943034223,0.613151155027823,0.754520493696671,-0.549260884007382,0.000632733668244534,0.00151947236076376,0.545096453659944,0.000709005658684539,0.00123320509186287,0.204865481709455,0.237779083560491,0.293047347247844,-0.596300381255859,0.000156689695925666,0.000259654880756552,0.476577203122964,0.00379994860742516,0.005691050700216,0.103584057324875,0.553748551083669,0.320523457379067,0.417466266465812,0.0125893316056078,0.0147390211066288,-0.246346770066692,0.153703413130331,0.174402394965865,0.870009443507593,1.15062612928478e-11,7.77846459242848e-09,"brown",0.870009443507593,1.15062612928478e-11,7.77846459242848e-09,TRUE,TRUE
"K14063","blue",-0.407692135537613,0.0150566094462607,0.0794323108905867,-0.369213434547906,0.0290546207479311,0.0236407850588964,-0.0323453712322857,0.85365552531,0.353758024469217,0.281742354816018,0.101070717564198,0.179313654255825,-0.155383576334829,0.372764355197273,0.142089851966216,0.0390709201756825,0.823662381287262,0.327265331916408,-0.337490543153451,0.0473996189658681,0.056591342172012,0.843262894873564,2.04665486380099e-10,1.13059470418025e-08,-0.127353309966259,0.465973343400022,0.357207712148104,0.200914037292729,0.247148248642305,0.117242791461344,"blue",0.843262894873564,2.04665486380099e-10,1.13059470418025e-08,TRUE,TRUE
"K14189","blue",-0.180940112024271,0.298248413745383,0.487380463699387,-0.0356510825425384,0.83888550678673,0.283878218551861,0.212490769963653,0.22038249748296,0.134893050288671,-0.0302433840920269,0.8630731062482,0.572740779858418,-0.381870211868656,0.0235936508590972,0.0153628533363634,-0.23235590843325,0.179213273940379,0.106416465981186,-0.500729519615117,0.0021866138302904,0.0049131933563003,0.794431188779656,1.21880876231005e-08,2.56594905474958e-07,-0.22400029898955,0.195808224044381,0.205129959646103,0.0760711852899628,0.664049438857932,0.249012722421564,"blue",0.794431188779656,1.21880876231005e-08,2.56594905474958e-07,TRUE,TRUE
"K14213","blue",-0.271468479152467,0.114682864676666,0.278391130122476,-0.276680703418062,0.107614823633939,0.062365731361057,0.121204075042835,0.487948661286687,0.240084492774743,0.38220588318761,0.0234612810749447,0.0845164551036064,-0.198588507976699,0.252775951635336,0.105250707942286,0.0160038911983006,0.927295955924137,0.351538826246455,-0.268076353506297,0.119466324579978,0.111668864381029,0.779267921961778,3.4895162870366e-08,5.4991205316579e-07,-0.299915035735865,0.0800439564452454,0.110870583228498,0.207900315570074,0.230747796095967,0.111262091542633,"blue",0.779267921961778,3.4895162870366e-08,5.4991205316579e-07,TRUE,TRUE
"K14260","blue",-0.275352176835501,0.109384306108682,0.269415737002664,-0.191679524492459,0.269994577796815,0.123125925739169,0.102627404004516,0.557435920879143,0.263559156205377,0.0682375247800612,0.696912276250441,0.515773468411681,-0.223486115804431,0.196863361029051,0.0863019016196521,-0.0333585786465825,0.849123041661323,0.333790048453979,-0.297289401482961,0.0828524772834588,0.0848213588293291,0.828068505409336,8.35689407408908e-10,3.33630114154328e-08,-0.319295445775161,0.0615324985474658,0.0926492402512653,0.0874034598999761,0.61759344891714,0.235013854760586,"blue",0.828068505409336,8.35689407408908e-10,3.33630114154328e-08,TRUE,TRUE
"K14261","green",-0.139925052635154,0.422726757636668,0.607123739516814,-0.399196975145229,0.0175193425685769,0.0161008698867702,0.00633273471381492,0.9711989222318,0.385136048671304,0.0374759267165503,0.830754842475158,0.562106157516502,0.157357626742586,0.366646197917186,0.140300865274029,0.629612133027753,5.07320761257483e-05,0.000226218696897598,0.777373735847736,3.95665409710928e-08,5.79652142627082e-07,-0.301274706601347,0.0786188689407195,0.0601279829353364,-0.0975912004302879,0.577033270517346,0.406515916234347,0.43176106935917,0.00960040571752921,0.00892411233294774,"green",0.777373735847736,3.95665409710928e-08,5.79652142627082e-07,TRUE,TRUE
"K14338","brown",-0.0449367482871729,0.797700791975426,0.892925556666859,-0.534221261366853,0.000947886792427149,0.00198099753776873,0.274867426386219,0.110035383958894,0.0786083266444916,0.0729702557525889,0.676988654187705,0.510357654817398,-0.474260815741219,0.00399857203600469,0.00365358139086059,0.525829805454495,0.00117818603169911,0.00237645505521161,0.147952015835556,0.396332295068387,0.258516978442425,0.162311537370734,0.351557718946168,0.183866562596596,0.10910215999928,0.532704679930399,0.388283984616214,0.806877638502912,4.80529676630843e-09,1.4783540233483e-07,"brown",0.806877638502912,4.80529676630843e-09,1.4783540233483e-07,TRUE,TRUE
"K14407","purple",-0.329551350125173,0.0532069522491561,0.177805959237128,0.00911089363303208,0.958573125405553,0.310205466056462,-0.666988787639415,1.21164525459732e-05,3.58718043873945e-05,0.089005889278854,0.611135294818754,0.487626136158061,0.868449544878553,1.38406396635492e-11,3.7722674703102e-10,0.115663279188118,0.508196577179693,0.232847794306099,0.561553126876211,0.000448230802268124,0.00139715053318579,-0.614689269407311,8.54162074324606e-05,0.00026502972205558,0.244022473259988,0.157747833907183,0.177908893798381,-0.458667921549655,0.00558458163754294,0.00582725340520419,"purple",0.868449544878553,1.38406396635492e-11,3.7722674703102e-10,TRUE,TRUE
"K14440","turquoise",0.55791967400943,0.00049700618215465,0.00821640266329771,0.288305042698756,0.0930414957717095,0.0561912407085315,0.829996245732706,7.04478247100228e-10,6.89248329429991e-09,-0.212747304463622,0.219812796132132,0.280392528741179,-0.627821430908339,5.40819078581559e-05,0.000107033401260948,-0.122547382152284,0.483103106260625,0.224043392964883,-0.234887315807175,0.174388656169229,0.146575101937527,0.0487372500074251,0.780991522178267,0.320200179610274,-0.329684553309113,0.0531050496234955,0.0836867339890623,0.307229381024398,0.072608279293461,0.0450749863595013,"turquoise",0.829996245732706,7.04478247100228e-10,6.89248329429991e-09,TRUE,TRUE
"K14584","turquoise",0.485772091680577,0.00309337597447808,0.0272438649873455,0.174894942440918,0.314951012298605,0.138022784713049,0.847048240067381,1.40851660340618e-10,1.67992841501431e-09,-0.235658167171747,0.172938033487631,0.24289806389511,-0.633357817739192,4.43233663273866e-05,9.18882895666289e-05,-0.03038188087055,0.862452009999569,0.338129782805035,-0.0770264252789037,0.660082473659232,0.359261684063583,0.256344913876052,0.137161252836929,0.0922896592298953,-0.55846011154188,0.000489465263146788,0.00349776518359063,0.420582834035605,0.01187826975992,0.0106207958065487,"turquoise",0.847048240067381,1.40851660340618e-10,1.67992841501431e-09,TRUE,TRUE
"K14647","brown",-0.0600859368272129,0.731693710428992,0.849681549869651,-0.567440199892558,0.000378191760182216,0.00105188989213492,0.166649183465642,0.338659304660278,0.182022550590412,0.303329541266106,0.0765026230585627,0.155181887256331,-0.340072834162009,0.0456243215370997,0.0263611108174828,0.60162104215877,0.000131964884446432,0.000451992284606557,0.259750077057475,0.131837884556367,0.120032766660271,0.175777443884333,0.312476851040293,0.17026750128189,0.141529595395893,0.417373634576352,0.333973918921456,0.761250012178698,1.09995660322582e-07,1.19745055540357e-06,"brown",0.761250012178698,1.09995660322582e-07,1.19745055540357e-06,TRUE,TRUE
"K14743","blue",-0.265616727159793,0.123026930834633,0.28977385949411,-0.260562267586855,0.130591034049301,0.0720623965651704,0.207872301592734,0.230812048985811,0.139638840903991,0.156442193017314,0.369475931243519,0.377507754900775,-0.321956989685643,0.059279161460808,0.0322026714327044,-0.0605874129576234,0.729537920241904,0.301105201293254,-0.309539127868492,0.0703758311197743,0.074875741277536,0.836007636910741,4.0785195245041e-10,2.03532096146809e-08,-0.305189326070548,0.0746256862166357,0.106569450534937,0.20529426324405,0.236777001962265,0.113701988695676,"blue",0.836007636910741,4.0785195245041e-10,2.03532096146809e-08,TRUE,TRUE
"K14949","blue",-0.35453488738849,0.0366444176872215,0.138970585226628,-0.204743648069359,0.238064334529366,0.112688089831547,0.119659515796814,0.493550916463127,0.242014790101059,0.276949354553859,0.10725964606595,0.185963115279155,-0.194140397092269,0.263775777733189,0.108692174578586,-0.041730146944231,0.811868336935066,0.324057188858905,-0.240038918835516,0.164857299720445,0.141237958862438,0.75149005075498,1.96678107738353e-07,2.06629712435033e-06,-0.383871298573718,0.0228135900365703,0.047361293510313,0.057542075019029,0.74266031613374,0.26980216099502,"blue",0.75149005075498,1.96678107738353e-07,2.06629712435033e-06,TRUE,TRUE
"K14956","blue",-0.0486855831514726,0.781218053264496,0.881484525804889,-0.299223541364104,0.08077635626209,0.0501596540866258,0.137934526963692,0.429420588716239,0.217370834175256,0.00974007957660265,0.955714954741112,0.599579211362851,-0.531808600897452,0.00100963394685969,0.00118464372849479,-0.0109066738798138,0.950416989805352,0.357664863692081,-0.491024366831315,0.00274342072724522,0.00585878634628003,0.70178294127205,2.63567805731792e-06,1.75138640326475e-05,0.0355771913923739,0.839215083362022,0.503536399225461,0.346359294084741,0.0415251515372225,0.0291940983093557,"blue",0.70178294127205,2.63567805731792e-06,1.75138640326475e-05,TRUE,TRUE
"K14987","black",-0.237816490857594,0.168922214488884,0.354802882834883,-0.588682007031215,0.000199330337262162,0.000665714931518296,-0.0616105059949189,0.725146090269405,0.316860007388578,0.283703194617678,0.0986184902145061,0.177138598045715,-0.0403041090254029,0.818188127086324,0.258526115578774,0.705719842230406,2.18796051473366e-06,2.75044751135139e-05,0.262472668820463,0.127692665055873,0.117580453927723,0.172293758415951,0.322314830783355,0.173750806203995,0.210183039331641,0.225552835065809,0.22436628848418,0.573061204634905,0.000320592523429623,0.000601310472840556,"black",0.705719842230406,2.18796051473366e-06,2.75044751135139e-05,TRUE,TRUE
"K15066","brown",-0.0196191911700859,0.910931236589207,0.951714759273103,-0.614267207636795,8.66508551256713e-05,0.000379956300893401,0.298602211029626,0.0814388573884696,0.0617735703011616,0.347552373974303,0.0407818479224769,0.112169583272395,-0.550206850821442,0.000616457546213616,0.000786220581742794,0.484686450772569,0.00317036242705113,0.00492820549719261,-0.142367483132509,0.414593466480406,0.2661620756597,0.467848055657734,0.0045959973438054,0.00682945941633033,0.0909802719690011,0.603217616955107,0.416775580561495,0.833104153661756,5.32496165139882e-10,2.73145633613652e-08,"brown",0.833104153661756,5.32496165139882e-10,2.73145633613652e-08,TRUE,TRUE
"K15223","black",0.0452590144053367,0.796280370292126,0.892319766273675,-0.452315584231654,0.00637117356183703,0.00754475190437563,0.246703947036334,0.153088629640486,0.102249164449299,0.0623789406161405,0.721853084598793,0.52542794984033,-0.251995392063037,0.144188767013292,0.066964610893789,0.720812099634229,1.04143266132513e-06,1.59820396408327e-05,0.498820769195781,0.002287573320194,0.00510092589396243,-0.0244734060065029,0.889016271666529,0.348415896430039,-0.0679384015853684,0.698178404134053,0.45410204319603,0.69711787309272,3.27377556655995e-06,1.54215434953081e-05,"black",0.720812099634229,1.04143266132513e-06,1.59820396408327e-05,TRUE,TRUE
"K15256","blue",-0.36924574616445,0.0290394623353053,0.12134204972363,-0.279659337857609,0.103726187887397,0.0606433678133174,-0.0288609802252456,0.86927693588497,0.358523180619464,0.242903478334465,0.159722134902636,0.231351544999733,-0.165395647962728,0.342356681349204,0.133081782838727,-0.0269922324638455,0.87767548429608,0.341155297001363,-0.328743335566524,0.053828438976748,0.061376227373481,0.860641142386362,3.37270782479609e-11,3.30749042651574e-09,-0.224525421559016,0.194734724868638,0.204891970144686,0.0607155199654131,0.728987528498698,0.266456506429686,"blue",0.860641142386362,3.37270782479609e-11,3.30749042651574e-09,TRUE,TRUE
"K15371","blue",-0.44294362804217,0.00770434295575924,0.0506806263982763,-0.441539654063795,0.00792325952440452,0.00890792026569865,-0.11523540653972,0.509777448748756,0.24792566706403,0.40722514214817,0.0151839922170521,0.0686826945310226,-0.134019465820123,0.442756173142199,0.16288326609508,0.0658904770686494,0.706868223928768,0.294630111918238,-0.36737533221201,0.0299276851429829,0.0393221829776093,0.749587174535918,2.19597348450855e-07,2.26730895872378e-06,0.0827763972031617,0.636399060167967,0.429862333080788,0.225542980305466,0.192666280336031,0.0964051194819717,"blue",0.749587174535918,2.19597348450855e-07,2.26730895872378e-06,TRUE,TRUE
"K15372","brown",0.0571265666783693,0.744456382872017,0.857667407582645,-0.51526411666507,0.00153727845369206,0.00280543903887013,0.346653917964529,0.0413405880742609,0.0359028970817401,0.344143816806267,0.0429344160953516,0.114724848244875,-0.5232996261475,0.00125667092245016,0.00141531306823908,0.442210534414197,0.00781799802326377,0.0097966050176104,-0.0435705617748761,0.803729447951777,0.405045871575128,0.235079062091941,0.17402701257281,0.110338305078435,0.10199022463575,0.55989820240713,0.399619234953642,0.785412650698289,2.30165993518808e-08,4.11550411102428e-07,"brown",0.785412650698289,2.30165993518808e-08,4.11550411102428e-07,TRUE,TRUE
"K15408","black",-0.222205519204038,0.199508467027876,0.391305870606208,-0.569586556565633,0.000355192196692542,0.00101112602899744,-0.374975145206584,0.026452346770622,0.0253458420480063,0.160788342893899,0.356156538074691,0.369709855977434,0.18179294218412,0.295938374030686,0.119125333201815,0.71059588429952,1.73012843341692e-06,2.32320431788555e-05,0.477030741530464,0.00376207596453015,0.00753962150807666,-0.188043095364536,0.279358263058307,0.157598880795365,0.353399302362304,0.0372930555532723,0.0652272020584075,0.406344946223801,0.0154265452353507,0.0130948964782975,"black",0.71059588429952,1.73012843341692e-06,2.32320431788555e-05,TRUE,TRUE
"K15510","purple",-0.469221510253986,0.00446193795508397,0.0352254665501432,-0.122119397113143,0.484644216066899,0.18947581060108,-0.656127137069907,1.87437089294689e-05,5.18173780269234e-05,0.330039877452034,0.0528339811521855,0.126728937288198,0.925992784614198,1.6239382928892e-15,4.30044352134509e-13,0.17395058964478,0.317612137331998,0.166729838761155,0.537075314657778,0.000879165798402323,0.00241195326574422,-0.228301593968095,0.187136293127262,0.116552163544042,-0.0084367629031949,0.961636027245625,0.536241791721572,-0.467722275555737,0.00460844639424467,0.004965720111146,"purple",0.925992784614198,1.6239382928892e-15,4.30044352134509e-13,TRUE,TRUE
"K15525","blue",-0.0260826994533088,0.881767932092878,0.935538652474949,0.131212496525706,0.452454604473539,0.181026216278395,0.433267385838405,0.0093239227886911,0.0108417919602929,0.021776570511054,0.901182531662664,0.581881216867931,-0.438939013978375,0.0083428155676467,0.00673667283804424,-0.339298144225802,0.0461512099697038,0.038270132171388,-0.528944267508074,0.00108752608285882,0.00282989712432716,0.719846643656338,1.09363367898661e-06,8.23789691568054e-06,-0.509427033213519,0.00177423821460307,0.00862867849430407,-0.0461507072756683,0.792353506879576,0.281813997003289,"blue",0.719846643656338,1.09363367898661e-06,8.23789691568054e-06,TRUE,TRUE
"K15526","blue",-0.134147802953285,0.442315480564551,0.62294387284796,-0.162433167333651,0.351192048162391,0.14954426241225,0.394741056842055,0.018940238775468,0.0194580738989586,0.0454842040637188,0.795288204902196,0.552138732164803,-0.306205513166638,0.0736153918958857,0.0384997717929071,0.036461515793533,0.835272513024363,0.330451254525819,-0.233378349024051,0.177253335916291,0.148471798333276,0.704422416931386,2.32716988216655e-06,1.56584830593937e-05,-0.402441889763792,0.0165416308345542,0.0383081683996517,0.303630032510325,0.0761968996133572,0.0469988588373183,"blue",0.704422416931386,2.32716988216655e-06,1.56584830593937e-05,TRUE,TRUE
"K15532","brown",0.117197899161325,0.502546821639704,0.674209898775549,-0.489533751041016,0.00283904931080878,0.00427936730988054,0.393376156618434,0.0193942267117928,0.019875559660256,0.10416277440857,0.551523461757648,0.466332830696486,-0.519674204504613,0.00137714042783815,0.00152754543738433,0.489532602370147,0.00283912410664373,0.00453974724452618,0.118026834297535,0.499508300793343,0.299596893598265,0.201554879466958,0.245612257673401,0.142868107514912,0.00344395990830238,0.98433469343426,0.542221873581678,0.833554994543852,5.1106771200745e-10,2.73145633613652e-08,"brown",0.833554994543852,5.1106771200745e-10,2.73145633613652e-08,TRUE,TRUE
"K15546","turquoise",0.356521604412049,0.0355316752270039,0.136385805600422,0.167002974196949,0.337620218201408,0.145034167712561,0.797955756966573,9.42558115682816e-09,6.18006260002454e-08,-0.145740949200335,0.403506298322782,0.396632076930326,-0.773153593704052,5.2121437063121e-08,3.91495722396917e-07,-0.285085591010098,0.0969170764917492,0.0673663657107349,-0.422370284904527,0.011485992363248,0.018511601853988,0.521899244961048,0.0013020579618184,0.00240656121419781,-0.519679455562846,0.00137695884770503,0.00726901354241298,0.308940022459045,0.0709496607882546,0.0443057904030884,"turquoise",0.797955756966573,9.42558115682816e-09,6.18006260002454e-08,TRUE,TRUE
"K15554","turquoise",0.462879993219124,0.0051103676248361,0.0388751899948843,0.0926887949895918,0.596401844691923,0.221208639115929,0.790317992061784,1.63500868767634e-08,9.75032011188396e-08,-0.200124870185392,0.249048546010311,0.300810680363538,-0.834031298089405,4.89300280775585e-10,7.52832113159583e-09,-0.105743565237254,0.545466983637134,0.245382397780678,-0.301216626503396,0.0786793380861625,0.0814023242364253,0.379923179234084,0.0243736915390444,0.0246761935139055,-0.470413507466589,0.00434834107313447,0.0156325382360259,0.418944808296323,0.0122476398713949,0.0108773806336837,"turquoise",0.790317992061784,1.63500868767634e-08,9.75032011188396e-08,TRUE,TRUE
"K15583","black",-0.183600380927921,0.291080469297936,0.48191538506484,-0.698240920852908,3.10844420379754e-06,3.56935211052994e-05,-0.137548527156483,0.430725410575817,0.217855213550146,0.322244219770896,0.0590399408448823,0.133980651504124,-0.0378077155183831,0.829278373494936,0.261251522261146,0.784787937650661,2.40259449223366e-08,8.97617172537801e-07,0.383914300904952,0.0227970643387502,0.0319902612816082,-0.00308070181433935,0.985986849265118,0.370768890387457,0.229910597414221,0.183962949645451,0.196991490620296,0.661134434803423,1.53620028313668e-05,5.11731736042855e-05,"black",0.784787937650661,2.40259449223366e-08,8.97617172537801e-07,TRUE,TRUE
"K15724","salmon",0.494174365880081,0.00255051737053089,0.0237035000976374,0.898471296090256,2.42859369384854e-13,4.13656578554065e-11,0.0570128959997419,0.744947964555346,0.322697759795092,-0.516643199702673,0.00148553074406832,0.0221541318492349,0.227745678165373,0.188241599966056,0.0831720342930211,-0.689803036468435,4.56250049756286e-06,4.31305152767932e-05,-0.078636509783623,0.653416665221051,0.357328945651804,-0.622397200014824,6.54824176652864e-05,0.000211965208609069,-0.13910976843085,0.425461356357813,0.338286124598846,-0.78285877787755,2.74066696714736e-08,4.4650069522289e-07,"salmon",0.898471296090256,2.42859369384854e-13,4.13656578554065e-11,TRUE,TRUE
"K15726","green",-0.24108307459302,0.162971940799996,0.346885016469765,-0.440891013694291,0.00802617961241905,0.00898409673825988,-0.148370858327396,0.394981647482409,0.204013436579542,0.194401572594193,0.263121346411058,0.31134190607607,0.342290853680407,0.0441424635632462,0.0256291005286107,0.703485342407072,2.43269969025847e-06,2.86445563612068e-05,0.889737920844436,8.86296298545125e-13,7.63781922576322e-11,-0.177441314721112,0.307845375620199,0.168359807197863,-0.239961645151125,0.164997447067383,0.18271752916537,0.282391635777156,0.100253651094883,0.0577093434409856,"green",0.889737920844436,8.86296298545125e-13,7.63781922576322e-11,TRUE,TRUE
"K15734","black",-0.36249500368847,0.0323505327076378,0.128477829896047,-0.609214016436311,0.000102731831392839,0.000426782149185845,-0.129408123172568,0.45874885561287,0.228540595435631,0.565372014011527,0.000401598907123528,0.0122066321896593,0.269300569773968,0.117723086705498,0.056780381608087,0.741317555653578,3.50644128730433e-07,6.7924816086408e-06,0.545221692202121,0.000706598232823686,0.00202996429155233,0.161000866486715,0.355512726446751,0.185529965359064,-0.117828571390955,0.500234200038432,0.374756804366547,0.412957617829327,0.0136813575543647,0.0118225663494436,"black",0.741317555653578,3.50644128730433e-07,6.7924816086408e-06,TRUE,TRUE
"K15770","green",-0.507667688799468,0.00185166821576374,0.0197138009258852,-0.523010624843452,0.00126592189349611,0.00245956038570409,-0.449821898757724,0.00670496052299211,0.00812856734071817,0.361102468107897,0.0330704987872631,0.100900837586061,0.483470722667008,0.0032585443210227,0.00308068168739099,0.632708314734749,4.53792971885189e-05,0.00021120064502772,0.794731041468508,1.19267658060343e-08,2.03983809869387e-07,-0.145215664856614,0.405221464568283,0.203491212659548,0.0138482760118656,0.937067792387813,0.533879579813644,0.172964201698827,0.320406675018969,0.142880719962914,"green",0.794731041468508,1.19267658060343e-08,2.03983809869387e-07,TRUE,TRUE
"K15777","turquoise",0.700487647459007,2.80035575829383e-06,0.000688672104558874,0.414422513459121,0.013318125667901,0.0131504035883794,0.9211307550245,4.47247838811588e-15,4.00072149215195e-13,-0.299007530927916,0.0810062051804497,0.159171901096659,-0.739406882795407,3.89716110425037e-07,2.06533362222557e-06,-0.347854970091204,0.0405950462314361,0.0345103985553273,-0.332918211632094,0.050678584505219,0.0592533305052774,0.0694181925423155,0.691922633949604,0.297666463523046,-0.519041605472232,0.0013991701127951,0.00726901354241298,0.185780002660738,0.285290660150102,0.13069904411349,"turquoise",0.9211307550245,4.47247838811588e-15,4.00072149215195e-13,TRUE,TRUE
"K15778","black",-0.324596040187466,0.0571098382853657,0.182066336090768,-0.69896196561169,3.00635236789491e-06,3.56935211052994e-05,0.0894751351364661,0.609249545888489,0.280610624873343,0.444850858708757,0.00741524708772822,0.0479228283493516,0.0082985997926764,0.962263837157862,0.290483482858447,0.80519017919438,5.47269176376289e-09,3.74398465968346e-07,0.496656538162942,0.00240694758978414,0.00529180401247573,0.272994804865407,0.112577988155577,0.0792279601376911,-0.185163095765968,0.286921782968665,0.261908610903726,0.625285075720785,5.91684878854705e-05,0.000158557755250403,"black",0.80519017919438,5.47269176376289e-09,3.74398465968346e-07,TRUE,TRUE
"K15836","green",-0.21520662980505,0.214402345350111,0.406309601709724,-0.406673530828932,0.0153356206063472,0.0145926241667503,-0.347048063522316,0.0410947169067451,0.0357389348852924,0.319410740195671,0.0614335063613743,0.135869537538849,0.481091641567988,0.00343728745294606,0.00321147445227648,0.633914401958387,4.34362155052838e-05,0.00020552207162882,0.86433683433759,2.2277949354027e-11,1.08791087616461e-09,-0.503879884874539,0.00202848247335631,0.00343738103458684,0.115920101117886,0.507248870184333,0.377588388103847,0.176445177902561,0.310612945489734,0.139558468053462,"green",0.86433683433759,2.2277949354027e-11,1.08791087616461e-09,TRUE,TRUE
"K15878","brown",0.206046115703883,0.23502677002947,0.427893270947731,-0.380863319864697,0.0239944232723038,0.0203666758665178,0.499507608201449,0.0022507853086257,0.00329111832884357,0.00704051342621336,0.967981532591453,0.601789795204917,-0.6464093652289,2.72970506562763e-05,6.33433864445664e-05,0.389430017538039,0.0207580420912539,0.0206820428722256,0.0139746966429135,0.936494438861951,0.442813656470842,0.276239981406992,0.108199414684018,0.0768159542930298,-0.0696588200143884,0.690907268294624,0.45218581250724,0.784804233537385,2.39991046822965e-08,4.15450205293553e-07,"brown",0.784804233537385,2.39991046822965e-08,4.15450205293553e-07,TRUE,TRUE
"K15932","turquoise",0.574526023514088,0.000306930502799704,0.00585705133452957,0.42850159427035,0.0102226082689009,0.0107702629760875,0.775117394596775,4.58816098382736e-08,2.43469603696617e-07,-0.0331907352902865,0.849873547764952,0.568950953655892,-0.531186205563022,0.00102612753133509,0.00120021678331701,-0.367348290878433,0.0299406879679212,0.0274048398070802,-0.224032791409682,0.19574168054946,0.159611792180771,0.148358210230592,0.395022395080811,0.199917572933208,-0.612169606754794,9.30284868030831e-05,0.0012528741928542,0.0326632179606131,0.852233166191565,0.297205151980065,"turquoise",0.775117394596775,4.58816098382736e-08,2.43469603696617e-07,TRUE,TRUE
"K15973","turquoise",0.501891417149003,0.00212708245162471,0.0213175003067216,0.596383577376629,0.000156273140145586,0.000570450719508703,0.791389783491526,1.51547136601384e-08,9.25788918964536e-08,-0.406032865246112,0.0155133214371856,0.0686826945310226,-0.608052621309119,0.000106787297930432,0.000188294091854549,-0.666225269641387,1.25010260161429e-05,8.16129016521771e-05,-0.582578686261356,0.000240688990760743,0.000839549478982787,0.313000246254335,0.0671314752085763,0.0533524711879922,-0.576636979800736,0.000288155418901533,0.00244903183085082,-0.133828722005597,0.443411604102759,0.183476377601562,"turquoise",0.791389783491526,1.51547136601384e-08,9.25788918964536e-08,TRUE,TRUE
"K15974","turquoise",0.318944999382204,0.0618341662450346,0.1900806052744,0.26641219002213,0.121866862858232,0.0685060196560776,0.721045183540568,1.02917711599868e-06,4.04033654986091e-06,-0.207662146117112,0.231294448487243,0.288234270436444,-0.541837695842636,0.000774255680296944,0.00095300912396753,-0.319257965173161,0.061564706627591,0.0473622508229402,-0.393381487106886,0.0193924362320113,0.0281498505801487,0.251833375661406,0.144455525591655,0.0958514206071407,-0.44494283435255,0.00740154320503105,0.0227742912990643,0.129633578159042,0.457959844817179,0.188315536974505,"turquoise",0.721045183540568,1.02917711599868e-06,4.04033654986091e-06,TRUE,TRUE
"K15980","blue",-0.444124441732592,0.00752424363045941,0.0501145976803723,-0.45736601731455,0.00573860715384393,0.00700676190814054,0.0540889322914081,0.757626524949968,0.326495850049296,0.353158896088889,0.0374315618570522,0.107238686204297,-0.0672804671185889,0.70096612374001,0.230416716021155,0.230282075126293,0.183235738271793,0.108423607286544,-0.0161534997312289,0.926618122035998,0.440467645240499,0.83692674625366,3.74432856209445e-10,1.94978944984942e-08,-0.376823995176734,0.0256591948568414,0.0510499371499982,0.258427423155633,0.133887177484869,0.0723919900818968,"blue",0.83692674625366,3.74432856209445e-10,1.94978944984942e-08,TRUE,TRUE
"K16118","green",-0.419098571844921,0.0122125590569435,0.0689946939972799,-0.382892547973906,0.0231924130805538,0.0198177360602302,-0.302703604888283,0.0771425201627723,0.0594143548552978,0.323115122012334,0.0583192745777914,0.133154494059941,0.604478683413395,0.000120185745495764,0.000207320473084533,0.575801664687337,0.00029545859037303,0.000827324537819061,0.744226351397953,2.98024168852304e-07,3.21034671240695e-06,-0.216326333117415,0.211969626227408,0.128088926309899,-0.114011205972318,0.514314050549391,0.380100278085995,0.0535310152929012,0.760052896194008,0.273830470496757,"green",0.744226351397953,2.98024168852304e-07,3.21034671240695e-06,TRUE,TRUE
"K16138","turquoise",0.327949997464884,0.0544442452408878,0.178521284138583,0.0333712227734058,0.849066509133596,0.286230395949057,0.791532375770198,1.50019149776818e-08,9.20946998255823e-08,0.021772023360629,0.901203064757823,0.581881216867931,-0.479275605652772,0.00357939476080797,0.00331824603501881,-0.033917544123886,0.846624589524272,0.333029484066983,-0.044443088727418,0.799877886064942,0.404887233546759,0.349268002968497,0.039731872190479,0.036325310521896,-0.658750883571302,1.68957501467074e-05,0.000448196439471944,0.33093739280303,0.0521541954767879,0.0349032152144702,"turquoise",0.791532375770198,1.50019149776818e-08,9.20946998255823e-08,TRUE,TRUE
"K16139","turquoise",0.557224608161317,0.00050685633557965,0.00829709630181697,0.227784131203358,0.188164997684401,0.0954807223879012,0.700306674767283,2.82409757899109e-06,9.74296579307723e-06,-0.273607589255299,0.111741148788994,0.189841412069477,-0.700731198641079,2.76869207683431e-06,1.023221317614e-05,-0.232993329231205,0.177989593308445,0.106009473543272,-0.306587349937449,0.073238537946959,0.0769103537353754,0.0415843578890245,0.812513903046218,0.328468268142689,-0.281612509182227,0.101234722772811,0.130420211527906,0.255823999786292,0.13798935143764,0.0738911516884615,"turquoise",0.700306674767283,2.82409757899109e-06,9.74296579307723e-06,TRUE,TRUE
"K16147","purple",-0.471634153717759,0.00423461234119323,0.0343605473471948,-0.127400217534343,0.46580775265625,0.184368531860797,-0.816907868163154,2.1590949687405e-09,1.81469474369037e-08,0.365087531302512,0.0310442642974288,0.0972462990826691,0.887927395563834,1.14351592878557e-12,6.81767974457734e-11,0.110570039034199,0.527172533215134,0.239054773558093,0.451831621037303,0.00643481486527668,0.0118281574230241,-0.276796495268577,0.107461629118246,0.0764734891503357,0.197214540732997,0.256140606612129,0.244386507072282,-0.521835323467318,0.00130416365757138,0.00179318313886892,"purple",0.887927395563834,1.14351592878557e-12,6.81767974457734e-11,TRUE,TRUE
"K16150","green",-0.25709878017689,0.135969310157164,0.307630783548399,-0.103192877830826,0.555254954326164,0.210011666157443,-0.157970128566331,0.364760086602371,0.192193222626084,0.182928418674472,0.292880513687532,0.33278530608431,0.600762875385054,0.000135699125497888,0.000228704641461663,0.322883424160673,0.0585103192762411,0.0456665631129598,0.78338453828952,2.64442393078237e-08,3.99391396588528e-07,-0.247641542841115,0.151483301952911,0.099522137669294,-0.425846310015436,0.01075445903548,0.0288696609249431,-0.16908542206297,0.331543712582101,0.146793283775674,"green",0.78338453828952,2.64442393078237e-08,3.99391396588528e-07,TRUE,TRUE
"K16153","blue",-0.286202608151647,0.0955587094957112,0.250077020514181,-0.342502127427258,0.0440033564108599,0.0321443325549245,0.256452644515995,0.136990450240176,0.0933897560715634,0.366579286105127,0.030312406355076,0.0961929514125103,-0.296465253108922,0.0837495519349692,0.0427625920197682,0.190890866876514,0.272007692885745,0.147915332934086,-0.137806294143775,0.429853819806607,0.272236216661853,0.775781254531808,4.39332847995613e-08,6.5772642441549e-07,-0.371161908652439,0.0281520634867988,0.0540768108649637,0.329906024582712,0.0529359646419762,0.0353121116941119,"blue",0.775781254531808,4.39332847995613e-08,6.5772642441549e-07,TRUE,TRUE
"K16163","turquoise",0.29513409727415,0.0852143124538075,0.233983085479901,0.00743388956707977,0.96619355214697,0.311389680419004,0.800362832749662,7.8851933111581e-09,5.30905842799155e-08,0.0146916911806451,0.933243267151183,0.59198696399817,-0.59276138523817,0.000175358005834485,0.000280243881289486,-0.00397872171884292,0.981902629834406,0.364804844481533,-0.0896546566733415,0.608528759669535,0.339101634481084,0.387164041052621,0.0215765693490677,0.02231595286729,-0.568871945083056,0.00036270735595369,0.00282233592876921,0.456628553377523,0.00582746428777822,0.00603299856192906,"turquoise",0.800362832749662,7.8851933111581e-09,5.30905842799155e-08,TRUE,TRUE
"K16173","black",-0.437699407701006,0.00854937388100758,0.0545555854243138,-0.750596099811161,2.07156262208206e-07,4.70459102144289e-06,-0.383673859478579,0.0228895928466805,0.022642841492326,0.514984888121647,0.0015479465143956,0.0224002372658158,0.306796897187454,0.0730323656736804,0.0382359227976676,0.770197471264466,6.30020364139255e-08,2.01207700680044e-06,0.417031434131162,0.0126913393922115,0.0199494490798158,-0.0125440785132904,0.942984464569399,0.361103627222251,0.321490339605075,0.0596694472324502,0.0908424907541476,0.478055476274526,0.00367770766228539,0.0041052521859305,"black",0.770197471264466,6.30020364139255e-08,2.01207700680044e-06,TRUE,TRUE
"K16191","green",-0.151240737236081,0.385798739497535,0.568504994734258,-0.130979285334069,0.453265493775257,0.181026216278395,-0.216447275886942,0.21170800337846,0.130669230507586,0.113598179496503,0.515849133472478,0.450594408941066,0.486486697605396,0.00304359215321311,0.00292677370410892,0.389661768767931,0.0206758024323474,0.0206452998026545,0.76165427962777,1.07316471390735e-07,1.36712399249407e-06,-0.235251316493778,0.173702587466894,0.110249337632725,-0.22358725548263,0.196655502898725,0.20555410357962,-0.0630513125513792,0.7189757652315,0.263618288902865,"green",0.76165427962777,1.07316471390735e-07,1.36712399249407e-06,TRUE,TRUE
"K16238","brown",-0.365506238003736,0.0308374014335611,0.124793889092525,-0.709849216471563,1.79400913576257e-06,2.51152851339093e-05,0.0169627563296979,0.922952501942545,0.372971699515012,0.34340260629773,0.0434144136025625,0.115059157532118,-0.330957836991309,0.0521387925190629,0.029343075252317,0.547182450579227,0.000669839366635796,0.00155505093979769,-0.111163664637887,0.524943243740312,0.309973771324696,0.517693710332066,0.00144714479286299,0.00261027045829932,0.282832735359907,0.0997014347119418,0.128941632388489,0.772037028987241,5.60092356887312e-08,6.91448223274816e-07,"brown",0.772037028987241,5.60092356887312e-08,6.91448223274816e-07,TRUE,TRUE
"K16423","blue",-0.18951122314196,0.27555285691356,0.466848162984977,-0.0328503214211935,0.851396095109127,0.286687845886779,0.0897569711570245,0.608118125003426,0.280398887677617,-0.0798131974497924,0.6485617276692,0.501445113494753,-0.297962132110309,0.0821257380237052,0.0420740161719218,-0.243712311419246,0.158293293539319,0.0975195904621588,-0.421728703683658,0.0116255146668151,0.0186748323214679,0.710476214351188,1.7402246137073e-06,1.19783682413428e-05,-0.166210384146358,0.339950778408641,0.293229863925834,-0.00600995207056415,0.972666364959268,0.323499743996709,"blue",0.710476214351188,1.7402246137073e-06,1.19783682413428e-05,TRUE,TRUE
"K16554","brown",0.0194624312602108,0.911640114628785,0.952064844389859,-0.436195412132501,0.00880582557985714,0.00965338183145262,0.530823313210223,0.0010358535129021,0.00172274687708752,0.00744514669554165,0.966142388385168,0.600838429975412,-0.564652341673919,0.000410041334262641,0.000564428278438567,0.373476468247598,0.0271099970638733,0.025244082062304,0.0814994309899748,0.641629241870514,0.352320313846982,0.400578870776933,0.0170972227382881,0.0185817056618355,-0.214242928281816,0.216511443775896,0.218734431850613,0.776474173633719,4.19813101549971e-08,5.9178904117924e-07,"brown",0.776474173633719,4.19813101549971e-08,5.9178904117924e-07,TRUE,TRUE
"K16559","blue",0.0405736050092718,0.816992921711262,0.903018096676968,-0.190639665135591,0.272650958755763,0.12395014671985,0.330056082697176,0.0528216448878366,0.0438079648716754,-0.039519946765018,0.821668143579501,0.5604414378875,-0.554296139415372,0.000550288480062238,0.000713225673357549,-0.00872789284437632,0.960313214383197,0.35959001793795,-0.419443827893976,0.0121340987796613,0.0192386642654335,0.757941440013799,1.34351958962509e-07,1.5180278501186e-06,-0.141894684459041,0.41616095841009,0.333496751147031,0.398672175312599,0.0176819157009915,0.0147020998379071,"blue",0.757941440013799,1.34351958962509e-07,1.5180278501186e-06,TRUE,TRUE
"K16650","turquoise",0.592974477567354,0.00017417996710123,0.00435041683455181,0.380166125684701,0.0242752115154966,0.0205708405462324,0.838246784463548,3.30862854574058e-10,3.6030333028561e-09,-0.322058341565605,0.0591946627696087,0.133980651504124,-0.552207290648219,0.000583255479443517,0.000751867770130315,-0.210762075938152,0.224247844805749,0.126786708283566,-0.0779447067256928,0.65627756159965,0.358215525909727,-0.106601025873718,0.542195020030805,0.25074077825708,-0.486293493852982,0.00305698272704301,0.0123606112439215,0.215278871769909,0.214244812259898,0.104836532275773,"turquoise",0.838246784463548,3.30862854574058e-10,3.6030333028561e-09,TRUE,TRUE
"K16699","green",-0.0355048792043369,0.839537643333283,0.914515204987023,-0.182191292098223,0.294863297894373,0.131338570606921,-0.105254105105349,0.547338881947679,0.260929862239006,-0.0228528008935051,0.896324512235648,0.58120230638023,0.315210500158762,0.0651218555332646,0.0347629460819682,0.523924579696158,0.0012368692107201,0.00246053228959133,0.864367508721435,2.22002771143635e-11,1.08791087616461e-09,-0.474295170392705,0.00399556184643495,0.00611945443952582,-0.112544367810412,0.519776046896412,0.382439015265531,0.150365339431096,0.388586522224361,0.165392092554378,"green",0.864367508721435,2.22002771143635e-11,1.08791087616461e-09,TRUE,TRUE
"K16856","brown",-0.176487042842839,0.310496317764708,0.499674968617339,-0.55752317983421,0.000502604067954533,0.00126513330453941,0.228234761116151,0.187268932163834,0.119167751306933,0.125378835197371,0.47297173342625,0.429417329233321,-0.32642612922951,0.0556428164873035,0.0308062040730553,0.539605693732571,0.000821958867761781,0.00180296066430577,0.127418307928183,0.4657438991863,0.285249807757582,0.341892816552164,0.0444055010867188,0.039249891060475,0.0535999678408706,0.759752900267649,0.473217947016795,0.736423784110117,4.58777050318691e-07,3.59203539162242e-06,"brown",0.736423784110117,4.58777050318691e-07,3.59203539162242e-06,TRUE,TRUE
"K16968","brown",0.325824375232525,0.0561218487221287,0.180868045371816,-0.283430600928465,0.0989566583262396,0.058716623181508,0.431204259282589,0.00970435648326713,0.0112112894132033,-0.08523399818755,0.626381916927454,0.493316417077361,-0.579975117555588,0.000260552035385516,0.000384747948621089,0.330922260688822,0.0521655985749731,0.0418243198627298,-0.0881486974955247,0.6145864253867,0.341430378803118,0.0529370763211963,0.762638402781051,0.315807884162723,0.132927955182805,0.44651393796365,0.347635021220521,0.734879700377758,4.98778911367095e-07,3.81665381364228e-06,"brown",0.734879700377758,4.98778911367095e-07,3.81665381364228e-06,TRUE,TRUE
"K17213","brown",0.321774849326495,0.0594312546617698,0.186203194578877,-0.191183888479332,0.271258589616479,0.123536976967203,0.611883037604167,9.39318057573762e-05,0.000211570924637933,-0.123983814121107,0.477949340426287,0.432304240753038,-0.624843121480476,6.00976992388944e-05,0.000117476874835433,0.305885157321563,0.0739327321438379,0.054807522824211,0.0800193494975397,0.64771261503564,0.354730009218988,0.193657868221458,0.264987671734003,0.151129058212835,-0.199694346800678,0.250089332808826,0.240579511680379,0.707408546860366,2.01817361628698e-06,1.06557077675487e-05,"brown",0.707408546860366,2.01817361628698e-06,1.06557077675487e-05,TRUE,TRUE
"K17218","turquoise",0.377756844271132,0.0252665113733598,0.110760200357928,0.109388861300666,0.53162196181845,0.203102584695695,0.792516117331248,1.39859348957759e-08,8.6707813964547e-08,-0.161644028223129,0.353568624263781,0.369709855977434,-0.596172996526861,0.000157329429587847,0.000259654880756552,-0.0408911179227115,0.815585283719461,0.324601795750695,-0.127419521737375,0.465739614982984,0.285249807757582,0.173863701615209,0.317857686154127,0.172103299433909,-0.354657852172835,0.036574734415624,0.0643565803762037,0.427713815485369,0.0103780185599075,0.00952122640247428,"turquoise",0.792516117331248,1.39859348957759e-08,8.6707813964547e-08,TRUE,TRUE
"K17223","black",-0.269322030930708,0.117692697532562,0.283544501892692,-0.620552093647195,6.98281413191307e-05,0.000324372571868066,-0.0555942625947603,0.751091282561503,0.324573041048612,0.31322063586767,0.0669289331403637,0.143072386137347,0.0614589512205737,0.725796129298554,0.236137544352363,0.830156215219414,6.94497596232427e-10,8.20658518283979e-08,0.542870829558622,0.000753016706136049,0.00214208521337055,0.0320268612497016,0.855081307762261,0.338755215962393,-0.0251579166590197,0.885932084764818,0.517898183325707,0.549948121150281,0.000620871897227642,0.000987387661900837,"black",0.830156215219414,6.94497596232427e-10,8.20658518283979e-08,TRUE,TRUE
"K17253","brown",-0.088295248175323,0.613995819529859,0.754978705783446,-0.489218166718766,0.00285966321272734,0.00429776137786326,0.374037270650781,0.0268623476758681,0.0256649340755987,0.134676956980094,0.440500966418679,0.414026545752244,-0.495506266113012,0.00247257848077855,0.00246721248308451,0.399039289976399,0.0175680586497125,0.018004712883414,0.108341643654121,0.535581890266845,0.313100800529999,0.371895223812723,0.0278184062411974,0.0271758649832684,-0.150132119628859,0.38933120001555,0.320318811073495,0.704032539449766,2.37055729381485e-06,1.19772728430959e-05,"brown",0.704032539449766,2.37055729381485e-06,1.19772728430959e-05,TRUE,TRUE
"K17285","black",-0.213081306660612,0.219072569167242,0.411043948837248,-0.64176096709305,3.25247063775055e-05,0.000187397544497297,-0.183391172337226,0.291640132472803,0.165248428854237,0.31347079604783,0.0666996129868205,0.142776891367501,0.0126299961647299,0.942594591508466,0.28611543805342,0.728153344919715,7.13210133174799e-07,1.14360895820459e-05,0.347062883606668,0.0410854951113652,0.0506653964433305,-0.128676748161202,0.461313398285627,0.223549629317843,0.404912759171531,0.0158281543702334,0.0370350012936379,0.598337100930013,0.000146773049341082,0.000322221869927536,"black",0.728153344919715,7.13210133174799e-07,1.14360895820459e-05,TRUE,TRUE
"K17315","black",-0.462797447359115,0.005119316542961,0.0388751899948843,-0.701794466072059,2.63425342891961e-06,3.32360082453776e-05,-0.189886740993872,0.274584953829089,0.158538698364484,0.214798320419481,0.215294214831606,0.277540541047946,0.0101702564806412,0.953761122627114,0.288281638607178,0.799354356762367,8.49976224146866e-09,4.44311792312252e-07,0.354773852743479,0.0365090964192342,0.0461298812363022,0.37505853171463,0.0264161444513934,0.026152689253862,0.0769748547608122,0.660296406775556,0.439303508854959,0.563202394908713,0.000427531744709263,0.000734086139596355,"black",0.799354356762367,8.49976224146866e-09,4.44311792312252e-07,TRUE,TRUE
"K17321","brown",-0.153184211281211,0.379651371486023,0.564008101598891,-0.587047367367691,0.00020973166241091,0.000689191532649094,0.280359305245759,0.102828023639381,0.0745653834353729,0.248282524974475,0.150392888424627,0.224698217110246,-0.41910199521739,0.0122117789889232,0.00910087871999037,0.592868408799865,0.00017476545800759,0.000559655747442301,0.171233947093498,0.325345560454208,0.225772626558774,0.384114863639188,0.0227201194495408,0.0232378164306422,-0.0543753720838737,0.756381685968996,0.472783983058341,0.80554349310842,5.32623672214488e-09,1.56232627455123e-07,"brown",0.80554349310842,5.32623672214488e-09,1.56232627455123e-07,TRUE,TRUE
"K17329","brown",-0.13368760269952,0.443896856148135,0.623797032573885,-0.66494231063777,1.31722860215882e-05,9.89825337994229e-05,0.158972152357932,0.361686991983412,0.191075934134904,0.384618897725339,0.0225276985506136,0.0828332892826146,-0.41014143885962,0.0144031088257943,0.0103616061104139,0.525599882511425,0.00118513531730293,0.00238573155042391,0.139289249916986,0.424858501661759,0.270499866718002,0.311732196536151,0.0683061987034037,0.0539994188253046,0.0781783222450206,0.655310922985744,0.43755356249657,0.798868111663475,8.81164611585978e-09,2.02280020181991e-07,"brown",0.798868111663475,8.81164611585978e-09,2.02280020181991e-07,TRUE,TRUE
"K17486","purple",-0.386505343490657,0.0218194706680076,0.101686366946968,-0.292038781496979,0.0886966194872508,0.0541153447550488,-0.509549206079725,0.00176896821777236,0.00270162012087654,0.450180278819456,0.00665608749016808,0.0450444177195212,0.753005316529664,1.80024424633315e-07,1.04713323604419e-06,0.430460243840778,0.00984474806671339,0.0116331235775858,0.757271179062566,1.3985419259853e-07,1.72174127124963e-06,-0.231661135991487,0.180553836058334,0.113336540208288,-0.142237952929399,0.415022572640349,0.333053894264093,-0.198777773860143,0.252314778222427,0.118998741214423,"purple",0.753005316529664,1.80024424633315e-07,1.04713323604419e-06,TRUE,TRUE
"K17641","brown",-0.283034743138519,0.0994493131194195,0.255168101157933,-0.702717992755253,2.52235329292107e-06,3.222198207847e-05,0.124388830182827,0.476501385855539,0.235584700395976,0.325604999838263,0.0562972968794784,0.131295644593274,-0.205386465995465,0.236561892484056,0.0995862183965754,0.627225329758144,5.52405256113961e-05,0.000240868632052923,0.0936584969333959,0.592548381355189,0.334056551298256,0.369981774618588,0.0286959216019441,0.027828821872458,0.148425024213184,0.394807171984356,0.323782824498751,0.79192230669942,1.45913131883013e-08,3.01765362789998e-07,"brown",0.79192230669942,1.45913131883013e-08,3.01765362789998e-07,TRUE,TRUE
"K17686","turquoise",0.606080524571381,0.000114004348285047,0.00340787640730127,0.590677188121481,0.000187262032001961,0.000653158276202017,0.875968144863683,5.55564492887075e-12,1.02316028218339e-10,-0.420260624535352,0.0119501735642783,0.06046896197864,-0.580310803143462,0.000257911404875942,0.000383015164970332,-0.49879985675094,0.00228870160467619,0.00388314708684846,-0.291805042894223,0.0889639557814478,0.0897608238836584,0.0836099740515998,0.632994187235409,0.27964805670373,-0.625725290586981,5.82558365090974e-05,0.000980710810386994,-0.0211910523507683,0.903827009341736,0.308428835543777,"turquoise",0.875968144863683,5.55564492887075e-12,1.02316028218339e-10,TRUE,TRUE
"K17818","turquoise",0.449619127710134,0.00673274879057573,0.0470997765502639,0.147829260718928,0.396728648580311,0.164480413274689,0.800218236534212,7.97071087766656e-09,5.33793835423806e-08,-0.292758175444792,0.0878776923026317,0.166646126479668,-0.70846991883518,1.91771942788256e-06,7.52823478700055e-06,-0.0573871738101448,0.743329732889266,0.30488880205122,-0.174941400220414,0.314820459002362,0.22099368295762,0.254120187583818,0.14072357082683,0.0939476690848302,-0.415107080824193,0.0131511885713078,0.0329399312480871,0.450402932116256,0.00662587780755237,0.0066763010633547,"turquoise",0.800218236534212,7.97071087766656e-09,5.33793835423806e-08,TRUE,TRUE
"K17947","green",-0.258319826803051,0.134054912592892,0.305444173104246,-0.201349272330227,0.246104366201815,0.115476152951885,-0.418633692345362,0.0123188806599781,0.0135923168800943,0.0925521265205662,0.596945820475896,0.481838150937656,0.663321547789421,1.40670529550249e-05,3.7171516647799e-05,0.401672742488721,0.0167691464849573,0.0173537636472832,0.903005232898876,1.18315718822119e-13,1.44444350871717e-11,-0.454118938423894,0.00613876281783234,0.00863958526828654,-0.0512068185188717,0.770184794500267,0.477829314508323,-0.127468512231151,0.465566717890532,0.189817362650943,"green",0.903005232898876,1.18315718822119e-13,1.44444350871717e-11,TRUE,TRUE
"K18009","green",-0.283771424408875,0.098533985076719,0.253795389640624,0.00502881527401724,0.977127356278815,0.313944095606688,-0.338014034319174,0.0470353200562717,0.0398153227707983,0.108489511736987,0.535021886697823,0.459931226907103,0.656773691345538,1.82720554739869e-05,4.56517675529238e-05,0.182084926068295,0.295150116503292,0.157527752663953,0.791996812476277,1.45140495261386e-08,2.41626904138077e-07,-0.373335844727801,0.02717238989508,0.0267410749216427,-0.303517198384042,0.0763115868183457,0.108446274122568,-0.349017626875854,0.0398837263327657,0.0284376982688872,"green",0.791996812476277,1.45140495261386e-08,2.41626904138077e-07,TRUE,TRUE
"K18013","brown",0.0750957994735992,0.668109350952266,0.797292122058378,-0.464864363434542,0.00489925803274621,0.0062507786506366,0.495929838665547,0.00244823148990986,0.00352607179081673,0.378229718375764,0.0250693566237429,0.0873961496788767,-0.604656276643305,0.00011948589547578,0.000206486624973636,0.337886790208087,0.047123662309293,0.0388168253613712,-0.185633034621795,0.285678704971456,0.206448597350981,0.575444043753395,0.000298635448414726,0.000740518356169933,-0.162324839621277,0.351517715592417,0.300946130738818,0.760430855001459,1.15614280526478e-07,1.24577375721022e-06,"brown",0.760430855001459,1.15614280526478e-07,1.24577375721022e-06,TRUE,TRUE
"K18029","brown",-0.141250873884434,0.418300768613476,0.602390791557334,-0.676632046660286,8.10193009187889e-06,6.96693510728426e-05,0.199329445766036,0.250973743288854,0.148493971636388,0.227641693750223,0.188448857154145,0.257073489576042,-0.273335811393828,0.112111718558262,0.0545789739775263,0.68190930995088,6.45934563588034e-06,5.41328816174674e-05,0.369138652487572,0.0290897283076506,0.0387072306505523,0.314074605216591,0.0661486466092227,0.0527836537207803,-0.138667454064244,0.426949063546338,0.338543773707425,0.787737515491417,1.95944389667916e-08,3.72713293013225e-07,"brown",0.787737515491417,1.95944389667916e-08,3.72713293013225e-07,TRUE,TRUE
"K18030","brown",0.128755673749245,0.461036281143727,0.64084043078978,-0.469891781934529,0.00439775001341021,0.00583681779430941,0.199224334335671,0.25122888749187,0.148546260622762,0.149155407990138,0.392458852779629,0.39104908774834,-0.407834779498438,0.0150178795215127,0.0106989805929768,0.516177041570479,0.00150284872986362,0.00286427896744605,0.0690292656163373,0.693564889271153,0.371508820830431,-0.116385994382768,0.505531924865682,0.238993947348404,0.381118983885515,0.0238921322832528,0.0487531276197808,0.755895304605797,1.51804467822763e-07,1.51228087956905e-06,"brown",0.755895304605797,1.51804467822763e-07,1.51228087956905e-06,TRUE,TRUE
"K18074","brown",-0.0365524330093063,0.834867400183122,0.913439794108638,-0.517727548206225,0.00144592296835874,0.00269329092886945,0.294827464107821,0.0855545035813026,0.0642725277101857,0.108891773127461,0.533499875455524,0.459580457455392,-0.497106315033129,0.00238170110317356,0.00240165423406794,0.51912481793946,0.00139625473957947,0.00272259956635988,0.115880377082573,0.507395399243676,0.302169606378778,0.222404919527861,0.19909498134273,0.121942270758134,0.0815125493232652,0.641575425106923,0.431196127465067,0.832034365993551,5.86723929751696e-10,2.73145633613652e-08,"brown",0.832034365993551,5.86723929751696e-10,2.73145633613652e-08,TRUE,TRUE
"K18118","turquoise",0.540021887256054,0.000812871623235816,0.0112989155629778,0.0581690215727545,0.739952821386751,0.259330043980608,0.778145600983854,3.75974199480864e-08,2.0509331161328e-07,-0.216920302147883,0.210686892994533,0.274070405787795,-0.88349860368582,2.09485452939406e-12,8.74166816942699e-11,-0.0401460834587847,0.818889152692806,0.325697332280506,-0.314367762367672,0.0658824379178003,0.0712899507123635,0.172820258575943,0.320815758174799,0.173258587045773,-0.158285624764457,0.363790821604242,0.30650746309003,0.587060049625513,0.000209649130002403,0.000425739056837943,"turquoise",0.778145600983854,3.75974199480864e-08,2.0509331161328e-07,TRUE,TRUE
"K18138","green",-0.134241380699231,0.441994298022473,0.622765875177544,-0.124927933150217,0.474577624547653,0.186754739157598,-0.16320144839946,0.348887587622792,0.185924131242501,-0.0670865288984392,0.70178859038508,0.517547079857319,0.321379389178936,0.059762539715219,0.032446783025211,0.419238257561866,0.0121807636781177,0.0136560670793251,0.814668740336724,2.59199770903638e-09,5.13147543917841e-08,-0.447433982288916,0.00703852270176098,0.00953610121737357,-0.022965223972017,0.895817254025475,0.520655190586695,0.102130795510345,0.559354555773275,0.218683677329164,"green",0.814668740336724,2.59199770903638e-09,5.13147543917841e-08,TRUE,TRUE
"K18223","tan",0.143309701862514,0.411479633499728,0.594979822839724,0.225516183884053,0.192720552611479,0.097080142873611,-0.572630918816394,0.000324707442712176,0.000621774059575782,-0.205312937341904,0.236733424554302,0.292761637935033,0.358461727870641,0.0344717098363563,0.02094769827357,-0.15450059702621,0.375520368886754,0.188281508228411,-0.0879972262240865,0.615197112006223,0.341444658865499,-0.624522453645145,6.07801226842172e-05,0.000201091911894747,0.787894118386909,1.93817409109453e-08,2.61026313921567e-06,-0.357140364805903,0.0351907813808017,0.0257880617868139,"tan",0.787894118386909,1.93817409109453e-08,2.61026313921567e-06,TRUE,TRUE
"K18225","tan",0.150385768444915,0.388521331199607,0.570557049079074,-0.017425119700401,0.920858869833928,0.302080999909954,-0.208872406082347,0.228525714045576,0.138523310415869,-0.238360280829786,0.167921038276166,0.238086247332056,-0.104237863042866,0.55123506352799,0.192614309704841,0.0810192248488983,0.643600477689349,0.276350123525581,-0.261328812552027,0.129422279208131,0.118636308007223,-0.290401278167214,0.0905825408988266,0.0673009295501903,0.797821111282046,9.51946412056707e-09,1.66666133538401e-06,0.164675830048291,0.344490908350478,0.151112311077789,"tan",0.797821111282046,9.51946412056707e-09,1.66666133538401e-06,TRUE,TRUE
"K18226","tan",-0.00768694969291268,0.965043423762694,0.983166263452547,0.0104420092753081,0.952526977132697,0.309129852528445,-0.566768645344709,0.000385655393481571,0.000718700986052545,-0.0972926869917274,0.578204521999351,0.475033431072644,0.248474276438377,0.150067800117165,0.0692231475384033,0.00904282894860937,0.958882350424573,0.359301370618368,-0.139827721032372,0.423052706917436,0.269584468656461,-0.433855041495259,0.0092179108665454,0.0117323357340867,0.906047884480649,7.15714906130894e-14,4.25662318546507e-11,-0.0959127413075746,0.583632700878003,0.225503744892632,"tan",0.906047884480649,7.15714906130894e-14,4.25662318546507e-11,TRUE,TRUE
"K18230","turquoise",0.203471311566876,0.241057044693273,0.43415981425884,-0.0132893378564487,0.93960310506663,0.306297337020425,0.775742194189292,4.40457730908431e-08,2.34722368675187e-07,-0.0292510965944505,0.867525412384813,0.573806119141361,-0.525877077391521,0.00117676172040909,0.00135246115711687,0.0150035382083467,0.931829542498511,0.352699425446336,-0.0607744540427494,0.728734372156869,0.383201767187876,0.373430095166632,0.0271305591569621,0.0267410749216427,-0.521257992098105,0.00132331814550274,0.00710692163444638,0.433883459261222,0.00921281045823378,0.00864074315592877,"turquoise",0.775742194189292,4.40457730908431e-08,2.34722368675187e-07,TRUE,TRUE
"K18232","blue",0.0236902228612896,0.892547009120736,0.941167360499462,-0.153788720246525,0.377751039618437,0.15867318336802,0.676446593156446,8.16601997851592e-06,2.53132073902969e-05,0.249260907558186,0.148739522739294,0.223491344783625,-0.597974591604717,0.000148495784317367,0.000248080356371951,-0.0813259709112572,0.642341014748442,0.276009922074304,-0.335820556953565,0.0485769090163812,0.0574865903828083,0.722047867804477,9.779483041579e-07,7.60565774906459e-06,-0.548209472206112,0.000651270027286711,0.00425166825485172,0.406140634651128,0.0154833092626249,0.0131325242020248,"blue",0.722047867804477,9.779483041579e-07,7.60565774906459e-06,TRUE,TRUE
"K18294","blue",-0.163713872695388,0.347355674937443,0.537672085833544,-0.0830766680665125,0.635171708590909,0.231581771041703,0.324295521316134,0.057353643186262,0.0468529520533585,0.197225538984037,0.256113556204828,0.305840357365023,-0.32098488052936,0.0600944811757248,0.0325899062693932,-0.185545034809654,0.285911216696521,0.153707564220599,-0.348024853066082,0.0404904758527109,0.0500499783908037,0.76626323139603,8.07382172673677e-08,9.86721704896807e-07,-0.4275277781496,0.0104150104648741,0.0283028827880834,0.113287201916492,0.517006428434626,0.205088668167048,"blue",0.76626323139603,8.07382172673677e-08,9.86721704896807e-07,TRUE,TRUE
"K18298","green",-0.141774896860758,0.416558624900899,0.600152286529146,-0.160187304025679,0.357981095521897,0.151928738942668,0.01315087483444,0.940231256902665,0.377434958770095,0.0779830062194117,0.656119050855379,0.503689294833192,0.277791979485388,0.106151373747977,0.0522499894405799,0.466146972638244,0.00476684386598033,0.00680287240296679,0.821385977828472,1.48690866303852e-09,3.25123865691251e-08,-0.18005089811973,0.300669201224179,0.165110571116185,-0.46906408160991,0.00447713076306769,0.015925626496339,0.0942620491060598,0.590155460374628,0.227524500881121,"green",0.821385977828472,1.48690866303852e-09,3.25123865691251e-08,TRUE,TRUE
"K18299","green",-0.174839199801399,0.315107702211697,0.504203865851249,-0.157438130319353,0.366397968259352,0.154857799285243,-0.210413062921407,0.225033807121916,0.137203576616018,-0.0645442352384663,0.712600632829997,0.521524286258596,0.366292234779883,0.0304521252809069,0.018875277654608,0.462062808378439,0.00519955632952008,0.00723686268281197,0.859828297718431,3.68895045170062e-11,1.68885438056713e-09,-0.481107624235244,0.00343605884139607,0.00539358659506234,-0.0476324258075405,0.785839410300794,0.482183719075265,0.071416591939719,0.683506249604507,0.253897455724519,"green",0.859828297718431,3.68895045170062e-11,1.68885438056713e-09,TRUE,TRUE
"K18301","turquoise",0.479673393210054,0.00354783914459862,0.0300064596436026,0.401437250235672,0.0168393271136977,0.0156342346169016,0.858076500473587,4.46653362026103e-11,5.95060137185435e-10,-0.291902145884364,0.0888528201017654,0.1681362713373,-0.750771900933991,2.05055977542791e-07,1.17130588007973e-06,-0.501092774527144,0.00216784751515223,0.00373964084285012,-0.492366621047667,0.00265972229465929,0.00571335592315319,0.367584039583576,0.0298274838291763,0.0286851151965299,-0.580301514339425,0.000257984151287348,0.00228816016574586,0.0948305924545196,0.587905230879487,0.226739744732023,"turquoise",0.858076500473587,4.46653362026103e-11,5.95060137185435e-10,TRUE,TRUE
"K18302","turquoise",0.36892654670309,0.029189493964558,0.121508870058193,0.293493840677521,0.0870462686083476,0.0533643080018811,0.869754223494012,1.18612324409085e-11,1.85676924527411e-10,-0.271849479607385,0.11415470256954,0.191104533190525,-0.633306166163304,4.4406519171657e-05,9.18882895666289e-05,-0.202884569754655,0.242445616234829,0.134817769082256,-0.16883868301005,0.332260144577894,0.228849580556855,0.234015012543742,0.176040621196351,0.111320338719238,-0.597987862892779,0.000148432397404152,0.00163443041995954,0.243899987111566,0.157963079142027,0.0820344261181763,"turquoise",0.869754223494012,1.18612324409085e-11,1.85676924527411e-10,TRUE,TRUE
"K18303","turquoise",0.275917751122974,0.108628348044844,0.268173612895263,0.212248519886971,0.220921402965556,0.107358106405528,0.833864673916023,4.96815329012953e-10,5.0583395666713e-09,-0.22239728374091,0.199110804256119,0.266210264156888,-0.604861202855373,0.00011868288371027,0.000205471150195224,-0.159638208080924,0.359652864264498,0.182829700340225,-0.132986016969495,0.446313612651644,0.277526339804861,0.333250311199944,0.0504344839793233,0.0433606481971375,-0.610392730624814,9.8758001061687e-05,0.0012903346258002,0.313086808780161,0.067051865383076,0.0422969628294316,"turquoise",0.833864673916023,4.96815329012953e-10,5.0583395666713e-09,TRUE,TRUE
"K18306","turquoise",0.238710929393063,0.167277713837767,0.352994621214086,0.0697389572887734,0.690569233973921,0.245901768440215,0.723453753669511,9.10048834794273e-07,3.6180307067366e-06,-0.128850413682316,0.460703755169315,0.423889170171771,-0.491862589746377,0.00269088743017351,0.00264356906360793,0.063999397576292,0.714925026116595,0.296754961636371,0.122134721523682,0.484588991347273,0.293194027723986,0.185617020096525,0.285721009224669,0.159460844298873,-0.65543314987765,1.92622306024848e-05,0.000481774042437227,0.290952273654786,0.0899445540294799,0.0531798601674592,"turquoise",0.723453753669511,9.10048834794273e-07,3.6180307067366e-06,TRUE,TRUE
"K18313","turquoise",0.214959472653525,0.214941906294335,0.406609038120111,0.170689096817761,0.32691051928282,0.141564127102204,0.713851484872256,1.47519451354859e-06,5.5044934469687e-06,-0.154498493660506,0.375526948345898,0.380337420903471,-0.468767273810953,0.00450589604066071,0.00401334096000973,-0.103849517349251,0.552727372642827,0.247907526869147,-0.121071418791037,0.488428529338993,0.295072435543521,0.185867017302448,0.285061072629474,0.159166702816202,-0.36058806248889,0.0333397405547483,0.0604254576784505,0.297580362460253,0.082537549741188,0.0498509276176551,"turquoise",0.713851484872256,1.47519451354859e-06,5.5044934469687e-06,TRUE,TRUE
"K18354","blue",-0.405471895283755,0.0156703325324629,0.081475527089165,-0.254834278381381,0.139572827582028,0.0760333920130084,-0.0673063434882705,0.700856410684716,0.309595109126903,0.346525427873511,0.0414209974767071,0.113216309618627,-0.00457215223149161,0.979203933306678,0.293277046119991,0.0208188585797469,0.905508543802399,0.346755441732675,-0.254687733004032,0.139808417458496,0.125119212236073,0.816388454007579,2.25308170846838e-09,7.1012523589986e-08,-0.253184405311063,0.142242076547614,0.165913256368902,0.0138819684334243,0.936914984617504,0.31568574074062,"blue",0.816388454007579,2.25308170846838e-09,7.1012523589986e-08,TRUE,TRUE
"K18369","purple",-0.431007087380677,0.0097413950221753,0.0597758922953828,-0.242129759697742,0.161097627185703,0.0849516256249651,-0.6871229723457,5.1402815862604e-06,1.67203084637564e-05,0.296735781829112,0.0834542620794983,0.162018314614355,0.871682184504824,9.41363752396495e-12,2.99330228834799e-10,0.447364015214794,0.00704850660025458,0.00908279495219838,0.768587311157919,6.97743736930275e-08,9.20899694835342e-07,-0.407708259943629,0.0150522272339009,0.0169188437476373,0.136354910726457,0.434774124812908,0.342112177590329,-0.247578291567687,0.151591212986606,0.0794030661646882,"purple",0.871682184504824,9.41363752396495e-12,2.99330228834799e-10,TRUE,TRUE
"K18383","blue",-0.109637599041351,0.530683474484004,0.697695717515295,-0.0708650662837327,0.685825341346984,0.244980768906343,0.388567143089007,0.0210666374676289,0.0211847623687731,0.0143138580601687,0.934956401283903,0.592462036064736,-0.44874225356358,0.00685405677433599,0.00571765283236495,-0.132910084243471,0.446575606265075,0.212641157064228,-0.305214843405821,0.0746001853546864,0.077952716459122,0.716195123669988,1.31349329486131e-06,9.65121203579691e-06,-0.393542836520828,0.019338305036142,0.0426418172552545,0.215014813697832,0.214821012006704,0.104991140075939,"blue",0.716195123669988,1.31349329486131e-06,9.65121203579691e-06,TRUE,TRUE
"K18455","turquoise",0.507221264455927,0.00187178009677949,0.0198148376470332,0.548428487956581,0.000647369587840479,0.00154084297154213,0.745808804624063,2.72546769340959e-07,1.22336186799118e-06,-0.333270932915421,0.0504193575938551,0.123526494168596,-0.590006747030841,0.000191242274933762,0.000300545044093344,-0.625934377179159,5.7826823833879e-05,0.00024668418345104,-0.518474541725148,0.00141918018095132,0.00351200553579378,0.411884416175693,0.0139527290237256,0.0159473935646353,-0.684259701729902,5.83062912796083e-06,0.000221917956849948,-0.173238233423866,0.319628782215355,0.142654314987744,"turquoise",0.745808804624063,2.72546769340959e-07,1.22336186799118e-06,TRUE,TRUE
"K18471","green",-0.361874873283077,0.032669553787196,0.12926307358622,-0.214332016869278,0.216315874792534,0.105927962616964,-0.354710231886839,0.0365450839129951,0.0325508060240676,0.408963790243953,0.0147142778491013,0.068063354604138,0.674117843632377,9.0110425727257e-06,2.61093531968845e-05,0.421651081470996,0.0116424916755841,0.0132156017083727,0.822447472940878,1.3590318631011e-09,3.14803806576629e-08,-0.360859299110351,0.0331975523438949,0.031406096446364,-0.108596638648342,0.534616353402733,0.388705437381163,-0.101248116520748,0.562772288556889,0.219370119592201,"green",0.822447472940878,1.3590318631011e-09,3.14803806576629e-08,TRUE,TRUE
"K18472","turquoise",0.445050768401131,0.00738548922546628,0.0496275759691602,0.230274466101338,0.183250613426455,0.0934510193146924,0.86201536254447,2.89476987777462e-11,4.07326009464083e-10,-0.208131570462002,0.230217852690224,0.287629678964375,-0.574023979950223,0.000311553278038271,0.000448940407523598,-0.136228023682545,0.435205750727216,0.20896557511712,-0.167762528308302,0.335396009363376,0.229726450313135,0.177348514526054,0.308102543231953,0.168359807197863,-0.497907455502085,0.00233730408523612,0.0103076477918934,0.31508912524518,0.0652309703874058,0.0414154348602494,"turquoise",0.86201536254447,2.89476987777462e-11,4.07326009464083e-10,TRUE,TRUE
"K18476","blue",-0.229607782879226,0.18455725070778,0.371789244179441,-0.107584471114426,0.538453847273437,0.205108290356163,0.190335432316749,0.273431352079531,0.158220787927567,0.293262567852504,0.0873069901272912,0.166018579249357,-0.138352156143937,0.428011318522862,0.158264369595552,-0.1639036460697,0.346789377169911,0.178323055172462,-0.273756313973003,0.11153875276551,0.106314200442836,0.714789874129025,1.40838037486263e-06,1.01005516778841e-05,-0.385247612799549,0.0222895739595951,0.0469043692679652,0.018154879167354,0.917555508385453,0.311630546402405,"blue",0.714789874129025,1.40838037486263e-06,1.01005516778841e-05,TRUE,TRUE
"K18538","brown",-0.0327420313694021,0.851880548148734,0.92008855149713,-0.546608960041108,0.000680411301210462,0.0015985218769776,0.198529428400101,0.252920022107306,0.149334670106341,0.116438775785873,0.505337595035529,0.445210963432208,-0.304096905679004,0.0757237832058031,0.0394079822875392,0.629939090388773,5.0141073593417e-05,0.000226143480578533,0.337675306023113,0.0472707845705129,0.0565793314080555,0.158108801788113,0.364333866424219,0.188898784842695,0.0110012442729133,0.949987596914031,0.535469706288547,0.745718983236285,2.73937490118207e-07,2.40066165642744e-06,"brown",0.745718983236285,2.73937490118207e-07,2.40066165642744e-06,TRUE,TRUE
"K18547","blue",0.0420808043818557,0.81031609671721,0.898259556589779,-0.303058665716906,0.0767790317083824,0.0482271281019258,0.412796188139649,0.0137218906745314,0.0148396445933097,0.0912745392839249,0.602041323359635,0.483943037494871,-0.725729310697445,8.09246659593476e-07,3.64132476886384e-06,0.0603981884187869,0.730351137029354,0.30133559192808,-0.492674280817137,0.00264085408587063,0.00568115521762782,0.75349439222126,1.74932710173906e-07,1.90467087458429e-06,-0.108894785898569,0.533488484101364,0.388517021204432,0.512750247329248,0.00163568889241144,0.00216176110189805,"blue",0.75349439222126,1.74932710173906e-07,1.90467087458429e-06,TRUE,TRUE
"K18562","blue",-0.5620291900299,0.000442166403135436,0.00761810016252541,-0.46085581648521,0.00533374018077873,0.00668822031257462,0.00737251771958538,0.966472490138797,0.384087061862694,0.287927312967349,0.0934899655574098,0.172547113789934,-0.166719708910696,0.338452014757245,0.132048235129539,0.186529282830582,0.283317595438461,0.152660489423163,-0.209088725049703,0.228033218426558,0.177131495534839,0.826395044552015,9.67612911732377e-10,3.51179629587513e-08,-0.105528297012408,0.546289885199433,0.393273286873422,0.32794703082763,0.0544465584798938,0.0360239490229046,"blue",0.826395044552015,9.67612911732377e-10,3.51179629587513e-08,TRUE,TRUE
"K18578","black",-0.151878590290926,0.383774797135432,0.567496774487501,-0.603770182489375,0.000123014559882175,0.000476199475984848,0.134561413459547,0.44089682721443,0.221924219856305,-0.0682040898728413,0.697053759551908,0.515773468411681,-0.202360498984128,0.243690398749814,0.102046722240216,0.743566949977851,3.09272404542906e-07,6.090902609195e-06,0.391367809105132,0.0200786901519482,0.0290092689081824,0.100944344636184,0.563950711975551,0.257952069336588,-0.0100793190713243,0.954174131993318,0.536130200355181,0.688198719618868,4.90079656546848e-06,2.04550208612612e-05,"black",0.743566949977851,3.09272404542906e-07,6.090902609195e-06,TRUE,TRUE
"K18650","brown",0.199881837554487,0.249635719886452,0.441907749987258,-0.393975216833025,0.01919386584906,0.0172889412883819,0.563249271841562,0.000426956058300012,0.000787465453912386,0.0438253726201546,0.802604172083979,0.554155055855538,-0.608347671998422,0.000105743604425578,0.000187145636490636,0.38693016497588,0.0216625552414381,0.0213314399060136,0.0928206848034788,0.595877093445247,0.334853637104624,0.220169760064418,0.203764168628153,0.12406950752138,-0.163475080529191,0.348069045053799,0.298527394287961,0.79166601374096,1.48600051504939e-08,3.01765362789998e-07,"brown",0.79166601374096,1.48600051504939e-08,3.01765362789998e-07,TRUE,TRUE
"K18802","blue",-0.224296106060101,0.195203003118645,0.38641733806211,-0.301765100072586,0.0781097402761675,0.0488528004553897,0.117732841737365,0.500584885608256,0.244404088935383,0.0575706136140582,0.742537004764467,0.534180220823828,-0.429362258937001,0.0100550811042933,0.00776035284442111,0.0345831922515901,0.843651208619115,0.332383839523054,-0.493980531803191,0.00256203660442101,0.0055688406991828,0.741454384542511,3.47989117068786e-07,3.28173525462158e-06,0.0628547105069512,0.719816704615265,0.460408106031362,0.350192270060562,0.0391753462102516,0.0280462367467883,"blue",0.741454384542511,3.47989117068786e-07,3.28173525462158e-06,TRUE,TRUE
"K18887","blue",-0.325494076221037,0.0563861749799536,0.180990563328121,-0.239025667567641,0.166701778630484,0.0869645232539687,0.217097405718217,0.210305459454964,0.130232111461235,0.212819665565188,0.219652281955738,0.280371627597555,-0.243706343900574,0.158303801527188,0.072476393020086,0.0705682493241662,0.687074587798442,0.288189347234207,-0.275744315098586,0.108859745921028,0.104371835970295,0.744195295772672,2.98545370075647e-07,2.88356839359029e-06,-0.278726302792487,0.104932641068902,0.134000990365741,0.246082044744518,0.154160219603002,0.080548930728065,"blue",0.744195295772672,2.98545370075647e-07,2.88356839359029e-06,TRUE,TRUE
"K18890","turquoise",0.433171059704513,0.00934139836521915,0.0583290050265735,0.408580645449383,0.0148167256916501,0.0142313773935508,0.824491608959748,1.14101695530556e-09,1.04301279273046e-08,-0.295370561797208,0.0849526822021082,0.163955756252398,-0.54878759913521,0.000641018982852038,0.000813143904776101,-0.36047229641648,0.0334005787554123,0.0297423174151467,-0.22653987786909,0.190654814714765,0.156488006187143,0.157894912304583,0.364991392358608,0.189157810517384,-0.599506537766052,0.00014133711108569,0.00160683154226386,0.0717846602671967,0.681960152844861,0.253567992422221,"turquoise",0.824491608959748,1.14101695530556e-09,1.04301279273046e-08,TRUE,TRUE
"K18894","turquoise",0.328317286484129,0.0541584545922849,0.178315735665844,0.334211437198923,0.049733324777333,0.0350522430462138,0.708942827279853,1.8744513937897e-06,6.77403572435968e-06,-0.142523283235006,0.414077665312213,0.401745239552944,-0.618099221217644,7.60074039771568e-05,0.000143291273830868,-0.483724319790606,0.00323997608765443,0.00501118205929488,-0.526812122450519,0.00114889854034862,0.00297375104359613,0.576558427066485,0.00028883527552741,0.000723708939824684,-0.611252390393754,9.5947570506517e-05,0.00127334867437838,0.0177087445889042,0.919574843128921,0.311833124542136,"turquoise",0.708942827279853,1.8744513937897e-06,6.77403572435968e-06,TRUE,TRUE
"K18905","turquoise",0.438660567627961,0.00838883923500902,0.0541800384531794,0.263448077109748,0.126231352052594,0.070263678074445,0.882689914087638,2.33354287979838e-12,4.79075603024887e-11,-0.310738587877386,0.069237890165133,0.145608055782573,-0.777248973663082,3.9893614935318e-08,3.17129400224837e-07,-0.237755668850481,0.169034459348916,0.102064839755899,-0.309081384657888,0.0708139339386749,0.0751759623009204,0.343435282747466,0.0433931621098589,0.0386834795550509,-0.514322869505054,0.0015734992697519,0.00796205743329565,0.345530063905847,0.0420481856992755,0.0294441955128109,"turquoise",0.882689914087638,2.33354287979838e-12,4.79075603024887e-11,TRUE,TRUE
"K18917","turquoise",0.658909791168317,1.67893298575447e-05,0.00141251283038343,0.507399207656309,0.00186374076500909,0.00324476856653805,0.87355724586938,7.49172901443571e-12,1.26785166283177e-10,-0.41900270954292,0.0122344198525791,0.0613387561498865,-0.676270924077128,8.2271537661905e-06,2.41479692534311e-05,-0.435508371221609,0.00892513782649773,0.0107616927982397,-0.280852895765723,0.102198226958036,0.0995485379424918,0.163498755237358,0.347998279354041,0.182963718543925,-0.637386015077614,3.82555055162771e-05,0.000724369568046729,0.061223703602892,0.726805511415508,0.265972265919731,"turquoise",0.87355724586938,7.49172901443571e-12,1.26785166283177e-10,TRUE,TRUE
"K18926","turquoise",0.575392114102811,0.000299099281108488,0.00579527516184144,0.279554505206954,0.103861214302629,0.0606875925120547,0.93538525351641,1.85686693828336e-16,3.32200933057439e-14,-0.236870617047992,0.17067383216419,0.241032003448418,-0.78218490813608,2.86875119094734e-08,2.5338650922083e-07,-0.216005398725406,0.212664949763238,0.122034414674523,-0.31037058350138,0.069585476833255,0.0743567695994115,0.286698627791635,0.0949601980939407,0.0696143653988455,-0.517454851123561,0.00145579539224384,0.00747447718418731,0.350573119387071,0.038947870585476,0.0279212427381053,"turquoise",0.93538525351641,1.85686693828336e-16,3.32200933057439e-14,TRUE,TRUE
"K18955","turquoise",0.409194568507801,0.0146528585019681,0.0779454053756939,0.105954755618159,0.544660240833263,0.206923452822411,0.715211677386658,1.37925997570849e-06,5.20266849570556e-06,-0.315231572313437,0.0651029265056662,0.140293339635058,-0.688700281362867,4.792654477332e-06,1.60789021447298e-05,-0.151913149931255,0.383665314857051,0.191291612265331,-0.387471439848904,0.0214639834124008,0.030648013073179,0.534547975137582,0.000939786888708048,0.00184143340841413,-0.609859682288501,0.000100537630365551,0.00129426913821888,0.251302471809763,0.145332181402834,0.0768873739661257,"turquoise",0.715211677386658,1.37925997570849e-06,5.20266849570556e-06,TRUE,TRUE
"K18958","blue",-0.008835876208347,0.959822594547597,0.98225122751878,-0.196072459520566,0.258959882378779,0.119967415810141,0.32113198574204,0.0599705361440005,0.0485160102866228,0.0319505048231937,0.855423177959607,0.570714014895948,-0.596993512907648,0.000153249444232637,0.000254683832546066,-0.108694309338212,0.53424674597253,0.241816036694712,-0.611532863549572,9.50463268833716e-05,0.000392235001599036,0.820371284423155,1.61949133376624e-09,5.38787769880155e-08,-0.180708615001798,0.298877440310109,0.269311682794625,0.297655210639783,0.0824566861085186,0.0498509276176551,"blue",0.820371284423155,1.61949133376624e-09,5.38787769880155e-08,TRUE,TRUE
"K19225","blue",-0.106427470843115,0.542856530266473,0.703837897081797,-0.196949365751661,0.256793382456986,0.119233998479283,0.487294131890363,0.00298818072584849,0.00414876109580362,0.242246694740447,0.160889198332042,0.232695461930092,-0.412268165409379,0.0138551779538709,0.0100891638082711,0.00446154023246947,0.979706938328436,0.364278907749449,-0.220589881980187,0.2028807975051,0.163668258046138,0.801804737345899,7.07763595393214e-09,1.72995075974398e-07,-0.523324839496678,0.00125586666797062,0.00676953506999979,0.346725503547955,0.0412958443505775,0.0291298549954686,"blue",0.801804737345899,7.07763595393214e-09,1.72995075974398e-07,TRUE,TRUE
"K19267","blue",0.150547673143201,0.388004901806335,0.570557049079074,0.213679581409034,0.217750923619132,0.10636074349482,0.527840721932905,0.00111892027153524,0.00182458172858836,0.0221843235216832,0.899341541640539,0.581801098158936,-0.502978260653827,0.00207268366896121,0.00214911452303688,-0.445149601138725,0.00737081508703138,0.0093956648503588,-0.510079551694387,0.00174625010247194,0.00411296885507469,0.737916413956529,4.22928913012744e-07,3.80852961134741e-06,-0.617928251240487,7.64559344517344e-05,0.00113439434388632,-0.0614742691605782,0.725730420004416,0.265725874082295,"blue",0.737916413956529,4.22928913012744e-07,3.80852961134741e-06,TRUE,TRUE
"K19411","green",-0.258751952801297,0.133382196373561,0.304370365314971,-0.323664828404083,0.0578679948480482,0.0390357137075614,-0.174046028897016,0.317342559130178,0.17453534683762,0.0916765525768114,0.600435925960554,0.483532233682349,0.263046532162305,0.126831417284542,0.0604032431232609,0.526755151517921,0.00115057942595126,0.00234008809074097,0.821654598658535,1.4535346103361e-09,3.22641926886592e-08,-0.28668632877287,0.0949750037330361,0.0696143653988455,-0.0904721109976995,0.605251238728871,0.417488993183502,0.260690239601674,0.130395373519217,0.0711598438138167,"green",0.821654598658535,1.4535346103361e-09,3.22641926886592e-08,TRUE,TRUE
"K19511","brown",0.0940186253766541,0.591120058793303,0.739925196611263,-0.363203271926041,0.0319892874083605,0.0253033705281566,0.279419659081946,0.104035094412889,0.0751361394276494,-0.108587375212526,0.534651414674024,0.459931226907103,-0.550960077052398,0.000603764285323888,0.00077308190390116,0.348352608943361,0.0402893431187186,0.0343245980655837,0.00385629830339784,0.982459390568141,0.45377508691673,0.283073911976049,0.0994004835204613,0.0720642805727948,0.0991148552307993,0.571071716139851,0.403482040178107,0.71004655594033,1.77691938495138e-06,9.87570019261143e-06,"brown",0.71004655594033,1.77691938495138e-06,9.87570019261143e-06,TRUE,TRUE
"K19540","brown",0.116408047998358,0.505450723609151,0.676969402337015,-0.393194083225703,0.0194554668281876,0.0174105253168838,0.320183884243332,0.0607729266323434,0.0489123650581148,0.235928854878512,0.172430688030121,0.242471426971373,-0.393332186399724,0.0194090013035989,0.0130826920160639,0.389785636246664,0.0206319577669161,0.0206434498883418,0.0875490986154448,0.617005315899572,0.342003935518242,0.170238447738105,0.328208423272298,0.17580026481685,0.106229190747502,0.5436127498248,0.392403405899155,0.736270130324337,4.62621425597731e-07,3.59203539162242e-06,"brown",0.736270130324337,4.62621425597731e-07,3.59203539162242e-06,TRUE,TRUE
"K19542","turquoise",0.430686012421943,0.00980196563632886,0.0600323450945275,0.577932146604321,0.000277150073802747,0.000851846916865107,0.78285300269925,2.74174187038331e-08,1.54664874767132e-07,-0.359843795899401,0.0337324550809951,0.101237524048948,-0.638443129796582,3.67928735246386e-05,8.0499202731067e-05,-0.590216059288732,0.000189991583561562,0.00059550408805066,-0.444298578803469,0.00749799091568971,0.0134450435826143,0.272615022408076,0.113098991504421,0.0793276407959481,-0.561708850942336,0.000446238998724633,0.0032358453788707,-0.0828374630060702,0.636149377578567,0.2403427727658,"turquoise",0.78285300269925,2.74174187038331e-08,1.54664874767132e-07,TRUE,TRUE
"K19577","turquoise",0.523638205826501,0.00124590864716865,0.0155592575976492,0.320425029287209,0.0605680427579373,0.0404036962389629,0.946300838207979,9.51383306130545e-18,2.97860997512852e-15,-0.245209370409729,0.155673061337501,0.227178185711048,-0.72299642879391,9.31646414135699e-07,4.0779206044774e-06,-0.286401829597357,0.0953179781112989,0.066411105304108,-0.277974236240728,0.105912801507185,0.10230849024896,0.314694320491468,0.0655868906423989,0.0525157343126484,-0.66283082364783,1.43486511205892e-05,0.000398754305859972,0.261599868039353,0.129010858998159,0.0706040348223091,"turquoise",0.946300838207979,9.51383306130545e-18,2.97860997512852e-15,TRUE,TRUE
"K19591","turquoise",0.469703191394379,0.00441572904902181,0.0352047026676377,0.36065499816658,0.033304605310791,0.0261013531537207,0.871290449144917,9.8691927487028e-12,1.58454702576314e-10,-0.303243256426031,0.0765905863122919,0.155193920520552,-0.752365619994544,1.86890081529846e-07,1.0804798450192e-06,-0.376980704600312,0.0255928784413237,0.0242907831702075,-0.481323369271008,0.00341951144211828,0.00702609297430632,0.385709252617689,0.0221160604902943,0.0228148254664727,-0.586947097018527,0.000210385216614852,0.00200243540988661,0.12750183725633,0.465449126760565,0.189817362650943,"turquoise",0.871290449144917,9.8691927487028e-12,1.58454702576314e-10,TRUE,TRUE
"K19597","turquoise",0.475982425600247,0.00385011557121314,0.032054217398876,0.42740180171724,0.0104401232376184,0.0109655168813886,0.811006966253037,3.47664641787189e-09,2.60712682071762e-08,-0.391404004529777,0.0200661789227549,0.0784471380349601,-0.571542425443982,0.000335327987676408,0.000478859051595701,-0.266339294731301,0.121972829464248,0.0802953472103021,-0.23870929056054,0.167280716441633,0.142896343641509,0.146910956084979,0.39970091238595,0.201394478340097,-0.502797425877272,0.00208164957952329,0.00951576500017898,0.180873671201575,0.298428861227206,0.135483024792558,"turquoise",0.811006966253037,3.47664641787189e-09,2.60712682071762e-08,TRUE,TRUE
"K19700","brown",-0.331493707050125,0.0517363520120212,0.175398851943194,-0.7005484059941,2.79242582226582e-06,3.43826919237093e-05,0.0745350212613869,0.670447723312551,0.300400888211484,0.497775121412386,0.00234458749356128,0.0257677493893822,-0.32656838882012,0.0555300454073457,0.0307806590125326,0.475045757533351,0.00393028232018674,0.00584182245770581,-0.132045076340546,0.449566061173093,0.278249646266866,0.674399402407338,8.90480987709944e-06,4.50005588121871e-05,0.138242869198499,0.428379853979287,0.339095598953797,0.71745106745121,1.2336802403956e-06,7.36008983521451e-06,"brown",0.71745106745121,1.2336802403956e-06,7.36008983521451e-06,TRUE,TRUE
"K19701","brown",-0.25281812070792,0.142839706697953,0.317344365749379,-0.650088477130822,2.37126606916063e-05,0.00015337674714115,0.170627653760067,0.32708729257933,0.177709582507452,0.147439141393425,0.397989785015977,0.393996787720133,-0.252954995185886,0.142616167564709,0.0664283048815792,0.653043064154899,2.11491427159447e-05,0.000123108620490476,0.384643914432076,0.0225181834167414,0.0318122185090249,0.186183438010348,0.284227203611232,0.158849214860488,0.0134115150145414,0.939048865488382,0.534221880031029,0.776121813567396,4.29636913994124e-08,5.95420232098912e-07,"brown",0.776121813567396,4.29636913994124e-08,5.95420232098912e-07,TRUE,TRUE
"K19702","brown",-0.0971144156433963,0.578904498054564,0.728931737014746,-0.651386681701063,2.25534903485448e-05,0.000149270940876357,0.0449286001615774,0.797736713994698,0.338050211270377,0.23963210858666,0.165596070881933,0.236166866854059,-0.312073433716518,0.0679885030143687,0.0360110783820371,0.652895039211486,2.12713376426053e-05,0.000123212953679897,0.0440792545652505,0.801483386451991,0.404888915660895,0.234275808383113,0.17554556532718,0.111124631037604,0.374961884940636,0.0264581074898399,0.0520353482739217,0.785182321820367,2.33840923450003e-08,4.11550411102428e-07,"brown",0.785182321820367,2.33840923450003e-08,4.11550411102428e-07,TRUE,TRUE
"K19707","brown",-0.0023775383359404,0.989185105945523,0.992639673003327,-0.485210374094875,0.0031330039428654,0.00456750726030187,0.41015840595434,0.0143986663782833,0.0154682423475327,0.201348454569171,0.24610632477956,0.298653627536063,-0.371721493913422,0.0278971577412529,0.0175887668011118,0.574928971670557,0.000303264561799098,0.000842188399843387,0.314664949265028,0.0656134299684889,0.071255788880467,0.186289192158117,0.283948859267619,0.158767740137902,-0.197598979376726,0.25519619542146,0.24375110297701,0.736750015717958,4.50711887924494e-07,3.59203539162242e-06,"brown",0.736750015717958,4.50711887924494e-07,3.59203539162242e-06,TRUE,TRUE
"K19736","blue",0.125356843351356,0.473049991331018,0.651029195990213,0.0357503646377611,0.838442721458946,0.283878218551861,0.623940368445333,6.20367581458494e-05,0.000146585606926967,-0.0487055196687404,0.781130640371277,0.547378231554386,-0.634464742648718,4.25748225604644e-05,8.86751086833345e-05,-0.253798478998956,0.141244264644171,0.089443939121693,-0.5508556253261,0.000605510532572923,0.00180667306858771,0.772529497730584,5.42626674257844e-08,7.22104798229365e-07,-0.44225394917264,0.00781122756256592,0.0237723630010103,0.257781436414642,0.134896553716168,0.0727886729843699,"blue",0.772529497730584,5.42626674257844e-08,7.22104798229365e-07,TRUE,TRUE
"K19784","turquoise",0.70160342351999,2.65796007834298e-06,0.000688672104558874,0.538330313325194,0.000850367566759219,0.00184120019399174,0.890521472410034,7.92664853054339e-13,2.15743604843824e-11,-0.373793590565262,0.0269697266197783,0.0905004622956994,-0.714120567362523,1.4557449223324e-06,6.06406939311177e-06,-0.456266425454913,0.0058715282231763,0.0079383721548087,-0.334844175321639,0.0492760007929566,0.0580769346498447,0.0331334533404852,0.850129711870666,0.338155177127079,-0.535247988934674,0.000922637522737928,0.00540250010143632,0.0590940404567293,0.735963703069201,0.268356186232784,"turquoise",0.890521472410034,7.92664853054339e-13,2.15743604843824e-11,TRUE,TRUE
"K19792","purple",-0.351706600539714,0.0382771818793446,0.143967235845017,-0.195530703481938,0.260304371999174,0.120426501386427,-0.59013414895314,0.000190480142724555,0.000392341486177947,0.265412911390077,0.123325485916139,0.199752920749852,0.82629046314999,9.76466689246752e-10,1.41132767510625e-08,0.429264853667712,0.010073923168648,0.0118565041133816,0.823273442686513,1.26666609383239e-09,3.04208728900034e-08,-0.558962712631629,0.000482543707197538,0.00107745714394095,0.134880499312933,0.439804088080917,0.344830282483181,-0.217341030940586,0.209781535210864,0.103056004865542,"purple",0.82629046314999,9.76466689246752e-10,1.41132767510625e-08,TRUE,TRUE
"K20034","brown",-0.357604320879013,0.0349369238385479,0.135270976150463,-0.846859872411009,1.43529142407107e-10,1.46681861493689e-08,0.00678458193395045,0.969144880069712,0.384808911576163,0.639782023660986,3.50130205347015e-05,0.00388749516577084,-0.180627578016747,0.29909783440634,0.12003238836972,0.680819662892089,6.77126477808704e-06,5.6347309879457e-05,0.192498861267326,0.267913498992389,0.19754596473727,0.391928337703736,0.0198856654466492,0.0208552608451705,0.137881923033712,0.429598280381431,0.339565580920252,0.795799569857804,1.1037073214276e-08,2.4280993846625e-07,"brown",0.795799569857804,1.1037073214276e-08,2.4280993846625e-07,TRUE,TRUE
"K20074","green",-0.261103704755862,0.129764695791051,0.300186492361787,-0.350476360927003,0.0390055613534811,0.0293753471519058,-0.183072029066262,0.292495214459316,0.165297815128435,0.185432209614314,0.286209500020135,0.327698140059856,0.39111773132176,0.0201653089246686,0.013459649083352,0.487743151727356,0.00295774723777565,0.00466628192884533,0.828647851765151,7.94051274963111e-10,2.04085924308023e-08,-0.139552594900812,0.423974822646311,0.209815661280512,-0.292663330061145,0.0879853262069647,0.1189529834995,0.100983179429675,0.563799996841436,0.219689626779242,"green",0.828647851765151,7.94051274963111e-10,2.04085924308023e-08,TRUE,TRUE
"K20138","blue",-0.00236892755759732,0.989224272189115,0.992639673003327,-0.280330079629525,0.102865406143938,0.0603126319648084,0.431749221729188,0.00960260765511923,0.0111348285310121,-0.0546240299691079,0.755301531998993,0.538740025486236,-0.668721526626086,1.12832719881385e-05,3.13266403674887e-05,0.0898055537673953,0.607923182094038,0.265370219603168,-0.285592676388377,0.0962986136627851,0.0957110129132327,0.724445761996106,8.64768872629837e-07,6.95112953588926e-06,-0.206622370517966,0.233691238397938,0.229856763228788,0.561987250878081,0.000442697704391481,0.000749830627883727,"blue",0.724445761996106,8.64768872629837e-07,6.95112953588926e-06,TRUE,TRUE
"K20254","purple",-0.129722425620754,0.457649110475009,0.637985629776557,0.174035790547775,0.317371471571283,0.138647978419505,-0.472516448596446,0.00415401765640369,0.00547599240567015,-0.0261959617102045,0.88125814173486,0.57698962243802,0.756442622355661,1.46942426562421e-07,8.92815899669539e-07,0.0437031636113537,0.803143813452521,0.321708871492127,0.699672682729433,2.90872898449201e-06,2.30003121862286e-05,-0.644017609197101,2.98832835421913e-05,0.000113621197758259,-0.014689439312962,0.933253476484408,0.532749955577059,-0.511580906920816,0.00168331782005733,0.00220812682369817,"purple",0.756442622355661,1.46942426562421e-07,8.92815899669539e-07,TRUE,TRUE
"K20265","brown",0.186930738569389,0.282264085803016,0.474197731115209,-0.47381299675215,0.00403799027764622,0.00548362681140708,0.277450951231302,0.10659886740873,0.0766341851755021,0.170424906022264,0.327671023008417,0.354315526480849,-0.525666993587465,0.00118310320456467,0.00135811319192806,0.421330657231829,0.0117127948095698,0.0132571988761843,-0.026592016657403,0.879475879307206,0.427342392785806,0.10773352957134,0.537887886375734,0.249729788558269,0.205603353102849,0.23605641341687,0.231273626727872,0.767631490511883,7.41056413132887e-08,8.59931089591148e-07,"brown",0.767631490511883,7.41056413132887e-08,8.59931089591148e-07,TRUE,TRUE
"K20274","brown",-0.0826885001307197,0.636758518178784,0.775806776912185,-0.597138686518448,0.00015253753567598,0.000562773034258314,0.107958539754785,0.537034083813994,0.257839217713515,0.182525026035007,0.293964532636373,0.33278530608431,-0.312349920932111,0.0677319409903313,0.0358951173133084,0.727595183391283,7.34347274968728e-07,1.15699627059141e-05,0.243708318080038,0.158300325210198,0.136739919571493,0.0750416907456907,0.668334843898568,0.290229426308183,0.231163572881936,0.18151823723182,0.195067536135045,0.792832617026008,1.36728361622124e-08,2.88763553982343e-07,"brown",0.792832617026008,1.36728361622124e-08,2.88763553982343e-07,TRUE,TRUE
"K20325","turquoise",0.267248692990786,0.12065576115174,0.286508685418894,0.253902498327397,0.141075752397191,0.0766071100093964,0.711692068134183,1.64010954808566e-06,6.02332895603801e-06,-0.0696707280567381,0.690857034178735,0.514318426915186,-0.555719359400012,0.000528784611279576,0.00069504717913087,-0.413022307626778,0.0136651430158007,0.0148551271017956,-0.47483330345133,0.00394866537101633,0.00784914232802566,0.600322721117765,0.000137650977706434,0.000390075404376063,-0.665564294231281,1.28428718324402e-05,0.000362664727140554,0.000458137611849989,0.997915975110829,0.329819922579006,"turquoise",0.711692068134183,1.64010954808566e-06,6.02332895603801e-06,TRUE,TRUE
"K20333","black",-0.204785524678188,0.237966262207264,0.430304377984516,-0.704319101858472,2.33859601076862e-06,3.02527205760531e-05,-0.0502626095538626,0.774311710408474,0.331859091659116,0.429247735034582,0.0100772376897982,0.0553393317165293,0.0182127814938353,0.917293462548004,0.280998531914729,0.804844925284443,5.61939803265179e-09,3.74398465968346e-07,0.459030230870572,0.00554235529393726,0.0105312360143044,0.121169860367905,0.488072405543651,0.232983515698728,0.0397442836206133,0.82067221908334,0.496484922874861,0.645140313340184,2.86428790365456e-05,8.42511801841428e-05,"black",0.804844925284443,5.61939803265179e-09,3.74398465968346e-07,TRUE,TRUE
"K20437","purple",-0.330985062560355,0.0521182859997276,0.1761333618828,0.0564585133347839,0.747346871803005,0.261294175233875,-0.5168063138017,0.00147951250219183,0.00230739102174894,0.252647068330572,0.143119424442451,0.217777424885482,0.848853723913776,1.17440368999626e-10,2.33394453244089e-09,0.0732115988802168,0.675978275902769,0.284666792060833,0.574790182238398,0.00030452280530863,0.00103031799851774,-0.467895062526362,0.0045913523094445,0.00682945941633033,-0.0531291805557107,0.761801865965307,0.473771358460025,-0.5200419379901,0.00136447505578827,0.00186156589066852,"purple",0.848853723913776,1.17440368999626e-10,2.33394453244089e-09,TRUE,TRUE
"K20467","purple",-0.353173884106791,0.0374229145630878,0.14108615313466,-0.0960107018809156,0.583246615882348,0.217777873638834,-0.51466831986523,0.00156011969320795,0.00242067222345594,0.235458573148254,0.17331281031136,0.243248821320115,0.816870591886445,2.16571707806229e-09,2.86935039243813e-08,0.26205867294302,0.128316673409022,0.0834947142475679,0.769846220151008,6.442548869137e-08,8.65905672211321e-07,-0.354836283613611,0.0364738100399152,0.0338635920023288,-0.188847309067776,0.277269531664521,0.256034609418361,-0.398281691983574,0.0178036962905637,0.0147800818337951,"purple",0.816870591886445,2.16571707806229e-09,2.86935039243813e-08,TRUE,TRUE
"K20486","brown",-0.0348467884287943,0.842474336732489,0.915496415545128,-0.615044946450279,8.43880731232087e-05,0.000371731537977799,0.275916265587614,0.108630328465282,0.0776932074339637,0.253051544973405,0.142458639556855,0.217180799998877,-0.492159783911497,0.00267247314879421,0.00262818527024389,0.659231335077071,1.65758509582979e-05,0.000103089389331891,0.152860797551132,0.380670351139224,0.251877243515493,0.236513575310252,0.171338381621578,0.10917358876202,0.0904351639275102,0.605399212300502,0.417488993183502,0.856326535345012,5.39332344511118e-11,7.77846459242848e-09,"brown",0.856326535345012,5.39332344511118e-11,7.77846459242848e-09,TRUE,TRUE
"K20497","brown",-0.283607887283772,0.0987366242509342,0.253834944049045,-0.674797986178583,8.75637141492473e-06,7.35807780137667e-05,0.136813853096192,0.433214931081909,0.218937532317784,0.508809408116775,0.00180109089926255,0.0237156869313877,-0.206508580062098,0.233954552477642,0.0987937863328732,0.573521929230063,0.000316238126713274,0.0008630144495464,0.0239794606426454,0.891242830388369,0.429910719319043,0.307436133422814,0.0724062216306523,0.0565317106068703,0.200446725456218,0.248272352613587,0.239357684267579,0.755515697909864,1.55263156036827e-07,1.53228095951183e-06,"brown",0.755515697909864,1.55263156036827e-07,1.53228095951183e-06,TRUE,TRUE
"K20534","brown",-0.215523099228854,0.213712831729644,0.405245721536709,-0.609921862779679,0.000100328560009704,0.00042368738744448,0.350210609580615,0.0391643676922284,0.0342768736981811,0.287801066292793,0.093640223425452,0.172604308775608,-0.411642450598068,0.014014534560788,0.010143261673464,0.509997441054208,0.00174975061444934,0.00316147783406526,0.0860281139448713,0.623159003025923,0.344242680715226,0.584424015372224,0.000227441968389853,0.00060133156956864,-0.181863193277255,0.295748597238667,0.267179898037524,0.787358254486825,2.01185170408399e-08,3.72713293013225e-07,"brown",0.787358254486825,2.01185170408399e-08,3.72713293013225e-07,TRUE,TRUE
"K20628","blue",-0.138703129748924,0.426828962678608,0.609184015037281,-0.306506704584985,0.0733180052937659,0.046741057338249,0.290206790260212,0.0908085615576578,0.0675729361355284,0.156435778722617,0.369495804283789,0.377507754900775,-0.433181297444942,0.00933953970289256,0.00731463307052846,0.107420161326641,0.539078045934676,0.243460729556627,-0.237031752310287,0.170374520447895,0.144360711587438,0.792072682806391,1.44357594939129e-08,2.93041566770893e-07,-0.27558516641759,0.109072408585664,0.137087749276038,0.437003426201216,0.00866724571705414,0.008237981700605,"blue",0.792072682806391,1.44357594939129e-08,2.93041566770893e-07,TRUE,TRUE
"K20847","brown",-0.0163203807638478,0.925862091293001,0.963241898102664,-0.411304668985222,0.0141011996245605,0.0137377906994426,0.425042155223792,0.0109200844501109,0.0123314048192249,0.0377886265478017,0.8293633043817,0.561946452187055,-0.548645386468282,0.000643527270636077,0.000814160391953279,0.326060245266281,0.0559336933703326,0.0441512935150173,-0.00863069542898452,0.960754840783176,0.448680736008915,0.417211340376498,0.0126490507292294,0.0147800420726608,-0.129833796512737,0.457259762350098,0.35318473764516,0.712669326787542,1.56349243868967e-06,8.82892752012634e-06,"brown",0.712669326787542,1.56349243868967e-06,8.82892752012634e-06,TRUE,TRUE
"K20926","turquoise",0.244689065203905,0.156580143464581,0.337322586695596,0.136250144368916,0.43513048682144,0.176073120177899,0.820803183775484,1.56177300518162e-09,1.34886353438361e-08,-0.244748470286048,0.156476385854877,0.228008402207371,-0.712890517714823,1.54661214841338e-06,6.30492493857979e-06,-0.0551681648429713,0.752939438485882,0.307874143072369,-0.133288582188555,0.445270489445051,0.277190542488871,0.269121989921069,0.117976184969461,0.081911871771662,-0.427533209610604,0.010413928883381,0.0283028827880834,0.45525093765859,0.00599662349226929,0.00615981175117567,"turquoise",0.820803183775484,1.56177300518162e-09,1.34886353438361e-08,TRUE,TRUE
"K20927","brown",-0.133810048474024,0.443475798203951,0.623753685375289,-0.627324625541984,5.50459871030145e-05,0.000273083063721709,0.328814452180614,0.0537735086038176,0.0444502129221169,0.207762826049164,0.231063258487344,0.28813074720349,-0.366795138776914,0.0302076888045944,0.0187725590716133,0.586459887081917,0.000213586822775392,0.000648808586682427,0.198151315830188,0.253843372872808,0.190904531833558,0.406648008779705,0.0153426668195587,0.0170777316135438,-0.0768554846714107,0.66079169855471,0.439388391014699,0.847391108763812,1.36096831357259e-10,1.08265165329496e-08,"brown",0.847391108763812,1.36096831357259e-10,1.08265165329496e-08,TRUE,TRUE
"K21054","turquoise",0.408298289643541,0.0148926068161154,0.0789080205333888,0.254922486981241,0.139431161861021,0.0759967284840953,0.867477093727923,1.5511496211599e-11,2.31255733711588e-10,-0.260112968465778,0.131279701895658,0.206950143783621,-0.761131193713858,1.10794735345422e-07,7.09328185064106e-07,-0.24814273194274,0.150630210825345,0.0941763847306805,-0.266324780616204,0.121993936575607,0.113401835172567,0.220944063700607,0.202138145248522,0.123582063301587,-0.512868698062063,0.0016309307999963,0.00815835030391794,0.315054405218922,0.0652622097797527,0.0414154348602494,"turquoise",0.867477093727923,1.5511496211599e-11,2.31255733711588e-10,TRUE,TRUE
"K21104","blue",-0.0369101880310495,0.833273706658599,0.912809367841242,-0.193986440884091,0.264162049260839,0.121496199564659,0.465527633254327,0.00483039270231983,0.00617899511770182,-0.120773545993507,0.489506931904097,0.437174698407406,-0.664652830775924,1.33282020596518e-05,3.5514270833397e-05,-0.062602200169297,0.72089725879565,0.298791178191383,-0.430670480726187,0.00980490377613171,0.0164916664283165,0.772572685805198,5.41119192848505e-08,7.22104798229365e-07,-0.253899595905931,0.141080452346596,0.164888318508221,0.43959482451179,0.00823526835128521,0.00791078528910513,"blue",0.772572685805198,5.41119192848505e-08,7.22104798229365e-07,TRUE,TRUE
"K21148","turquoise",0.688051130797891,4.93303937190028e-06,0.000763574894299118,0.723579279444067,9.04201568661221e-07,1.49042418609349e-05,0.707549411113941,2.00457008165342e-06,7.15207783271995e-06,-0.399278494548939,0.0174942018411628,0.0722531084833921,-0.565848771645143,0.000396091643862431,0.00055078984629258,-0.663242065752437,1.41123196779065e-05,9.01401781681356e-05,-0.513339394709316,0.00161214295544882,0.00385914848366996,-0.14174487708967,0.416658316932555,0.207320558968547,-0.217951980749442,0.208471632675055,0.213100141084788,-0.128765400483486,0.461002135563667,0.188758000360648,"turquoise",0.707549411113941,2.00457008165342e-06,7.15207783271995e-06,TRUE,TRUE
"K21159","tan",-0.0446872111525821,0.798801092295032,0.892925556666859,-0.165046140066526,0.343391947058657,0.147080802158563,-0.500367720986784,0.00220544581845964,0.00325317036140265,-0.00281148787534369,0.987211314614716,0.605424868205746,0.177773798991227,0.306925108732273,0.122531862228995,0.227140050912958,0.189450964734098,0.111588539753728,0.00525526017113965,0.976097700773901,0.453245276896689,-0.347623994495,0.040737571798054,0.0369626252421592,0.764409124512389,9.06002989043207e-08,8.8123550073362e-06,0.0598517549143848,0.732701125952563,0.26762861099198,"tan",0.764409124512389,9.06002989043207e-08,8.8123550073362e-06,TRUE,TRUE
"K21185","blue",-0.258957597333089,0.133062933595487,0.304075910439436,-0.355252989239901,0.0362389940439621,0.0277623756887026,0.237623388041465,0.169278763084428,0.110240531153689,0.127512347163627,0.465412044626461,0.425904611871721,-0.402704133587286,0.0164646517403094,0.0115062619899152,0.133314503411905,0.445181185175528,0.212390905133237,-0.194746643391012,0.26225833757109,0.194339909246815,0.776531263345787,4.18241087738908e-08,6.34075839671888e-07,-0.27343820492516,0.11197199638177,0.139729018838428,0.422482094812853,0.0114618230195058,0.0103095420466505,"blue",0.776531263345787,4.18241087738908e-08,6.34075839671888e-07,TRUE,TRUE
"K21218","green",-0.0768001851869548,0.661021195870819,0.792854105930771,0.0806086614019913,0.645287731086155,0.233851749046515,-0.403240793051739,0.0163080554362469,0.0171190570691368,-0.0431555067901344,0.8055632115023,0.555297765004359,0.623265561847398,6.35228563001973e-05,0.000122912898272112,0.19311287830362,0.266360832451203,0.145662054469544,0.763998453780947,9.29296587262505e-08,1.20480083469215e-06,-0.626504556305003,5.66713516608327e-05,0.000192278385598069,0.0281414046977595,0.872509246828704,0.512783915454693,-0.300141742036332,0.0798049626386428,0.048655930645921,"green",0.763998453780947,9.29296587262505e-08,1.20480083469215e-06,TRUE,TRUE
"K21395","brown",-0.166577746481246,0.338869352988746,0.528213223551936,-0.617070951821614,7.87411667257136e-05,0.000354496793489115,0.141582919694879,0.417196389356452,0.212471222504136,0.0297171555896669,0.865433739270421,0.573333711264984,-0.318233569815825,0.0624501607209048,0.0335810526556631,0.670581912404548,1.04469799380163e-05,7.2925896403986e-05,0.197962548658575,0.25430517858874,0.191153707588709,0.355623132952423,0.0360314476206647,0.0335048323601349,0.0501381830344441,0.774856006077261,0.478907676172858,0.787466673505159,1.99673929525188e-08,3.72713293013225e-07,"brown",0.787466673505159,1.99673929525188e-08,3.72713293013225e-07,TRUE,TRUE
"K21401","blue",-0.272351702710909,0.113461287874838,0.276897509416685,-0.443116971014012,0.00767767605155328,0.00871813514895855,0.351286060459263,0.0385249174980666,0.0339682588271044,0.43214085839212,0.00953004714916454,0.0542066106892886,-0.259411100234438,0.132360865313874,0.0624134336467327,0.236834809674616,0.170740395997438,0.102832173695279,-0.0479891610253063,0.784273206636627,0.400196740225557,0.752879769455124,1.81353294099188e-07,1.93931799461111e-06,-0.47486922251324,0.00394555217877816,0.0145658806626288,0.424250041561298,0.0110853373539697,0.0100668681718395,"blue",0.752879769455124,1.81353294099188e-07,1.93931799461111e-06,TRUE,TRUE
"K21416","brown",-0.00862685123883331,0.960772307491345,0.982571794612413,-0.589817141627686,0.000192381570899754,0.000657644180804704,0.344529030995649,0.0426866511598377,0.0368928158289343,0.165861512485025,0.340979722543154,0.363055747139963,-0.371549411804991,0.0279753428485073,0.0176031575995129,0.597112274048189,0.00015266683714595,0.000501111007130938,0.145180845768925,0.405335303029145,0.262070054929368,0.203680983392319,0.240562137365506,0.140476350114613,-0.0146210326804045,0.933563617854213,0.532749955577059,0.804184095670664,5.91039884557152e-09,1.60031676418649e-07,"brown",0.804184095670664,5.91039884557152e-09,1.60031676418649e-07,TRUE,TRUE
"K21420","brown",0.0352143110364151,0.840834027345993,0.914817383327868,-0.424403678807798,0.0110531206355254,0.0115359519835778,0.373052833001111,0.0272983167116142,0.0259972984288618,0.106988720116139,0.540718698064766,0.463073832655928,-0.498707947620294,0.00229366611908708,0.00232764479582672,0.382848920463986,0.0232094194902984,0.0224839101723498,-0.0830481720232618,0.635288144651903,0.349493373180197,0.348702748721861,0.0400753673801165,0.0365166153829964,0.0480587992550933,0.783967565230137,0.481517537035339,0.776456004899902,4.20314535424263e-08,5.9178904117924e-07,"brown",0.776456004899902,4.20314535424263e-08,5.9178904117924e-07,TRUE,TRUE
"K21561","turquoise",0.431412668285834,0.00966533721382119,0.0594232366780506,0.108473473083376,0.53508261440497,0.204195699151685,0.774213831822757,4.86616210039609e-08,2.56051732788957e-07,-0.156329037147808,0.369826608575914,0.377647387960968,-0.527982766688713,0.00111483505100432,0.00128593632962417,-0.068620665151758,0.695291696482683,0.29093373691844,-0.0038739951031154,0.982378908042926,0.45377508691673,0.0417452698918373,0.811801378234575,0.328362065084051,-0.538021345586034,0.000857378927618432,0.00512318506371782,0.281281485092849,0.101653746579453,0.0583707714756885,"turquoise",0.774213831822757,4.86616210039609e-08,2.56051732788957e-07,TRUE,TRUE
"K21600","turquoise",0.64896806795171,2.4756193990767e-05,0.00184059423694145,0.582511382756365,0.000241184913070782,0.000760749105560508,0.870620490401128,1.06961760912169e-11,1.69558496563586e-10,-0.476571253029259,0.00380044765530719,0.0330204396059285,-0.629034355950137,5.17918512422787e-05,0.000103143124208937,-0.47014377280752,0.00437382551477215,0.00634934292384018,-0.398062184813505,0.0178724613807149,0.0264210500516889,0.113767163186745,0.515220803039961,0.242368732835188,-0.552312618342188,0.000581552140043753,0.00393118745482628,-0.00803471109636657,0.96346300286836,0.321700746340003,"turquoise",0.870620490401128,1.06961760912169e-11,1.69558496563586e-10,TRUE,TRUE
"K21686","blue",-0.393464250132895,0.0193646542778935,0.0944225953769105,-0.486572994981887,0.00303762754325785,0.00446027468364448,0.0903628201040311,0.605688995152469,0.279587656288174,0.392480698886814,0.0196969665828529,0.0774065050904697,-0.174088993792916,0.317221246979617,0.1257188901839,0.176022337569688,0.311792443168628,0.164258573299319,-0.22289700688121,0.198077122936263,0.160945172065147,0.823754063867627,1.21563402850467e-09,4.15983788205367e-08,-0.197881084721081,0.254504646519348,0.243223260163481,0.362598483232024,0.0322975470727011,0.0239672614034835,"blue",0.823754063867627,1.21563402850467e-09,4.15983788205367e-08,TRUE,TRUE
"K21688","turquoise",0.50319851037277,0.00206180915277524,0.0209923689854218,0.257483177758341,0.135364480760742,0.0743352269113009,0.885384772853568,1.62367834708799e-12,3.69705076415645e-11,-0.331054705453947,0.0520658596754096,0.125505517602171,-0.796119692328302,1.07827255889009e-08,1.10601232135613e-07,-0.272782995861631,0.112868334673891,0.0753087243029915,-0.380723582424351,0.0240504849745719,0.0332340292704196,0.432514475380593,0.00946126016350892,0.0119531466786371,-0.605546888574408,0.000116031121081182,0.00142422901696254,0.271900055678122,0.114084728968906,0.0641132313453596,"turquoise",0.885384772853568,1.62367834708799e-12,3.69705076415645e-11,TRUE,TRUE
"K21721","purple",-0.387339641174627,0.0215121952954565,0.100990438119786,0.0573459195929588,0.74350804719936,0.260397439036512,-0.767610855562285,7.4201822468101e-08,3.762146672778e-07,0.155311762431854,0.372988058014336,0.379084741515458,0.782454334888286,2.81689168733091e-08,2.51131234371826e-07,-0.0796179374054798,0.649366379661476,0.278320226013688,0.127080948946923,0.466935434414779,0.285621355425739,-0.31963185972693,0.0612440041937062,0.0497631307603532,0.429922705424072,0.00994724869378827,0.0277760377820696,-0.565626687029771,0.000398648631963851,0.000695186281244452,"purple",0.782454334888286,2.81689168733091e-08,2.51131234371826e-07,TRUE,TRUE
"K21739","green",-0.118465363806544,0.497904611252827,0.671362733941497,-0.0425850689889571,0.808085138334322,0.277312054971664,-0.194722787958873,0.26231793902339,0.153034593731136,0.0514452825808594,0.769143500068845,0.543481134285736,0.448321789550577,0.00691288520164578,0.00574923800468416,0.30676794891941,0.07306082071306,0.054331586166045,0.774553930309026,4.75974939791765e-08,6.64101023396233e-07,-0.348066544331361,0.0404648463642515,0.036798805556091,-0.188859451852084,0.277238071975194,0.256034609418361,-0.130743321942717,0.454086748155694,0.187306407976342,"green",0.774553930309026,4.75974939791765e-08,6.64101023396233e-07,TRUE,TRUE
"K21741","green",-0.217763822194352,0.208874448709987,0.401064031547044,-0.145131603280685,0.405496328855549,0.167085714960719,-0.261951095051148,0.128479192945119,0.08889397555038,0.0674986829796367,0.700041098322412,0.516715389951947,0.520587005701457,0.00134589034433865,0.00150337099685994,0.419812233132378,0.0120508478442976,0.013548980628091,0.847324372866725,1.3701045497177e-10,4.96337813799417e-09,-0.28741535019124,0.0941004442996776,0.069222230707524,-0.220484247201368,0.20310266015277,0.209664364847523,-0.0538530831126962,0.758651952498402,0.273699264449128,"green",0.847324372866725,1.3701045497177e-10,4.96337813799417e-09,TRUE,TRUE
"K21757","blue",-0.0327530845852524,0.85183109735632,0.92008855149713,-0.0927834868226478,0.596025073077597,0.221208639115929,0.47643657984111,0.00381175819396086,0.00512185800855714,0.208939584793257,0.228372690319598,0.286769310632259,-0.47869745963114,0.00362569155700685,0.00335464486380011,-0.206360183673646,0.234298246729417,0.131213439042336,-0.453485666726641,0.00621953377316497,0.0115543690739759,0.700355400547535,2.81768721606811e-06,1.84409501239185e-05,-0.427737573460417,0.0103733025284043,0.0283028827880834,0.199828367851785,0.249765027935023,0.118112721976747,"blue",0.700355400547535,2.81768721606811e-06,1.84409501239185e-05,TRUE,TRUE
"K21792","green",-0.183998103652593,0.290018404225666,0.481406458104597,-0.189843333994941,0.274696722710874,0.124627230095668,-0.150100294669637,0.389432882225976,0.201861638120334,0.0700577236904547,0.68922519958975,0.513793121814814,0.538640813107025,0.0008433725356453,0.00102225462142759,0.422686469908015,0.0114177555650202,0.0130159311400518,0.74235281073854,3.3100986246346e-07,3.43922969662354e-06,-0.180956895010608,0.298202843614634,0.164207927794886,-0.423817613801913,0.0111764417984897,0.0297380468386148,-0.106855928081523,0.541224148214887,0.213094462838977,"green",0.74235281073854,3.3100986246346e-07,3.43922969662354e-06,TRUE,TRUE
"K21802","blue",-0.267510883120867,0.120278013525316,0.286273805123882,-0.327335961661334,0.0549247094496654,0.0376672143754114,0.0804014675368888,0.64613987823769,0.293074642012865,0.422078290225225,0.0115493147019524,0.0597518946576742,-0.273313863320131,0.112141685091473,0.0545789739775263,0.0352013395141616,0.840891910049465,0.331879260048018,-0.323704755615058,0.0578353248389056,0.0647281051403968,0.713282776333662,1.51708636572903e-06,1.075140451115e-05,-0.172647687148241,0.32130663113018,0.282542177375835,0.256375733588569,0.137112373435344,0.0734960832451482,"blue",0.713282776333662,1.51708636572903e-06,1.075140451115e-05,TRUE,TRUE
"K21834","blue",-0.0110519096957069,0.949757558383523,0.976843189076243,-0.384493267257851,0.0225755326384108,0.019424535664546,0.528537199691307,0.00109901498400308,0.00179912062704271,0.182586248275023,0.293799847910115,0.33278530608431,-0.564484225126933,0.000412036110539694,0.000566050368670362,0.213982564479793,0.217083694868017,0.123623444090107,-0.135869642338663,0.43642611311897,0.274212178280102,0.788599528717177,1.84498325282998e-08,3.41624061564606e-07,-0.475503157900919,0.00389095602774465,0.0144355733582669,0.604137738566896,0.000121539650698393,0.000278401025896372,"blue",0.788599528717177,1.84498325282998e-08,3.41624061564606e-07,TRUE,TRUE
"K21850","brown",0.0596184308943826,0.733705287933612,0.850023187341056,-0.49113177134515,0.00273663995689292,0.00415564961117688,0.360498831430836,0.0333866258948815,0.030481220285077,0.0965989626477793,0.580930538119117,0.475325862752601,-0.42133498875756,0.0117118420569359,0.0088178549967499,0.49263338597724,0.00264335535226466,0.00430239880635413,0.2109857976118,0.22374501856107,0.175287573614923,0.180815661377594,0.298586467691176,0.164343613367872,-0.0637655481988926,0.71592345260133,0.459733356899837,0.738567416561347,4.08115068710147e-07,3.31507265366699e-06,"brown",0.738567416561347,4.08115068710147e-07,3.31507265366699e-06,TRUE,TRUE
"K21886","green",-0.0811646201451824,0.643003379860746,0.780282743986613,-0.0891304102694354,0.610634644356098,0.224801032432175,-0.140578302612584,0.420542752736079,0.213567510473023,-0.0466722666656708,0.790058967871698,0.550462075662208,0.492680456616836,0.00264047653238143,0.00260208401929939,0.433882712714507,0.00921294441740025,0.0110635648904386,0.753383103987161,1.76079533121852e-07,2.06300782529896e-06,-0.266778308105691,0.121335681169778,0.0837105919725908,-0.372630133366279,0.0274872917131015,0.0531763141383887,-0.117287727986592,0.502217098040087,0.200831097437676,"green",0.753383103987161,1.76079533121852e-07,2.06300782529896e-06,TRUE,TRUE
"K21903","green",-0.048494835982644,0.782054529166514,0.881484525804889,0.0101701055384418,0.953761808149749,0.30933413537462,0.0925529016655264,0.596942734591865,0.277082329197129,-0.0909325884036655,0.60340831831069,0.484841530753316,0.268696061050659,0.118581489925291,0.0571134731971992,0.254704575263012,0.139781326606327,0.0886677705065157,0.78936586032077,1.74844702745504e-08,2.7542850922839e-07,-0.27878770924218,0.104852914928811,0.075077106472725,-0.410906105759456,0.0142040389357315,0.0343485293296624,0.00970556414888143,0.955871732443976,0.319929308891149,"green",0.78936586032077,1.74844702745504e-08,2.7542850922839e-07,TRUE,TRUE
"K21949","purple",-0.515479696862851,0.00152908630547108,0.0177119163717067,-0.187447530423675,0.280911642695071,0.126721912916527,-0.751497916147808,1.96588119864837e-07,9.08460570591153e-07,0.331629942414492,0.0516344348522653,0.125364699602954,0.732731701430498,5.59762480826925e-07,2.69682618423159e-06,0.0933774505500161,0.593664100281526,0.260977614910736,0.160943552006234,0.355686283959973,0.239248158514866,-0.126880210243132,0.467645198061178,0.225570011170633,0.382985907749247,0.0231560552238401,0.0477007100507669,-0.382357308737969,0.0234017688516153,0.018318525293609,"purple",0.732731701430498,5.59762480826925e-07,2.69682618423159e-06,TRUE,TRUE
"K21993","brown",0.00911604249035196,0.958549733846608,0.982046275552686,-0.506290851503252,0.00191431172540632,0.00329909095422147,0.239174343171627,0.166430213994218,0.108838236821182,0.162578063962183,0.350756728151797,0.368930063977587,-0.35881901624318,0.0342793467852103,0.020867859398585,0.53147342626603,0.00101848683696131,0.00213387046003233,0.0520154380664905,0.766655430338697,0.394920779087311,0.0729932509994207,0.67689236110362,0.293095424417548,0.260359863769456,0.130900939037862,0.156437186430099,0.77463811681463,4.73374199238696e-08,6.32748705026396e-07,"brown",0.77463811681463,4.73374199238696e-08,6.32748705026396e-07,TRUE,TRUE
"K22010","purple",-0.497628351859109,0.00235268855991827,0.0227925615941173,-0.205149597128686,0.237114774399977,0.112446945734269,-0.68993657704275,4.53532489149699e-06,1.48295418468578e-05,0.285718435270071,0.096145699823739,0.174631950352164,0.709911632971522,1.78858762967939e-06,7.13882412443555e-06,0.282379043529855,0.10026944950183,0.0692940346823884,0.359849158873665,0.0337296118610872,0.0434218619770029,-0.27428224690231,0.110825234869453,0.0782165073861741,0.317835104690716,0.0627972818704219,0.0940915357463108,-0.260118660884988,0.131270960022446,0.0714898893902793,"purple",0.709911632971522,1.78858762967939e-06,7.13882412443555e-06,TRUE,TRUE
"K22026","turquoise",0.177491737289858,0.307705701570287,0.496585122625041,-0.00955694751983084,0.956546804859554,0.309647776907484,0.721260093791405,1.01799438045389e-06,4.00900284946783e-06,0.0530734763528564,0.762044408124151,0.540034172428163,-0.578571871208603,0.000271853921737267,0.000398966661502908,-0.11247901948187,0.520020043555134,0.236796051277019,-0.288553256427145,0.0927476949613186,0.0928748573744573,0.563385730710456,0.000425284157448886,0.000973910655234862,-0.571276366956478,0.000337970586130496,0.00270190235062531,0.302825991534532,0.0770170778809549,0.0474216526807669,"turquoise",0.721260093791405,1.01799438045389e-06,4.00900284946783e-06,TRUE,TRUE
"K22027","brown",-0.162346523480609,0.351452512439588,0.542013353723765,-0.679917265591889,7.03990117246826e-06,6.31099787619155e-05,0.0652518616923065,0.70958554719036,0.312020321901885,0.334220341070276,0.0497268658694661,0.122913522721043,-0.0524875278343181,0.76459703813959,0.245909793693485,0.682603185661712,6.26760088013345e-06,5.32601478521552e-05,0.423253680999183,0.0112962036213425,0.0182745924199782,0.0938356620721556,0.59184552961256,0.267127061512057,0.0654488013750701,0.708747186677334,0.457716627657854,0.708303843664848,1.93312965116883e-06,1.04568132275041e-05,"brown",0.708303843664848,1.93312965116883e-06,1.04568132275041e-05,TRUE,TRUE
"K22033","blue",0.111728997861025,0.522824490823271,0.691547330228381,-0.172990815487124,0.320331074860455,0.139423923931218,0.535905106266311,0.000906791109627121,0.00153252352503647,-0.0651236130328342,0.710131674523338,0.520578413794406,-0.780065968249449,3.30839870960636e-08,2.86785062094869e-07,-0.00518149374453796,0.976433116062759,0.363290249097411,-0.428968687804263,0.0101313976776512,0.0169049623428869,0.722258029312704,9.67511594047988e-07,7.60565774906459e-06,-0.252263380908982,0.143748316444343,0.166575643995132,0.502197216273383,0.00211165185938476,0.00263887842870317,"blue",0.722258029312704,9.67511594047988e-07,7.60565774906459e-06,TRUE,TRUE
"K22041","blue",0.021392468191895,0.902917203641411,0.947677708483779,0.164579846614515,0.344776105231038,0.147426508843328,0.463790907732774,0.00501250551340945,0.00637289461909513,-0.0038707522493678,0.982393656067233,0.604104002157772,-0.405787477590666,0.0155818403588093,0.011026640591149,-0.400960772040942,0.0169820774956004,0.0175104753395709,-0.575306594487568,0.000299864538617833,0.00101926520968175,0.732333122066234,5.71804316915238e-07,4.92690548317078e-06,-0.503179147060363,0.00206276318470757,0.00947892866889691,-0.0308183615666,0.860495121002832,0.298705332237479,"blue",0.732333122066234,5.71804316915238e-07,4.92690548317078e-06,TRUE,TRUE
"K22043","green",-0.222789581051143,0.198299017634297,0.389650866242685,-0.129742095817758,0.457580331362024,0.182099457494129,-0.322862562358707,0.0585275450078752,0.047595989025061,0.0106909090554463,0.951396712127133,0.598170026291773,0.556366175809709,0.000519260733209705,0.000686060863308191,0.456475777328002,0.00584601938998367,0.00791293762999035,0.898878889071455,2.27973333035779e-13,2.38558762950334e-11,-0.576834577746336,0.000286451563427599,0.000719240971997958,-0.0230925033681218,0.895243012448091,0.520655190586695,-0.0462764031220834,0.791800365158929,0.28180709575023,"green",0.898878889071455,2.27973333035779e-13,2.38558762950334e-11,TRUE,TRUE
"K22106","brown",0.198339633690586,0.253383221407842,0.445580945457025,-0.36338030616184,0.0318995097171891,0.0252519016272258,0.511646673332234,0.00168060714607342,0.00257925422975362,0.223067670150406,0.197724963632319,0.265455435809358,-0.564816842599815,0.000408097782864037,0.000562985802311075,0.314944379701695,0.065361283106747,0.0496047986928414,-0.124729367898272,0.475285720832896,0.289399985351025,0.453883182782729,0.00616872654760217,0.00865755962611628,-0.114540472933649,0.512350257159,0.379610394671573,0.711000662954798,1.69637441736263e-06,9.47793406214245e-06,"brown",0.711000662954798,1.69637441736263e-06,9.47793406214245e-06,TRUE,TRUE
"K22134","turquoise",0.280376295789595,0.102806295760278,0.259409414006005,0.35378933180685,0.0370692312228035,0.028208103569749,0.74492814001152,2.8646684728469e-07,1.2812516610099e-06,-0.19315159057736,0.266263138933308,0.312587674395571,-0.561725735435986,0.000446023509695912,0.000603510223804903,-0.355896586124007,0.0358787388071802,0.0314280151401078,-0.368270897963361,0.0294996600014558,0.0389402091520759,0.474559769181883,0.00397244307430059,0.00609183665741025,-0.611235107716015,9.60033554808503e-05,0.00127334867437838,0.0525904260724243,0.764148594126245,0.274722557713128,"turquoise",0.74492814001152,2.8646684728469e-07,1.2812516610099e-06,TRUE,TRUE
"K22203","green",-0.214285256707857,0.216418508473453,0.408435638482661,-0.110041190755508,0.52916243159189,0.202389917108584,-0.378592986852044,0.0249187634950769,0.0242191211279417,0.113069347270568,0.517817932020289,0.451705660821798,0.582724145668392,0.000239620293194572,0.000361676988383502,0.376579938949839,0.0257627569092327,0.0244011462580049,0.832465598552883,5.64276119989328e-10,1.50303240133249e-08,-0.46695786650569,0.00468473131405381,0.00694408340074465,-0.0291615801970314,0.867927263772543,0.511652039658149,-0.15154566852806,0.384830401452065,0.164316751137021,"green",0.832465598552883,5.64276119989328e-10,1.50303240133249e-08,TRUE,TRUE
"K22212","blue",-0.335019155459548,0.049150126087864,0.169690014150001,-0.274383338571974,0.110688481405771,0.0638310961059905,0.213269667460434,0.218655871245415,0.133967161663681,0.248307505705023,0.15035050804042,0.224698217110246,-0.32436734045853,0.0572953028540592,0.0315198605233496,0.0288699965564603,0.869236447906464,0.339438218608057,-0.30831125548655,0.0715558279721184,0.0757618395596773,0.831125575918403,6.3677015177551e-10,2.7237438832384e-08,-0.286751223772048,0.0948969026008911,0.125014939657088,0.250690840161669,0.146346947902035,0.0771151531071802,"blue",0.831125575918403,6.3677015177551e-10,2.7237438832384e-08,TRUE,TRUE
"K22223","green",-0.282666604904444,0.0999091426357341,0.255937122601316,-0.223656518627863,0.196513244571077,0.0983977446942183,-0.473355630269557,0.00407859550644448,0.00539523849754302,0.198921026283993,0.251966095289688,0.303036318249837,0.738378078381578,4.12373622246527e-07,2.16139354637043e-06,0.437270268934332,0.00862189045130797,0.0105183449144722,0.865273066286119,2.0017645400364e-11,1.08114912174562e-09,-0.48427206414378,0.00320018385664615,0.00508329349772558,-0.0482483386214423,0.783135840181062,0.481517537035339,-0.206279307658655,0.234485703599992,0.112806887742185,"green",0.865273066286119,2.0017645400364e-11,1.08114912174562e-09,TRUE,TRUE
"K22245","turquoise",0.688587639965607,4.81674988426333e-06,0.000763574894299118,0.458452004420674,0.00560987763997775,0.00692403691843594,0.923247505656387,2.90106510403503e-15,3.3028047023525e-13,-0.476976726862302,0.00376656922881312,0.0330204396059285,-0.791447765199237,1.50924090930417e-08,1.45424552089029e-07,-0.350976507875345,0.0387081004377367,0.0332924264872795,-0.314959115199403,0.0653480075600443,0.0711710094541071,0.011028935870778,0.949861866995161,0.362122071744592,-0.436669944944114,0.00872421315002098,0.0257576616137038,0.21879981091726,0.206663231676963,0.101834472506607,"turquoise",0.923247505656387,2.90106510403503e-15,3.3028047023525e-13,TRUE,TRUE
"K22293","turquoise",0.577817447128437,0.000278109326984271,0.00562687730238436,0.343154300590587,0.0435761760116611,0.0319464544660402,0.94770134508445,6.21638321636709e-18,2.59498366756105e-15,-0.278380870763619,0.105381982890777,0.183525536907111,-0.755294841906593,1.5730865223073e-07,9.37879381443512e-07,-0.29632906551034,0.0838985095321996,0.060157360560818,-0.279560464092798,0.103853535578086,0.100792285437889,0.173669237132896,0.318407679826576,0.172323188426997,-0.554140924525293,0.00055267997508298,0.00376509089414656,0.257372719172786,0.135538078231169,0.0730228913738847,"turquoise",0.94770134508445,6.21638321636709e-18,2.59498366756105e-15,TRUE,TRUE
"K22296","turquoise",0.46331013987888,0.00506395255898881,0.0386383205992535,0.320510131960564,0.0604958674803945,0.0403819085431417,0.774414772951362,4.80302788067091e-08,2.53796054295292e-07,-0.0798550784061566,0.648389190307908,0.501445113494753,-0.595741467701226,0.000159514033741601,0.000262805648046492,-0.334053001666567,0.0498483668231449,0.0404836513170916,-0.417881835741418,0.0124924902807014,0.0197002921737059,0.457406897243751,0.00573371578264374,0.00822415500848509,-0.644709922317851,2.91127714407537e-05,0.000605291882022586,0.0855778270617218,0.624985649552148,0.237228407072893,"turquoise",0.774414772951362,4.80302788067091e-08,2.53796054295292e-07,TRUE,TRUE
"K22297","turquoise",0.448460675035272,0.00689340566558372,0.0472662660269699,0.325203597852823,0.0566194499848065,0.0383707799954141,0.818699465872953,1.8620629935281e-09,1.58633584835168e-08,-0.0474226479800391,0.78676080153892,0.549369006607874,-0.685297436431131,5.5712234245988e-06,1.78339962997194e-05,-0.409245656581636,0.0146392910826287,0.0155755068953154,-0.340737800140177,0.0451759236061292,0.0545164684324747,0.325850639298353,0.0561008728444809,0.0466280484263786,-0.576252169689331,0.000291499558328633,0.00245363198957139,0.158633279849508,0.362724539324869,0.156912647627509,"turquoise",0.818699465872953,1.8620629935281e-09,1.58633584835168e-08,TRUE,TRUE
"K22298","turquoise",0.495399864541352,0.00247872753195602,0.0233151070932166,0.0820273643816416,0.639464863836931,0.232731895180239,0.74128370880103,3.51303753873889e-07,1.55458495110558e-06,0.00217177244178094,0.990121041537705,0.605875434984324,-0.618144227529987,7.58897271153126e-05,0.000143291273830868,-0.0710680387111946,0.68497153979164,0.287684468820233,-0.140713650098806,0.420091038349946,0.268984192151847,0.180688725594686,0.298931523417525,0.16441403317092,-0.482499821649254,0.00333048987206553,0.0130762188730351,0.331206997061685,0.0519513629413594,0.0348313382251186,"turquoise",0.74128370880103,3.51303753873889e-07,1.55458495110558e-06,TRUE,TRUE
"K22300","purple",-0.267538187401209,0.120238725994247,0.286273805123882,0.121168682271306,0.488076666654553,0.190380769352192,-0.742883722427985,3.21337519773544e-07,1.43209959422573e-06,-0.0547962332368529,0.754553759181313,0.538650405086242,0.771960848059498,5.62839992116838e-08,4.16207209546124e-07,0.00309220818823574,0.985934515524178,0.365626981465888,0.469464593883158,0.00443856638710848,0.00870485375323379,-0.527127998908307,0.00113961802029074,0.00214944919283261,0.291871401147613,0.0888879963209354,0.119691594326121,-0.567646205180001,0.000375928152971497,0.000676217693777144,"purple",0.771960848059498,5.62839992116838e-08,4.16207209546124e-07,TRUE,TRUE
"K22336","blue",-0.235852191978761,0.172574268140945,0.359895587245011,-0.187512744455353,0.280741276371384,0.126721912916527,-0.0255388193900591,0.884216568881869,0.362820839354667,0.267213896947592,0.120705959650603,0.197317253630711,-0.147060684073829,0.399215420413414,0.149710559937564,-0.0649704705607778,0.710783994380842,0.295949072614371,-0.349172922407141,0.0397894837595536,0.0492878997114985,0.775400108729954,4.50423455678368e-08,6.57883125772423e-07,-0.259689518384957,0.13193120357534,0.157390867437556,0.00122316160980644,0.99443598990273,0.328875626090241,"blue",0.775400108729954,4.50423455678368e-08,6.57883125772423e-07,TRUE,TRUE
"K22345","turquoise",0.549659723169906,0.000625825447611444,0.00927926343109644,0.332687371797409,0.0508488121290598,0.0354957255717592,0.868668567500721,1.34881979888292e-11,2.03513837786161e-10,-0.202028486679183,0.244481212045248,0.29761970204904,-0.605318045500168,0.000116910150568044,0.000203333478301064,-0.227867685027224,0.187998625754774,0.110964059445534,-0.214655052631746,0.215607757652644,0.171108682431943,0.141073585956095,0.41889109706395,0.207952443656365,-0.483703193053194,0.00324151945871104,0.0128029067929323,0.25984426930844,0.131692834192311,0.0716826722907897,"turquoise",0.868668567500721,1.34881979888292e-11,2.03513837786161e-10,TRUE,TRUE
"K22369","brown",-0.278316423838722,0.105465977070819,0.263212122322724,-0.698468586652397,3.0758723386786e-06,3.56935211052994e-05,0.146745817206973,0.400236766581536,0.205505422306975,0.525507196084019,0.00118794690051962,0.0197512450530099,-0.272206830666697,0.11366098582381,0.0551495871725297,0.549539531808271,0.000627900187235977,0.00149288363961832,0.10044654902293,0.565884259296889,0.324090599780011,0.51205919917812,0.00166369131494623,0.00291311915648255,-0.00153190129641658,0.99303160207568,0.545184386328496,0.731071138351587,6.11516608720549e-07,4.32841929463117e-06,"brown",0.731071138351587,6.11516608720549e-07,4.32841929463117e-06,TRUE,TRUE
"K22451","green",-0.208187353142407,0.230090144818874,0.423244069612164,-0.117301572595928,0.50216629004718,0.19476156646467,-0.500038791477421,0.00222268972335063,0.00326982544825161,0.104951551122494,0.54849748739465,0.465761852697906,0.689992956383848,4.5238960455505e-06,1.53030454892855e-05,0.324016820820671,0.0575804841510126,0.0450300659181576,0.848762816022133,1.18526841815038e-10,4.59146028711837e-09,-0.542332106656129,0.000764026451594533,0.00155622601129753,0.0203030608799301,0.907839533140608,0.524740610860474,-0.26076844823506,0.130275904656038,0.0711314072426759,"green",0.848762816022133,1.18526841815038e-10,4.59146028711837e-09,TRUE,TRUE
"K22489","turquoise",0.259630666149347,0.132021939782789,0.302345373557002,0.225661978825433,0.192425395450179,0.0970642424995035,0.791221371669728,1.53370318874597e-08,9.32378401303795e-08,-0.181254745882254,0.297394839623151,0.33421017731643,-0.603822021357671,0.000122805574751593,0.000209565908742832,-0.27149019706502,0.114652709018936,0.076241007679363,-0.317752537553237,0.0628693997505693,0.0689917894073365,0.519452849596449,0.00138481398666557,0.00251298043353997,-0.622056425443806,6.62661872075454e-05,0.00105471265516759,0.163025663805917,0.349414043906683,0.152342118435058,"turquoise",0.791221371669728,1.53370318874597e-08,9.32378401303795e-08,TRUE,TRUE
"K22515","brown",0.00260432267012418,0.988153583507822,0.992499844949578,-0.510189465811583,0.00174157388822371,0.00308998053811312,0.485587861912403,0.00310632470873353,0.00429849450918723,0.380833298451746,0.0240064585359852,0.0851018353280329,-0.418928009377787,0.0122514776595093,0.00911622022408008,0.446697829939588,0.00714417611945794,0.00917605609461255,0.099132105818322,0.571004380732384,0.326257707538482,0.400806339717319,0.0170285612825807,0.018523891948071,-0.224571425428791,0.194640876480995,0.204891970144686,0.76259443128981,1.0131658623058e-07,1.13816825247465e-06,"brown",0.76259443128981,1.0131658623058e-07,1.13816825247465e-06,TRUE,TRUE
"K22522","purple",-0.432266496835746,0.00950686844717009,0.0587850169781469,-0.144207508608383,0.408524927164516,0.167950012200538,-0.583899387741002,0.000231140112151398,0.000461663865027226,0.155590306137154,0.372120827298172,0.37879706126424,0.795301175192771,1.14441254271913e-08,1.14914111772122e-07,0.302928063464615,0.0769125787954525,0.056484990983073,0.666554599214337,1.23338071942954e-05,7.1702776898356e-05,-0.354384357393157,0.0367298687322712,0.0340485376357828,0.0742893667149157,0.671473032328017,0.443961646684266,-0.268188277798531,0.119306152255916,0.0664474439240502,"purple",0.795301175192771,1.14441254271913e-08,1.14914111772122e-07,TRUE,TRUE
"K22539","brown",0.150584854853386,0.387886359199165,0.570557049079074,-0.410294888922583,0.0143629733069222,0.0139132380759065,0.421422954280023,0.0116925075334835,0.013015871137561,0.000492842345203384,0.997758106926529,0.607297935621856,-0.61668705854914,7.97842740881369e-05,0.000148939797374356,0.389710175781067,0.020658658868194,0.0206452998026545,0.0343828669463921,0.844545819320952,0.416995986927525,0.321295670495732,0.0598328595244767,0.0488818225541251,-0.0713762012249524,0.683675990865917,0.449483776807192,0.783255259339933,2.66779533219988e-08,4.4650069522289e-07,"brown",0.783255259339933,2.66779533219988e-08,4.4650069522289e-07,TRUE,TRUE
"K22579","black",-0.377698605778927,0.0252908809075032,0.110760200357928,-0.731682776182993,5.91963884630239e-07,1.04304618942836e-05,-0.0196538268496882,0.910774620997242,0.370200777356146,0.614104301998349,8.71316793708899e-05,0.00564986590435118,0.054756911140926,0.754724491541254,0.243308812524477,0.796763651233087,1.02874146920422e-08,4.67546309953663e-07,0.473945467769953,0.00402629495429374,0.00794952249316778,0.211907587321414,0.221681360989258,0.132553082361404,-0.0328490134366032,0.851401946270749,0.507189100094746,0.625654296828759,5.84021561319902e-05,0.000156924265095575,"black",0.796763651233087,1.02874146920422e-08,4.67546309953663e-07,TRUE,TRUE
"K22684","brown",-0.194251964164698,0.263496091587908,0.455596000436204,-0.537769484899079,0.000863132109223827,0.00185715081925545,0.239571574588457,0.165706203878977,0.10847805820427,0.113285973201343,0.517011003608283,0.451204090459966,-0.291262537501607,0.089586826571123,0.0451448172935861,0.595132137289158,0.000162645067649827,0.000523680699484887,0.25536033134316,0.138729532293123,0.124381626281629,0.172281006393987,0.322351192828607,0.173750806203995,0.020736983359686,0.905878502387033,0.524364475321234,0.706909592212328,2.06704062121e-06,1.08056628971949e-05,"brown",0.706909592212328,2.06704062121e-06,1.08056628971949e-05,TRUE,TRUE
"K22690","black",-0.150811592570841,0.387163930402048,0.570135000228165,-0.541988752878521,0.000771117573334337,0.00172441075712193,0.1085394513526,0.534832819839123,0.257016936466813,0.218410132574982,0.207493052576202,0.271975240347695,-0.0932411717720901,0.594205439868871,0.203455704962024,0.712896210774365,1.54617989016656e-06,2.18221937809111e-05,0.563583909017419,0.000422866438832399,0.00133349976665104,0.142342376857681,0.414676618704135,0.20676553379002,-0.277287225870846,0.106814211982755,0.135220245417782,0.551249023874643,0.000598956850645805,0.000957917766224033,"black",0.712896210774365,1.54617989016656e-06,2.18221937809111e-05,TRUE,TRUE
"K22704","purple",-0.489395480896862,0.00284806511648543,0.0256486314856448,-0.220734549258864,0.202577228888249,0.100714616678718,-0.693718140097309,3.82443913831306e-06,1.27041176820897e-05,0.296481738593675,0.0837315345070725,0.162394541602869,0.876494890666783,5.20004003115348e-12,1.83720358246536e-10,0.34241203063243,0.0440626348524202,0.0369269200113747,0.554787158501692,0.000542783408123327,0.00163954818962268,-0.424629053307417,0.011006004582217,0.013287999971725,0.286642665704571,0.095027579862747,0.125092965165334,-0.284377308683035,0.097785991568254,0.0566699697632513,"purple",0.876494890666783,5.20004003115348e-12,1.83720358246536e-10,TRUE,TRUE
"K22705","green",-0.385446685255312,0.0222146120403403,0.102630223544751,-0.397882900010411,0.0179287904506408,0.0163887379323411,-0.320554315523003,0.0604584223696949,0.048816104141808,0.0081906089100992,0.962754560735803,0.600074436897385,0.414154819050383,0.0133838888995624,0.00981339741970073,0.604904285202307,0.000118514681761047,0.00042055195481298,0.809309342532314,3.97517027816436e-09,7.37170599995599e-08,-0.278591794127038,0.105107438701654,0.0751554090996173,0.0494131389987226,0.778029755279116,0.479975063347009,0.204380682159541,0.238915517543552,0.114468644665013,"green",0.809309342532314,3.97517027816436e-09,7.37170599995599e-08,TRUE,TRUE
"K22723","brown",-0.00749267778213814,0.965926360587738,0.983166263452547,-0.413514039736812,0.0135424182251718,0.0133203917380524,0.494917118428325,0.00250679370019155,0.00358780347268615,0.231280946883147,0.181290409362784,0.250009708970898,-0.373519516443359,0.0270909207231377,0.0171257218636118,0.4911054277591,0.00273830175470511,0.00440930014328548,0.226465900123658,0.190803573021339,0.156510835390331,0.219104934273055,0.206015076720067,0.125122005014745,-0.183563337007386,0.291179516916079,0.264553776591497,0.737775915197047,4.26190114950099e-07,3.43546754138975e-06,"brown",0.737775915197047,4.26190114950099e-07,3.43546754138975e-06,TRUE,TRUE
"K22769","turquoise",0.668625826770871,1.13278933617407e-05,0.00110961091356412,0.59616890502481,0.000157350016113842,0.000572264485632049,0.717054827795449,1.25836746579235e-06,4.77542079002375e-06,-0.494741934917522,0.00251704691483085,0.0267561443884793,-0.455874137027355,0.0059195848291316,0.00504182290150126,-0.351191967989963,0.0385805238335636,0.0332523543683371,-0.0906881872759651,0.604386159715272,0.337371398530778,-0.328401705746227,0.0540929362662952,0.0454002437625762,-0.387267568009608,0.0215385976131788,0.0457641152018275,-0.0274782936336022,0.875489720805189,0.30241921758705,"turquoise",0.717054827795449,1.25836746579235e-06,4.77542079002375e-06,TRUE,TRUE
"K22770","turquoise",0.643018377975841,3.1027950769214e-05,0.00203856317909769,0.389083662407326,0.0208814569050146,0.0182394298024837,0.914785094643196,1.52817540874323e-14,8.69898596725121e-13,-0.347907429020336,0.0405627322053999,0.112082510878009,-0.737280334303143,4.37878612582121e-07,2.2701276121385e-06,-0.308335152082937,0.0715327165666865,0.0533294600615228,-0.245203551723301,0.155683184360854,0.13503657603342,0.0239279718230177,0.891474974039104,0.348951343696651,-0.473187966807609,0.00409356897565381,0.0149236037547207,0.235386373913428,0.173448520958528,0.088439091945749,"turquoise",0.914785094643196,1.52817540874323e-14,8.69898596725121e-13,TRUE,TRUE
"K22819","brown",-0.37086465008699,0.0282882489172985,0.120262675250802,-0.754690560196847,1.63032748598717e-07,3.87474135311963e-06,0.100695133680723,0.564918322561824,0.266263852110616,0.593969727349414,0.000168771279862386,0.00746155213225135,-0.158182467736254,0.364107570662803,0.139546572274062,0.652748760467116,2.13927195566652e-05,0.000123311582629906,0.128297900270683,0.462644813001111,0.284421888688031,0.432724309164094,0.00942281290558206,0.0119171440910496,0.062303037962836,0.722178135867306,0.460949541567835,0.768126387538261,7.18330284794942e-08,8.52291079350868e-07,"brown",0.768126387538261,7.18330284794942e-08,8.52291079350868e-07,TRUE,TRUE
"K22820","brown",-0.289744724543883,0.0913472772667815,0.243621797585346,-0.7281227243393,7.14355085841542e-07,1.19679737761256e-05,-0.0533186884434078,0.760976895222268,0.327601479159884,0.631507850544892,4.73909511638917e-05,0.00418568531445258,-0.0909394707268495,0.603380792170933,0.205858438694866,0.67099813858176,1.02677703899295e-05,7.2925896403986e-05,0.232810471594016,0.178340023639126,0.149041174651198,0.218857993770433,0.206539528584512,0.125313434934635,0.31515239258414,0.0651740757473116,0.0965366588116325,0.749327183473686,2.22912785681543e-07,2.01188378426142e-06,"brown",0.749327183473686,2.22912785681543e-07,2.01188378426142e-06,TRUE,TRUE
"K22881","green",-0.211607761707172,0.2223511636846,0.414010873791302,-0.0658768547859743,0.706926150029805,0.250243949672546,-0.356819897801348,0.0353670025663188,0.0317498845643285,-0.00170339159103907,0.992251539685082,0.606603506539086,0.571554115143972,0.000335212304558383,0.000478859051595701,0.276159287471382,0.108306709377805,0.0732159442332217,0.812547176395136,3.07508675488483e-09,6.00669347546428e-08,-0.411116349590043,0.0141497124192406,0.0161106570453778,-0.173939605365059,0.317643172768019,0.280589060065277,-0.203022003181877,0.242119888942629,0.115480239622376,"green",0.812547176395136,3.07508675488483e-09,6.00669347546428e-08,TRUE,TRUE
"K22886","turquoise",0.432169526176788,0.0095247540802878,0.0587850169781469,0.10441362332083,0.550560285222148,0.20856410239878,0.748959318640845,2.27682529453997e-07,1.04444401323496e-06,-0.15590388043806,0.371145958489671,0.378597161033045,-0.519932713664413,0.00136822619593654,0.00152297032081271,-0.0337778734389825,0.847248749795752,0.333164097838733,-0.0891694161746066,0.610477852483865,0.339800011185237,0.135450277669612,0.437856520955429,0.214220984023449,-0.362465935557263,0.0323654295122337,0.0594597848251406,0.374240176297191,0.0267732049551058,0.0204276329321801,"turquoise",0.748959318640845,2.27682529453997e-07,1.04444401323496e-06,TRUE,TRUE
"K22894","blue",-0.3669513785407,0.0301320765704655,0.123344748778205,-0.470449689765813,0.0043449323604866,0.00578927232282483,0.107924926366736,0.537161588733017,0.257839217713515,0.369423875733964,0.028956012515915,0.0937285816497068,-0.0728582836153173,0.677457611825979,0.224390259009764,0.226391564990625,0.190953132030227,0.112165642762614,-0.0551156546387161,0.753167289912058,0.390443910474044,0.723411740078459,9.12013648124638e-07,7.28201685546183e-06,-0.283929102020505,0.0983389064214289,0.127723361867602,0.346521616256057,0.041423384723092,0.0291642676583196,"blue",0.723411740078459,9.12013648124638e-07,7.28201685546183e-06,TRUE,TRUE
"K22994","blue",0.108655733055867,0.534392712431134,0.698967277586805,0.0304153554226594,0.862301903725175,0.289143123017655,0.491035278193292,0.00274273119320114,0.00386366611533709,-0.18115684040005,0.29766028156345,0.334214163254219,-0.698919997585485,3.01220956708626e-06,1.08023416242002e-05,-0.264200157507371,0.125113126090438,0.0818609658473253,-0.541931750668824,0.000772300431052194,0.00218000896884815,0.736679250553486,4.52450219138582e-07,4.04396702752549e-06,-0.310374440954531,0.0695818263293029,0.101182218108233,0.245539322932921,0.155099807620064,0.0808838204858642,"blue",0.736679250553486,4.52450219138582e-07,4.04396702752549e-06,TRUE,TRUE
"K23004","black",-0.250467436901553,0.146718885266078,0.323313654193742,-0.593707864526088,0.000170179582659052,0.000599716198301211,0.0864142148643866,0.621594493525642,0.28458812439473,0.286126853685524,0.0956503699362625,0.174558297244722,-0.0396701870686306,0.821001134042661,0.259243211319753,0.7351280946688,4.92135049218688e-07,9.08648798962729e-06,0.556084735572308,0.000523385841559767,0.00159410254332726,0.210788580054297,0.224188235220577,0.133659228581499,-0.249085153397649,0.149035549679994,0.171101922423561,0.537734561889182,0.000863932532398544,0.0012849175243726,"black",0.7351280946688,4.92135049218688e-07,9.08648798962729e-06,TRUE,TRUE
"K23010","green",-0.140286910481443,0.421516179724969,0.60565718048572,-0.21793239503112,0.208513537370296,0.102794830986751,-0.170683487495811,0.326926654994936,0.177699399621803,0.0914647008158619,0.601281703451028,0.483532233682349,0.422332774837026,0.0114941103649271,0.00867339639629237,0.494382571414595,0.00253819437756956,0.004189358292838,0.796873511852774,1.02050449386831e-08,1.80125910913449e-07,-0.423511191697547,0.0112413822723066,0.013490584815358,-0.0509537178734841,0.771290434478898,0.478007105321776,0.0813217609942036,0.642358293541918,0.242428345951804,"green",0.796873511852774,1.02050449386831e-08,1.80125910913449e-07,TRUE,TRUE
"K23163","turquoise",0.657741618953048,1.75860688581228e-05,0.00143332016401174,0.301836431519883,0.0780358973710618,0.0488528004553897,0.859737735199738,3.72584245677145e-11,5.12744722780917e-10,-0.349653957157624,0.0394987060144492,0.110998207847147,-0.769347743447045,6.64965149705787e-08,4.63012460182724e-07,-0.191660269171098,0.270043612254571,0.147253875044359,-0.187237375643479,0.281461110206971,0.204737922027105,0.0449135133197947,0.797803227280653,0.324894504672183,-0.430451563376821,0.00984639614831919,0.0276709530262086,0.316413720263249,0.064047920371604,0.0409400871350679,"turquoise",0.859737735199738,3.72584245677145e-11,5.12744722780917e-10,TRUE,TRUE
"K23254","turquoise",0.505387400334337,0.00195641783349615,0.0202416434099909,0.444577493788544,0.00745610513411565,0.00853290454062174,0.873620683876859,7.43360212212396e-12,1.26785166283177e-10,-0.459543324398405,0.00548302539600941,0.0410221025373966,-0.566390503584937,0.000389915515063408,0.000543786943168481,-0.232555724597473,0.178829039238292,0.106348632793466,-0.0694121598607,0.691948096600368,0.370914019114169,0.000319709609530867,0.998545670259316,0.374127945899396,-0.592269108619152,0.000178106796244924,0.00180247499089843,0.151555907102611,0.384797912507118,0.164316751137021,"turquoise",0.873620683876859,7.43360212212396e-12,1.26785166283177e-10,TRUE,TRUE
"K23262","purple",-0.426022972481867,0.0107183599069616,0.0633393652912315,-0.101965328606043,0.559994511277014,0.21133500244738,-0.817132923244907,2.11951096891796e-09,1.7934614967752e-08,0.383481496822214,0.0229638430753402,0.0834418599644275,0.896528215720144,3.2714369666887e-13,3.14436719904857e-11,0.111969871021079,0.521923021930592,0.237388153329477,0.306723851410641,0.0731041834984614,0.0768830272751479,-0.349702965154522,0.0394691782586168,0.03614031569793,0.401010980007776,0.0169669878940835,0.0388702782561904,-0.479441670905738,0.00356619170355797,0.00402330178034623,"purple",0.896528215720144,3.2714369666887e-13,3.14436719904857e-11,TRUE,TRUE
"K23265","blue",0.200747732704149,0.247547898851658,0.440328593611817,0.0469645067871164,0.788774049037061,0.27196357242888,0.491279345137512,0.00272734698096701,0.00384632105427566,0.00824944745526278,0.962487189619618,0.600074436897385,-0.634078631860228,4.31775291804678e-05,8.97345029666242e-05,-0.259594655803819,0.132077481937825,0.0851447844494932,-0.732414062875989,5.69339876757542e-07,5.41614450686088e-06,0.734829902841912,5.00120725354344e-07,4.37215838886172e-06,-0.292198104717632,0.0885147491667406,0.119576407227356,0.160460536512551,0.357150956813909,0.15526661178337,"blue",0.734829902841912,5.00120725354344e-07,4.37215838886172e-06,TRUE,TRUE
"K23270","black",-0.36878942647898,0.0292541388250085,0.121619612254294,-0.576493154940446,0.000289401280094392,0.000866630174538573,-0.17988883082982,0.301111752999528,0.168269816781803,0.350035798737397,0.0392691154047297,0.110709614320248,0.202142238299139,0.244210076158866,0.102174634510588,0.733257351187998,5.44237400726487e-07,9.89388280984829e-06,0.480560094805972,0.00347836595306881,0.00710714992180204,0.0624657043249821,0.721481579789507,0.305553627384573,0.0319853483903315,0.85526716983892,0.508579011943467,0.374902937366178,0.0264837288680939,0.0202506621080302,"black",0.733257351187998,5.44237400726487e-07,9.89388280984829e-06,TRUE,TRUE
"K23275","green",-0.0917636927683581,0.60008818443499,0.745574893928048,-0.201004612441399,0.246930766867973,0.115705995295603,-0.203142511190532,0.241834517823714,0.144699544890284,0.0257661073006509,0.883193152001542,0.57698962243802,0.455335959187562,0.0059860628446439,0.00508482342798346,0.544042044768451,0.000729563964955933,0.00164564132217945,0.71077727887926,1.71492688965991e-06,1.46068484745797e-05,-0.36161551944237,0.0328037358261836,0.0311198862719385,-0.0759953111315806,0.664364919592677,0.440927067760101,0.0203685864798318,0.907543367929822,0.309229757870672,"green",0.71077727887926,1.71492688965991e-06,1.46068484745797e-05,TRUE,TRUE
"K23300","green",-0.321180918743436,0.0599293519639067,0.18715844504812,-0.423052943624492,0.0113390953178165,0.0117170541588419,-0.301818990610374,0.0780539473375564,0.0599320335997258,0.160800453448807,0.356119831955274,0.369709855977434,0.434893877061557,0.00903301481928664,0.00713313016781359,0.674074372136264,9.02754683172378e-06,6.75156414211424e-05,0.914333751825358,1.66164387768184e-14,2.70479779222535e-12,-0.294645512977532,0.0857568617124626,0.064556548263274,-0.119019960118269,0.495880217621333,0.373075982632904,0.176829626449845,0.30954298116557,0.139367735691238,"green",0.914333751825358,1.66164387768184e-14,2.70479779222535e-12,TRUE,TRUE
"K23301","green",-0.250868212078103,0.146052137020978,0.32281268946716,-0.476212437239677,0.00383064747045148,0.00529741590036242,-0.10331137748576,0.554798419410172,0.262779733959791,0.0650806855439718,0.710314506416151,0.520578413794406,0.146635422085145,0.400595213944629,0.15003451273431,0.726091714330984,7.94172956307361e-07,1.23479037811697e-05,0.735180567889863,4.90741970989702e-07,4.825099743363e-06,-0.092907582798639,0.595531461314425,0.2682427382759,-0.162059808910072,0.352315250778384,0.301147175635407,0.3620476665819,0.0325804046220084,0.0241432305765318,"green",0.735180567889863,4.90741970989702e-07,4.825099743363e-06,TRUE,TRUE
"K23448","turquoise",0.51342078692539,0.00160891351236274,0.0181904447532078,0.262285292979355,0.127974813813097,0.0709635762752921,0.896686456737548,3.19372717052509e-13,1.05252475904969e-11,-0.1605298595833,0.356940522543696,0.369926030913227,-0.667190733107895,1.20165497637755e-05,3.27511161920026e-05,-0.178093394952548,0.30604215451964,0.161589413019875,-0.227211418195988,0.189308169741253,0.155895209355409,0.168372398916252,0.333616650031555,0.177966878156508,-0.464736882695837,0.00491259051035068,0.0170992648444138,0.351350214939276,0.0384870410264594,0.0277037259078907,"turquoise",0.896686456737548,3.19372717052509e-13,1.05252475904969e-11,TRUE,TRUE
"K23464","turquoise",0.711602490079767,1.64730160960763e-06,0.000549786210207037,0.483567772070156,0.0032514275349079,0.00466692056100783,0.863361062918013,2.48848496720163e-11,3.54136306695404e-10,-0.48219193770574,0.00335359072439493,0.0309179659652631,-0.808085427866424,4.37477894843289e-09,5.15211389938223e-08,-0.416057061319485,0.0129224532342169,0.014229031685298,-0.503244664028491,0.00205953671397171,0.00470707230673014,0.15175530426813,0.384165506316078,0.196459519823039,-0.439109087236601,0.00831481066012523,0.0247759711169117,0.12931149459477,0.459087242967289,0.188549476129214,"turquoise",0.863361062918013,2.48848496720163e-11,3.54136306695404e-10,TRUE,TRUE
"K23537","brown",-0.152613848852139,0.381449489931871,0.564842065452613,-0.685833271099014,5.44143870173878e-06,5.29573959853826e-05,0.179466670774212,0.302266473005729,0.168538192065033,0.400738474211821,0.0170490222866786,0.0719857739018357,-0.332141721132807,0.0512530054871838,0.0289932667759282,0.635948607802549,4.03286496537305e-05,0.000192933863933574,0.161979299662742,0.352557736774927,0.237580105471701,0.232899048824832,0.178170212198712,0.112311207793656,0.138434930119128,0.427732306800256,0.339008975926431,0.817407203952381,2.07217816946078e-09,7.67193913204537e-08,"brown",0.817407203952381,2.07217816946078e-09,7.67193913204537e-08,TRUE,TRUE
"K23541","turquoise",0.500440596166606,0.00220164123825523,0.0218153983895545,0.308219189933659,0.0716449229892352,0.0459051124607577,0.872532157121252,8.4916850084281e-12,1.38814384895903e-10,-0.248883812249859,0.149375200181603,0.22376247016274,-0.629318635744155,5.12679453251698e-05,0.000102527860365605,-0.29044410126667,0.0905328328131324,0.0636021582732336,-0.220412628143004,0.20325317606132,0.163878422332229,0.194478097616383,0.262929799155032,0.150313291099567,-0.670822054193467,1.0343240927452e-05,0.000323002884201966,0.203361396785683,0.241316759434235,0.115200969730219,"turquoise",0.872532157121252,8.4916850084281e-12,1.38814384895903e-10,TRUE,TRUE
"K23670","green",-0.296312436183082,0.0839167121551726,0.232077620034677,-0.342391385871051,0.0440762269494667,0.0321745660256038,-0.320366546357971,0.0606176813580797,0.0488502072204327,0.247718093710325,0.151352775533544,0.225267278487497,0.537554071282008,0.000868079777178823,0.00104820664494127,0.498438283650271,0.00230828643903466,0.00390774316696473,0.852419978326977,8.14403150501044e-11,3.50913348652686e-09,-0.320239667564649,0.060725482882588,0.0494911054171672,-0.13673153601617,0.43349436480713,0.341565706562501,0.0332762818959713,0.849491012648236,0.296542662379722,"green",0.852419978326977,8.14403150501044e-11,3.50913348652686e-09,TRUE,TRUE
"K23676","black",-0.51227018147519,0.00165509772188995,0.0183986048017451,-0.757487529157975,1.38055890663655e-07,3.61382552761758e-06,-0.373876673579279,0.0269330760213666,0.0256885348641224,0.472268291016974,0.00417655081094568,0.0347416409980825,0.334386179321104,0.0496066886017934,0.0282851611475398,0.840039636625863,2.79195283433607e-10,4.43205673598419e-08,0.692497077027114,4.04200094282318e-06,2.99068437127052e-05,-0.0322888948488022,0.853908303850099,0.338645957201967,0.211922368463276,0.221648375994375,0.222002560960002,0.499310568025316,0.00226128582138701,0.00279609138745331,"black",0.840039636625863,2.79195283433607e-10,4.43205673598419e-08,TRUE,TRUE
"K23775","turquoise",0.470176156868797,0.0043707590790461,0.0351088361198753,0.175139124970404,0.314265202410111,0.137781321219766,0.88407422960019,1.93904022114001e-12,4.11578718233154e-11,-0.299736707161544,0.0802323398154749,0.158773950303662,-0.88741908806875,1.2273581182609e-12,6.86537333209337e-11,-0.155910452920287,0.37112554153475,0.186932395486919,-0.44110179235589,0.00799261083767802,0.0141415720889891,0.374941187998081,0.0264671010242473,0.0261760332295322,-0.419405723945482,0.0121427370352782,0.031402395595876,0.419285944940185,0.0121699250606542,0.0108265717358167,"turquoise",0.88407422960019,1.93904022114001e-12,4.11578718233154e-11,TRUE,TRUE
"K23778","turquoise",0.450003996165848,0.00668008923484453,0.0468338712363991,0.303883251198082,0.0759400102974233,0.0479062261187673,0.856816093753298,5.11749413457306e-11,6.67581395193963e-10,-0.0822668256484422,0.638484102950336,0.497547441370096,-0.555428776484717,0.000533113482454831,0.000696644426151597,-0.216926171423135,0.210674244510512,0.12108213488569,-0.177739640008704,0.307019575524633,0.216868599974994,0.141702993906286,0.416797428346878,0.207320558968547,-0.615581855383004,8.28571544411253e-05,0.00118906348534486,0.201711937795873,0.245236791499765,0.116650451442876,"turquoise",0.856816093753298,5.11749413457306e-11,6.67581395193963e-10,TRUE,TRUE
"K23842","blue",-0.519047459289632,0.00139896484781386,0.0166883978300781,-0.359378151642383,0.0339800658593174,0.0264683399614864,-0.0929651519579659,0.595302531102557,0.276628590484088,0.406276497060358,0.0154455430321103,0.0686826945310226,0.0796746507168621,0.649132628101844,0.217662747453821,0.0357985892805257,0.838227663371135,0.331048889255166,-0.269973901057267,0.11677243852165,0.10965635569991,0.740097438861434,3.75155435773476e-07,3.51028901687353e-06,-0.107286461236268,0.539586216056125,0.390696399963191,0.0843981921433684,0.629781395230301,0.238277899537488,"blue",0.740097438861434,3.75155435773476e-07,3.51028901687353e-06,TRUE,TRUE
"K23901","green",-0.289674360314248,0.0914295283665038,0.243621797585346,-0.162560629308055,0.350809090660429,0.149443459922951,-0.293214875416286,0.0873608300424032,0.0653941524014369,0.0969589788070802,0.579515124813445,0.475033431072644,0.605116759687007,0.00011768826770166,0.000204119662540615,0.504723931815787,0.00198785323157134,0.003525036676326,0.92015163412512,5.44176028004702e-15,1.99305267062437e-12,-0.553133242228186,0.00056843158270129,0.00122446114814554,-0.0481956431527731,0.783367051533012,0.481517537035339,-0.0126364514572878,0.942565299515448,0.317090030303023,"green",0.92015163412512,5.44176028004702e-15,1.99305267062437e-12,TRUE,TRUE
"K23988","turquoise",0.53761775691761,0.000866614428859547,0.0118400270472819,0.155063854194352,0.373760909948727,0.157383944203059,0.832422238332397,5.66496656324456e-10,5.6304733863783e-09,-0.234418946723129,0.175274274198829,0.245048803826471,-0.673797493172686,9.13331298272407e-06,2.62424644486042e-05,-0.111609280807578,0.523272815948102,0.237840757548332,-0.199618975108207,0.250271840811926,0.188712556177355,0.156237133729527,0.370111568298464,0.191044902242965,-0.340476277822671,0.0453518480697757,0.0744996588532913,0.422681396511753,0.0114188477553095,0.0102884142866136,"turquoise",0.832422238332397,5.66496656324456e-10,5.6304733863783e-09,TRUE,TRUE
"K24084","brown",-0.223722055981861,0.19637870477736,0.387784261379382,-0.606148957953344,0.000113746749935041,0.000457658573681622,0.236345354091568,0.171652125366971,0.111554109777659,0.334698348218226,0.0493811007136692,0.122815269431174,-0.370822291489772,0.0283076989763186,0.0178005470237683,0.45680691101627,0.0058058662739951,0.007867600123072,-0.038195253790637,0.827554546100955,0.41223130125819,0.375099762269538,0.0263982592572127,0.026152689253862,0.172381858342611,0.322063685956968,0.282781806229801,0.765195003382667,8.62920210333327e-08,9.79809091587237e-07,"brown",0.765195003382667,8.62920210333327e-08,9.79809091587237e-07,TRUE,TRUE
"K24116","turquoise",0.369769762966686,0.0287945339739804,0.120967312897261,0.0614085254670726,0.726012454009177,0.255319969320281,0.776013925492407,4.32686979043899e-08,2.32560530447662e-07,-0.166433769570935,0.339292934874724,0.362934208883625,-0.779802847583324,3.36713235661819e-08,2.86785062094869e-07,-0.130794723604783,0.45390778006715,0.214803235745298,-0.261798211799962,0.128710418354278,0.118275163429363,0.412253723162869,0.0138588388248791,0.0158685323263594,-0.525526256368961,0.00118736823983583,0.00660631504972966,0.385776676275711,0.0220908124028339,0.0175130277405985,"turquoise",0.776013925492407,4.32686979043899e-08,2.32560530447662e-07,TRUE,TRUE
"K24119","turquoise",0.619306630936139,7.29067073698834e-05,0.00280351614213076,0.540313560823617,0.000806556221054331,0.00178028682219577,0.795510172421481,1.12717711793044e-08,7.12927025071429e-08,-0.506422625914745,0.00190823702500693,0.0237156869313877,-0.592170137922401,0.000178664069558529,0.000283580987700172,-0.400520026429919,0.0171150225435922,0.0176321711379769,-0.296178700800022,0.0840632110650329,0.0857612093078049,0.103953996703288,0.552325700530627,0.254525074912942,-0.566794475888791,0.000385365906220679,0.00295181168667435,0.0163949867648377,0.925524120047768,0.313046329113022,"turquoise",0.795510172421481,1.12717711793044e-08,7.12927025071429e-08,TRUE,TRUE
"K24126","turquoise",0.677996396024471,7.64432646350734e-06,0.000905144877919739,0.53734796751721,0.000872837054548116,0.00187004095919911,0.825284717667439,1.06553216366452e-09,9.88441337003507e-09,-0.443290065661256,0.00765112607510015,0.0484808575423959,-0.630043191984868,4.9954210225754e-05,0.000100464263451679,-0.315787999604116,0.0646046541012419,0.0491754432072615,-0.248212373037852,0.150511949241032,0.13181094356529,-0.0803181662663855,0.646482604713381,0.28362979600882,-0.407099189689384,0.0152185030214752,0.036011044886196,0.118823286764302,0.496597637136476,0.199086884777463,"turquoise",0.825284717667439,1.06553216366452e-09,9.88441337003507e-09,TRUE,TRUE
"K24136","turquoise",0.667258723924322,1.19830834234055e-05,0.00112676228543022,0.478213635726554,0.00366483327327038,0.00513763227313682,0.833072776833088,5.34018107139892e-10,5.39327297480309e-09,-0.450751751425663,0.00657878614257816,0.0450444177195212,-0.596209969799507,0.000157143506842438,0.000259654880756552,-0.287553965089509,0.093934855965565,0.0657186841271871,-0.136173864098565,0.435390054719291,0.274192402678604,-0.0885255423621118,0.613068205996772,0.273475685730211,-0.450787441739183,0.00657398406094575,0.0214732962699357,0.167595597125145,0.335884062086029,0.148032255346944,"turquoise",0.833072776833088,5.34018107139892e-10,5.39327297480309e-09,TRUE,TRUE
"K24138","brown",-0.192474033236544,0.267976406200948,0.458627474786953,-0.595385089454999,0.000161338650976746,0.000580572424331679,0.112624712134388,0.519476135617377,0.251567877106109,0.104609151724693,0.549810069127063,0.465761852697906,-0.424060094775419,0.0111252778403519,0.00842945499838247,0.473873240715352,0.00403266794608745,0.00596556369898088,-0.146910449010433,0.399702557146832,0.259905276194467,0.443553982836119,0.00761079635426066,0.0101393942749749,0.271033638455921,0.115287900870383,0.142848744916268,0.777295961708798,3.97701403206187e-08,5.8328176540819e-07,"brown",0.777295961708798,3.97701403206187e-08,5.8328176540819e-07,TRUE,TRUE
"K24300","brown",0.00933685405012057,0.957546606342272,0.981912872752948,-0.558273594930512,0.000492056227438301,0.00124605229600144,0.277614742515675,0.106383764612572,0.0765234757684323,0.1747694593889,0.315303807977047,0.344618250844337,-0.358277326021154,0.0345713347379047,0.0209920244231661,0.563482277687052,0.000424104780020467,0.00107773490639669,0.166418989735861,0.339336435659256,0.231223193360117,0.118882353298306,0.496382120467328,0.235822308085387,0.10167908991618,0.561102359225061,0.39982670449666,0.824859409383914,1.10541518522826e-09,4.48958141031185e-08,"brown",0.824859409383914,1.10541518522826e-09,4.48958141031185e-08,TRUE,TRUE
"K24473","blue",-0.309756387379973,0.0701686369365716,0.20656457853243,-0.155888949658018,0.371192342380522,0.156495810482686,0.132489321159094,0.448028893215193,0.224701299651922,0.00455114277766731,0.979299472618944,0.603976001723914,-0.33490732523539,0.0492305432046776,0.0281325141125349,-0.108429560578488,0.535248898794767,0.242051683508294,-0.358971788442227,0.0341973620355842,0.0439467856798827,0.79614358537974,1.07639608293153e-08,2.43241593835576e-07,-0.195987804699053,0.259169669328652,0.246203202919588,0.155992155794106,0.370871792783265,0.15984957727885,"blue",0.79614358537974,1.07639608293153e-08,2.43241593835576e-07,TRUE,TRUE
"K24693","turquoise",0.233792642678541,0.176463518326799,0.362566753271708,-0.129015164535163,0.460125803846401,0.182756623564726,0.784510850747117,2.44865864864219e-08,1.40023921620987e-07,-0.0824739000802756,0.637636474740064,0.497347584731917,-0.630498932235584,4.91435312910269e-05,9.97431002761949e-05,0.12174516176777,0.485993860416921,0.225118952387435,-0.0145983014227851,0.93366667875498,0.442147359035236,0.346082952984878,0.0416988659974655,0.0375221564897864,-0.44879728015499,0.0068463896535334,0.0219535030559093,0.60462989762174,0.000119589616502317,0.000275458260022116,"turquoise",0.784510850747117,2.44865864864219e-08,1.40023921620987e-07,TRUE,TRUE
"K24696","turquoise",0.19683625400641,0.257072162125688,0.448886895518635,-0.23278040373278,0.178397692847374,0.0914457616078205,0.708223118584126,1.94066101700579e-06,6.9438405876678e-06,0.0271163696868368,0.877117167659613,0.576586568373919,-0.66362736109005,1.38941129298104e-05,3.69190686542735e-05,0.160034065020421,0.358447174734786,0.182397056510515,-0.0541586171661297,0.757323626063973,0.392182236764136,0.440970842403832,0.00801345190056715,0.0106337132359556,-0.34282543865114,0.0437911647332236,0.0727412474696711,0.682323371121809,6.3442915858344e-06,2.4721090075895e-05,"turquoise",0.708223118584126,1.94066101700579e-06,6.9438405876678e-06,TRUE,TRUE
"K24699","blue",-0.250980774703698,0.145865270979377,0.32281268946716,-0.158908935394635,0.361880412614506,0.15339252248995,0.17115783343928,0.325563899923505,0.177390953047856,0.144729360840243,0.406813049643068,0.397728510998617,-0.173348911185534,0.319314936010807,0.126391116838177,-0.118169612786413,0.498985877046359,0.22987546418677,-0.393235837819886,0.019441408518641,0.0281718865950171,0.832723465124907,5.51236386284272e-10,2.44520747183999e-08,-0.35194990284243,0.0381344457844082,0.0660390994881764,0.0853603590778285,0.625868624531089,0.237478199163814,"blue",0.832723465124907,5.51236386284272e-10,2.44520747183999e-08,TRUE,TRUE
"K24948","green",-0.146572731635352,0.400798848517403,0.583494498501884,-0.171015108900062,0.325973564153516,0.141218229737204,0.0396443183760892,0.821115972368869,0.344639281093118,0.0829515881503914,0.635682854490636,0.49709436045997,0.190907913587703,0.271964076382092,0.111344810848898,0.359589164252606,0.0338676749656278,0.0300676206620779,0.776102887494995,4.30170527477721e-08,6.05963790625851e-07,-0.31031708333616,0.0696361222202051,0.0549058230854613,-0.252317333339077,0.143659762539484,0.166575643995132,0.192659486982392,0.267506752697711,0.124440762934789,"green",0.776102887494995,4.30170527477721e-08,6.05963790625851e-07,TRUE,TRUE
"K24995","turquoise",0.314447274562461,0.0658103802122807,0.197666720043614,-0.164040043050262,0.3463827049069,0.14805154575874,0.814303743116897,2.66975146887994e-09,2.14320809070049e-08,0.0135606298600372,0.938372465040904,0.593810532666234,-0.796976875435198,1.01281036430239e-08,1.05015806106845e-07,0.141304268202333,0.418123069262096,0.203827721186627,-0.127009533257706,0.467187877741418,0.285656501334192,0.338836584405924,0.0464674449769987,0.0406227974697931,-0.374758665231406,0.0265465225195781,0.052101312005162,0.675666045348963,8.44085529196848e-06,3.12748595269857e-05,"turquoise",0.814303743116897,2.66975146887994e-09,2.14320809070049e-08,TRUE,TRUE
"K25026","blue",0.178703059513838,0.304362280118922,0.492432292277426,0.0221844815798479,0.899340828113196,0.29705736432686,0.455436052027971,0.00597365064216665,0.00739957487047148,-0.103518460516754,0.554001026268954,0.466532496038665,-0.542130340494068,0.000768186408399674,0.000946760257294454,-0.299585061538684,0.0803928058134591,0.058192367575629,-0.643364585796787,3.06269372113654e-05,0.000153135298278885,0.729306571780005,6.71294869140197e-07,5.50683511885418e-06,-0.333973575172931,0.0499061194148035,0.0798709009744661,0.148652673549786,0.394074369429181,0.167114030314699,"blue",0.729306571780005,6.71294869140197e-07,5.50683511885418e-06,TRUE,TRUE
"K25096","green",-0.142725158404973,0.413409864129119,0.597500603806869,-0.350903549425849,0.0387513774155576,0.0292269954371298,-0.344292333128533,0.0428387553336689,0.0369515870123751,0.147036515704796,0.39929376327026,0.394484661061887,0.358018738512542,0.0347114340122091,0.0210369216067781,0.63921971424801,3.57508135474587e-05,0.000177500960252009,0.702195575204155,2.58510690543738e-06,2.08087733920893e-05,-0.437393619070643,0.00860099307068639,0.011203599659641,0.284015657325664,0.0982319453602651,0.12767915745773,0.24169294446931,0.161877941249925,0.083711612476031,"green",0.702195575204155,2.58510690543738e-06,2.08087733920893e-05,TRUE,TRUE
"K25141","blue",-0.0897041701441168,0.60833002483148,0.752061519484238,-0.153513509008267,0.378615498385842,0.15890433490148,0.362644523195316,0.0322739955816617,0.0297188452909556,0.253946888572252,0.141003884681272,0.21634910763816,-0.331141125621174,0.0520008621076448,0.0292827256467243,-0.0581926712097252,0.7398507493383,0.303969362707441,-0.236117136533253,0.172078421466429,0.145345826233583,0.70730372386346,2.02835130722467e-06,1.38029561997551e-05,-0.551237140209554,0.000599153897067475,0.0040345945687197,0.18854370502768,0.278056867031217,0.128162894955389,"blue",0.70730372386346,2.02835130722467e-06,1.38029561997551e-05,TRUE,TRUE
"K25152","green",-0.278039875100891,0.105826980296678,0.263495993776074,-0.503682264654981,0.00203809941789235,0.0034257692640155,-0.183301580902831,0.291880013269946,0.165248428854237,0.125711243692524,0.471789687019062,0.429062905163607,0.320327821857888,0.0606505672663472,0.0328168517928328,0.750659598046955,2.06395380872032e-07,4.60167389866165e-06,0.840840878756336,2.58619622288715e-10,7.73222982409034e-09,-0.317541061207298,0.0630544105474729,0.0509232274017563,0.0501232389276844,0.7749213851984,0.478907676172858,0.417245254860916,0.0126410921444703,0.0111239012232877,"green",0.840840878756336,2.58619622288715e-10,7.73222982409034e-09,TRUE,TRUE
"K25224","purple",-0.241247860988284,0.162675820127875,0.346485407694082,0.0750449720241836,0.668321168671178,0.23990211297406,-0.454338518296321,0.00611096742971089,0.00753983828306026,0.0423818699292271,0.808983949973938,0.55666947477475,0.728743082236754,6.9148465677965e-07,3.15609903738685e-06,0.0802505379848784,0.646760900428203,0.277404747077558,0.655526522518803,1.9191716720641e-05,0.00010329276948288,-0.485112459665631,0.00313995655044808,0.00499424983220995,-0.0938675730097627,0.591718970958075,0.411755790761099,-0.480911988695528,0.00345112387922541,0.00392430370049598,"purple",0.728743082236754,6.9148465677965e-07,3.15609903738685e-06,TRUE,TRUE
"K25557","black",-0.0636747447533103,0.716311265481452,0.836088760768237,-0.639319422670738,3.56189716636777e-05,0.000197278243403093,0.090569325541619,0.604861966882337,0.279478734318157,0.250368413413609,0.146883966836224,0.221668910014554,-0.209016733725737,0.228197041691067,0.0969438387384482,0.764494020701131,9.012552125597e-08,2.59750066651911e-06,0.448794672654484,0.00684675280331374,0.012475787261297,0.0599566412273842,0.732249866319907,0.308152720847549,0.0474989936901399,0.78642544103807,0.482265618067585,0.707716726394584,1.98852110285279e-06,1.06051981353831e-05,"black",0.764494020701131,9.012552125597e-08,2.59750066651911e-06,TRUE,TRUE
"K25603","blue",-0.106003763157038,0.544473113918024,0.704260990054246,-0.304006470137841,0.0758152491336054,0.0478891676425113,0.381475806838596,0.0237499707288291,0.023345960963763,-0.0469244884621054,0.788949968963101,0.550083439407786,-0.619934960182374,7.13386297944923e-05,0.000136924995597775,0.0820667380885579,0.63930355969528,0.275004751793211,-0.288288528532732,0.0930610681794366,0.0930884960274704,0.790882462373004,1.57100851604215e-08,3.08453928349912e-07,-0.252534293683732,0.143304061139586,0.166376512168786,0.507164600472723,0.00187434649522235,0.00240095568402328,"blue",0.790882462373004,1.57100851604215e-08,3.08453928349912e-07,TRUE,TRUE
"K25677","green",-0.285756948703043,0.0960989073140792,0.250389736498053,-0.421128825559303,0.0117572619837513,0.0120275461015878,-0.257419030085023,0.135465275732298,0.0927539437413686,0.139777101510118,0.423222279738567,0.406344129595116,0.405364944679703,0.0157004179213082,0.0110940930755998,0.668872781358322,1.12130731572882e-05,7.57143750087661e-05,0.879946634823121,3.34553834904528e-12,2.5795964610896e-10,-0.26421816794216,0.125086437974757,0.0858040105333695,-0.023002353748364,0.895649731644077,0.520655190586695,0.26848327921736,0.118884751259544,0.0662826634757948,"green",0.879946634823121,3.34553834904528e-12,2.5795964610896e-10,TRUE,TRUE
"K25820","blue",-0.144153419899909,0.408702592729385,0.592303802790501,-0.374555586913933,0.0266351189598889,0.0219694739133129,0.352165173329726,0.0380085149586641,0.03356779196149,0.201833841257764,0.244945631942132,0.29761970204904,-0.358189025647769,0.0346191228345399,0.0210076696199315,0.221463373728071,0.201052669778578,0.116802094525333,-0.151895641789765,0.383720777021361,0.253336271193108,0.81058196844911,3.59570388096826e-09,1.07071150654989e-07,-0.374075285030252,0.0268456282111333,0.05239815404551,0.442308667743108,0.00780270142387067,0.00760097806528593,"blue",0.81058196844911,3.59570388096826e-09,1.07071150654989e-07,TRUE,TRUE
"K25821","brown",-0.197169181402366,0.256252188745299,0.448509618443452,-0.638433336543908,3.68061881600466e-05,0.000200077989917946,0.210055473590494,0.225841026989703,0.137428110030769,0.363144548166014,0.0320191129981323,0.098867159683935,-0.4560307700104,0.00590035641294904,0.00502993670891854,0.48128328129858,0.00342258090353792,0.00522521899570555,-0.236088255383147,0.172132423440796,0.145345826233583,0.65199567981573,2.20276217638166e-05,9.06601061049806e-05,0.13934808093206,0.424660999651502,0.337987085407578,0.802738251932358,6.59636880459775e-09,1.64642703307994e-07,"brown",0.802738251932358,6.59636880459775e-09,1.64642703307994e-07,TRUE,TRUE
"K25885","brown",0.117920814990654,0.499896402517353,0.672346991522077,-0.260655807457611,0.130447996590133,0.072022354976019,0.537877307659827,0.000860664982294973,0.00146843990390468,0.0813179032478874,0.642374127080536,0.498842699356988,-0.570675008268767,0.000344012035462954,0.000490525828448761,0.234248964178263,0.175596476585158,0.104954451396165,-0.144858326423391,0.406390622460684,0.262622250605526,0.272728027975592,0.11294377621428,0.0793276407959481,-0.0607240743775032,0.728950780544644,0.463077682505039,0.704989760697427,2.26532899881383e-06,1.1726135002494e-05,"brown",0.704989760697427,2.26532899881383e-06,1.1726135002494e-05,TRUE,TRUE
"K25988","purple",-0.206716211816969,0.233474237970043,0.42683707249061,-0.0901597418689021,0.606502768460691,0.223925227803856,-0.451722428359207,0.00644924887001996,0.00788728045904286,0.253934858979989,0.141023357915124,0.21634910763816,0.77985179451992,3.35613411701853e-08,2.86785062094869e-07,0.316743453919514,0.0637560640667836,0.0487308227212617,0.717924734365849,1.20475138168827e-06,1.06967747294935e-05,-0.619292931974517,7.29412381205124e-05,0.000232341552677717,0.0822019206022496,0.638749874883491,0.430453794395247,-0.236291810775211,0.171752073182039,0.0878020999150977,"purple",0.77985179451992,3.35613411701853e-08,2.86785062094869e-07,TRUE,TRUE
"K26249","blue",-0.124616610980116,0.475688065122562,0.652668369305737,-0.504669030815648,0.00199047414478366,0.00337459085292589,0.31612815519304,0.0643015309001263,0.0511930134096071,0.352613410608844,0.0377473831133004,0.107825888968408,-0.455353226734503,0.00598391997012233,0.00508482342798346,0.277056578172867,0.107118135642746,0.0727036088835892,-0.233829592718233,0.176393197741777,0.147835851156425,0.773465386421054,5.10811427803428e-08,7.03206624698928e-07,-0.317651990295766,0.0629573104255467,0.0940915357463108,0.526213216649987,0.0011666774362523,0.00163827472408967,"blue",0.773465386421054,5.10811427803428e-08,7.03206624698928e-07,TRUE,TRUE
"K26252","blue",-0.135846871164955,0.436503717146877,0.618532919728605,-0.393857784854254,0.0192330054817922,0.0173023521520549,0.261850279799938,0.128631634483884,0.0889503051129115,0.135126138161547,0.438963885836552,0.413353107387852,-0.246671103599608,0.153145086147445,0.0704722479812847,0.299172346936436,0.0808307846966692,0.0583839969372829,-0.14363419690826,0.410410318620621,0.264403483087193,0.721524541869587,1.0043867965195e-06,7.76087874522838e-06,-0.28275998725457,0.0997923490273647,0.128941632388489,0.446251188901634,0.00720893767562946,0.00714114479538503,"blue",0.721524541869587,1.0043867965195e-06,7.76087874522838e-06,TRUE,TRUE
"K26933","green",-0.27427844463339,0.110830380934058,0.272557482958603,-0.34697744527338,0.0411386820688768,0.0305540133031538,-0.190164872723289,0.273869494142631,0.15825816425224,0.264742391086913,0.124311489670567,0.200565946031031,0.465662428200801,0.00481649988140505,0.00425030622174756,0.612593954478113,9.17052153342316e-05,0.000346501756994381,0.918028599143387,8.25635413440473e-15,2.41912143282486e-12,-0.285098829537353,0.0969008918137521,0.0707426853197316,-0.176870632798432,0.309428993026035,0.275277533918343,0.16614002333047,0.340158144016011,0.149541469148295,"green",0.918028599143387,8.25635413440473e-15,2.41912143282486e-12,TRUE,TRUE
"K27000","black",-0.0891850155070711,0.610415152682805,0.752960519012993,-0.627901650634438,5.3927673906831e-05,0.000270529741664975,-0.102994928233264,0.556017970369222,0.263257805085303,0.162228618000442,0.351807141222815,0.368930063977587,-0.0624287014069747,0.721640011208843,0.235106097645072,0.712829330968821,1.55126487591005e-06,2.18221937809111e-05,0.331291012872194,0.0518882837108114,0.0599027892391472,-0.162738039000127,0.350276486468938,0.18375817739464,0.372632590363189,0.0274861901706767,0.0531763141383887,0.648639064991334,2.50704286393228e-05,7.58560292079816e-05,"black",0.712829330968821,1.55126487591005e-06,2.18221937809111e-05,TRUE,TRUE
"K27069","blue",-0.013366396668523,0.939253535284933,0.970521510118271,-0.106274079362995,0.543441505567651,0.206614055969097,0.405440116507232,0.0156792669039845,0.01662623672647,0.0903367706519886,0.60579335421519,0.486147929852687,-0.549078668780485,0.000635912217906161,0.000807740005567705,-0.245736167056064,0.154758542895903,0.0961566308947746,-0.558568475926922,0.000487965511372489,0.00151135799611042,0.885885218567941,1.51641050228873e-12,3.02696315460093e-10,-0.388427428073763,0.0211169612918419,0.0452113542495206,0.19987758948074,0.249645991551672,0.118109322889653,"blue",0.885885218567941,1.51641050228873e-12,3.02696315460093e-10,TRUE,TRUE
"K27070","turquoise",0.340361273497721,0.0454293848602391,0.16282258228496,0.337240408633145,0.0475744851183706,0.0338575851801263,0.723558853601709,9.05150697243338e-07,3.61001782684199e-06,-0.0639930469022258,0.714952134361839,0.522655352985519,-0.472950110289479,0.00411489272057847,0.00371401490095762,-0.322253681817595,0.0590320733644481,0.045982670635145,-0.17154310369686,0.324459648568724,0.225598142146997,0.176785260678696,0.309666337513218,0.168936007598586,-0.550177357736375,0.000616959337205191,0.00410710354354251,0.115471283342645,0.508905645461882,0.202723018898975,"turquoise",0.723558853601709,9.05150697243338e-07,3.61001782684199e-06,TRUE,TRUE
"K27086","blue",-0.260424472532391,0.130801956083964,0.301712737085451,-0.215759755638444,0.213198210297305,0.104649980651009,0.0603708901251889,0.730468478847322,0.3185188571121,0.230283324517873,0.183233295873119,0.251368858476263,-0.243294412326377,0.159030374874582,0.0727592785592276,-0.11877804205306,0.496762754152967,0.229119279890143,-0.430111576763697,0.00991113094109196,0.0166131177092675,0.85105314585227,9.38116626152359e-11,6.24203111623543e-09,-0.18772195120797,0.2801951925432,0.257840797156663,0.10148463520799,0.561855546252378,0.219135211553903,"blue",0.85105314585227,9.38116626152359e-11,6.24203111623543e-09,TRUE,TRUE
