"Gene","ModuleColor","GS.Rhizo","p.GS.Rhizo","q.GS.Rhizo","MM.red","p.MM.red","q.MM.red","MM.black","p.MM.black","q.MM.black","MM.greenyellow","p.MM.greenyellow","q.MM.greenyellow","MM.magenta","p.MM.magenta","q.MM.magenta","MM.grey","p.MM.grey","q.MM.grey","MM.blue","p.MM.blue","q.MM.blue","MM.pink","p.MM.pink","q.MM.pink","MM.tan","p.MM.tan","q.MM.tan","AssignedModule","MM.assigned","p.MM.assigned","q.MM.assigned","MM.assigned.significant","MM.assigned.sig.and.strong"
"K00006","blue",-0.0732872428200659,0.675661708450872,0.959685422460598,0.0481764289314342,0.783451362109803,0.535493667334807,-0.158773172147701,0.362296007044268,0.304931022227989,-0.161065566771724,0.355316864758533,0.590514404875821,-0.240125857151771,0.164699726315289,0.335965170414894,0.0493830174704025,0.77816168364745,0.996847020865946,0.838099310780673,3.35485622400908e-10,8.14214807890223e-08,0.113137619825814,0.517563550715264,0.330356952451941,-0.0569662313249514,0.745149799909957,0.670640068304698,"blue",0.838099310780673,3.35485622400908e-10,8.14214807890223e-08,TRUE,TRUE
"K00009","blue",0.0823207614169607,0.638263281496172,0.959685422460598,-0.0132022970346495,0.939997970607461,0.573243557104163,-0.175660226181907,0.31280477476083,0.280261654678365,-0.193040459213895,0.266543650969593,0.517168731223661,-0.358646890160276,0.0343719095166776,0.151369162054454,-0.0662664677905573,0.705270036675026,0.988692296438592,0.653091371192517,2.11094031068835e-05,0.000135713821916813,-0.00542764657581634,0.975313877132758,0.451955682486072,-0.122351010514599,0.483809895745054,0.589429678743597,"blue",0.653091371192517,2.11094031068835e-05,0.000135713821916813,TRUE,FALSE
"K00011","black",0.215922383177034,0.212845063313093,0.829981387866013,0.0478771053516638,0.784765084333337,0.535673543240979,0.514332341630251,0.00157313106841637,0.00738160798527657,-0.0994860567130498,0.569623576267611,0.702817026561333,-0.286721131908666,0.0949331120556004,0.253477850589944,-0.00918202513644873,0.95824997385887,0.996847020865946,0.229534588271656,0.184701104901142,0.21328410361912,0.123943960096606,0.478091944620015,0.319450664802152,0.309843217084243,0.070085963544884,0.248108252227584,"black",0.514332341630251,0.00157313106841637,0.00738160798527657,TRUE,FALSE
"K00012","black",0.0318223364258506,0.855997083756089,0.967562416164654,0.238589702508035,0.167499925151102,0.299625735070718,0.491198823394108,0.00273241416191571,0.0104046090351406,0.119619761498397,0.49369554103008,0.663577571033622,-0.127211068903248,0.466475666232856,0.495009443237224,0.126778860118807,0.468003764154945,0.986815669978367,-0.124454508342518,0.476266798999242,0.386261330556392,0.253811669941062,0.141222887035927,0.211115137808993,0.131394423315204,0.451822577255696,0.580746145744648,"black",0.491198823394108,0.00273241416191571,0.0104046090351406,TRUE,FALSE
"K00026","blue",0.321249010059854,0.0598720805132698,0.683964679047626,0.207966668952242,0.230595656269012,0.333090835576205,0.117470981480898,0.50154479061242,0.375302353600191,0.0563097756059616,0.747990883371592,0.744922708456456,0.0192274248469968,0.912702953693655,0.619690934748822,-0.0131031063186353,0.940447971967565,0.996847020865946,0.464270243932181,0.00496166074145328,0.0124785704729201,0.229458262445347,0.184851197345477,0.225863519902419,0.0641827480210066,0.714142531401123,0.66081900845283,"blue",0.464270243932181,0.00496166074145328,0.0124785704729201,TRUE,FALSE
"K00030","blue",0.223361590435349,0.197119491128846,0.824980724999754,0.128491714723369,0.46196342052378,0.432724686613827,-0.176576879921369,0.310246141882479,0.278817464776227,-0.0403484438792369,0.817991475766221,0.754008730515398,-0.176050535738009,0.311713697897108,0.428259998674353,0.0953597852695236,0.58581415325776,0.986815669978367,0.580773235893496,0.000254312889468505,0.00102868452285546,0.121405709609193,0.487219737301821,0.320954522475232,-0.219963779495532,0.204198248400846,0.417501070699752,"blue",0.580773235893496,0.000254312889468505,0.00102868452285546,TRUE,FALSE
"K00031","blue",-0.0861468630036872,0.622677649878636,0.959685422460598,-0.00356414409967842,0.983788090310661,0.584133415910857,0.223003694059612,0.1978569254403,0.205550383754054,0.140871588961398,0.419564270451026,0.624352043327276,0.162465609063167,0.351094553535364,0.447757808169976,-0.0504366421494226,0.773550593706811,0.996847020865946,0.43488678063405,0.00903426707967499,0.0203962132933909,0.282436926923752,0.100196843840717,0.192109096086842,0.377134061463961,0.0255281176783084,0.145091010337255,"blue",0.43488678063405,0.00903426707967499,0.0203962132933909,TRUE,FALSE
"K00033","blue",0.0861206783665352,0.622783776942477,0.959685422460598,0.188020348042675,0.279417491150202,0.354414593294725,-0.00794781636877453,0.963857888155747,0.534981507038745,0.0184070693294113,0.916414245995291,0.776324973259771,0.0104380908486242,0.952544771616964,0.630991065211668,0.0100970059000369,0.954093803007959,0.996847020865946,0.666502262492116,1.23602448461249e-05,8.88829336595602e-05,0.228635932795734,0.186473744782563,0.225987908626731,0.0281527256104744,0.872458377779307,0.685862970024644,"blue",0.666502262492116,1.23602448461249e-05,8.88829336595602e-05,TRUE,FALSE
"K00034","blue",0.0475628825537234,0.786144828225016,0.966049697701213,0.163710719813482,0.347365088105532,0.388190669861859,0.330782973791089,0.052270654317071,0.082960601045437,-0.128000353698206,0.463691935487652,0.649552406772992,-0.24117627378409,0.16280441454134,0.335965170414894,0.131442964955275,0.451654020483363,0.986815669978367,0.597814540333072,0.00014926214259607,0.000684081596117208,0.239355766307278,0.166099263949817,0.22085243269897,0.107269618474088,0.539650248601858,0.60510161043808,"blue",0.597814540333072,0.00014926214259607,0.000684081596117208,TRUE,FALSE
"K00036","blue",-0.0763077027784833,0.663066376185144,0.959685422460598,0.0499270517204854,0.77577982754612,0.533734212700639,-0.0544992823170902,0.7558433709404,0.473370879085359,0.0212505607255208,0.903558194369849,0.774815156413682,-0.0304818825628992,0.862003597425282,0.610106020201995,0.149823168196517,0.390318965113465,0.984821788630755,0.713964842799062,1.46697205974963e-06,1.61831941798472e-05,0.160272578743429,0.357721888497424,0.283391359016613,-0.104914785393151,0.548638357378244,0.608570924990134,"blue",0.713964842799062,1.46697205974963e-06,1.61831941798472e-05,TRUE,TRUE
"K00045","black",-0.207084628588768,0.232623621486466,0.859271445104109,0.00808580887456272,0.963230797588232,0.577819988140651,0.38110310142913,0.0238984763206462,0.0489553552482479,-0.173451041430316,0.319025498463897,0.560017520764421,-0.496547188353807,0.0024131206818205,0.0308039126849488,-0.154553295855833,0.375355545823663,0.982362580947701,0.195386704629573,0.26066251107145,0.263592116180418,0.0959472847367872,0.583496544372173,0.348955856907617,0.316905201758589,0.063613280055868,0.232501787728512,"black",0.38110310142913,0.0238984763206462,0.0489553552482479,TRUE,FALSE
"K00052","black",0.0483504706364885,0.782687768638854,0.964756824700076,0.212658655457025,0.220009550150793,0.326570048481022,0.396619802173622,0.0183298568477714,0.0402551580990897,0.248759300998957,0.149585524906118,0.409183975256781,0.0144763420029477,0.93421964676723,0.627297154115151,-0.0651842003809054,0.709873654839709,0.988692296438592,-0.0545250850077573,0.755731288063308,0.489819871014966,0.141781045529882,0.416538207569908,0.296470432819968,0.279497890805808,0.103934190070308,0.295358961360062,"black",0.396619802173622,0.0183298568477714,0.0402551580990897,TRUE,FALSE
"K00053","blue",0.0823206169931127,0.638263872749095,0.959685422460598,0.0224423526142656,0.898176815874603,0.564705624398355,0.0649074046334672,0.711052686380156,0.458660799571264,-0.193243597712048,0.26603104594929,0.517168731223661,-0.321376024311879,0.0597653647861248,0.194791454930501,0.122109571540399,0.484679626285246,0.986815669978367,0.64991833810729,2.3868514031973e-05,0.000148533993935056,0.0282765703753008,0.871901930321108,0.426370947965331,-0.0406932537903135,0.816462413404707,0.679264331444427,"blue",0.64991833810729,2.3868514031973e-05,0.000148533993935056,TRUE,FALSE
"K00058","greenyellow",0.17644861675543,0.310603364463404,0.88970233935375,0.264666538749997,0.124423399077402,0.256444008610409,0.251156295885091,0.145574235294606,0.166431447009323,0.586834189530011,0.000211123319340225,0.00706503487413783,0.397149544879735,0.0181607475620384,0.0991877005843745,0.0156679339569318,0.928818265716274,0.996847020865946,-0.22249255906174,0.198913437036667,0.225258703002446,0.156038929045008,0.370726572970534,0.287656872811676,0.200218136638828,0.248823456248807,0.456060887116794,"greenyellow",0.586834189530011,0.000211123319340225,0.00706503487413783,TRUE,FALSE
"K00077","blue",-0.0664961154946099,0.704294504755706,0.959685422460598,0.0776822299636045,0.657364275354392,0.50565343919657,0.00886474466716616,0.959691433845505,0.534981507038745,-0.356083651456352,0.0357745763610727,0.235823617323893,-0.336346473257427,0.0482036554840448,0.177839119309184,-0.0022909021195401,0.989579173084029,0.998168111332726,0.6789839116163,7.32793254908245e-06,5.97805046422336e-05,0.216335061323096,0.21195073795713,0.2338397366362,-0.0630094315016367,0.719154878752613,0.66323180019742,"blue",0.6789839116163,7.32793254908245e-06,5.97805046422336e-05,TRUE,FALSE
"K00106","black",-0.147066974445778,0.399195031336285,0.94430270437943,0.185905085046238,0.284960668635106,0.356564773229207,0.631924187808142,4.66843400635576e-05,0.000760105980148004,-0.0270967771744642,0.877205282611677,0.774258371572228,-0.204002011106868,0.239805710229796,0.389325316329621,0.207774200224916,0.231037149964707,0.91433593416675,0.129791477172782,0.457407688145127,0.377722376937431,0.200199609237832,0.248868159576804,0.248014983419253,-0.0591903317187734,0.735548837522345,0.667560919780254,"black",0.631924187808142,4.66843400635576e-05,0.000760105980148004,TRUE,FALSE
"K00122","blue",-0.200825074926589,0.247361982424109,0.864780203455952,-0.0349944506933099,0.8418152188054,0.551011219684876,0.0540465116705,0.757810931829079,0.473617041455741,-0.0182745919863346,0.917013739164437,0.776324973259771,0.0129575880663035,0.941108181566096,0.628221557303005,-0.0377111033383655,0.829708241151805,0.996847020865946,0.474178795076913,0.00400576670700119,0.0104536459697184,0.274624986884171,0.110362102502734,0.198201303724702,0.0600523362887784,0.731838227856205,0.667560919780254,"blue",0.474178795076913,0.00400576670700119,0.0104536459697184,TRUE,FALSE
"K00134","blue",0.293018609632043,0.0875826630812268,0.724709891041615,0.108730928007723,0.534108204568649,0.461177904363436,0.175203708439921,0.314083970323935,0.280815320560424,-0.0187336061115378,0.91493677949141,0.776324973259771,-0.0464072850340735,0.79122450767069,0.586698055232708,-0.092647004803834,0.596568157564159,0.986815669978367,0.667013004617003,1.21044326613793e-05,8.76929571524416e-05,0.247608738814193,0.151539260917634,0.216073787235816,0.0511607265115131,0.770386108833596,0.675291667722317,"blue",0.667013004617003,1.21044326613793e-05,8.76929571524416e-05,TRUE,FALSE
"K00162","red",0.173725093422887,0.318249643606079,0.895938422156779,0.499947684959969,0.0022274866954916,0.0216340058164926,0.170349241994035,0.327889032196735,0.287236117613318,0.181414213853007,0.296962812239659,0.542530416584161,0.328459126142523,0.0540484079815755,0.190568050696395,0.110841560932275,0.526152294024695,0.986815669978367,-0.00518891368347264,0.976399377485377,0.554639130332471,0.176372584197451,0.310815243029655,0.262219845864461,0.230553306011358,0.182706056469071,0.387108645618052,"red",0.499947684959969,0.0022274866954916,0.0216340058164926,TRUE,FALSE
"K00164","blue",0.00058339466603054,0.997346194345831,0.998859272394696,0.0301562762789237,0.863463787295099,0.557319202413377,-0.224629151785665,0.194523158864773,0.203319642043251,-0.173428101956331,0.319090494764541,0.560017520764421,-0.238353131049138,0.167934174168445,0.335965170414894,0.115582878359885,0.508493448845029,0.986815669978367,0.755702326468589,1.53553776274217e-07,2.92290971190771e-06,0.112247547864135,0.520884761871591,0.331427111759237,-0.195875636839122,0.259447810472454,0.466774486017481,"blue",0.755702326468589,1.53553776274217e-07,2.92290971190771e-06,TRUE,TRUE
"K00227","pink",-0.0885017725030884,0.613163922489511,0.959685422460598,0.355107185880711,0.0363210149389376,0.149354192252447,0.30283116003074,0.0770117838331785,0.107901679750289,-0.186095849102241,0.284457870431367,0.534634592575699,-0.146333645135338,0.401576006595,0.466069616390444,-0.241457186821105,0.162300220562366,0.88110903560902,0.216903924131561,0.210722190936791,0.232278022117125,0.478887825357153,0.00361039045968818,0.0253620608396063,0.217954020542472,0.208467268763139,0.419310144637565,"pink",0.478887825357153,0.00361039045968818,0.0253620608396063,TRUE,FALSE
"K00232","black",0.0686540562173478,0.69515052408909,0.959685422460598,0.241736106832062,0.161800716348999,0.294648025762483,0.641986044033021,3.2252078896909e-05,0.000633971331112345,0.233274161115264,0.177452356296103,0.435543888242765,0.118763160143456,0.496817070610863,0.504016968131179,0.0454857370704747,0.795281451692258,0.996847020865946,0.092025905647075,0.599042322638966,0.43790964094404,0.239834761095562,0.165227755704711,0.220062252876744,0.168381522732511,0.333590074549008,0.51696147180271,"black",0.641986044033021,3.2252078896909e-05,0.000633971331112345,TRUE,FALSE
"K00234","blue",0.328890979418037,0.0537144489231208,0.650275768102696,0.0641836458726599,0.714138700295087,0.521906039866975,0.0647547859854408,0.711703058844912,0.458766953507281,-0.0940135551092374,0.591140157740032,0.70896761911325,-0.182942340258526,0.292843148583913,0.418979027964797,0.127618112193085,0.465038960774909,0.986815669978367,0.644124730304148,2.97628683461478e-05,0.000173014852654734,0.22738905787861,0.18895306851163,0.227257813600601,-0.0216967412786628,0.901543017393274,0.692087696976899,"blue",0.644124730304148,2.97628683461478e-05,0.000173014852654734,TRUE,FALSE
"K00235","blue",-0.11243686353918,0.520177474697544,0.959685422460598,0.0149632434041788,0.932012203171699,0.570469863008918,-0.0698027809943511,0.690300055493609,0.451754509222796,-0.19030437847514,0.273511090700461,0.52265180963409,-0.283140656222896,0.0993173192261541,0.256502503941849,0.0990125743105653,0.571471030334941,0.986815669978367,0.571058784822652,0.000340145480042048,0.00132083865629844,-0.0325761865468189,0.852622585031189,0.41979997143261,-0.24030450100544,0.164376278534652,0.374537150519397,"blue",0.571058784822652,0.000340145480042048,0.00132083865629844,TRUE,FALSE
"K00236","black",0.0516379236663502,0.768302589370067,0.964756824700076,0.105277352606634,0.547249905361125,0.465454929886476,0.38275592382534,0.0232457049007745,0.0478256579762904,-0.00928130523057206,0.957798953769672,0.784312715309577,-0.37836966150794,0.0250112544244875,0.124406113807574,-0.174369964723523,0.316428635607255,0.954589382312911,-0.193490939853686,0.265407770576177,0.267000082575203,0.105822330422377,0.545166036182124,0.335276533234217,0.242798916420269,0.159907525099973,0.37242212581652,"black",0.38275592382534,0.0232457049007745,0.0478256579762904,TRUE,FALSE
"K00237","pink",-0.20831052076885,0.229808337225537,0.858314328473827,0.167207289762012,0.337021032516232,0.382360881826994,0.332001923758937,0.0513569726701779,0.0821280540202517,0.00505900902929758,0.976990061729841,0.78572953888437,-0.294924825105138,0.0854463741712055,0.242967726457344,-0.30633505462433,0.0734873718208705,0.755138466897456,0.115868369366931,0.50743969597728,0.398804549661887,0.598175083284246,0.000147540769506699,0.00198503808317095,0.416111789915775,0.0129093786036035,0.097530330336155,"pink",0.598175083284246,0.000147540769506699,0.00198503808317095,TRUE,FALSE
"K00264","blue",0.357601059232689,0.0349387032588679,0.587018926596502,0.158360199553302,0.363561938196329,0.394667574922662,-0.00754600990115725,0.965683970059162,0.535175657039944,-0.0690986927050857,0.693271630428159,0.731309872187362,-0.0665728922832822,0.703968464180763,0.577284037643968,0.00145091437062924,0.993399991676184,0.998168111332726,0.482008193107563,0.00336744343072421,0.00908077433279627,0.132046591886817,0.449560812263788,0.309995641478307,-0.0954063399106909,0.585630352702385,0.618494199236361,"blue",0.482008193107563,0.00336744343072421,0.00908077433279627,TRUE,FALSE
"K00276","black",0.264715633461446,0.124350958215718,0.763998858849709,0.0922981039014025,0.597957467573594,0.484840191090929,0.540496623457995,0.000802614691312843,0.00462161938210134,-0.179898586619965,0.301085101489327,0.5457095700111,-0.225691002117299,0.19236667657008,0.357028860252434,-0.0740177474928804,0.672607391422215,0.988692296438592,0.00937772628966488,0.957360934338342,0.549613218707555,0.131788935449827,0.450453649815831,0.310119884430964,0.0863887212763629,0.621697745248897,0.632249985635362,"black",0.540496623457995,0.000802614691312843,0.00462161938210134,TRUE,FALSE
"K00281","pink",-0.00587939427189753,0.973259935504892,0.993070802163856,0.244595040476604,0.156744469829034,0.290677601065607,0.494123084547669,0.00255356053371716,0.010005989295752,0.183245800962666,0.292029427739656,0.539516215490273,-0.114764593592596,0.511519804707859,0.51068432363809,0.14590383147402,0.402975296146551,0.986815669978367,0.0877309057712837,0.616271452547378,0.444810306144318,0.63587065729022,4.04439254782191e-05,0.000729641345600058,0.115770364143747,0.507801311850356,0.596007003110193,"pink",0.63587065729022,4.04439254782191e-05,0.000729641345600058,TRUE,FALSE
"K00288","red",0.238790230405533,0.167132467809128,0.797907897281593,0.6559840653881,1.88495588249291e-05,0.000505858108563045,0.282716612378303,0.0998465852053499,0.130234356714388,-0.0296743466981196,0.865625828334564,0.7713555595639,0.442404249892359,0.0077878270704638,0.0615391445472813,0.0325292495077818,0.852832617303028,0.996847020865946,-0.0555765930400855,0.751167895487349,0.489413364816306,0.270151898591494,0.116522094752649,0.200237100559851,0.073417942702802,0.675114862568774,0.649906760973425,"red",0.6559840653881,1.88495588249291e-05,0.000505858108563045,TRUE,FALSE
"K00310","pink",0.42052089458848,0.0118920636118604,0.457976583096759,0.535199205465503,0.000923823628980223,0.0104678545422635,0.422761109479245,0.0114016975256723,0.0287892955116453,0.130500207033939,0.454933729077313,0.648727251841805,0.0524006386273413,0.764975771336576,0.584258398378374,-0.0773644113404834,0.658681042154216,0.988692296438592,0.194775769924584,0.262185578665163,0.264856409549413,0.745207329060465,2.81984719641545e-07,2.03489357519182e-05,0.187802813329563,0.27998430599444,0.485183308867939,"pink",0.745207329060465,2.81984719641545e-07,2.03489357519182e-05,TRUE,TRUE
"K00311","black",0.108512917129663,0.534933272000578,0.959685422460598,0.0563069060750466,0.74800330965144,0.52600681258951,0.622536396373461,6.51646822428721e-05,0.000918477238479191,-0.209006081078304,0.22822128961554,0.480253480175795,-0.415812693902232,0.0129809688113441,0.0812533680882176,0.230594637234459,0.182625436623744,0.897287153931499,0.138646173782361,0.427020711767811,0.361734055635009,0.187216855495459,0.28151479912128,0.253866445061253,0.0087162275015163,0.960366216451041,0.705760761758358,"black",0.622536396373461,6.51646822428721e-05,0.000918477238479191,TRUE,FALSE
"K00326","blue",-0.0573266667152444,0.743591268967148,0.962392583360767,-0.0566200887707065,0.746647465506619,0.525482590523844,-0.264698002053065,0.124376970327551,0.149243752565546,-0.126577867494722,0.468715284352212,0.650241652102726,0.184445713574964,0.288826101233926,0.418979027964797,0.0225680832724424,0.897609351886481,0.996847020865946,0.515370472276998,0.00153323208902364,0.00465139259128847,0.1532690341552,0.379384385074249,0.288003190977628,-0.199600259483302,0.250317173311334,0.45744528691902,"blue",0.515370472276998,0.00153323208902364,0.00465139259128847,TRUE,FALSE
"K00327","blue",0.0139886273634217,0.936431260997383,0.977127672464111,-0.336998990222235,0.0477437479543216,0.171316245496626,-0.407430755279913,0.0151277956622039,0.0351868617847424,-0.0454979244449514,0.795227764322485,0.744922708456456,-0.160703611522348,0.356413415684817,0.447757808169976,0.20675975883954,0.23337358528965,0.91433593416675,0.388159319075208,0.0212138108776515,0.0416355614579438,0.135373347062274,0.438119201873241,0.305335551768011,-0.387816354193197,0.0213382382596335,0.13088364944378,"blue",0.388159319075208,0.0212138108776515,0.0416355614579438,TRUE,FALSE
"K00337","black",0.36268273923243,0.0322544570348091,0.587018926596502,0.263082967103986,0.126776882052825,0.259089995458342,0.507357543472443,0.00186562040416098,0.00831033136286203,0.268908172653188,0.11827975985524,0.37390939546343,0.148194239055538,0.395550870325125,0.461967356464373,0.0124394028948897,0.943459474243322,0.996847020865946,-0.151801712412284,0.384018405735457,0.338602216288344,0.482299637097373,0.0033454941621,0.0243636632999324,0.422244572544825,0.0115132184051888,0.0892670218281932,"black",0.507357543472443,0.00186562040416098,0.00831033136286203,TRUE,FALSE
"K00340","black",-0.0748242760451771,0.669241186475953,0.959685422460598,0.402791765243658,0.0164389952943771,0.0974670780725401,0.666479324310423,1.2371848185295e-05,0.000307455243778436,0.0914076311594113,0.601509630760543,0.709356048577995,0.0431673667966833,0.805510798340155,0.588041065260093,-0.136657478386199,0.433745845905235,0.986815669978367,-0.084652592071581,0.628745876858525,0.447555197690609,0.272013312790842,0.113928150946422,0.199960777268049,0.428800032153728,0.010164251510188,0.0862582717546901,"black",0.666479324310423,1.2371848185295e-05,0.000307455243778436,TRUE,FALSE
"K00341","black",0.490829187839685,0.00275578041609144,0.251356182162445,0.293369063216151,0.087186859837761,0.218650632482688,0.531675800343226,0.0010131334248504,0.00549855171897181,0.0133148004436559,0.939487595293358,0.780552673013094,-0.201317624738063,0.246180171334934,0.394659474359494,-0.237499211344824,0.169508329389364,0.892881260886835,-0.286815406050988,0.0948197074974677,0.131499967755482,0.0473489388319619,0.787084616323025,0.403086763002829,0.250562968820554,0.14655975276431,0.356759171506236,"black",0.531675800343226,0.0010131334248504,0.00549855171897181,TRUE,FALSE
"K00354","black",0.215307733427585,0.214181897885053,0.829981387866013,0.324421723203266,0.0572511578212715,0.183022597005028,0.604695976512477,0.000119329949834433,0.00128055343336292,0.180010009248778,0.300780816102506,0.5457095700111,0.0503214289998275,0.774054445397679,0.584863953082124,0.049483951560279,0.777719629529058,0.996847020865946,-0.248901404452527,0.149345500747338,0.183755444319942,0.308322039709826,0.071545397373073,0.17193690262625,0.229966300769467,0.183853774078006,0.388072307893658,"black",0.604695976512477,0.000119329949834433,0.00128055343336292,TRUE,FALSE
"K00365","blue",-0.0117751702588605,0.946474149665842,0.981004606083077,-0.187619707879887,0.280461988075818,0.354414593294725,-0.150097303310663,0.389442440547769,0.319520607720363,0.0505354181652474,0.773118697544214,0.744922708456456,0.292513554997657,0.0881555026572092,0.246167547270643,0.203173884510887,0.241760260723862,0.91433593416675,0.394456727425437,0.0190340735088504,0.0380991317624796,0.271206378967877,0.115047264264124,0.199960777268049,-0.080979509890148,0.643763614105379,0.639615306795632,"blue",0.394456727425437,0.0190340735088504,0.0380991317624796,TRUE,FALSE
"K00380","blue",-0.0336782695216915,0.84769391557035,0.967562416164654,-0.186795823175007,0.282617850971703,0.355209818684584,0.110434770950167,0.527681159876881,0.386289405552332,-0.181684277405772,0.296232074900031,0.541917004137307,-0.271632486607757,0.114455284949195,0.277603588055508,0.314541541856,0.0657250309997156,0.755138466897456,0.395910586006435,0.0185583149061194,0.0374557535212746,0.216013137838828,0.212648164052019,0.2338397366362,-0.240269059246729,0.164440412126686,0.374537150519397,"blue",0.395910586006435,0.0185583149061194,0.0374557535212746,TRUE,FALSE
"K00383","magenta",-0.088847226705943,0.611773466532525,0.959685422460598,-0.00574122983251517,0.973888104408413,0.581476700297344,0.0680693769866197,0.697623912963681,0.453712124651205,0.443230613916877,0.00766023617258565,0.101810659104965,0.566229730151682,0.000391739436674839,0.0103920749946703,0.224325954136662,0.195142006728223,0.904227533850295,0.0807892548770942,0.644545348145191,0.451130398725248,-0.012674560538203,0.942392374559879,0.444748592622596,-0.0230125410660109,0.895603769209462,0.690093717365277,"magenta",0.566229730151682,0.000391739436674839,0.0103920749946703,TRUE,FALSE
"K00384","black",0.15470148921449,0.374892278579639,0.934803336371963,0.0685870863882246,0.695433672595395,0.516154959884217,0.559852397612916,0.00047050443842698,0.00326704965499998,-0.00563974404291729,0.974349522555997,0.78572953888437,-0.228766824752635,0.186214811217264,0.35225177840367,0.19900832448137,0.251753764696879,0.922608521248566,0.0603797520035094,0.730430385370235,0.482376977061469,0.187409864936162,0.281010071189533,0.253866445061253,-0.123352782152032,0.480209878133695,0.58861903854255,"black",0.559852397612916,0.00047050443842698,0.00326704965499998,TRUE,FALSE
"K00390","blue",-0.164842548178459,0.343995877854172,0.917762421640375,0.154105131835996,0.376758602164305,0.401391528223746,-0.436909357909196,0.00868328289120586,0.0238372651043857,0.254906308290651,0.139457137427762,0.399841946544366,0.188588920963935,0.277939516802835,0.413514740764905,-0.134519781697255,0.441039508400968,0.986815669978367,0.435703846841867,0.00889105206434668,0.0201196738497175,0.263130396355012,0.126705916794925,0.203925984059529,0.0270459880256367,0.877433707413379,0.686565775131939,"blue",0.435703846841867,0.00889105206434668,0.0201196738497175,TRUE,FALSE
"K00410","black",0.387365972994847,0.0215025559516997,0.512339273119295,0.49431896624833,0.00254195343821465,0.0235660084189537,0.7087457027182,1.89237728823923e-06,0.000162459817474825,-0.00913654864720112,0.958456573518608,0.784312715309577,-0.0926508848123647,0.596552715402515,0.541258498178183,-0.119971568894678,0.492416431403758,0.986815669978367,0.0397074693033396,0.820835634263393,0.510806810000975,0.334167603103866,0.0497651320054822,0.149196246664282,0.451672264969277,0.00645588918969335,0.0691289739062545,"black",0.7087457027182,1.89237728823923e-06,0.000162459817474825,TRUE,TRUE
"K00412","black",0.409028651610692,0.0146969938247213,0.471503811839649,0.481975187695895,0.00336993699896605,0.0298837478926652,0.630011061963238,5.00118167309445e-05,0.000772209562298457,-0.0207087812979742,0.906005939778533,0.775167937993012,-0.0640957995876403,0.714513570299099,0.581346948482174,-0.121613408560483,0.486469476907031,0.986815669978367,0.323891165611034,0.0576829902499758,0.0916498230277159,0.365933142152778,0.0306276516025975,0.119176970505848,0.423077407981296,0.01133386063733,0.0892670218281932,"black",0.630011061963238,5.00118167309445e-05,0.000772209562298457,TRUE,FALSE
"K00415","blue",-0.0363666320120724,0.8356953447147,0.967562416164654,0.164546274743904,0.344875891681016,0.386691994106216,-0.466891805559201,0.00469137478522189,0.0152243254513345,-0.290212192976868,0.0908022770519289,0.344635514024571,-0.234084457021163,0.175908701310656,0.345058916852801,-0.0915786481170578,0.600826726972574,0.986815669978367,0.384430001088527,0.0225996532206512,0.0434445669067947,0.155449987589932,0.372557552378061,0.287656872811676,-0.335871703582056,0.0485405079443242,0.203184610567923,"blue",0.384430001088527,0.0225996532206512,0.0434445669067947,TRUE,FALSE
"K00423","blue",-0.0590624297476992,0.736099912068854,0.959685422460598,0.238315441099588,0.168003431968579,0.299625735070718,-0.37641136750053,0.0258344890228792,0.0514697967697779,0.282494852104744,0.100124225782847,0.356484726146892,0.256475502279001,0.136954230305552,0.303966695680945,-0.177523128026798,0.307618767233838,0.953673208615815,0.438926211317888,0.00834492695353726,0.0191065272465214,0.260183956126625,0.131170716611725,0.205061808400218,-0.145598093936765,0.403972340470027,0.553071470625344,"blue",0.438926211317888,0.00834492695353726,0.0191065272465214,TRUE,FALSE
"K00434","black",0.219338958986441,0.205518907429499,0.829981387866013,0.196639846530273,0.257556711471009,0.345627919343656,0.502054918006707,0.00211882000175735,0.00917843188820642,0.0685785437898565,0.695469793624157,0.731749849691499,-0.0196879668306722,0.910620250090493,0.619031313635149,0.213599998367504,0.217926414145833,0.91433593416675,-0.158181046562885,0.364111935598059,0.326838518517748,0.260942396393904,0.13001047777081,0.205061808400218,0.0953985478143231,0.585661114593598,0.618494199236361,"black",0.502054918006707,0.00211882000175735,0.00917843188820642,TRUE,FALSE
"K00449","pink",-0.0706664688206251,0.686661110090317,0.959685422460598,0.36506671418619,0.0310545785921677,0.136505068697403,0.0356791564465081,0.838760295860314,0.500366088417601,0.351814385521515,0.0382138952451734,0.24273338867224,0.362629656351423,0.0322815991000151,0.146209031653582,-0.0598579835831752,0.73267432545728,0.992474492474258,0.131801838774918,0.450408914120114,0.373474518598608,0.540308889747009,0.000806657017749117,0.00744559271161614,0.160207661025841,0.357919206714398,0.530681868426646,"pink",0.540308889747009,0.000806657017749117,0.00744559271161614,TRUE,FALSE
"K00459","blue",-0.0208436763787212,0.905396406799043,0.973554656411546,-0.0640981949066518,0.714503347785655,0.521906039866975,-0.0216859295366004,0.901591841584717,0.517891852768625,-0.147314876199979,0.398391979630795,0.615367734449513,-0.423537934927193,0.0112357018483155,0.076332700345836,0.0152039392747968,0.930921153990596,0.996847020865946,0.573927070081007,0.000312452733515328,0.00123303185458969,0.125247950586415,0.473437585952564,0.318006566148947,-0.203035113028342,0.242088832992179,0.450379623008463,"blue",0.573927070081007,0.000312452733515328,0.00123303185458969,TRUE,FALSE
"K00485","blue",-0.224612109188459,0.194557907544375,0.824980724999754,0.0338893128350116,0.846750742103378,0.551714239690781,0.192131979834278,0.268844058017085,0.254113384611402,0.2483315268432,0.150309763816712,0.409183975256781,-0.111486644875478,0.523732266916745,0.514953604143553,-0.018707120800468,0.915056606025734,0.996847020865946,0.406792704305227,0.0153027547275801,0.0317430636144233,0.401932733216992,0.0166919493774713,0.0752840893932589,0.140782201968546,0.419862354223294,0.565454044246765,"blue",0.406792704305227,0.0153027547275801,0.0317430636144233,TRUE,FALSE
"K00521","blue",-0.0594266797456345,0.734530857242294,0.959685422460598,0.0921449852249104,0.598567622384487,0.484840191090929,-0.281520242208165,0.101351385978093,0.130931225871266,0.0251474232133246,0.885979352568833,0.774258371572228,0.207697744880356,0.231212685616195,0.383034173355235,-0.124063852558411,0.47766301686987,0.986815669978367,0.383574300353163,0.0229279968981998,0.0438154702479137,-0.205916081533247,0.235328849158014,0.242601374093532,0.0482359734621749,0.783190093020494,0.676698370396686,"blue",0.383574300353163,0.0229279968981998,0.0438154702479137,TRUE,FALSE
"K00549","blue",0.512532465126698,0.00164446884388574,0.178116531653374,0.108297305098511,0.535749863382933,0.461446641080447,0.0735818488398575,0.674429313487449,0.447571533999325,-0.014826410124276,0.932632508552824,0.778710702184942,-0.0439211659676132,0.802181237754149,0.587235248101182,0.0639639296350478,0.715076427608702,0.988692296438592,0.503234844451407,0.00206002001090347,0.00600554299711812,0.15848820412884,0.363169269532612,0.285427970356046,0.0234806786329129,0.893492021442011,0.689753395934956,"blue",0.503234844451407,0.00206002001090347,0.00600554299711812,TRUE,FALSE
"K00559","black",0.573265041860392,0.000318659466737353,0.110447371171167,0.570333283649696,0.000347487836697678,0.00506235608196454,0.435115399301321,0.00899399844947831,0.0243407390210664,-0.070470775240246,0.68748501580301,0.731064640794532,-0.147611452155984,0.397432473219633,0.462223592180585,-0.0201821294625642,0.908386155824947,0.996847020865946,-0.0619061192929645,0.723878708450685,0.480337564627863,0.215971646373727,0.212738167424907,0.2338397366362,0.0507095857728708,0.772357316442327,0.675346447975126,"black",0.435115399301321,0.00899399844947831,0.0243407390210664,TRUE,FALSE
"K00573","blue",-0.225959881362037,0.191823286900719,0.824980724999754,0.147215892699799,0.398712514932614,0.41118967404906,0.450412509747974,0.0066245809513909,0.0196331651104879,-0.015961567931596,0.927487719810594,0.778710702184942,-0.0599508930594371,0.73227459477487,0.58161678693012,0.0708859020269649,0.685737678351698,0.988692296438592,0.404855275629449,0.0158444549587838,0.032588200580185,0.395635503352919,0.0186475635945528,0.0804475985585737,0.18560805990067,0.285744680398034,0.486171148807925,"blue",0.404855275629449,0.0158444549587838,0.032588200580185,TRUE,FALSE
"K00600","blue",0.481382086046245,0.00341501991914341,0.271739177226197,0.169272223283722,0.331001950186382,0.381847023839157,0.0412786633766925,0.813867938033147,0.492359084983421,-0.259286159222373,0.132554012962771,0.392707837902353,-0.204322555220195,0.239052019660613,0.388826730782924,0.162514751780971,0.350946899878261,0.973105563982443,0.501056700790228,0.00216970482614095,0.00625022755529934,0.15451858352948,0.375464108755471,0.287788217037811,-0.0569790094254977,0.745094530052962,0.670640068304698,"blue",0.501056700790228,0.00216970482614095,0.00625022755529934,TRUE,FALSE
"K00615","blue",0.0750009942959585,0.66850446126895,0.959685422460598,0.108739350674291,0.534076341083728,0.461177904363436,-0.0422989421424684,0.809350834101215,0.49225609387366,-0.0115243014574057,0.947612931155118,0.781671520804918,-0.0624484309198688,0.721555536054851,0.58161678693012,-0.0896078518221781,0.608716648128606,0.986815669978367,0.657415559069178,1.78144972819307e-05,0.000118452925318034,0.121577774506974,0.486598153649296,0.320954522475232,0.012640787484755,0.942545624091497,0.700673489640648,"blue",0.657415559069178,1.78144972819307e-05,0.000118452925318034,TRUE,FALSE
"K00627","magenta",0.304440927519607,0.075376626046172,0.724709891041615,0.363857280594674,0.0316586506243819,0.136822129076016,-0.180714158948812,0.29886236636644,0.273478036132159,0.138672341865714,0.426932607833845,0.630172149624081,0.592837761725004,0.000174934955367787,0.0060908918512981,0.135160791794514,0.438845424677527,0.986815669978367,0.059537299666553,0.734054556198831,0.483734572439727,-0.044643333056299,0.798994606302346,0.40497606660482,-0.1597374742038,0.35935029442892,0.530681868426646,"magenta",0.592837761725004,0.000174934955367787,0.0060908918512981,TRUE,FALSE
"K00641","red",0.003643177325914,0.983428647573477,0.994984518517273,0.506654806641488,0.00189757471350716,0.0189718566792792,0.40820971115246,0.0149164788132474,0.0348671033847968,-0.24146406008939,0.162287898243181,0.424777414826299,-0.024341270194855,0.889611819489894,0.617224546790252,0.0457967447675169,0.793911702007051,0.996847020865946,-0.0241924699534592,0.890282546491664,0.533673475767999,0.18602135675621,0.284654142273176,0.25401360189902,0.329990764068503,0.0528713828030516,0.214036961377093,"red",0.506654806641488,0.00189757471350716,0.0189718566792792,TRUE,FALSE
"K00654","blue",-0.158869428962533,0.362001319131544,0.92838488900383,-0.0600287020184087,0.731939885351707,0.523186007623551,-0.282441418196216,0.100191211913494,0.130323858051109,0.0356905397853925,0.838709526744885,0.760629000025755,0.0532370063218225,0.761332444269527,0.584258398378374,-0.0488825431828289,0.780354585622121,0.996847020865946,0.688207515729836,4.89888101607908e-06,4.40350213303772e-05,0.191372094771583,0.270778155916206,0.253470011520192,0.0255330505533364,0.88424254682099,0.687755128292492,"blue",0.688207515729836,4.89888101607908e-06,4.40350213303772e-05,TRUE,FALSE
"K00666","blue",-0.0148369074177885,0.932584919856726,0.975947866009485,0.234651164731823,0.174834784497102,0.30278069939347,-0.139947665531016,0.422651050448007,0.340553430958586,-0.010677320479905,0.951458416068207,0.783098105772477,0.0517182550343541,0.767952006209462,0.584258398378374,-0.305898766613969,0.0739192293086113,0.755138466897456,0.42150730861312,0.0116739920962078,0.0253534431160126,0.345626125904859,0.0419873240840038,0.139453399901944,0.420561163779188,0.0118830941650788,0.0908851083718425,"blue",0.42150730861312,0.0116739920962078,0.0253534431160126,TRUE,FALSE
"K00671","black",0.0788122433069936,0.652690704443487,0.959685422460598,0.329076036051173,0.0535718453796204,0.176802845252186,0.578300436201363,0.000274089938148848,0.00223134139629797,0.314050079560995,0.0661709559940697,0.314171748140669,0.24402018694232,0.157751849717713,0.332275022899578,-0.099782458146514,0.568468449480486,0.986815669978367,-0.220537332471387,0.202991145152884,0.22667583720245,0.326386386942052,0.0556743532186826,0.157835961305227,0.405952913767756,0.0155356182530831,0.109023561054042,"black",0.578300436201363,0.000274089938148848,0.00223134139629797,TRUE,FALSE
"K00693","blue",-0.0471856833195274,0.787801945980366,0.966049697701213,0.105028834104781,0.548201428802354,0.465875679882096,0.0541167048954276,0.757505801658236,0.473617041455741,-0.29985212321852,0.080110377026746,0.332336875424664,-0.207851976037701,0.23085867529115,0.383034173355235,0.118189354638552,0.498913663785756,0.986815669978367,0.558817997648234,0.000484527672400541,0.00174212734045071,0.129866985051884,0.457143770883318,0.311438215871227,0.0508486259680228,0.771749646284414,0.675291667722317,"blue",0.558817997648234,0.000484527672400541,0.00174212734045071,TRUE,FALSE
"K00698","blue",0.0493019330871785,0.778516852973066,0.964756824700076,0.150614351357,0.387792333516352,0.407121925370028,-0.00587505883246879,0.973279646476091,0.53717841174936,-0.0102277850261313,0.95349985201503,0.78321321054273,-0.0609271810941485,0.728078451462636,0.58161678693012,0.0304754291254973,0.862032533681662,0.996847020865946,0.77466059371849,4.72682049544014e-08,1.48024121131302e-06,0.179203760112035,0.302987021353858,0.260717675397843,-0.0377748718384652,0.829424503185616,0.681270456641967,"blue",0.77466059371849,4.72682049544014e-08,1.48024121131302e-06,TRUE,TRUE
"K00706","blue",0.229470212326069,0.184827692583505,0.824980724999754,0.191887561712016,0.269465173933664,0.350309233846632,0.176554970942957,0.310307141711945,0.278817464776227,-0.120477619089883,0.490579498883202,0.663140136436199,-0.134528470457154,0.44100972803041,0.483624985412653,0.00312881355056279,0.985768025964843,0.998168111332726,0.801573602727835,7.20171097710491e-09,4.36959092146814e-07,0.288771014777443,0.0924905282757533,0.18895625259695,0.0784215346977576,0.654305159724646,0.641476550306454,"blue",0.801573602727835,7.20171097710491e-09,4.36959092146814e-07,TRUE,TRUE
"K00728","blue",-0.1823440067884,0.294451810520042,0.883994324068164,0.128525831637539,0.461843531193407,0.432724686613827,-0.192252416101945,0.268538350122189,0.254113384611402,-0.166214234987762,0.339939431537775,0.578666662928835,-0.170665243026277,0.32697914024118,0.435321894085766,0.0340464172063128,0.846048762957769,0.996847020865946,0.75372685818454,1.72559292721124e-07,3.2215144483829e-06,0.0866278833819141,0.620729392918397,0.360447988870817,-0.129251701166816,0.459296702667462,0.583207322791197,"blue",0.75372685818454,1.72559292721124e-07,3.2215144483829e-06,TRUE,TRUE
"K00750","greenyellow",-0.111789183442028,0.522599174569575,0.959685422460598,0.302560398384294,0.0772895036105308,0.208044533482367,0.39236674623108,0.0197357728044657,0.0423577009122925,0.509143728509085,0.00178651168493264,0.0422610057917037,0.2251575629946,0.193447918699666,0.357028860252434,0.103395493817755,0.554474456848181,0.986815669978367,-0.184689741191282,0.288177411266792,0.281366690117591,0.2290683353791,0.185619320166008,0.22587214229023,0.216206512523265,0.212229041204557,0.424122514825324,"greenyellow",0.509143728509085,0.00178651168493264,0.0422610057917037,TRUE,FALSE
"K00764","black",0.1791131209735,0.303235684518789,0.885854951027726,0.228549898522665,0.186644077933923,0.308768814550151,0.529819885016401,0.0010631711388519,0.00567232140997593,0.309859501031848,0.0700704675583782,0.316244799956443,0.0575100357292901,0.742798761031091,0.583526939041646,-0.271099370171241,0.115196288693008,0.82836169421155,-0.164284017920076,0.345656008232859,0.314887674491479,0.275744554119899,0.108859426763813,0.196838629881251,0.54289456334881,0.000752534909949814,0.016650099374777,"black",0.529819885016401,0.0010631711388519,0.00567232140997593,TRUE,FALSE
"K00787","red",0.316295943124612,0.0641524227349934,0.688474852774906,0.498376044142613,0.00231167239783373,0.022031985251918,0.341063214182598,0.0449577859424468,0.0767733873768837,0.333483347361453,0.0502637587856081,0.290983643706909,0.0226024483674137,0.897454259540887,0.619031313635149,-0.00455949929073063,0.979261471810744,0.996983881657156,0.21180419370968,0.221912183745479,0.239632947982253,0.108432311597182,0.535238480726071,0.334092770885465,0.00569647723242754,0.974091576821084,0.708701489118423,"red",0.498376044142613,0.00231167239783373,0.022031985251918,TRUE,FALSE
"K00789","blue",0.392869985166856,0.0195648752380804,0.512339273119295,0.219960499599721,0.204205165579949,0.314097382952494,0.174118490585034,0.317137979052011,0.282003602674265,0.00568610140409761,0.974138751848167,0.78572953888437,-0.00224610326604988,0.989782942819496,0.641154623651573,0.0223650808796241,0.898525593393629,0.996847020865946,0.428647840412054,0.0101939757667062,0.0228023150801462,0.207230332167349,0.232287794167365,0.241306278184314,0.121981081760255,0.485142811508437,0.589893515356049,"blue",0.428647840412054,0.0101939757667062,0.0228023150801462,TRUE,FALSE
"K00799","blue",-0.125861238876935,0.471256812283042,0.959685422460598,0.113241912898736,0.517175077253818,0.451936954243615,-0.319597711254859,0.0612732396803344,0.0911230057846162,0.0402513864280321,0.81842199721595,0.754008730515398,-0.221550996479317,0.200869919037327,0.365232727112532,-0.232204029905766,0.179505718710209,0.897287153931499,0.40822191633514,0.0149131875957313,0.0311345507232454,0.285025619634782,0.0969904199388398,0.191029521777356,-0.100135648648135,0.567093402367231,0.617433995774728,"blue",0.40822191633514,0.0149131875957313,0.0311345507232454,TRUE,FALSE
"K00814","magenta",-0.155569108646216,0.372186782596784,0.929394372104073,-0.0157554291068217,0.928421778251458,0.57032998981766,-0.163605777909718,0.347678488422212,0.297378427573927,0.322380185205647,0.0589269683095247,0.305091554213774,0.683045624983494,6.14806070169421e-06,0.000456668605012333,0.041801868467256,0.81155079277175,0.996847020865946,-0.0713515997405927,0.683779385639699,0.465175791931899,-0.0371792789940568,0.832075415525859,0.414625229907029,0.155501192364224,0.372398148419274,0.533871267674404,"magenta",0.683045624983494,6.14806070169421e-06,0.000456668605012333,TRUE,FALSE
"K00817","black",-0.0718097225441527,0.681854923203916,0.959685422460598,0.373373541226115,0.0271556528685834,0.125308086220508,0.481389376570483,0.00341446258997679,0.0119867375844647,0.367672429310767,0.0297851305111383,0.223379579222902,0.289687531923951,0.0914141273149866,0.250095210806343,-0.138282508011354,0.428246164347642,0.986815669978367,-0.379454635387227,0.0245645513035918,0.0467588406589905,0.291802943670003,0.0889663595505353,0.187323938488218,0.319305351231178,0.0615239887476599,0.228135063960257,"black",0.481389376570483,0.00341446258997679,0.0119867375844647,TRUE,FALSE
"K00820","blue",0.178176045352078,0.305814076197711,0.885854951027726,-0.00889768707258661,0.959541764881671,0.57628500467606,-0.107163713496685,0.540052959578805,0.390530905883515,-0.082537180379137,0.637377536371905,0.721239805256568,-0.15031829510487,0.388736669525747,0.460572046660149,0.0984854188947868,0.573531099976078,0.986815669978367,0.779853712494768,3.35570382926201e-08,1.17323036228208e-06,0.142096869030463,0.41549023843703,0.296329215413772,-0.165245066613652,0.34280247974913,0.525017329448606,"blue",0.779853712494768,3.35570382926201e-08,1.17323036228208e-06,TRUE,TRUE
"K00826","tan",-0.182401399966643,0.294297260437131,0.883994324068164,0.120358028853703,0.491013287146519,0.444036991225787,0.222273219364239,0.199368013839622,0.206892624587947,-0.0601767958318026,0.731302967236441,0.738772468073264,0.312385897932632,0.067698612600982,0.210106548246229,-0.145442971019543,0.404478751642241,0.986815669978367,-0.0673993772098391,0.700462006768663,0.470914936763677,0.165317033777822,0.342589375726688,0.275807318732045,0.573595538404905,0.000315547341147035,0.0100952058541754,"tan",0.573595538404905,0.000315547341147035,0.0100952058541754,TRUE,FALSE
"K00830","black",0.0128729961543477,0.94149198893704,0.979355112141591,0.237251964822587,0.169966078456317,0.299625735070718,0.514290332594415,0.00157476462363722,0.00738160798527657,-0.145911093093397,0.402951632303898,0.615367734449513,-0.144901862298714,0.40624807695631,0.466753286880174,0.26690592489467,0.121150935069212,0.845956886737543,-0.0729698225495958,0.676990468282764,0.462827637555592,0.215014916971367,0.214820786446054,0.2338397366362,0.0476893124034395,0.785589600867886,0.676698370396686,"black",0.514290332594415,0.00157476462363722,0.00738160798527657,TRUE,FALSE
"K00844","blue",-0.358946339657637,0.0342110079492214,0.587018926596502,-0.231052365479689,0.181734282326688,0.30837098695073,-0.280200429157737,0.103031366431226,0.132578400620898,0.0548126243394731,0.754482594133631,0.744922708456456,0.109091835156517,0.532743691204076,0.514953604143553,0.153311051893229,0.379252171867063,0.982362580947701,0.625469362144444,5.87848682973407e-05,0.0003068157716139,0.306371571557676,0.0734513151422819,0.173012900083898,-0.0169138490189614,0.923173989636938,0.696726744618399,"blue",0.625469362144444,5.87848682973407e-05,0.0003068157716139,TRUE,FALSE
"K00851","blue",-0.44782536280259,0.00698289790149594,0.390366518170724,-0.237500059310437,0.169506760995035,0.299625735070718,-0.157105601159347,0.367423955381224,0.307376818566966,-0.134267442567879,0.441904869753905,0.639561645803717,0.0156582850154403,0.928861991280285,0.625496363198677,0.0110816146455338,0.949622689500575,0.996847020865946,0.540938956128575,0.000793161023874677,0.0027017277267667,0.216769968695276,0.211011045173099,0.2338397366362,-0.0157780510224926,0.928319268968602,0.698364205002242,"blue",0.540938956128575,0.000793161023874677,0.0027017277267667,TRUE,FALSE
"K00854","black",-0.0931215973267851,0.594680602127668,0.959685422460598,0.197184031324138,0.256215654989326,0.345627919343656,0.589641347686505,0.000193443301764585,0.00180868626870094,0.140496665339201,0.420815343864685,0.625535306280607,0.0618124811994344,0.724280084773676,0.58161678693012,-0.250850041617574,0.146082318305891,0.88110903560902,0.111251045791204,0.524615483428585,0.408413231304356,0.262737717424022,0.127294345612059,0.203925984059529,0.388240456796296,0.021184462480669,0.1305868953774,"black",0.589641347686505,0.000193443301764585,0.00180868626870094,TRUE,FALSE
"K00856","blue",0.248279518471297,0.150397989611947,0.783893789195236,0.28717272844477,0.0943908154877829,0.227497043742613,0.120437507399682,0.490724973645427,0.369254123258693,0.412595792598326,0.0137723482790513,0.146651905800022,0.0544029025108061,0.756262073159469,0.584189083452236,0.0059951829981649,0.972733510642283,0.996847020865946,0.473685012687818,0.00404931737055587,0.0105107883104015,0.35113488771687,0.0386142885508093,0.133285890051556,-0.116525568309864,0.505018125136498,0.595855758530576,"blue",0.473685012687818,0.00404931737055587,0.0105107883104015,TRUE,FALSE
"K00863","black",-0.0912183197562047,0.602265977066188,0.959685422460598,0.374488268599899,0.026664541419128,0.124735119628351,0.58838460110119,0.00020118766630516,0.00182683335584224,0.240635694509036,0.163777835912409,0.424777414826299,0.4348217490747,0.00904574965876428,0.0686054000751712,0.183507340447241,0.291329280910376,0.938426847244762,-0.00681814540939384,0.968992312246663,0.55241873080465,0.335020261165058,0.0491493315000662,0.148750470139885,0.405916565639289,0.0155457638808062,0.109023561054042,"black",0.58838460110119,0.00020118766630516,0.00182683335584224,TRUE,FALSE
"K00866","black",0.26512145621902,0.123753354422031,0.763998858849709,0.678312176854405,7.54182508916716e-06,0.000248099497482764,0.72971189197663,6.57108227017959e-07,8.8648171810586e-05,0.198863534672264,0.25210599398246,0.503536784436068,0.105037740602946,0.548167314289356,0.523638602167146,-0.119688938013101,0.493443893534139,0.986815669978367,0.228586165451333,0.18657226225629,0.214599994255741,0.421438048750897,0.011689192534692,0.0594185884527682,0.449959443257112,0.00668616705835969,0.0702058693553962,"black",0.72971189197663,6.57108227017959e-07,8.8648171810586e-05,TRUE,TRUE
"K00869","black",0.0827396308029918,0.636549407661588,0.959685422460598,0.242976812347053,0.159592204860653,0.293244458665577,0.730771811217817,6.21299816275947e-07,8.8648171810586e-05,0.268963115967139,0.118201696362561,0.37390939546343,-0.0210619381263277,0.904410288346963,0.619031313635149,0.0848984725687824,0.6277456977561,0.987136244631723,0.0168391051389401,0.923512494984177,0.53993950691406,0.328453435922532,0.054052819322575,0.155459791043582,0.139388267852506,0.424526117281468,0.569622377119391,"black",0.730771811217817,6.21299816275947e-07,8.8648171810586e-05,TRUE,TRUE
"K00873","blue",0.151961124070704,0.38351336670951,0.939011135527,-0.0418296565786041,0.81142776996785,0.542970234362719,-0.0419056493645971,0.811091359367221,0.49225609387366,-0.220867530952495,0.202298459720432,0.45707224998987,-0.232589347963701,0.178764440968557,0.346391764863168,0.16787937252785,0.335054653962602,0.96645390586248,0.597788112545437,0.000149389024918084,0.000684081596117208,-0.238624973253495,0.167435251368047,0.221861204912969,-0.0999212536966175,0.567927907054534,0.617799697036098,"blue",0.597788112545437,0.000149389024918084,0.000684081596117208,TRUE,FALSE
"K00875","greenyellow",-0.217121446534382,0.210253718751646,0.829981387866013,-0.0155926498320476,0.929159431968976,0.57032998981766,-0.121159219852362,0.488110892399979,0.368461493850599,0.52179261695249,0.00130557215985249,0.0337976864256267,-0.0198558943432558,0.909860978440637,0.619031313635149,0.0915639619621486,0.600885358515748,0.986815669978367,-0.160507529239019,0.357008299487076,0.322100290250546,-0.0739119495116904,0.67304942642401,0.376300090585277,-0.263033570558926,0.126850822201249,0.329564021325319,"greenyellow",0.52179261695249,0.00130557215985249,0.0337976864256267,TRUE,FALSE
"K00888","black",0.238794472642601,0.167124700366249,0.797907897281593,0.232869215350193,0.178227393142167,0.30547003287448,0.409119004588973,0.0146729453235028,0.0344684826126582,0.0113295169461019,0.948497196891342,0.781671520804918,0.406522999449665,0.0153772190726698,0.0883141594486947,0.263315129148684,0.126429794382587,0.845956886737543,-0.27390979321324,0.111330175754174,0.149485707920018,0.268342091274571,0.11908629511841,0.201987615223104,0.179103881432327,0.303261039922187,0.491631811673748,"black",0.409119004588973,0.0146729453235028,0.0344684826126582,TRUE,FALSE
"K00894","pink",-0.0928262033628256,0.595855141077193,0.959685422460598,0.296037868859449,0.0842176971203419,0.214711098016069,0.414699069574648,0.0132504715898745,0.0321023642910084,0.14389855895506,0.409540326404578,0.621622602878048,0.14833505175407,0.395097009607048,0.461967356464373,0.152727188526236,0.381091780267194,0.982362580947701,0.0878875410995592,0.615639488248688,0.444684789770773,0.702913203032542,2.49926389864713e-06,9.01775113298838e-05,0.182524568227396,0.293965764338012,0.491015317066339,"pink",0.702913203032542,2.49926389864713e-06,9.01775113298838e-05,TRUE,TRUE
"K00905","red",-0.0239174386224319,0.89152246535795,0.973539962800205,0.462904370617927,0.00510772741417887,0.0406938579629092,0.0414851959212188,0.81295306999878,0.492359084983421,-0.0146038848496723,0.933641364043025,0.778710702184942,-0.371774145519956,0.0278732715202926,0.13444053547633,-0.229534034517144,0.184702193532937,0.897287153931499,0.176801805888717,0.309620330935272,0.291821523800761,0.0437161482368264,0.803086472663079,0.405844443859401,0.281779236052192,0.10102417049882,0.290566530595771,"red",0.462904370617927,0.00510772741417887,0.0406938579629092,TRUE,FALSE
"K00916","black",0.0401589059756342,0.818832264889617,0.967562416164654,0.305305589742835,0.0745095525904619,0.204809061946429,0.63111913833645,4.80593806064789e-05,0.000769231528967286,0.104945153156733,0.548522000340126,0.694908390963584,0.0356355649390557,0.838954717694427,0.601121685290445,-0.169535163334923,0.330240295283069,0.961859549118585,-0.0931046969400257,0.594747773857871,0.436776539524858,0.294203055987405,0.0862504819859855,0.185041277127265,0.503129888892413,0.00206519187845422,0.0345785592563684,"black",0.63111913833645,4.80593806064789e-05,0.000769231528967286,TRUE,FALSE
"K00925","red",0.182106879153099,0.295090904880322,0.883994324068164,0.463621990536774,0.0050305298015742,0.0405494369038527,0.269582672824016,0.117324094888069,0.143372542092069,-0.28476149272352,0.0973139440882635,0.354747253606344,0.0531947704747955,0.761516308929673,0.584258398378374,-0.301494585808946,0.078390271892968,0.758525048392902,0.068860178290606,0.6942792943409,0.469307025578369,0.189535677051174,0.275489759090413,0.253866445061253,0.617512877161165,7.75555941790809e-05,0.00400387115226492,"red",0.463621990536774,0.0050305298015742,0.0405494369038527,TRUE,FALSE
"K00927","blue",-0.0428835368302827,0.806765361925606,0.967562416164654,0.017231223176029,0.921736791703841,0.569250833212173,-0.14607246124205,0.40242597788567,0.32789401609446,-0.305367892786438,0.0744473772013354,0.324265548447853,-0.194794500952878,0.262138795052317,0.404527796971786,0.179998009809279,0.300813576123259,0.944607285615407,0.820493296667367,1.60298862159842e-09,1.94520567415744e-07,0.123112215958457,0.481073116266726,0.319972955707941,-0.218614960922397,0.20705658324544,0.419310144637565,"blue",0.820493296667367,1.60298862159842e-09,1.94520567415744e-07,TRUE,TRUE
"K00928","blue",0.264294127763733,0.124973926203087,0.763998858849709,0.410940528481222,0.0141951321930174,0.0877337352026821,0.190084561729224,0.274075959422785,0.257791236278282,0.00252743086770543,0.98850332176682,0.788976772325742,-0.31514333127574,0.0651822219464803,0.204576185126314,0.350009952003067,0.0392846221517116,0.616906073954451,0.390072117749472,0.0205308495479917,0.0406198546873888,0.352714342449649,0.037688783934474,0.132376988277254,-0.241233487895901,0.162701633115236,0.374537150519397,"blue",0.390072117749472,0.0205308495479917,0.0406198546873888,TRUE,FALSE
"K00938","black",-0.0187444762632036,0.914887600591121,0.975443604208019,0.164396965755502,0.345319899021126,0.386691994106216,0.427053018497756,0.0105099195104716,0.0271482147666445,0.293984803486498,0.0864947765545858,0.343979647653567,0.162253381148698,0.351732642240537,0.447757808169976,-0.119107177728738,0.495562236605918,0.986815669978367,0.16563014634747,0.341663149644263,0.314391470905092,0.183000323819752,0.292687555316872,0.256722828231882,0.43587443286199,0.00886139701762916,0.0807312155649421,"black",0.427053018497756,0.0105099195104716,0.0271482147666445,TRUE,FALSE
"K00940","blue",-0.148038684059885,0.396052596799418,0.939011135527,-0.25403580649704,0.140860007467986,0.269604342924281,-0.270328440274974,0.116274195875428,0.142786755019733,0.0859620696142672,0.623426782334492,0.718137557689137,-0.0505969774605578,0.772849564632106,0.584774010255794,-0.196775573342136,0.257221800608532,0.922938068757764,0.452700003312945,0.00632100779789,0.0152645971793238,0.131953680147863,0.449882661973111,0.309995641478307,0.00310001175073608,0.985899023088058,0.711200269959224,"blue",0.452700003312945,0.00632100779789,0.0152645971793238,TRUE,FALSE
"K00944","black",0.107248983272649,0.53972870412849,0.959685422460598,0.31934316818995,0.061491508655929,0.183775082006566,0.496422754939615,0.00242016207989555,0.0098481224579502,0.330334910096155,0.0526097464224076,0.294816438851513,0.205210536890371,0.236972450159684,0.386382691218673,-0.171728879426689,0.323928015189425,0.959363167692283,-0.0325056230057174,0.852938344140291,0.521097292390929,0.314957088632717,0.0653498332145475,0.168655812644594,0.549505572320536,0.00062848749855966,0.0150620639597978,"black",0.496422754939615,0.00242016207989555,0.0098481224579502,TRUE,FALSE
"K00948","blue",0.0535767761427337,0.759853797914743,0.964756824700076,0.0948056016905939,0.588004061910194,0.482903945489353,-0.236038736888822,0.172225041256363,0.184399029629458,-0.293064772141476,0.0875304481189824,0.344418250070075,-0.241571763674428,0.162094896366381,0.335965170414894,0.0117878659951336,0.946416522019425,0.996847020865946,0.687502059099777,5.05469745297227e-06,4.46095206016618e-05,0.124367151644533,0.476578829717104,0.318938923420555,-0.209491737882997,0.22711759923061,0.438322703467125,"blue",0.687502059099777,5.05469745297227e-06,4.46095206016618e-05,TRUE,FALSE
"K00963","blue",0.302658371813006,0.0771889227340754,0.724709891041615,0.0670371275477534,0.701998148352472,0.517262505325404,0.0324924009657837,0.852997512884119,0.504714517489146,-0.227172867602911,0.189385294170006,0.449573894359009,-0.158071520825256,0.364448422433363,0.4525744174196,-0.035325860232556,0.840336296305789,0.996847020865946,0.640114084982014,3.4583826026857e-05,0.000194067141852137,0.138386951541098,0.427894019065499,0.300948968863924,-0.0511802248754017,0.770300944758867,0.675291667722317,"blue",0.640114084982014,3.4583826026857e-05,0.000194067141852137,TRUE,FALSE
"K00972","greenyellow",-0.108795959828634,0.533862208797826,0.959685422460598,0.225733705732426,0.192280302991058,0.310874360839603,0.160811369183164,0.3560867491901,0.301857201234407,0.815195018274732,2.48357411966435e-09,1.13584176100415e-06,0.271519798389387,0.114611616703328,0.277603588055508,-0.0251648227633259,0.885900976377906,0.996847020865946,-0.254482492879759,0.140138856758128,0.174640991215204,0.125232215699256,0.473493606728962,0.318006566148947,0.123440639091467,0.479894816679999,0.58861903854255,"greenyellow",0.815195018274732,2.48357411966435e-09,1.13584176100415e-06,TRUE,TRUE
"K00988","tan",0.148034306425598,0.396066721704215,0.939011135527,0.533462311867743,0.000966940987779291,0.0107182347603036,0.582532532697363,0.00024102897253421,0.00206922388719253,0.0590344525301439,0.736220471130967,0.738926659929949,-0.0425696310545296,0.808153416580165,0.588908621420592,-0.211399407138423,0.222817435406477,0.91433593416675,0.119357533690441,0.494650057171344,0.393404595122486,0.329540450727708,0.0532152973559085,0.155301767967753,0.791350449034411,1.51971159423377e-08,3.76590515311538e-06,"tan",0.791350449034411,1.51971159423377e-08,3.76590515311538e-06,TRUE,TRUE
"K00993","blue",-0.0328128016833727,0.851563939671128,0.967562416164654,0.387507780387853,0.0214507058489182,0.112758938815624,0.21177864253505,0.221969251171512,0.222995388651282,0.280758501042183,0.102318442945518,0.356484726146892,0.38790174518479,0.0213072019679848,0.11145539290108,-0.011654490877557,0.947021942827806,0.996847020865946,0.450105833487811,0.00666621455564642,0.0159789905320437,0.335905713749492,0.0485163149892874,0.148750470139885,-0.0217311322377676,0.901387715387805,0.692087696976899,"blue",0.450105833487811,0.00666621455564642,0.0159789905320437,TRUE,FALSE
"K00999","pink",0.217525577466629,0.209385262038849,0.829981387866013,0.385636679073098,0.0221432637865391,0.113611770628081,0.337996939986483,0.047047180473892,0.0781633333631702,-0.15333546257919,0.379175373506087,0.607045525932329,-0.321344525836659,0.0597918153589276,0.194791454930501,0.00918290759885629,0.958245964859162,0.996847020865946,0.38389535620913,0.0228043435198213,0.0436651232411642,0.466603111871689,0.00472050297184037,0.031155942842817,0.065676227290655,0.707779466634792,0.65811077594508,"pink",0.466603111871689,0.00472050297184037,0.031155942842817,TRUE,FALSE
"K01027","black",0.128891819617733,0.460558465399821,0.959685422460598,0.161116252421732,0.355163473755504,0.389260224699824,0.595297259859089,0.000161791192636182,0.00159152902139658,0.070030574769799,0.689339632890237,0.731064640794532,0.0757351154085706,0.665447230153688,0.571537400479175,-0.246020322557762,0.15426686786709,0.88110903560902,0.0545073178655785,0.755808465241386,0.489819871014966,0.223589756477769,0.196650364898532,0.228885980520523,0.42426184254756,0.011082859948743,0.0886966137160699,"black",0.595297259859089,0.000161791192636182,0.00159152902139658,TRUE,FALSE
"K01050","magenta",-0.174055595209128,0.317315545967153,0.895938422156779,0.0694299147791943,0.691873157860364,0.514260885157913,0.0368904785620494,0.833361489608575,0.499266624687281,0.0820746418590578,0.639271181902161,0.721295982755274,0.496308822273779,0.00242662497598239,0.0308039126849488,0.192432535209045,0.26808157207429,0.930619645693408,-0.107488478040073,0.538818474657436,0.414484408296547,0.0820366205821262,0.63942694205707,0.364955489256036,-0.0126820328499381,0.942358468268243,0.700673489640648,"magenta",0.496308822273779,0.00242662497598239,0.0308039126849488,TRUE,FALSE
"K01052","pink",0.178716339540924,0.304325753335642,0.885854951027726,0.183961845943479,0.290115122374339,0.358180090897171,0.497764016395329,0.00234519959170846,0.00967952509882693,-0.146275129713021,0.401766344082068,0.615367734449513,-0.351015660269212,0.0386848924458545,0.160627079805101,0.00169735286358219,0.992279008086859,0.998168111332726,0.109074604992166,0.532808796539672,0.411819419420329,0.635982972383542,4.02779245497307e-05,0.000729641345600058,0.235573843478091,0.17309629716606,0.38111432777522,"pink",0.635982972383542,4.02779245497307e-05,0.000729641345600058,TRUE,FALSE
"K01055","pink",-0.0800552645405936,0.647564730453175,0.959685422460598,0.33463602414922,0.0494260733231713,0.173173237436118,0.486424453219139,0.00304790061163182,0.0109539363685962,0.165862206180845,0.340977674707242,0.579062460420339,0.322031003345851,0.059217445689559,0.194791454930501,0.0680423538497453,0.697738304222775,0.988692296438592,-0.0687638690000238,0.694686323296716,0.469307025578369,0.738378425230058,4.12365783833707e-07,2.18222825156557e-05,0.301958844037498,0.0779093012368647,0.260924419174544,"pink",0.738378425230058,4.12365783833707e-07,2.18222825156557e-05,TRUE,TRUE
"K01062","tan",0.133999795397279,0.442823739903115,0.959685422460598,0.451742820414988,0.00644655117052425,0.0474489161854576,0.450502636584838,0.00661238800744577,0.0196331651104879,0.175764220532444,0.312513833367239,0.557689303324743,-0.215481245544253,0.213803933566733,0.372299210936719,-0.397720464897521,0.0179799534994689,0.50179546255137,0.0451485603114087,0.796767136030948,0.502921442121954,0.260881429071811,0.130103461995468,0.205061808400218,0.595941086552792,0.000158500110494553,0.00654615855124085,"tan",0.595941086552792,0.000158500110494553,0.00654615855124085,TRUE,FALSE
"K01074","black",-0.216340077703041,0.211939882786836,0.829981387866013,0.132616882200496,0.447588035651093,0.428185924406629,0.487401354765946,0.00298088877850523,0.0108995034478733,0.159809719111511,0.359130183013013,0.59103951209419,-0.0675346041421562,0.69988886776556,0.577202236084049,-0.159129165959266,0.361206855602956,0.981034169908892,0.278792088671768,0.104847230714554,0.142157251095603,0.145591476725546,0.403993935492347,0.293670970211345,0.510952959333776,0.00170939337749627,0.0320904854451368,"black",0.487401354765946,0.00298088877850523,0.0108995034478733,TRUE,FALSE
"K01077","black",-0.0944973128076939,0.589223854747598,0.959685422460598,0.33928215757499,0.0461621341656195,0.168056696736656,0.569462722669936,0.000356484462600135,0.00271487500844758,0.266437797546418,0.121829653943488,0.37390939546343,0.183293560237168,0.291901494742723,0.418979027964797,0.00808045173336627,0.963255142078366,0.996847020865946,-0.180735017890146,0.29880565542253,0.284948326097611,0.284721282913251,0.0973632683981409,0.191029521777356,0.228920734831875,0.185910666947935,0.391081452434026,"black",0.569462722669936,0.000356484462600135,0.00271487500844758,TRUE,FALSE
"K01101","red",0.035849795376215,0.837999322090761,0.967562416164654,0.592656573953664,0.000175940049004528,0.00295138219781029,0.361806396032914,0.0327049382820283,0.061973429507301,0.123490716392859,0.479715283906312,0.655952044997442,-0.0455537357028718,0.79498191845797,0.587009013872708,-0.205040615631221,0.237369443261478,0.91433593416675,0.230811868789685,0.182202122611825,0.211578839025721,0.633568943956828,4.3984939068221e-05,0.00077589024470541,0.342910807117335,0.0437352744433259,0.19194742883792,"red",0.592656573953664,0.000175940049004528,0.00295138219781029,TRUE,FALSE
"K01113","pink",0.015750554193186,0.928443868655551,0.975523076551505,0.343467334252945,0.0433723251978794,0.165039931162943,0.46595911276711,0.00478604303878862,0.0154783501588218,-0.22450355482006,0.19477934434808,0.454634761239323,-0.236278065794977,0.171777737251403,0.340044345538819,-0.203618455310435,0.240709656550823,0.91433593416675,0.444005580093661,0.00754220816131684,0.0174746934824405,0.554442475132874,0.00054804220863249,0.00530528801636541,0.508350207614253,0.00182128577548343,0.0331854253349444,"pink",0.554442475132874,0.00054804220863249,0.00530528801636541,TRUE,FALSE
"K01115","blue",-0.241485818246593,0.162248894898793,0.792293168560474,0.176231317825096,0.311209148909788,0.369893066318647,-0.0221628836763875,0.899438328981419,0.517284132763431,-0.0497585734869731,0.776517234344327,0.744922708456456,0.0497378112404007,0.776608121243607,0.584863953082124,-0.303835897439907,0.0759879992023686,0.758525048392902,0.497920180992931,0.00233660474106492,0.00664402669485019,0.188530748579267,0.27809049920499,0.253866445061253,0.187506902481541,0.280756535321095,0.485783193479133,"blue",0.497920180992931,0.00233660474106492,0.00664402669485019,TRUE,FALSE
"K01133","blue",-0.277688015092737,0.106287643952254,0.748603420107644,0.0124415910960995,0.943449544162556,0.573243557104163,-0.462322188486467,0.00517110312193865,0.0163869396185827,-0.00778569612386993,0.964594651583247,0.78572953888437,-0.114338110588485,0.513100662314863,0.510889241006869,-0.0922085840656943,0.598314157898063,0.986815669978367,0.459655889797339,0.0054700826029943,0.013512210719208,0.283821638405031,0.0984718283994497,0.192055347175829,0.0308211331588312,0.860482697624849,0.684590622335635,"blue",0.459655889797339,0.0054700826029943,0.013512210719208,TRUE,FALSE
"K01137","greenyellow",-0.0915358057273517,0.600997773557722,0.959685422460598,0.319644015568648,0.0612335998875854,0.183775082006566,0.343684328740923,0.0432314674394841,0.0751849762342339,0.759370128872334,1.23282575798447e-07,2.81911252189567e-05,0.3656023543467,0.0307900745499551,0.143946111608724,-0.100173980684694,0.566944258934935,0.986815669978367,-0.172356298771892,0.322136535606001,0.30069881703905,0.215221992245984,0.214368838864456,0.2338397366362,0.350574340493704,0.0389471429609224,0.1823446115589,"greenyellow",0.759370128872334,1.23282575798447e-07,2.81911252189567e-05,TRUE,TRUE
"K01176","black",-0.0596682537696406,0.733490827523683,0.959685422460598,0.195122795102205,0.261319723024458,0.346051968165214,0.518419838469221,0.00142112373505011,0.00686549696107441,0.044934491277574,0.797710742240433,0.744922708456456,0.340680314925488,0.0452145464461466,0.171534669582929,0.268110989242384,0.119416741005764,0.841256960012149,0.113443842608219,0.516423333921827,0.404631441127974,0.224004321641012,0.195799984918274,0.228230852623619,0.0470477809413666,0.788408010103766,0.676698370396686,"black",0.518419838469221,0.00142112373505011,0.00686549696107441,TRUE,FALSE
"K01178","black",0.171921698419242,0.323376798811453,0.898096141570912,0.549412983307276,0.000630091251012299,0.00764953939843441,0.683509253386742,6.02502791227338e-06,0.000235494290235435,0.19781859781405,0.254657718704492,0.505657255841065,0.141474140968669,0.417558005042504,0.473399684866073,-0.187490770667773,0.280798673618254,0.933073612568139,0.116931462554798,0.503525439314255,0.397412369727459,0.305860304369765,0.0739573956475001,0.173689561895324,0.250054484142101,0.147408212172835,0.357420109987092,"black",0.683509253386742,6.02502791227338e-06,0.000235494290235435,TRUE,FALSE
"K01183","blue",-0.0135612372487665,0.938369709948862,0.977385221372505,-0.370906245417113,0.028269160016793,0.128680593693834,-0.279637042963762,0.103754892985047,0.133125634725765,-0.199709387083157,0.250052924285591,0.501577212354677,-0.118547736150249,0.497603669826431,0.504016968131179,0.0758099551797043,0.665135858286167,0.988692296438592,0.38429813787352,0.0226499954488329,0.0434552924802098,0.056541987846293,0.746985513608662,0.394776286496955,-0.147291226207418,0.398468551231271,0.55101604656508,"blue",0.38429813787352,0.0226499954488329,0.0434552924802098,TRUE,FALSE
"K01188","magenta",-0.00162793176401305,0.99259478494663,0.997950730917429,0.272933662198457,0.112661744451683,0.247225246732317,-0.110952739852153,0.525734818881858,0.385787554785719,0.25378800902947,0.141261234256569,0.402399916074755,0.539676764579501,0.000820400764459195,0.0147430940146831,-0.0765624440752392,0.662008186655331,0.988692296438592,0.265096313203121,0.123790317130382,0.161091610420584,-0.0424422928469123,0.808716655748184,0.408109284961495,-0.0989979668942841,0.57152806937772,0.617918435341833,"magenta",0.539676764579501,0.000820400764459195,0.0147430940146831,TRUE,FALSE
"K01191","greenyellow",-0.278506524764975,0.105218362607643,0.744258866934882,0.138817397102409,0.426444412314381,0.418963507930322,0.0234391065435479,0.893679522372836,0.517022082398059,0.615285198416923,8.36999092262021e-05,0.00358869847360187,0.340227382275666,0.0455197895016517,0.171534669582929,0.120484965517083,0.490552857680888,0.986815669978367,0.189787988620284,0.274839274736562,0.272256209175889,0.0189234788627499,0.914077799216852,0.43683994044951,0.178095282761157,0.306036943808237,0.493144663621268,"greenyellow",0.615285198416923,8.36999092262021e-05,0.00358869847360187,TRUE,FALSE
"K01194","blue",0.0161407360543569,0.926675948665529,0.975523076551505,-0.269786597188771,0.117036305846223,0.251798643420596,-0.00843847048188368,0.961628268189545,0.534981507038745,-0.275321692723486,0.109425164142835,0.363775429614782,-0.125378033435401,0.472974586373971,0.495931318294449,0.0548427287123063,0.754351895529124,0.996847020865946,0.545196308629908,0.000707085588548952,0.00244281591601817,0.244016918296557,0.157757591070068,0.218906037748896,-0.00804828265599446,0.963401328903567,0.706530454120102,"blue",0.545196308629908,0.000707085588548952,0.00244281591601817,TRUE,FALSE
"K01196","blue",-0.0718068426203637,0.681867014915561,0.959685422460598,0.177766436908836,0.306945467046071,0.367301881973909,-0.185778810760664,0.285293805797616,0.265958464028286,-0.216651052617673,0.211267698066123,0.461567708649794,-0.345528976427972,0.0420488750954842,0.165547342877286,-0.0103707079059351,0.952850776709291,0.996847020865946,0.568734269377206,0.000364171379031417,0.00139186517635525,0.109867738542363,0.529815873193,0.333748376436174,-0.182208310883208,0.29481742285723,0.491015317066339,"blue",0.568734269377206,0.000364171379031417,0.00139186517635525,TRUE,FALSE
"K01199","blue",-0.0180678041488698,0.917949595777781,0.975443604208019,0.00479737542770451,0.978179761599374,0.582674530933689,-0.0608132366579921,0.728567793523817,0.465237346879853,-0.0791923048192863,0.651121731418698,0.724537844973331,-0.0701355624000552,0.688897145304172,0.574879110749477,0.0762844367330879,0.663163054808306,0.988692296438592,0.56802126653581,0.000371837904664958,0.00141006381820853,0.0867290004685997,0.620320164530484,0.360447988870817,-0.0456609914783888,0.794509516535064,0.677037777648,"blue",0.56802126653581,0.000371837904664958,0.00141006381820853,TRUE,FALSE
"K01210","black",0.00347117758455855,0.984210905591834,0.995121061488126,0.484879911680382,0.0031565228293317,0.0284866653490082,0.416538533950624,0.0128078118394629,0.0313341958087853,0.36538514927323,0.0308971092536768,0.225487234690937,0.283438475003592,0.0989468777220522,0.256502503941849,-0.211092960241092,0.223504437482594,0.91433593416675,0.149581654823545,0.391092130916251,0.342351792911869,0.225626838063776,0.192496507789127,0.227521512131305,0.197269034266431,0.256006597273192,0.463972779200763,"black",0.416538533950624,0.0128078118394629,0.0313341958087853,TRUE,FALSE
"K01225","blue",-0.286882190928208,0.0947394330684494,0.724709891041615,0.132737349239031,0.447171911334413,0.428185924406629,-0.131978037647833,0.449798274645733,0.351917962152723,0.284854252317749,0.0972002310024355,0.354747253606344,0.34711097264402,0.041055583226018,0.16454386646618,-0.191084269858607,0.271513111055216,0.930619645693408,0.46354324989592,0.00503895087985039,0.0126402084190426,0.215390484762319,0.214001582002979,0.2338397366362,0.121172222128047,0.488063863244156,0.590236164318044,"blue",0.46354324989592,0.00503895087985039,0.0126402084190426,TRUE,FALSE
"K01254","tan",0.0777787803583267,0.656964454188765,0.959685422460598,0.229075493185614,0.18560519965555,0.308768814550151,0.30718674966157,0.0726499972993871,0.103479183454291,0.295658394443233,0.0846350533958425,0.33918723676185,0.0107764149068152,0.951008447650273,0.630991065211668,-0.225464800440713,0.192824652310698,0.903148161180248,-0.0737964981305895,0.673531917286027,0.461652573035911,0.179747965765717,0.301496744485393,0.260137888192138,0.74826997501448,2.36874175119099e-07,3.6686470647854e-05,"tan",0.74826997501448,2.36874175119099e-07,3.6686470647854e-05,TRUE,TRUE
"K01265","tan",0.142206530043867,0.415126707728737,0.959128489173492,0.162537280598845,0.35087922259594,0.388724061451595,0.347737462960859,0.0406675046157966,0.0721882994719979,0.222941890204795,0.197984464972436,0.456789685643803,0.0308419162165662,0.860389540749069,0.610106020201995,-0.0875960942753942,0.616815583232929,0.987018841867651,0.128718157874834,0.461167992782149,0.379726081407225,0.09561461309674,0.584808390313589,0.349036435244671,0.579230826016455,0.000266493238306412,0.00943401049831174,"tan",0.579230826016455,0.000266493238306412,0.00943401049831174,TRUE,FALSE
"K01277","magenta",0.24377320846956,0.15818609091792,0.783893789195236,0.187676548135525,0.280313647812195,0.354414593294725,-0.0830073552104144,0.635454938892343,0.432652499850038,0.142098262417628,0.415485618177478,0.622497537404795,0.561675179764149,0.000446669004923863,0.0108891775865137,-0.0453875617188781,0.795713963808594,0.996847020865946,0.0590916210210193,0.73597412801971,0.483734572439727,-0.017826647485504,0.919041131750489,0.438156765004076,-0.0209057996540596,0.905115716232202,0.693255459289025,"magenta",0.561675179764149,0.000446669004923863,0.0108891775865137,TRUE,FALSE
"K01282","pink",0.145561987425105,0.404090180737086,0.951478645675774,0.401523456264866,0.0168136078119115,0.0985423210130668,0.298113758432592,0.0819626215077867,0.112829494857441,0.090053410078151,0.606929046125302,0.712430703267261,0.0738189908747342,0.673437906244811,0.573246252196243,0.156753203848976,0.368513104686489,0.981034169908892,0.182633740992615,0.293672135558521,0.282550870893317,0.655453810993913,1.92466073635317e-05,0.000399212172441504,0.00752759523134869,0.965767663028013,0.706530454120102,"pink",0.655453810993913,1.92466073635317e-05,0.000399212172441504,TRUE,FALSE
"K01336","blue",0.0687449375809497,0.694766342441936,0.959685422460598,0.193097863072555,0.266398730917883,0.3502875131252,0.197578427953841,0.255246623515764,0.245709482604156,0.0967685989751243,0.580263416031921,0.704544953014816,-0.0773169555933183,0.658877744677531,0.569516340220428,0.0340534209049974,0.846017471500089,0.996847020865946,0.528259171330316,0.00110692327865768,0.00354650002596709,0.25765657924753,0.135092292260284,0.20701872130618,0.114178929179277,0.513691326231015,0.598383005344419,"blue",0.528259171330316,0.00110692327865768,0.00354650002596709,TRUE,FALSE
"K01372","magenta",-0.113686122447359,0.515522088735873,0.959685422460598,0.228877237463625,0.185996587297996,0.308768814550151,0.19213050601633,0.268847800475207,0.254113384611402,0.485532990170204,0.00311019050454393,0.0605508021778099,0.695392929839381,3.54340319898042e-06,0.000303690697276181,0.057985409368676,0.740745441804465,0.996847020865946,-0.0779320908625712,0.656329778311632,0.45543821602925,0.169400743035047,0.330629533473728,0.270848651617388,0.156013161502132,0.370806570893645,0.533871267674404,"magenta",0.695392929839381,3.54340319898042e-06,0.000303690697276181,TRUE,FALSE
"K01379","blue",0.0550675076715206,0.753376226471822,0.964756824700076,0.0205337974014533,0.906796695545501,0.567675259314592,-0.0331146155276318,0.850213957613491,0.503964712286423,-0.168559230480381,0.333072714387628,0.572661684337148,-0.173699154444653,0.318323027599684,0.431277026290526,0.190274033165514,0.273589024629321,0.930619645693408,0.699228730121387,2.96936438202307e-06,2.90322647971346e-05,0.0678289440888169,0.69864191603255,0.382536850865178,-0.0827296598913774,0.636590183806368,0.637999483251891,"blue",0.699228730121387,2.96936438202307e-06,2.90322647971346e-05,TRUE,FALSE
"K01381","blue",-0.0406502467937405,0.816653092034617,0.967562416164654,0.0442419826010569,0.800765213000713,0.540878423220198,-0.134907190438588,0.439712749076293,0.348356341902385,-0.0221210670764974,0.89962710858399,0.774815156413682,-0.115933518603311,0.507199382229639,0.508192436104732,0.0074657638556619,0.966048683530407,0.996847020865946,0.508556534178366,0.00181218747342999,0.00539648033833207,0.178786603300977,0.304132538699174,0.260717675397843,-0.204925096442205,0.237639590585069,0.446442586350493,"blue",0.508556534178366,0.00181218747342999,0.00539648033833207,TRUE,FALSE
"K01382","greenyellow",-0.17636874061044,0.310825956299166,0.88970233935375,0.0988188256103417,0.572227790254051,0.475205765533216,0.0330142208418275,0.850662966355692,0.503964712286423,0.634241193684263,4.29228420272696e-05,0.00226504629679604,0.171936166200401,0.323335462939311,0.43456333131473,-0.0401099369985779,0.819049523350692,0.996847020865946,-0.189039209382276,0.276772625021717,0.273656884406702,0.024999962955584,0.886643629243041,0.428893364709803,-0.0255922977460988,0.883975753459141,0.687755128292492,"greenyellow",0.634241193684263,4.29228420272696e-05,0.00226504629679604,TRUE,FALSE
"K01408","pink",-0.0999621049825664,0.567768855484748,0.959685422460598,-0.00341346133217958,0.984473403459613,0.584133415910857,0.156348358334457,0.36976671701278,0.30874229738518,-0.099246545416195,0.570557772065812,0.702817026561333,0.367913267096523,0.0296699794231108,0.140074638476362,0.363483522787367,0.0318472615552729,0.589566500646565,0.30191640200917,0.0779531757083432,0.114356145391677,0.466320513259413,0.00474916718313327,0.031155942842817,-0.0509398098370149,0.771351202943793,0.675291667722317,"pink",0.466320513259413,0.00474916718313327,0.031155942842817,TRUE,FALSE
"K01427","black",0.0339463011408376,0.846496091563735,0.967562416164654,0.282052681345293,0.100679568495185,0.233345694211512,0.723359014613737,9.14484915769848e-07,0.000107948715330872,0.269481695227157,0.11746679584332,0.373477875708367,0.030549138891483,0.861702040539626,0.610106020201995,-0.0781362989031915,0.655484763782112,0.988692296438592,-0.0874195956971245,0.617528276178147,0.445060717066057,0.321951500344724,0.0592837407357308,0.162834553317157,0.16354819853135,0.347850517313518,0.527617076337425,"black",0.723359014613737,9.14484915769848e-07,0.000107948715330872,TRUE,TRUE
"K01455","black",0.0384472752465959,0.826433941996793,0.967562416164654,0.0773482891861277,0.658747865432595,0.50565343919657,0.40426046678024,0.0160139525387113,0.0365282708952052,0.110466269829433,0.527562698434635,0.681571662357604,-0.0861072464694793,0.622838219696103,0.552949916661763,0.0284018967016596,0.8713388875949,0.996847020865946,-0.291245361986501,0.089606600960074,0.126345135354085,0.088495552589061,0.613188969884319,0.358429193269802,0.19759482274397,0.255206394234331,0.463644788101795,"black",0.40426046678024,0.0160139525387113,0.0365282708952052,TRUE,FALSE
"K01526","black",-0.129732329311985,0.4576144803844,0.959685422460598,0.0198195814270047,0.91002515793685,0.567953092972429,0.422405302216964,0.0114784182269456,0.0288287039771322,0.00112360425981969,0.994888857740892,0.790220194191785,-0.0799641211882801,0.647940050226513,0.565014534720186,0.0530883348980381,0.761979710221104,0.996847020865946,0.291164207793185,0.0897000801427133,0.126345135354085,0.0777235309706751,0.657193233871947,0.37103644773292,0.123124419187582,0.481029307293822,0.58861903854255,"black",0.422405302216964,0.0114784182269456,0.0288287039771322,TRUE,FALSE
"K01527","blue",-0.091746468435566,0.60015691294262,0.959685422460598,0.135285467287779,0.438419374638005,0.425344211799424,-0.325849601508798,0.0561017015601922,0.0866792965581017,-0.129574318737654,0.458167160949083,0.648727251841805,-0.112308340854545,0.520657586559182,0.513821801065459,0.0944419728163323,0.58944293381982,0.986815669978367,0.505579357080451,0.00194740435643767,0.00576377964013695,0.0610629390456605,0.727495567784888,0.388811600187648,-0.2932445138992,0.0873273682024948,0.271576004167193,"blue",0.505579357080451,0.00194740435643767,0.00576377964013695,TRUE,FALSE
"K01530","blue",0.0548801097057654,0.754189614700885,0.964756824700076,0.0540585790638032,0.757758472269086,0.530700023415906,-0.231762606363762,0.180357607571053,0.191049983328306,-0.308713791956376,0.0711672957848185,0.317023684136291,-0.0728471184106164,0.677504380071503,0.573246252196243,0.0826710527440456,0.636829879552114,0.987736935152345,0.682515942315506,6.29142115117067e-06,5.35758391210673e-05,0.180721982586886,0.298841094786015,0.259237553984228,-0.193862929085954,0.264472205445082,0.474180475266182,"blue",0.682515942315506,6.29142115117067e-06,5.35758391210673e-05,TRUE,FALSE
"K01537","blue",-0.133339202959087,0.445096098908578,0.959685422460598,0.090989743689516,0.603179739687454,0.487414576650367,-0.115193789023463,0.509931344876886,0.378875983551136,-0.160615273266698,0.356681346719717,0.590514404875821,-0.15703151805418,0.367652764042466,0.453130894068741,0.0989936083191758,0.571545089243139,0.986815669978367,0.656548726437071,1.84349288856888e-05,0.000121744459791528,0.116509041343822,0.505078950526379,0.325165906255319,-0.137250461757341,0.431734480876701,0.574448935826995,"blue",0.656548726437071,1.84349288856888e-05,0.000121744459791528,TRUE,FALSE
"K01539","black",0.125852082253156,0.471289333140365,0.959685422460598,0.483179211748289,0.00328000267312962,0.029341375461738,0.632828102970788,4.51828588083215e-05,0.000751844283779617,-0.0221087883163021,0.899682541653879,0.774815156413682,-0.172719318261133,0.32110282235705,0.434181364588759,-0.124855190731181,0.47483696447529,0.986815669978367,0.18346888365442,0.291432163023162,0.282354577734715,0.243712661936331,0.158292676342118,0.218906037748896,0.175091820375863,0.314397988667788,0.499417046167463,"black",0.632828102970788,4.51828588083215e-05,0.000751844283779617,TRUE,FALSE
"K01568","black",0.031447249391853,0.857677045318955,0.967562416164654,0.121030360101987,0.488577103371523,0.44367450822445,0.430764951241431,0.0097870442919782,0.0256731981027809,-0.288094715136383,0.0932910092360643,0.348767243109263,-0.457690828056975,0.00569984163222135,0.0547468414320986,-0.209693199997345,0.226660828729401,0.91433593416675,-0.113066138435846,0.51782988955095,0.405406310490541,0.0807825336386333,0.644572971735469,0.366352266074253,0.182644022489874,0.293644492329651,0.491015317066339,"black",0.430764951241431,0.0097870442919782,0.0256731981027809,TRUE,FALSE
"K01569","magenta",0.0688813319732019,0.694189904447963,0.959685422460598,-0.0228517452007101,0.896329275763001,0.564705624398355,-0.187222734052512,0.281499417787615,0.263056964966761,0.352139845488783,0.0380233139363854,0.242646184517529,0.588468112396877,0.00020066457241056,0.0063623438799983,0.101819730742184,0.560557901630709,0.986815669978367,-0.154437403306388,0.375718072409576,0.333403257410335,-0.0568240464937146,0.745764884546887,0.394393772195108,0.0440130082286897,0.801775799638895,0.677848190020748,"magenta",0.588468112396877,0.00020066457241056,0.0063623438799983,TRUE,FALSE
"K01597","black",0.06972610838735,0.690623429133225,0.959685422460598,0.286916352219301,0.0946983917837931,0.227497043742613,0.615191075533072,8.3968905186311e-05,0.00111684025989386,0.227244500039456,0.189242003711699,0.449573894359009,0.508441494259931,0.00181725542144981,0.0266288445957904,0.142038789370487,0.415682847485805,0.986815669978367,-0.0261397168364619,0.881511292539642,0.531433636548621,0.305373400224749,0.0744418829924403,0.174028238224158,0.218260482682191,0.207812344100266,0.419310144637565,"black",0.615191075533072,8.3968905186311e-05,0.00111684025989386,TRUE,FALSE
"K01611","black",-0.0298110648683422,0.865012382697248,0.967562416164654,0.056209785546687,0.74842391932589,0.52600681258951,0.586487457254664,0.000213404493901226,0.00190120354032109,-0.063257659605699,0.718093491762582,0.738348922132822,-0.347217491859034,0.0409893897924083,0.16454386646618,0.0430201032544788,0.806161662035057,0.996847020865946,0.169319468632564,0.330865015423408,0.305719290360055,0.141329283625167,0.418039831087123,0.296470432819968,0.0973540102609967,0.577963826163483,0.618337046344086,"black",0.586487457254664,0.000213404493901226,0.00190120354032109,TRUE,FALSE
"K01613","pink",0.0229946035641621,0.89568469861246,0.973554656411546,0.590972218806757,0.000185534136182651,0.00305170999118846,0.122626932709147,0.48281693664508,0.365930425488487,0.24130108366959,0.162580261866329,0.424777414826299,0.519810965156165,0.00137241813990612,0.0221611160025539,0.0110377654709011,0.949821777651643,0.996847020865946,0.164356543265626,0.345440165084609,0.314887674491479,0.583891112072836,0.00023119887624036,0.00296007585146892,0.177426666294216,0.307885960288686,0.495008436588818,"pink",0.583891112072836,0.00023119887624036,0.00296007585146892,TRUE,FALSE
"K01621","blue",0.103493945233644,0.554095396797386,0.959685422460598,-0.0803605954755413,0.646308029243528,0.503513393402026,-0.11288569841481,0.51850250763976,0.382834647497903,-0.185666145541788,0.285591251383467,0.535298195838205,-0.169722504789492,0.329698286446035,0.43565075739615,-0.0633502363774952,0.717697779732472,0.988692296438592,0.588818713227541,0.000198481754234201,0.000850981581011974,0.147795223297924,0.396838589482186,0.291928076339919,-0.00713389247871593,0.967557090194732,0.706530454120102,"blue",0.588818713227541,0.000198481754234201,0.000850981581011974,TRUE,FALSE
"K01624","blue",0.314866615203733,0.0654313780474847,0.693707878217075,0.147382637964769,0.398172634117083,0.41118967404906,0.015621728932336,0.929027652277656,0.523962837421397,-0.0133550937495716,0.939304809176726,0.780552673013094,-0.140374290452092,0.421224145238148,0.474058929180041,0.0908847266099105,0.603599758450778,0.986815669978367,0.641161273869829,3.32613025597986e-05,0.000188828793164835,0.202599647969565,0.243121837626131,0.246473946060293,0.0145212873428508,0.934015859585196,0.699300102510737,"blue",0.641161273869829,3.32613025597986e-05,0.000188828793164835,TRUE,FALSE
"K01626","tan",-0.075082094178368,0.668166463758318,0.959685422460598,0.138885709718676,0.426214608079402,0.418963507930322,0.124718807481596,0.475323395425288,0.363751631666295,0.330006078568094,0.0528597179846122,0.294816438851513,0.0591585932765117,0.735685572714581,0.58161678693012,-0.484539647119988,0.00318089945512205,0.239673858944631,0.135905945426116,0.436302408088471,0.366716710983223,0.60271430510345,0.000127341362900433,0.00183787349578132,0.591956870428324,0.0001798702252154,0.006964460915241,"tan",0.591956870428324,0.0001798702252154,0.006964460915241,TRUE,FALSE
"K01638","blue",0.190681090698791,0.272544809792371,0.877847133809312,0.0988256480714952,0.572201134802341,0.475205765533216,0.36586462557668,0.0306612367793382,0.0593538759081178,-0.0185658356607853,0.915695848313548,0.776324973259771,-0.221792671939013,0.200366466805687,0.365232727112532,-0.0521694619094897,0.765983686630554,0.996847020865946,0.466144088329693,0.00476713813773698,0.0120517908835961,0.112467318962046,0.520063736734403,0.331319761756726,0.169531717560252,0.33025026960997,0.514382635442045,"blue",0.466144088329693,0.00476713813773698,0.0120517908835961,TRUE,FALSE
"K01647","blue",0.195905670071708,0.259373318148689,0.872803806508114,0.261989436326622,0.128421252717483,0.26036346309336,0.0913748762128069,0.601640465701462,0.419405469199155,-0.0265307574744546,0.879751510128305,0.774258371572228,-0.0844157176346565,0.629710036567001,0.555949736220129,-0.0367264150667786,0.834092280030423,0.996847020865946,0.565681250292461,0.000398019055881202,0.00149186380090879,0.251924701694895,0.144305113765166,0.211279655629895,0.0367011084181021,0.834205015989011,0.681270456641967,"blue",0.565681250292461,0.000398019055881202,0.00149186380090879,TRUE,FALSE
"K01648","blue",0.209995549827067,0.225976491084832,0.849495138937124,0.0487262527890017,0.781039737520637,0.534561878462228,-0.0585699700164258,0.738222916240936,0.467193504677145,-0.0491371227050027,0.779238898463764,0.744922708456456,-0.0267750172348627,0.878652565843382,0.614547807930917,0.113823828527417,0.515010189742725,0.986815669978367,0.640462155536255,3.41390532652444e-05,0.000192685086098154,0.137106034772858,0.432223893328328,0.302822173125783,-0.124777896518901,0.475112613663897,0.587723756532828,"blue",0.640462155536255,3.41390532652444e-05,0.000192685086098154,TRUE,FALSE
"K01649","black",0.40588071666914,0.0155557756249959,0.471503811839649,0.207965478324394,0.230598385627294,0.333090835576205,0.519647730509722,0.00137805621177259,0.00682380621895382,0.111671957788444,0.523038075167556,0.677640425017917,-0.196765048920235,0.25724775969135,0.4036975304816,0.0882882333949338,0.614024083974112,0.987018841867651,-0.214219390548969,0.216563134520672,0.236221594783555,0.24538941445601,0.155360066206784,0.217675864964651,0.0549828320082811,0.753743723207557,0.673518737124292,"black",0.519647730509722,0.00137805621177259,0.00682380621895382,TRUE,FALSE
"K01652","blue",-0.0156786648377562,0.928769637429545,0.975523076551505,0.187300305888231,0.281296500840053,0.355029214470993,0.434470055541603,0.00910806341491606,0.0243407390210664,-0.254277382481679,0.140469659222025,0.401516366662635,-0.259671572814664,0.131958866509672,0.298226289596009,0.178136870297292,0.305922168513172,0.950113114755067,0.378174136555386,0.0250924642150346,0.0474844075106828,0.242700119074641,0.160082837128505,0.219260737743892,0.186836422155202,0.282511365195154,0.486171148807925,"blue",0.378174136555386,0.0250924642150346,0.0474844075106828,TRUE,FALSE
"K01653","black",-0.0373301216898968,0.831403859292496,0.967562416164654,0.127168509310327,0.466626020682963,0.43434289275582,0.47786365900482,0.00369337441862921,0.0125821403517303,0.0794975860672341,0.649862532996159,0.724390960641225,-0.202570926251298,0.243190074617174,0.391556122952006,0.00527064411276631,0.976027750633591,0.996847020865946,0.0222046453172313,0.899249802905113,0.533675247094465,0.150571036012653,0.387930413924238,0.289261470557081,0.285800609537742,0.0960458819064986,0.284016081333149,"black",0.47786365900482,0.00369337441862921,0.0125821403517303,TRUE,FALSE
"K01655","blue",0.120732722492695,0.489654822285317,0.959685422460598,0.189482732618411,0.275626382173442,0.352993497284374,0.168407091803126,0.333515604935638,0.289770777029913,-0.224110841807705,0.195581900282523,0.454634761239323,-0.196561083295452,0.257751194849873,0.4036975304816,-0.00105541434477169,0.995199041875703,0.998168111332726,0.592381120683917,0.000177477969826927,0.000793980421455505,-0.0877107309449404,0.616352870074642,0.359662134935678,-0.0467328295672916,0.789792640589034,0.676698370396686,"blue",0.592381120683917,0.000177477969826927,0.000793980421455505,TRUE,FALSE
"K01674","blue",-0.321904483875349,0.0593229739126732,0.683964679047626,-0.172643225191748,0.321319329198768,0.376817420781652,0.0696150944551521,0.691091735843027,0.451959402070986,-0.111806873566236,0.522532957248125,0.677640425017917,-0.333993399835555,0.0498916994993723,0.180886961153031,-0.0816815634085524,0.640882220966401,0.988692296438592,0.59107713883364,0.000184923105188899,0.000812314075880661,0.288071788457801,0.093318238273628,0.189517344098246,0.157744661163704,0.365453707601487,0.532697464080098,"blue",0.59107713883364,0.000184923105188899,0.000812314075880661,TRUE,FALSE
"K01687","blue",-0.189936830278443,0.274456015513547,0.877847133809312,-0.0518300685232647,0.767464103757052,0.532054990786496,0.214497506109966,0.215952911548892,0.21904850916538,-0.0269936043553962,0.877669313791462,0.774258371572228,-0.31700165802926,0.0635282525853371,0.202624492775562,0.0721661942387586,0.680358835852293,0.988692296438592,0.394478923267086,0.0190267344944482,0.0380991317624796,0.282814055111024,0.0997247736643986,0.192109096086842,0.0434358526340951,0.804324496951617,0.677848190020748,"blue",0.394478923267086,0.0190267344944482,0.0380991317624796,TRUE,FALSE
"K01689","blue",-0.0464481887327793,0.791044560831585,0.966049697701213,0.132160272894999,0.449167186473593,0.428401429417217,-0.0427704734472155,0.807265248349815,0.49225609387366,-0.0308377933899346,0.86040802054123,0.769557458719738,-0.00755430500030304,0.965646269719506,0.635124592490452,-0.0349175704928723,0.842158374687503,0.996847020865946,0.756556568095229,1.45948404202372e-07,2.83370359752734e-06,0.226208895100487,0.191321005275941,0.227521512131305,-0.0256229125082144,0.883837898420027,0.687755128292492,"blue",0.756556568095229,1.45948404202372e-07,2.83370359752734e-06,TRUE,TRUE
"K01694","black",0.0764824838747265,0.662340270307196,0.959685422460598,0.162819544175345,0.350031962678691,0.388682651011026,0.499166078508979,0.00226901300400862,0.00948111610039059,-0.154874402417567,0.374352160892902,0.602659529170022,-0.349409081483836,0.0396465137522906,0.162746541966999,0.157840523228748,0.365158704576908,0.981034169908892,-0.15511720994849,0.373594494055527,0.332430445477575,0.229408842878032,0.184948425329838,0.225863519902419,0.148789484593304,0.393634353029125,0.547027649217827,"black",0.499166078508979,0.00226901300400862,0.00948111610039059,TRUE,FALSE
"K01705","tan",0.0196656219473363,0.910721286687278,0.975443604208019,0.27740317549097,0.106661671916703,0.241180931147852,0.440535548181634,0.0080830639166357,0.0224688411001523,0.214221834377014,0.216557767284734,0.468647676955641,-0.0418679180207666,0.811258387173237,0.589267644241188,-0.336913155221573,0.0478040446026972,0.65749531187678,-0.0837803922970541,0.632298996867246,0.448705580167532,0.249732848731601,0.147946739549798,0.212368000420481,0.892493983044175,5.96185407741551e-13,7.38685454445752e-10,"tan",0.892493983044175,5.96185407741551e-13,7.38685454445752e-10,TRUE,TRUE
"K01720","blue",-0.0648724956264044,0.711201430717173,0.959685422460598,0.221814784057649,0.200320447299427,0.312248013527323,0.0473095348899631,0.787257737858323,0.484643617110914,0.0485228284547655,0.781931759826124,0.744922708456456,-0.227379716775748,0.188971729675858,0.35441765113589,-0.251677891503961,0.144711867871981,0.879949708849624,0.386137725601592,0.021956016878039,0.0427276511454349,-0.150587903337381,0.387876640966129,0.289261470557081,-0.0464256585765068,0.791143675992642,0.676698370396686,"blue",0.386137725601592,0.021956016878039,0.0427276511454349,TRUE,FALSE
"K01728","black",0.130848765965729,0.453719658626304,0.959685422460598,0.207198246698617,0.232361718705532,0.335163169594235,0.494185811318991,0.00254983860106354,0.010005989295752,0.442205487132124,0.00781878546373995,0.101810659104965,0.259476311230369,0.132260137537523,0.298302085186083,0.0910739311529364,0.602843120139891,0.986815669978367,0.0458488481401977,0.793682285881714,0.501953379685454,0.182744713676614,0.293373858116222,0.256757380206087,0.261092246189719,0.129782143596817,0.332172410146347,"black",0.494185811318991,0.00254983860106354,0.010005989295752,TRUE,FALSE
"K01758","blue",0.0926815406727532,0.59643071333365,0.959685422460598,0.0106104470221332,0.95176208371523,0.57499898700257,-0.175121445404968,0.314314825678408,0.280815320560424,-0.23678409000547,0.170834712657632,0.43086298224811,-0.0927744560737806,0.596061001278454,0.541258498178183,-0.0191188782603801,0.913193916446746,0.996847020865946,0.59336119605641,0.000172060167404209,0.000776903282296816,0.113741212024809,0.515317272355263,0.32988443511244,-0.0928185591552801,0.595885549190006,0.623478930540152,"blue",0.59336119605641,0.000172060167404209,0.000776903282296816,TRUE,FALSE
"K01760","blue",-0.169403650966274,0.330621110040272,0.906816557290941,0.0950055332688591,0.587213597275357,0.482903945489353,0.0657413480037181,0.707502454279722,0.457442231898083,-0.0577909156308952,0.741585322134263,0.742681352368736,-0.154284659663381,0.376196188730144,0.454671506089314,-0.0673467252026919,0.700685208399705,0.988692296438592,0.622690139031585,6.48153587705687e-05,0.000334691863908873,0.153629472822681,0.37825110601957,0.287986828794215,-0.245737709929541,0.154755870196868,0.36384358465545,"blue",0.622690139031585,6.48153587705687e-05,0.000334691863908873,TRUE,FALSE
"K01768","pink",-0.288933624775653,0.0922988466418263,0.724709891041615,-0.0118288002537833,0.946230717762261,0.573243557104163,-0.203031366128291,0.242097708760987,0.237371343069068,0.303067549852847,0.0767699538035195,0.331227297036107,0.308853396595576,0.0710329337917347,0.215063248581266,0.358313482156022,0.0345517825739671,0.613224682780658,0.0711183955446428,0.684759773619848,0.465516530430103,0.441998080679619,0.00785120214979172,0.0444841601157795,-0.247901019733078,0.151041200409878,0.360583853823475,"pink",0.441998080679619,0.00785120214979172,0.0444841601157795,TRUE,FALSE
"K01772","black",0.0853294878380302,0.625994011090523,0.959685422460598,0.437927492864032,0.00851104368305312,0.0590441136179771,0.495861947649608,0.00245211974407186,0.00985382240941608,-0.0340004064637423,0.846254337694795,0.763595008394571,-0.279743634988131,0.103617708127988,0.261195674663697,0.0492042457448232,0.778944805895242,0.996847020865946,0.145154502297664,0.405421443192387,0.351096239420034,0.206663229901368,0.233596737621054,0.241757646864272,0.202337051373254,0.24374619182501,0.451429490490312,"black",0.495861947649608,0.00245211974407186,0.00985382240941608,TRUE,FALSE
"K01785","blue",-0.129312767980931,0.459082782779979,0.959685422460598,0.0583733918131796,0.739070901954161,0.525329794728703,-0.014880835285869,0.932385778642688,0.524415915483176,0.0127117952044157,0.942223419876949,0.781120180378925,0.163547873753727,0.347851487792254,0.446507140154431,-0.0450413488698188,0.797239683684069,0.996847020865946,0.481178388031873,0.00343062369905651,0.00922552216502855,0.240661763687955,0.163730797360386,0.220062252876744,0.0414731403089525,0.813006465531145,0.679264331444427,"blue",0.481178388031873,0.00343062369905651,0.00922552216502855,TRUE,FALSE
"K01792","black",0.1219844434799,0.485130690132141,0.959685422460598,0.286365673507893,0.0953616332782633,0.227497043742613,0.504449934727034,0.0020009636753258,0.00887136647481009,0.201678947715607,0.245315626241432,0.497229678641811,-0.0767797389565757,0.661106057072229,0.570557162986053,0.0196044415440516,0.910997932440313,0.996847020865946,-0.37044210985333,0.0284827615750828,0.0526681260336169,0.263193095954504,0.126612148784023,0.203925984059529,-0.0977311427619306,0.576484558197357,0.618337046344086,"black",0.504449934727034,0.0020009636753258,0.00887136647481009,TRUE,FALSE
"K01803","tan",0.110366086526525,0.527939514097034,0.959685422460598,0.0976209607407762,0.576916561024263,0.478453864084365,0.169753338019151,0.329609133662892,0.288218686872791,0.304917875390008,0.0748973821593402,0.325193245959659,0.0832280331112982,0.634553368784545,0.557135458985122,-0.34135136813677,0.0447653328707383,0.641126840411419,-0.0536014932343751,0.759746264037502,0.490074443374735,0.0556224211776024,0.750969195389659,0.395651687552803,0.576904169778049,0.000285853627332814,0.00957238568919219,"tan",0.576904169778049,0.000285853627332814,0.00957238568919219,TRUE,FALSE
"K01810","blue",-0.0359249310222312,0.837664296286917,0.967562416164654,-0.0414295599396739,0.813199494330942,0.543442611737121,-0.0336732117795242,0.84771652167903,0.502850056274244,0.00352155424058022,0.983981790093272,0.788075741077505,-0.0669693207661501,0.702285816390621,0.577284037643968,-0.147285035333295,0.398488596825473,0.986815669978367,0.691024157502284,4.31943852421863e-06,3.99358629584262e-05,0.0639573279573658,0.715104609275964,0.387532733115965,-0.083033265449161,0.635349056983083,0.637999483251891,"blue",0.691024157502284,4.31943852421863e-06,3.99358629584262e-05,TRUE,FALSE
"K01811","tan",0.096090666981843,0.582931539363333,0.959685422460598,0.158508297718955,0.363107653142933,0.394667574922662,0.163508480556451,0.347969212082883,0.297378427573927,0.503479500470701,0.0020480081021443,0.0468319650875714,0.221201277228154,0.201600002775258,0.365232727112532,-0.343116209953421,0.043601033602973,0.630501784404964,-0.229730067139482,0.184317093827271,0.213269489030398,0.0700410198022103,0.689295606045469,0.379939399946547,0.500032352517744,0.00222302845316209,0.0362417895738016,"tan",0.500032352517744,0.00222302845316209,0.0362417895738016,TRUE,FALSE
"K01824","red",0.070878197970124,0.685770091445817,0.959685422460598,0.729453185765437,6.66131107586953e-07,4.24571516507628e-05,0.322834128917017,0.0585510291604901,0.0887518481477934,0.32646172835382,0.0556145795338609,0.30071633664482,0.0716835495829931,0.68238474882416,0.573474890726554,-0.101106531892309,0.563321397306121,0.986815669978367,0.254655583833728,0.139860140244872,0.174517682633891,0.691931316043618,4.14658368063145e-06,0.000132135223958553,0.330371817915363,0.0525817486990881,0.214036961377093,"red",0.729453185765437,6.66131107586953e-07,4.24571516507628e-05,TRUE,TRUE
"K01835","blue",0.188880367064186,0.277183889999184,0.877847133809312,0.213028773998117,0.219188880556226,0.325840846551143,0.165455087785779,0.342180806208275,0.294028123185702,-0.100871615728381,0.564233017587339,0.702817026561333,-0.267688916983877,0.120022016907882,0.285129627017928,-0.0173384741918126,0.921251170803985,0.996847020865946,0.475628107501879,0.00388027255720447,0.0102084766842312,0.220733687427237,0.202579036413607,0.231320734133384,0.00145604694426367,0.993376644820853,0.711864207514975,"blue",0.475628107501879,0.00388027255720447,0.0102084766842312,TRUE,FALSE
"K01857","black",0.185772105811303,0.285311501831456,0.882304538169711,0.237296553083718,0.16988346308288,0.299625735070718,0.570876812955772,0.000341973993704635,0.00262554150343257,0.139810635821006,0.423109937263243,0.627586299182779,0.0450994071554999,0.796983775818531,0.587009013872708,0.0669947593352601,0.702177889328852,0.988692296438592,-0.197203347443047,0.256168138664498,0.261169589087877,0.233255738618597,0.177487563565882,0.223853447194547,0.433936506806484,0.00920329593156735,0.0820779350995556,"black",0.570876812955772,0.000341973993704635,0.00262554150343257,TRUE,FALSE
"K01858","blue",-0.0917651523529648,0.600082360558694,0.959685422460598,0.160036762842259,0.358438966114642,0.390944157871587,0.00569476525574031,0.974099360535528,0.537217545598666,-0.097790128902202,0.576253344538856,0.70341092470765,-0.05529363566827,0.752395080659435,0.584189083452236,0.0545921328331882,0.755440065659986,0.996847020865946,0.564658208792425,0.000409971873813375,0.0015190702087979,0.212875226404785,0.219529089227737,0.234537381665455,0.0396945552240652,0.820892960365079,0.680008538586227,"blue",0.564658208792425,0.000409971873813375,0.0015190702087979,TRUE,FALSE
"K01866","pink",-0.142278789491252,0.414887262738264,0.959128489173492,0.115489574018257,0.508838074064843,0.449271364336404,0.27040049833987,0.116173125966394,0.142786755019733,-0.129766598402499,0.457494662988643,0.648727251841805,-0.25851431699686,0.133751829163797,0.298977512950851,-0.143082713470431,0.412228569085682,0.986815669978367,0.0264376827968107,0.880170318824659,0.531335508250162,0.600703004117589,0.000135963155067639,0.0018608100844406,0.218911512316415,0.206425787594225,0.419287891389457,"pink",0.600703004117589,0.000135963155067639,0.0018608100844406,TRUE,FALSE
"K01867","pink",-0.0308624982618859,0.860297286706715,0.967562416164654,0.588297473547723,0.00020173471210098,0.00321448779652444,0.385546942326679,0.0221769388536763,0.0462764012050152,0.0425101080226658,0.808416685577763,0.750451786711019,-0.0665341305122116,0.704133063569216,0.577284037643968,-0.0730094245601242,0.676824636992233,0.988692296438592,0.170723781199509,0.326810757537652,0.303312098797025,0.614077778178514,8.72101926795854e-05,0.001331290132293,0.253240927000223,0.142150019042078,0.349457681391801,"pink",0.614077778178514,8.72101926795854e-05,0.001331290132293,TRUE,FALSE
"K01868","blue",-0.0141482187734676,0.935707517831673,0.977127672464111,-0.00653857312918506,0.970263182609138,0.580672266389128,0.27529424631725,0.109461960563649,0.138144566877896,0.040070292943929,0.819225420053781,0.754008730515398,0.262045054913105,0.128337237942923,0.295976253822131,0.101601073289335,0.56140448729433,0.986815669978367,0.425351917690408,0.0108560310532705,0.0238977802094387,0.00355070407696105,0.983849215784268,0.454007381820881,0.397147060730982,0.0181615375244959,0.119060859535855,"blue",0.425351917690408,0.0108560310532705,0.0238977802094387,TRUE,FALSE
"K01872","blue",-0.201750350879826,0.245145019037213,0.864780203455952,0.00512236407931783,0.976701980999605,0.582474719172283,0.0105291964113384,0.95213104598341,0.533614644878534,-0.312294451360932,0.0677833521314214,0.314171748140669,-0.349013170625123,0.0398864333136915,0.162746541966999,0.193226488539056,0.266074194710277,0.930619645693408,0.686621127804467,5.25561228797198e-06,4.59648043288989e-05,0.108205675819424,0.536097073836405,0.334092770885465,-0.00260404950961514,0.988154825960012,0.711413874751777,"blue",0.686621127804467,5.25561228797198e-06,4.59648043288989e-05,TRUE,FALSE
"K01889","black",0.063408209868024,0.717450013440271,0.959685422460598,0.208141810113864,0.230194406613526,0.333090835576205,0.479308345383678,0.00357678843201998,0.01241810327221,0.00120517812206978,0.994517793315768,0.790220194191785,0.225108883767267,0.193546799425482,0.357028860252434,0.450336381849299,0.00663489503526066,0.349370081464644,-0.0105962626232564,0.951826494928552,0.548381707483003,0.251517590112787,0.144976499998551,0.211279655629895,0.0595221347858657,0.734119846522423,0.667560919780254,"black",0.479308345383678,0.00357678843201998,0.01241810327221,TRUE,FALSE
"K01890","blue",-0.110485339043884,0.527490988941859,0.959685422460598,0.322073997860428,0.0591816183683888,0.183775082006566,0.188434291406791,0.278340964439839,0.261282345481386,0.0453311169789002,0.795962658573015,0.744922708456456,-0.00215871164893727,0.990180449602603,0.641154623651573,-0.129852118120516,0.457195727749753,0.986815669978367,0.416908131772929,0.0127203916224775,0.0273204043291379,0.0517509779646279,0.767809209360811,0.397948920153276,0.240537168611154,0.163955701204656,0.374537150519397,"blue",0.416908131772929,0.0127203916224775,0.0273204043291379,TRUE,FALSE
"K01895","blue",-0.0592493298079943,0.73529468386813,0.959685422460598,-0.0510699925713795,0.770782447165405,0.532682513784045,-0.097869806652168,0.575941090258314,0.405886105709518,0.03629999137252,0.835992343248622,0.760080912255734,0.00563624830254741,0.974365416534269,0.637576988926266,0.15710904458525,0.367413322279438,0.981034169908892,0.555092226022371,0.000538166441801887,0.00192784626056665,0.197109784835319,0.256398350593724,0.249921742039477,-0.053083901017128,0.761999016305673,0.675291667722317,"blue",0.555092226022371,0.000538166441801887,0.00192784626056665,TRUE,FALSE
"K01897","blue",-0.214773270015993,0.215349015248701,0.829981387866013,-0.213772613444883,0.217545899243956,0.325107636633554,-0.338494318803038,0.0467030673424515,0.0781633333631702,-0.182339054594851,0.294465148367367,0.539762138311494,-0.311144863364834,0.0688557365135051,0.211244986851847,0.141213220926411,0.418426105307868,0.986815669978367,0.714983283885617,1.39495861292578e-06,1.5565645850963e-05,-0.0609937178475631,0.727792753758255,0.388811600187648,-0.211065506904242,0.223566053654889,0.433494116987896,"blue",0.714983283885617,1.39495861292578e-06,1.5565645850963e-05,TRUE,TRUE
"K01904","black",0.281164224256106,0.101802495541539,0.744258866934882,0.198190001719105,0.253748799324167,0.345627919343656,0.490767050490919,0.00275972541706161,0.0104605022390461,0.273106283579299,0.112425399496867,0.368437401200267,-0.0961513722455423,0.582692400552381,0.537548214573387,0.00798518725136323,0.963688058493727,0.996847020865946,-0.191631068181287,0.270117984874191,0.269910413590049,0.252857158732208,0.142775924891544,0.211279655629895,0.0875911987322256,0.616835346567851,0.630586745122304,"black",0.490767050490919,0.00275972541706161,0.0104605022390461,TRUE,FALSE
"K01915","blue",0.373851292338237,0.0269442681543231,0.54934607895814,0.0491362122138817,0.779242887892549,0.534166510522067,0.151827427809014,0.383936909419194,0.316397049681516,-0.0261049230575479,0.881667900560184,0.774258371572228,-0.132832109903033,0.446844730989524,0.487486553543765,-0.0908122781885059,0.60388959100983,0.986815669978367,0.511774173325334,0.0016753629170482,0.00501982946351746,0.079949834789025,0.647998888018172,0.367413437254787,0.0639277188216007,0.715231011218946,0.661158735532946,"blue",0.511774173325334,0.0016753629170482,0.00501982946351746,TRUE,FALSE
"K01952","blue",-0.256437719490442,0.137014103926733,0.779754065101263,-0.133437324964264,0.44475817055147,0.42708128512777,0.0251162670998073,0.886119697792629,0.515272879591906,0.146717770516921,0.400327815335823,0.615367734449513,-0.308388119385831,0.0714815104469926,0.21527246502259,0.0253029732027457,0.885278716214716,0.996847020865946,0.652890610104877,2.12750037230356e-05,0.000135878621385095,0.231756595263584,0.180369227926225,0.223853447194547,0.0955523404062118,0.585054099538276,0.618494199236361,"blue",0.652890610104877,2.12750037230356e-05,0.000135878621385095,TRUE,FALSE
"K01953","blue",0.0181454844732693,0.91759802631706,0.975443604208019,0.204097900422891,0.239580079854946,0.340781566961275,-0.105991303272883,0.544520686968356,0.391661399454161,0.11945679190586,0.494288644021334,0.663577571033622,0.179683566036233,0.301672856327679,0.425464581291474,-0.0609187622184316,0.728114603277897,0.992474492474258,0.400895646178769,0.0170016672753679,0.0346017615350699,0.232275907383471,0.179367275228079,0.223853447194547,0.131608363611296,0.451079942277553,0.580746145744648,"blue",0.400895646178769,0.0170016672753679,0.0346017615350699,TRUE,FALSE
"K01958","blue",0.183018778896127,0.29263804401554,0.883994324068164,0.0127015371027012,0.9422699664234,0.573243557104163,-0.27859800874864,0.10509935778108,0.134303256359149,0.0147580197720964,0.932942556721143,0.778710702184942,0.0236743916050201,0.892618400592523,0.617224546790252,-0.0880760527276323,0.614879275483554,0.987018841867651,0.519115745625421,0.00139657233128339,0.00431776359837031,0.145159394603994,0.405405445116795,0.294158272320066,-0.183373113176555,0.291688475649945,0.490376882507219,"blue",0.519115745625421,0.00139657233128339,0.00431776359837031,TRUE,FALSE
"K01999","black",-0.102718820338498,0.557083069396536,0.959685422460598,0.025867123306954,0.882738363426442,0.56263033113268,0.389057633529715,0.0208907562084017,0.0444326391691817,-0.0672675649786642,0.701020829663511,0.732482809858693,0.0604190515381823,0.730261460889976,0.58161678693012,-0.114998377527737,0.510654260882629,0.986815669978367,-0.082879940800134,0.635975719892571,0.449867714225744,-0.00151073671765489,0.993127874403716,0.456215718035634,0.0972421416507976,0.578402947907313,0.618337046344086,"black",0.389057633529715,0.0208907562084017,0.0444326391691817,TRUE,FALSE
"K02025","black",-0.0676241137614463,0.699509584340565,0.959685422460598,0.249675284299137,0.14804327307728,0.27957608866773,0.499487762660812,0.0022518409700597,0.00947758110775457,0.135845130817255,0.436509648553637,0.636547189174393,0.0729071396349364,0.677252980145804,0.573246252196243,-0.0461242777326847,0.792469826382504,0.996847020865946,0.0221558213952049,0.899470211026471,0.533675247094465,0.216871190357118,0.210792751074777,0.2338397366362,0.338365800271671,0.0467917891985576,0.199462256515598,"black",0.499487762660812,0.0022518409700597,0.00947758110775457,TRUE,FALSE
"K02027","black",0.243781935846631,0.158170731617907,0.783893789195236,0.232546222841402,0.178847297311495,0.305728869028327,0.426818725465284,0.0105570265748026,0.0271631170721304,-0.0168119407068323,0.923635522453535,0.778710702184942,0.286585912254156,0.0950959517763074,0.253477850589944,0.025876467128265,0.882696298060703,0.996847020865946,-0.24979095025946,0.147849351846684,0.182608905737286,0.195447138574618,0.260512166441202,0.251267886003059,0.187133410095251,0.281733193927311,0.486171148807925,"black",0.426818725465284,0.0105570265748026,0.0271631170721304,TRUE,FALSE
"K02033","black",-0.00362711038463816,0.983501719688452,0.994984518517273,0.212253803679102,0.220909639127322,0.326968990749537,0.49606909547944,0.00244027279721428,0.0098481224579502,0.1794539696762,0.302301257363457,0.546322653064322,0.156865272711369,0.368166527479073,0.453262709112525,-0.0221942210977278,0.899296860826499,0.996847020865946,-0.251736356694061,0.144615439023889,0.179758196239707,0.204998830683708,0.237467135527082,0.243226349477733,0.235290017551879,0.173629756954257,0.381263772452913,"black",0.49606909547944,0.00244027279721428,0.0098481224579502,TRUE,FALSE
"K02035","black",-0.256650555626718,0.136677077955494,0.779754065101263,0.0534655172683114,0.760337894205299,0.530700023415906,0.479710236528979,0.00354492868829212,0.0123986573487223,0.106596476042828,0.542212356953393,0.690741690076504,0.0676324152024101,0.699474411865892,0.577202236084049,-0.117499292281847,0.501440966498952,0.986815669978367,0.0279469634191897,0.873383021745715,0.528597927789549,0.0393139847031616,0.822582736186835,0.411963875085774,0.288896270814827,0.0923428518556354,0.277705366411912,"black",0.479710236528979,0.00354492868829212,0.0123986573487223,TRUE,FALSE
"K02058","black",0.287556812181505,0.0939314571872376,0.724709891041615,0.368001999885344,0.0296276459832724,0.132517557373389,0.555264651146347,0.000535572369135807,0.00343001348431839,0.409136606666747,0.0146682641752204,0.149075720079201,0.254689352089462,0.139805812984654,0.307235600877229,-0.0185310794380014,0.915853110255738,0.996847020865946,-0.126017580216428,0.470701729292111,0.383970308069695,0.321988026964965,0.0592532750499404,0.162834553317157,0.556181864373061,0.000521958934670097,0.0140590737688749,"black",0.555264651146347,0.000535572369135807,0.00343001348431839,TRUE,FALSE
"K02111","blue",-0.228781593353735,0.1861856115381,0.824980724999754,-0.16697134083534,0.337713046045139,0.382360881826994,-0.0424457866575674,0.808701200749823,0.49225609387366,0.0891923775240992,0.610385562811844,0.713950664361587,-0.237260598493532,0.169950079314905,0.338133042829811,-0.345127681622971,0.0423038953755264,0.630501784404964,0.379168592235381,0.0246816757031776,0.0468898471127762,0.263946425603246,0.125489559584709,0.203925984059529,0.25410743993982,0.140744176406846,0.346689472616913,"blue",0.379168592235381,0.0246816757031776,0.0468898471127762,TRUE,FALSE
"K02126","black",0.337669683527771,0.0472747009669245,0.640055131060001,0.432148155773251,0.00952869956195111,0.0631916029450054,0.579071868903849,0.000267777661006615,0.00220136732320909,0.00705358450079499,0.967922119190447,0.78572953888437,-0.0883495732663614,0.613776947591952,0.549282154701855,-0.135217424973708,0.438651865600756,0.986815669978367,0.210017786000467,0.225926217377824,0.241815658193153,0.378847848428541,0.0248135569099075,0.102588009832284,0.442943274621429,0.00770439740636179,0.0728694658484568,"black",0.579071868903849,0.000267777661006615,0.00220136732320909,TRUE,FALSE
"K02127","red",0.0349957905456193,0.841809238609177,0.967562416164654,0.467368486361086,0.00464361877603213,0.0385001631229844,0.115756082274133,0.507854019304907,0.377629655134052,0.114039291049347,0.514209749920999,0.673838136503963,0.23923024711962,0.166328184284726,0.335965170414894,-0.108685803194588,0.53427893020446,0.986815669978367,0.143493388218825,0.410874134724455,0.352672237076282,0.0687193961752907,0.694874305756841,0.381194418155068,-0.0302341199838863,0.863114654523687,0.68477757879223,"red",0.467368486361086,0.00464361877603213,0.0385001631229844,TRUE,FALSE
"K02132","blue",0.415960595879961,0.0129455259633058,0.471503811839649,0.25945520770498,0.132292728773216,0.264531211565045,0.0413098862665321,0.813729615815274,0.492359084983421,-0.00152709117145648,0.993053482111869,0.790220194191785,-0.0483898088175196,0.782515203286343,0.584863953082124,-0.0297755753256318,0.865171614552458,0.996847020865946,0.42585854662853,0.0107519552945518,0.0237224668579529,0.141699790996198,0.416808067614212,0.296470432819968,-0.0369155368916141,0.833249883996519,0.681270456641967,"blue",0.42585854662853,0.0107519552945518,0.0237224668579529,TRUE,FALSE
"K02133","blue",0.0945487345913069,0.589020319130251,0.959685422460598,0.235843242382219,0.172591035182381,0.300866261766397,0.156981966661549,0.367805852746868,0.307376818566966,-0.00883764156279673,0.959814573821896,0.78432959975427,-0.0726078563940252,0.678506873375597,0.573246252196243,-0.0051668015669936,0.976499921740443,0.996847020865946,0.564509106860583,0.000411740334477732,0.00151982204474437,0.273273857463161,0.112196322092885,0.199688278250677,0.0781045941178979,0.655615930892983,0.641643793329517,"blue",0.564509106860583,0.000411740334477732,0.00151982204474437,TRUE,FALSE
"K02134","greenyellow",0.0437729837244635,0.802835496059223,0.967562416164654,0.299761389636602,0.0802062451954441,0.212962034634321,0.320765811103668,0.0602794356727169,0.0903565306705917,0.6804403734883,6.88301747194509e-06,0.000555510039137586,0.235994068921516,0.172308617293897,0.340044345538819,-0.152377537500361,0.382195940386103,0.982362580947701,-0.133761377156746,0.44364313965305,0.370519647961971,0.235983741257372,0.17232794499566,0.221863862010585,0.547433852742157,0.000665250989877435,0.0155520579259676,"greenyellow",0.6804403734883,6.88301747194509e-06,0.000555510039137586,TRUE,FALSE
"K02136","blue",-0.226791237215576,0.190149976628815,0.824980724999754,0.147098555229139,0.399092677100884,0.41118967404906,-0.0707396540711731,0.686353077956268,0.45042004607339,0.0901975451830985,0.606351248045335,0.712430703267261,-0.0206420641078892,0.90630742566844,0.619031313635149,0.13781787877444,0.429814671502599,0.986815669978367,0.423436091029449,0.0112573471100288,0.0245882443570041,0.0920901648892984,0.598786138610999,0.353919536204054,0.033441549223227,0.848752089552099,0.681542802516332,"blue",0.423436091029449,0.0112573471100288,0.0245882443570041,TRUE,FALSE
"K02139","blue",-0.0118893969950281,0.94595566886364,0.981004606083077,0.160435751734466,0.35722621054827,0.390038576603105,-0.0945387499376982,0.589059837559983,0.412361758146821,-0.173832606597638,0.31794559065541,0.560017520764421,-0.244037032369509,0.157722263241686,0.332275022899578,-0.0471410997561437,0.787997871915332,0.996847020865946,0.610838762137892,9.72907112320431e-05,0.00048684949450934,-0.235720490380599,0.172821127936733,0.221863862010585,-0.111459254898931,0.523834909396125,0.598790306312237,"blue",0.610838762137892,9.72907112320431e-05,0.00048684949450934,TRUE,FALSE
"K02141","pink",0.0490525167553927,0.779609633508937,0.964756824700076,0.411036082108689,0.0141704326864072,0.0877337352026821,0.376771471320096,0.0256814536247587,0.0513303415004672,0.264622461788158,0.124488462821048,0.37660226931791,0.125172933541308,0.473704699682134,0.495931318294449,0.0974513305222732,0.577581933276052,0.986815669978367,0.419465330767217,0.0121292263191045,0.0261665015139424,0.65686392746092,1.8207092690523e-05,0.000399212172441504,0.11093280278511,0.525809670375225,0.598790306312237,"pink",0.65686392746092,1.8207092690523e-05,0.000399212172441504,TRUE,FALSE
"K02143","black",-0.0595689667686944,0.733918223727165,0.959685422460598,0.198773033516988,0.25232632191368,0.345627919343656,0.633112296814022,4.47198843085021e-05,0.000751844283779617,0.234242666674683,0.175608421608483,0.434124521455948,0.0522784509587873,0.765508454358286,0.584258398378374,0.030839695720153,0.860399493696046,0.996847020865946,0.221241612438002,0.201515703849675,0.22608432167273,0.224839094467755,0.194095456420992,0.227580743029998,0.481907156588674,0.00337508182448529,0.048625497786621,"black",0.633112296814022,4.47198843085021e-05,0.000751844283779617,TRUE,FALSE
"K02144","black",0.102434972755958,0.558179011643526,0.959685422460598,0.242206431160956,0.16096094351359,0.294169357976123,0.614070713999751,8.72311141295351e-05,0.00113534642248241,0.243590459560678,0.158507957942013,0.421466761974002,0.140413459868611,0.421093273046323,0.474058929180041,0.00933694925653548,0.957546173841618,0.996847020865946,0.068783649976364,0.694602716716967,0.469307025578369,0.212579830830122,0.220184600412029,0.234870332437571,0.207543704630843,0.231566624648805,0.440155966485959,"black",0.614070713999751,8.72311141295351e-05,0.00113534642248241,TRUE,FALSE
"K02145","blue",-0.158682376608508,0.362574106692932,0.92838488900383,-0.287019024253004,0.0945751236454507,0.227497043742613,-0.0813241241102466,0.642348594564662,0.435149935482182,-0.233382436602712,0.177245531031968,0.435543888242765,-0.175362771729693,0.313637891592744,0.428909382397065,-0.337769164845612,0.0472054448303136,0.654456287127467,0.441921021638295,0.0078632753329956,0.0180890644824163,0.124270473720555,0.47692427951631,0.318938923420555,0.0763309467956663,0.662969794441265,0.643350563606172,"blue",0.441921021638295,0.0078632753329956,0.0180890644824163,TRUE,FALSE
"K02147","blue",0.308323400457459,0.0715440813299703,0.724709891041615,0.124210165815195,0.47713983807399,0.439049061735321,0.251527139834065,0.144960725030622,0.166132293164551,-0.0648653814688064,0.711231744829625,0.735918244296041,-0.0736765762438676,0.674033226833626,0.573246252196243,-0.202910458629097,0.242384235249865,0.91433593416675,0.597638844872388,0.000150107491184918,0.000684144497147185,0.150847078279449,0.387050937163468,0.289261470557081,0.224656184946202,0.194468049023405,0.404278087757466,"blue",0.597638844872388,0.000150107491184918,0.000684144497147185,TRUE,FALSE
"K02154","blue",-0.0169569712956361,0.922978700466267,0.975523076551505,0.0187408740805153,0.914903897604685,0.568471931261517,-0.283148848082761,0.0993071156992321,0.129889513374282,-0.23798039321953,0.168620003975498,0.43034373974372,-0.265791925004581,0.122770726581826,0.2898058151,0.0825376071015804,0.637375790398033,0.987736935152345,0.611839867270324,9.40685683694328e-05,0.000475629059595846,0.0926237920702808,0.59666054623986,0.353320188659469,-0.0322848026892746,0.853926620205606,0.683549323536439,"blue",0.611839867270324,9.40685683694328e-05,0.000475629059595846,TRUE,FALSE
"K02155","blue",-0.180694594217257,0.298915564860903,0.883994324068164,0.13370813916482,0.443826221600458,0.426684743350818,0.0554886733783058,0.751549138648304,0.471576115199496,-0.125592854496721,0.472210501489034,0.65179529026173,-0.108639607081292,0.534453736218984,0.515563782545548,0.0388353085642618,0.824709225896422,0.996847020865946,0.713632420920045,1.4912040404043e-06,1.6265676859159e-05,0.215869904058022,0.212958978088772,0.2338397366362,0.106630881810427,0.542081261891053,0.60605190557109,"blue",0.713632420920045,1.4912040404043e-06,1.6265676859159e-05,TRUE,TRUE
"K02183","blue",-0.397043735819349,0.018194420396498,0.508563395921469,-0.14849289713963,0.394588607048931,0.408940916302889,-0.0983122443171225,0.574208580376118,0.404971084709649,0.0643031019916205,0.713629045939324,0.737181984893126,0.198685409755455,0.252539766661252,0.400247582946499,-0.124710276135119,0.47535383239204,0.986815669978367,0.475033568726483,0.00393133497642608,0.0102870586453997,0.217258168905946,0.209959631579105,0.2338397366362,0.158864528050201,0.362016319694523,0.532082260245957,"blue",0.475033568726483,0.00393133497642608,0.0102870586453997,TRUE,FALSE
"K02207","black",-0.193806775278577,0.264613294995665,0.874194515218989,0.0195688680908451,0.91115879333368,0.568312798136083,0.400566808232857,0.0171008702706785,0.0382798997387249,-0.217194461478432,0.210096629671181,0.459741285729768,-0.388949815717756,0.0209293127927708,0.110855134379549,-0.196780839421991,0.257208812174999,0.922938068757764,0.424560948162529,0.0110202244509802,0.0242043400465051,0.431454706660962,0.00965748277970681,0.0536088777214386,0.301751459696532,0.0781238670823753,0.260924419174544,"black",0.400566808232857,0.0171008702706785,0.0382798997387249,TRUE,FALSE
"K02208","pink",-0.001886732335916,0.991417580672398,0.997950730917429,0.118875438215474,0.496407349142176,0.445298828421416,0.176925270437944,0.309277154164299,0.278817464776227,0.104457897696935,0.550390368339197,0.695349203169848,0.0911207881096666,0.602655799779209,0.544473814625772,0.506489885052868,0.00190514293819169,0.16508063559431,0.135616850477494,0.437288051346154,0.367227208755443,0.631200538984107,4.79187034410904e-05,0.000809312058488033,-0.0605892941416922,0.729529837066154,0.667550176017229,"pink",0.631200538984107,4.79187034410904e-05,0.000809312058488033,TRUE,FALSE
"K02216","blue",-0.352983991425341,0.0375325925090192,0.591308934710275,-0.0789947724610865,0.651937002700678,0.505197118344837,0.0345528897243915,0.843786521015275,0.501844864903722,0.0308393564400789,0.860401014455415,0.769557458719738,-0.0477096211097923,0.785500423157957,0.585800980095708,0.218292582334084,0.207743827992114,0.913756482005921,0.468303428667798,0.00455116940320891,0.011657592393724,0.290107840610087,0.0909237200025025,0.188111314791489,0.0810392577770758,0.643518195007788,0.639615306795632,"blue",0.468303428667798,0.00455116940320891,0.011657592393724,TRUE,FALSE
"K02218","blue",0.191558037060558,0.270304048023617,0.876581591114525,-0.0495859207238409,0.777273111836078,0.53413479002593,-0.0958572947069886,0.583851278909513,0.410236110694637,-0.301673574652739,0.078204567585405,0.332317780513632,-0.154803031194094,0.374575042879396,0.454671506089314,0.0308454781533256,0.860373575098597,0.996847020865946,0.694064134677192,3.76476560279284e-06,3.54834461820071e-05,0.188753995228184,0.277511367809426,0.253866445061253,-0.0983550669570929,0.574041019275578,0.618152877672231,"blue",0.694064134677192,3.76476560279284e-06,3.54834461820071e-05,TRUE,FALSE
"K02256","black",0.335471266341835,0.0488260839125272,0.650275768102696,0.526951200223862,0.001144804234285,0.0125533431622634,0.767031142862711,7.69513909938385e-08,2.42229001483762e-05,0.0491719529994666,0.779086289411667,0.744922708456456,-0.0294962823100446,0.86642490752711,0.611368511649448,-0.123771473511256,0.478709385397341,0.986815669978367,0.250108787975303,0.147317430212662,0.18222893808779,0.472049579288787,0.00419649777430023,0.0287169173658321,0.467978433539527,0.00458312387997477,0.059014022824623,"black",0.767031142862711,7.69513909938385e-08,2.42229001483762e-05,TRUE,TRUE
"K02261","black",0.329519378869751,0.0532314339471961,0.650275768102696,0.452290912063005,0.00637440484933027,0.0474489161854576,0.682789554397984,6.21699118204304e-06,0.000235494290235435,-0.0312955406329403,0.858356702389424,0.769227094905684,-0.148608873628169,0.394215300220348,0.461967356464373,0.00682795192785528,0.96894773544692,0.996847020865946,0.398175688936102,0.0178368762586529,0.0361500049525909,0.441676999894726,0.0079016119458161,0.0444841601157795,0.409383072091928,0.0146028501310587,0.106430698405472,"black",0.682789554397984,6.21699118204304e-06,0.000235494290235435,TRUE,FALSE
"K02262","black",0.349396933147635,0.0396538581632077,0.611738976068297,0.382874509554808,0.023199443373143,0.116660397520389,0.549788798708919,0.000623604119502888,0.00382401135864602,-0.067153364130622,0.701505113219688,0.732482809858693,-0.18139613590238,0.297011768530724,0.421022571827867,-0.0313679970340799,0.858032084316846,0.996847020865946,0.339898926096332,0.0457421786119325,0.0779053108502842,0.375473671172357,0.0262365181545029,0.106699031314594,0.335955478260383,0.0484809326643686,0.203184610567923,"black",0.549788798708919,0.000623604119502888,0.00382401135864602,TRUE,FALSE
"K02263","black",0.0194603085454649,0.911649714138064,0.975443604208019,0.213455037543754,0.21824631991003,0.32538831284512,0.432808413456538,0.00940744004784563,0.0250249964904501,0.0579013995911535,0.741108184285403,0.742681352368736,-0.0306479998423185,0.86125881306662,0.610106020201995,-0.13502475612852,0.43931055421133,0.986815669978367,-0.0901525790913101,0.606531479588989,0.440399699464012,0.150407042341735,0.388453450820351,0.289261470557081,0.289005037962933,0.0922147623114181,0.277705366411912,"black",0.432808413456538,0.00940744004784563,0.0250249964904501,TRUE,FALSE
"K02264","pink",0.036567265924281,0.834801311004834,0.967562416164654,0.257669325846569,0.135072299834236,0.266567491954285,0.379997564783759,0.0243435038423666,0.0496751259889678,-0.16097780764234,0.355582546228755,0.590514404875821,0.188429143406282,0.278354336094477,0.413514740764905,0.30119833877802,0.0786983855204965,0.758525048392902,0.00161397002443875,0.992658293068636,0.557674918078011,0.790149144900107,1.65461569633146e-08,3.28356758087115e-06,0.044294637774369,0.800532862403716,0.677848190020748,"pink",0.790149144900107,1.65461569633146e-08,3.28356758087115e-06,TRUE,TRUE
"K02266","red",0.135244641780702,0.438558861513567,0.959685422460598,0.66736149922817,1.19326562987331e-05,0.000357906295058471,0.127738521006988,0.464614414423826,0.358168600300928,0.630742035547815,4.87159706933631e-05,0.00238712571114134,0.359178850839184,0.0340864977062997,0.151308361224093,-0.315832241095922,0.0645651656456137,0.755138466897456,0.104466782459381,0.550356273227705,0.420031522874779,0.190186035172672,0.273815106128578,0.253866445061253,0.377391012144048,0.0254199134736815,0.145091010337255,"red",0.66736149922817,1.19326562987331e-05,0.000357906295058471,TRUE,FALSE
"K02267","blue",0.269489578505219,0.117455650567806,0.763998858849709,0.188109514893221,0.279185370522431,0.354414593294725,0.27249014077252,0.113270705161019,0.140732525559914,-0.442232849809502,0.00781451734812687,0.101810659104965,-0.221987140089019,0.199961993954062,0.365232727112532,0.133291012869066,0.445262114806609,0.986815669978367,0.513512889384491,0.00160526595831975,0.00485475188139231,0.351050275585478,0.0386643832445413,0.133285890051556,-0.0656176121921087,0.708028836766379,0.65811077594508,"blue",0.513512889384491,0.00160526595831975,0.00485475188139231,TRUE,FALSE
"K02274","black",0.346523190914326,0.0414223984886039,0.611738976068297,0.420007161425238,0.0120069942126078,0.0755840935702079,0.643787136324352,3.01438552853958e-05,0.000605664134950017,0.0914334692666553,0.60140643278276,0.709356048577995,0.0491053759928812,0.779378003860096,0.584863953082124,0.059749651708185,0.733140496298881,0.992474492474258,-0.0976233223175666,0.576907300203326,0.430138921055325,0.353490116814277,0.0372408425914755,0.13197573339025,0.357344914755491,0.0350786757387818,0.171114841207318,"black",0.643787136324352,3.01438552853958e-05,0.000605664134950017,TRUE,FALSE
"K02296","black",-0.134617268845739,0.440705438184978,0.959685422460598,0.196842137404934,0.257057656733003,0.345627919343656,0.612477645675393,9.20662134096671e-05,0.00114397783029988,0.0191171679059738,0.913201652736137,0.776324973259771,-0.0952454597855337,0.586265625528205,0.539157319493306,0.123553214942533,0.479491268582239,0.986815669978367,0.13945032808671,0.424317866793679,0.360703445016007,0.189234073342189,0.276268636983475,0.253866445061253,0.0536137775634028,0.759692821633097,0.675291667722317,"black",0.612477645675393,9.20662134096671e-05,0.00114397783029988,TRUE,FALSE
"K02332","black",0.20537334857485,0.236592487449587,0.860556400398395,0.476963104099239,0.0037677031857908,0.0325616045437703,0.526729433069511,0.00115133893926245,0.00604562176984493,0.066279592707262,0.705214270217257,0.733030298089735,-0.143253898024217,0.411663683737653,0.469224368412517,0.140045302575827,0.422324251990567,0.986815669978367,0.144002556874316,0.409198365333113,0.352480462099481,0.217610843480866,0.209202346711551,0.2338397366362,-0.0672355261030127,0.701156683001519,0.655720195284918,"black",0.526729433069511,0.00115133893926245,0.00604562176984493,TRUE,FALSE
"K02355","black",0.114963935321847,0.51078173120566,0.959685422460598,0.157183242234781,0.367184248608484,0.397084991425304,0.514182589927861,0.00157896108984043,0.00738160798527657,0.227004696036518,0.189721996987057,0.449573894359009,-0.0130386723837576,0.9407403009687,0.628221557303005,0.280019738993371,0.10326299909626,0.805034309440647,0.368137748663681,0.0295629775771511,0.0544581186556915,0.407638316824532,0.0150712437889729,0.0691531237161908,0.0437757379745293,0.802823334215152,0.677848190020748,"black",0.514182589927861,0.00157896108984043,0.00738160798527657,TRUE,FALSE
"K02371","pink",-0.210842103896656,0.224067889343037,0.846044842055179,0.0198437594806792,0.909915842687613,0.567953092972429,0.184139812735403,0.289640591037274,0.26846943267079,0.326390651359502,0.0556709685920031,0.30071633664482,-0.0854712681983486,0.625418241431857,0.554356998258701,0.134284452245247,0.441846508353591,0.986815669978367,0.551081453415009,0.000601740699493486,0.00212423112407082,0.473464499111269,0.00406889818082855,0.0283322314896413,0.0291332611796923,0.868054398507903,0.685637078290536,"pink",0.473464499111269,0.00406889818082855,0.0283322314896413,TRUE,FALSE
"K02456","black",0.226960098670941,0.189811357617629,0.824980724999754,0.191921418442288,0.269379081148923,0.350309233846632,0.54926806091749,0.000632608763509871,0.00385420157647505,0.122341816375374,0.483843000803056,0.657923286478222,0.11076269867288,0.526448518514665,0.514953604143553,0.133639636592918,0.444061857957395,0.986815669978367,-0.200633063341976,0.247823714481057,0.257309799439129,0.201143407545975,0.246597751313957,0.247983501298541,0.163038492555059,0.349375606897226,0.527906406627032,"black",0.54926806091749,0.000632608763509871,0.00385420157647505,TRUE,FALSE
"K02491","red",0.0846196392233227,0.628879970078363,0.959685422460598,0.653408915586108,2.08498571768276e-05,0.000545192157332498,0.303725145861037,0.0761003283759839,0.107083283935023,0.162651005560212,0.350537709662378,0.58939513570734,-0.0168877778860352,0.923292060915568,0.623461191386273,-0.152061646117762,0.383195097934591,0.982362580947701,0.122553812206701,0.483079971969487,0.388540985525149,0.202068031930432,0.244386930002326,0.246632574281306,0.173659489610147,0.318435263867728,0.50196890514745,"red",0.653408915586108,2.08498571768276e-05,0.000545192157332498,TRUE,FALSE
"K02503","black",-0.0734188798046939,0.675110942342001,0.959685422460598,0.368394371673946,0.0294410429599704,0.132263026521349,0.557288668562523,0.000505941302108392,0.00335869760981291,0.393148640793771,0.0194707764125548,0.175752553283734,0.311695294886824,0.0683406241653816,0.210924004070295,0.00773469466369961,0.964826436217644,0.996847020865946,-0.0288164344353017,0.869476974257182,0.527448449475121,0.307919257581877,0.0719357790872889,0.17193690262625,0.381091117275543,0.0239032641544422,0.141331149054971,"black",0.557288668562523,0.000505941302108392,0.00335869760981291,TRUE,FALSE
"K02541","red",0.273602622294324,0.111747912975518,0.763519189084221,0.739290312054027,3.92224652364963e-07,2.85705087301184e-05,0.265049793460903,0.123858727393773,0.149000551442478,0.146050047056906,0.402498968311437,0.615367734449513,0.426407008242334,0.0106402403700711,0.076332700345836,0.191014603341847,0.271691198767147,0.930619645693408,-0.0380876408383032,0.828033145288031,0.51200375274272,0.268399544077679,0.119004251237257,0.201987615223104,0.144768012508838,0.406686419767799,0.554563828234838,"red",0.739290312054027,3.92224652364963e-07,2.85705087301184e-05,TRUE,TRUE
"K02677","blue",-0.0277580772250139,0.874231974451422,0.96920252194917,0.0635162225987099,0.716988465768538,0.521906039866975,-0.0870713267615364,0.618935577127364,0.426821502642032,-0.0718082472184156,0.681861117529415,0.731064640794532,-0.172117610081205,0.322817338852205,0.43456333131473,0.0522644171870271,0.765569642038466,0.996847020865946,0.762881970181639,9.9544231137719e-08,2.35966978946211e-06,0.129362679836829,0.45890797877756,0.311882909062562,-0.0563815183145349,0.74768022747053,0.670880852883072,"blue",0.762881970181639,9.9544231137719e-08,2.35966978946211e-06,TRUE,TRUE
"K02730","pink",-0.0859509420851516,0.623471904009196,0.959685422460598,0.302532002905416,0.0773186738252788,0.208044533482367,0.303757811797457,0.0760671837108672,0.107083283935023,0.27973834745454,0.103624509987449,0.356484726146892,0.541326428093925,0.000784960910517049,0.0147430940146831,0.126065508534302,0.470531630884984,0.986815669978367,-0.0536322104133802,0.759612632426054,0.490074443374735,0.657916721967493,1.74644966056799e-05,0.000396092699939168,0.299255489351076,0.0807424044691089,0.262575927368012,"pink",0.657916721967493,1.74644966056799e-05,0.000396092699939168,TRUE,FALSE
"K02731","black",0.0613765124957367,0.72614979934993,0.959685422460598,0.21419597428105,0.216614566922359,0.325050381832712,0.499636024065729,0.00224396480912654,0.00947758110775457,0.0979621657162155,0.575579233722861,0.703213697786638,-0.303837759473177,0.0759861117485531,0.226113480504456,-0.285020020147375,0.0969972701272824,0.797259182361452,-0.337715352234244,0.0472428975701448,0.0797615815783106,0.216237778871912,0.212161327594382,0.2338397366362,0.276700198632831,0.107589019607169,0.301594825530153,"black",0.499636024065729,0.00224396480912654,0.00947758110775457,TRUE,FALSE
"K02735","red",0.114309882943276,0.513205380153589,0.959685422460598,0.524331191271918,0.00122413361528638,0.0132432803080891,0.268227665201075,0.119249824021397,0.144933121858808,0.301937577776821,0.0779312828489778,0.332317780513632,0.549508633577123,0.000628434535787936,0.0136808153862972,-0.137131622961642,0.432137161592112,0.986815669978367,0.0843757281451564,0.629872866865456,0.447638339760099,0.242630491912152,0.160206471017055,0.219260737743892,0.377873674235439,0.0252176830215393,0.145091010337255,"red",0.524331191271918,0.00122413361528638,0.0132432803080891,TRUE,FALSE
"K02736","red",0.126595970527133,0.468651175663231,0.959685422460598,0.650328620151823,2.34942504993903e-05,0.000598980558038818,0.26358071535678,0.126033602601167,0.150393836974252,0.0498623552641396,0.776062972559229,0.744922708456456,0.390678941841903,0.0203180424430772,0.108836056227679,-0.278244708359065,0.105559503945386,0.809929367853205,-0.0208118056990443,0.905540411940567,0.534404539022678,0.241017630118273,0.163089651809535,0.219796069216181,0.398960056703813,0.0175925800922564,0.118039042172305,"red",0.650328620151823,2.34942504993903e-05,0.000598980558038818,TRUE,FALSE
"K02830","black",-0.0851298050743161,0.62680529116729,0.959685422460598,0.388331288579368,0.021151647646369,0.112066914939278,0.789385697174824,1.74601127478863e-08,1.64883790484816e-05,0.22548478022103,0.192784169822503,0.453695818016737,0.14429122089579,0.408250043304838,0.467089847245509,0.0606569712210292,0.729239057521005,0.992474492474258,0.21559337897832,0.213559915694895,0.234261837314703,0.408380204584446,0.0148705592196533,0.0689004638520285,0.618658628189696,7.45563456216624e-05,0.00400387115226492,"black",0.789385697174824,1.74601127478863e-08,1.64883790484816e-05,TRUE,TRUE
"K02865","blue",0.135894203165843,0.436342418462488,0.959685422460598,0.277593277586166,0.106411935243894,0.241180931147852,0.135104819344955,0.43903677150835,0.348112849007238,-0.00290945906334248,0.986765708939162,0.788768170889162,-0.0487580952163603,0.780900132282051,0.584863953082124,-0.141629467176274,0.41704170427412,0.986815669978367,0.64828987987343,2.54078885177585e-05,0.000155130261996395,0.258133466543847,0.134345801663826,0.206955375143982,0.0946961502767736,0.588436995938087,0.61905259459603,"blue",0.64828987987343,2.54078885177585e-05,0.000155130261996395,TRUE,FALSE
"K02866","blue",0.0449652386065954,0.797575192091426,0.967562416164654,0.262347538066025,0.12788103452824,0.259784685966081,0.120950631082873,0.488865675322126,0.368736505326994,0.0154110309572992,0.929982528080666,0.778710702184942,-0.052497277420724,0.764554544932445,0.584258398378374,-0.00912920002076628,0.958489958573624,0.996847020865946,0.761760145347042,1.06624871163968e-07,2.37137687601725e-06,0.257293888390669,0.135662069462008,0.2070922776937,0.119625805916142,0.493673550282607,0.590236164318044,"blue",0.761760145347042,1.06624871163968e-07,2.37137687601725e-06,TRUE,TRUE
"K02868","blue",0.166539271584552,0.338982514920069,0.916469108200437,0.329329931994997,0.0533766853172225,0.176802845252186,0.195540552271252,0.26027988897793,0.249031554271661,0.0113572472454109,0.948371305579319,0.781671520804918,-0.0941544266028574,0.590581843376379,0.540617478151419,0.075103590117762,0.668076886540087,0.988692296438592,0.583587132437305,0.000233366661429765,0.0009599572331373,0.194281011711942,0.263423304671118,0.251746533237719,0.0899598900020286,0.607304067868152,0.628622968406479,"blue",0.583587132437305,0.000233366661429765,0.0009599572331373,TRUE,FALSE
"K02870","blue",0.0665765786772943,0.703952810832314,0.959685422460598,0.26636570178125,0.121934434067777,0.25481070380358,0.138935471059479,0.426047253875222,0.342705119706426,0.00517042943695154,0.976483425715577,0.78572953888437,-0.0809124128872901,0.644039264440983,0.563244792888971,0.107950883129111,0.53706312624606,0.986815669978367,0.687693450949353,5.01198351054748e-06,4.46095206016618e-05,0.12107246244334,0.488424753105434,0.320954522475232,0.103670145594092,0.553417287994568,0.610128671319737,"blue",0.687693450949353,5.01198351054748e-06,4.46095206016618e-05,TRUE,FALSE
"K02871","black",-0.000504182717667001,0.997706520782007,0.998859272394696,0.26794742716226,0.119651027205269,0.253565041961424,0.524918056517931,0.00120595576731898,0.00622824807931513,0.164169720494706,0.34599633587804,0.583188640395958,0.351386396612762,0.0384656928665046,0.160627079805101,0.208123123675236,0.230237194801924,0.91433593416675,-0.0382007216282638,0.827530230000539,0.51200375274272,0.214939935610231,0.214984596758073,0.2338397366362,0.182966424810256,0.292778513594938,0.490877321889088,"black",0.524918056517931,0.00120595576731898,0.00622824807931513,TRUE,FALSE
"K02872","blue",0.35508126492695,0.0363356124121793,0.587018926596502,0.186990968752903,0.28210624716435,0.355209818684584,0.0154730178936216,0.929701595427676,0.523962837421397,-0.107974842091565,0.536972249747301,0.687500544394389,-0.12571624136991,0.471771927109479,0.495931318294449,-0.000402709630130171,0.998168111332726,0.998168111332726,0.759899165953838,1.19401334816829e-07,2.45712285632922e-06,0.175297886602832,0.313819808076519,0.262219845864461,0.0494595301924842,0.7778265798337,0.676698370396686,"blue",0.759899165953838,1.19401334816829e-07,2.45712285632922e-06,TRUE,TRUE
"K02873","blue",-0.0359219839188365,0.8376774367339,0.967562416164654,0.0102786647213644,0.953268781672989,0.575568269326274,-0.00276224120789037,0.987435306347053,0.541824576594892,-0.0501896623771845,0.77463080024685,0.744922708456456,-0.0845900800131322,0.629000263686614,0.55584639704988,-0.112802344645373,0.518813367047664,0.986815669978367,0.780180534115778,3.28312209657973e-08,1.17323036228208e-06,0.270973129503701,0.115372282218113,0.199960777268049,0.0491382407006624,0.779233999835917,0.676698370396686,"blue",0.780180534115778,3.28312209657973e-08,1.17323036228208e-06,TRUE,TRUE
"K02877","blue",0.0505726003799618,0.772956136401067,0.964756824700076,0.190133339921596,0.273950547276973,0.352742763719655,0.193221728853751,0.266086199293879,0.25238451843031,-0.0280926089989847,0.872728509708511,0.772923770976823,-0.0523361255656844,0.765257005938491,0.584258398378374,-0.142317301015202,0.414759679521542,0.986815669978367,0.633734218977208,4.37216405741274e-05,0.000239799491818983,0.260354483674108,0.130909184035716,0.205061808400218,0.118595947585835,0.497427575674907,0.590236164318044,"blue",0.633734218977208,4.37216405741274e-05,0.000239799491818983,TRUE,FALSE
"K02880","blue",0.0757991901399779,0.665180642987466,0.959685422460598,0.195645564719449,0.260018933916842,0.345627919343656,0.0420201761893781,0.810584426241424,0.49225609387366,-0.0499877720216173,0.775514110090585,0.744922708456456,-0.119779018662959,0.493116300044578,0.503930614646845,-0.0413388707365039,0.813601215101114,0.996847020865946,0.627966095218781,5.38040575990379e-05,0.000283871819241314,0.148859513750499,0.393409232667943,0.290955874059109,0.0738260335851374,0.673408471417381,0.649312334833963,"blue",0.627966095218781,5.38040575990379e-05,0.000283871819241314,TRUE,FALSE
"K02882","blue",0.130619691382234,0.454517355047029,0.959685422460598,0.189943681426884,0.274438382561835,0.352846830167166,0.0181406929842637,0.917619711431358,0.522018104126185,-0.100367616507974,0.56619112908442,0.702817026561333,-0.138145316862222,0.428708966876935,0.476704348827457,-0.0730010459342501,0.676859720791695,0.988692296438592,0.788263399224549,1.88885998653833e-08,7.75698488915819e-07,0.193323361461954,0.265829945074216,0.251746533237719,0.00184911745002986,0.991588678180757,0.711421830891961,"blue",0.788263399224549,1.88885998653833e-08,7.75698488915819e-07,TRUE,TRUE
"K02883","blue",0.0687284059501157,0.694836220837699,0.959685422460598,0.0760875610610145,0.663981356715702,0.506503042677879,0.0727171229330042,0.678048985776545,0.448398119151884,-0.104537246870564,0.550085902484196,0.695349203169848,-0.221335151628653,0.20132030514796,0.365232727112532,0.083518961015203,0.633365585167614,0.987736935152345,0.719468592323152,1.11471946491432e-06,1.3316168987264e-05,0.200092435988767,0.249126854678925,0.248014983419253,0.0326687895514764,0.852208237483518,0.683305996820181,"blue",0.719468592323152,1.11471946491432e-06,1.3316168987264e-05,TRUE,TRUE
"K02885","blue",0.0324848183489769,0.853031445516288,0.967562416164654,0.165936980882921,0.340756978884423,0.383812179893913,0.0345706076995998,0.843707402932143,0.501844864903722,-0.0486673216857881,0.781298124103966,0.744922708456456,-0.108091665233705,0.536529244467902,0.516597322291582,0.0282015857831667,0.872238836718448,0.996847020865946,0.698860802892273,3.02048869785255e-06,2.90322647971346e-05,0.178197827837168,0.30575398413316,0.261129671426753,0.0183237477895881,0.916791291569786,0.695279386128876,"blue",0.698860802892273,3.02048869785255e-06,2.90322647971346e-05,TRUE,FALSE
"K02887","black",-0.0124437243053032,0.943439863644178,0.980792611694877,0.259963780093045,0.131508964617841,0.264520004660338,0.465570735373653,0.0048259465712139,0.0155541329965477,0.0715693599872082,0.682864382629957,0.731064640794532,0.381491796458816,0.0237436167299318,0.119164848973999,0.00169823755672291,0.992274983876442,0.998168111332726,-0.137285295990524,0.431616485724604,0.364672547352204,0.225025173617287,0.193716920220909,0.227521512131305,0.255265885743684,0.138880658102708,0.343464808122352,"black",0.465570735373653,0.0048259465712139,0.0155541329965477,TRUE,FALSE
"K02889","blue",-0.0912270054136191,0.602231266753149,0.959685422460598,0.347627619876142,0.0407353316046346,0.161566889167786,0.218378460819327,0.207560598789744,0.213750184486726,0.26470300578316,0.124369587772753,0.37660226931791,0.161001703568164,0.355510192006362,0.447757808169976,0.204605920250613,0.238387076140132,0.91433593416675,0.554756829614833,0.00054324432886727,0.00193888197100084,0.351850597322759,0.038192652302103,0.132970034900974,0.0568358461563668,0.745713833895934,0.670640068304698,"blue",0.554756829614833,0.00054324432886727,0.00193888197100084,TRUE,FALSE
"K02893","blue",0.058757664275826,0.737413536845979,0.959685422460598,0.129514399432622,0.458376836689477,0.432724686613827,0.0296874539548366,0.865567013564238,0.508260720616595,-0.0738587514900161,0.673271734029651,0.730300955421961,-0.130515614904046,0.454880024875689,0.490183207645207,-0.0369247309112737,0.833208936173009,0.996847020865946,0.630387905428236,4.93399256065098e-05,0.000267590403511128,0.11309560389574,0.517720093395404,0.330356952451941,0.0256407408455189,0.883757620846118,0.687755128292492,"blue",0.630387905428236,4.93399256065098e-05,0.000267590403511128,TRUE,FALSE
"K02896","blue",-0.288861790848876,0.0923834855886873,0.724709891041615,-0.160947385448927,0.355674674085544,0.389260224699824,-0.106399603491254,0.542962783237437,0.391109432145774,0.108087051773259,0.536546735854437,0.687500544394389,-0.119587855405914,0.493811629781337,0.503930614646845,0.0550112278247658,0.75362047796975,0.996847020865946,0.53866073610643,0.000842925445691267,0.00282034135167691,0.275553059069266,0.109115350029427,0.196852975767569,-0.0231797008443085,0.894849637132593,0.690093717365277,"blue",0.53866073610643,0.000842925445691267,0.00282034135167691,TRUE,FALSE
"K02898","blue",-0.0530837270400668,0.761999773842624,0.964756824700076,0.0391838170975407,0.82316087552562,0.545807510517318,-0.0643239147721686,0.713540261571644,0.459011267732327,0.312842317713768,0.0672769100441959,0.314171748140669,0.214305685153378,0.216373666053875,0.374918649802074,0.145064689474877,0.405715199338588,0.986815669978367,0.489137514886703,0.00286495222108172,0.00784861900535084,0.272434717088603,0.113346976069981,0.199943014273937,0.0249569406342675,0.886837449861114,0.689340687145617,"blue",0.489137514886703,0.00286495222108172,0.00784861900535084,TRUE,FALSE
"K02900","blue",0.0226957925128743,0.897033009028381,0.973554656411546,0.253841379819195,0.141174747064963,0.269604342924281,0.052607984336516,0.764072080439252,0.476006468229026,-0.162106086075789,0.352175914048502,0.589584520080006,-0.0702013485570664,0.688619930470634,0.574879110749477,-0.131895952698099,0.450082694717173,0.986815669978367,0.540758249405229,0.000797011178282648,0.00270534997077496,0.262921059276782,0.127019356302966,0.203925984059529,0.0723759407193073,0.679479104113255,0.651962259880433,"blue",0.540758249405229,0.000797011178282648,0.00270534997077496,TRUE,FALSE
"K02901","blue",0.129548614518248,0.458257101488927,0.959685422460598,0.183713033137103,0.290779393866045,0.358566110142884,0.144001825163186,0.40920077074515,0.332553278709317,0.0232284358381376,0.89462978894252,0.774815156413682,-0.067578256554535,0.699703888368457,0.577202236084049,0.0505099007630537,0.773230265463726,0.996847020865946,0.629628253807906,5.07027897381754e-05,0.000273454091287627,0.19834129278634,0.253379169899091,0.249017357275649,0.0721105985251777,0.680592088484073,0.651962259880433,"blue",0.629628253807906,5.07027897381754e-05,0.000273454091287627,TRUE,FALSE
"K02903","red",0.131537080496516,0.451327308813871,0.959685422460598,0.68982653600326,4.55770758212477e-06,0.000168225262620172,0.0723045637210709,0.679778431307091,0.44850460347943,0.651671867727102,2.23058324380692e-05,0.00139109796697555,0.397413496972012,0.018076973748095,0.0991877005843745,-0.203890644550714,0.240067938253683,0.91433593416675,0.0316260783403338,0.856876018704305,0.52284490934743,0.153091248531085,0.379944105284275,0.288003449984143,0.208748633740671,0.228807832455517,0.439530864897831,"red",0.68982653600326,4.55770758212477e-06,0.000168225262620172,TRUE,FALSE
"K02906","tan",-0.0658856781032286,0.706888630408856,0.959685422460598,0.287211977993909,0.0943437950123447,0.227497043742613,0.534844184858863,0.000932496118034206,0.0051511041895426,0.0612666260024144,0.72662130954158,0.738772468073264,0.28676959165804,0.0948748057615909,0.253477850589944,-0.0538484155393693,0.758672250315254,0.996847020865946,-0.133692412697315,0.443880311758064,0.370519647961971,0.313356583740971,0.0668042339855218,0.168996424310622,0.650605070205446,2.32450775333772e-05,0.0015158478199288,"tan",0.650605070205446,2.32450775333772e-05,0.0015158478199288,TRUE,FALSE
"K02908","blue",0.383213632619765,0.0230675683477922,0.512514050599024,0.204090061931785,0.239598518695076,0.340781566961275,0.104441798801762,0.550452150078143,0.394697809779348,0.0972451679003696,0.578391066896393,0.703668744003946,0.0566774363604733,0.746399274687351,0.584189083452236,0.106902869392211,0.541045448435857,0.986815669978367,0.502681388870406,0.00208742061400969,0.00604230202731894,0.199452739815928,0.250674683022837,0.248730646138525,-0.138696904287244,0.426849919111379,0.571308289157415,"blue",0.502681388870406,0.00208742061400969,0.00604230202731894,TRUE,FALSE
"K02912","blue",0.0875289121107051,0.617086821113012,0.959685422460598,0.169319591225297,0.330864660149099,0.381847023839157,-0.0573585831961572,0.743453309540647,0.468676097143645,-0.0128015850612056,0.941816002863111,0.781120180378925,-0.0947210897092928,0.588338335895737,0.539517005252105,-0.0213001157557727,0.903334349315403,0.996847020865946,0.653172902925513,2.10424848609523e-05,0.000135713821916813,0.140031280700358,0.422371175565665,0.298554297348984,-0.0258140854130073,0.882977143058584,0.687755128292492,"blue",0.653172902925513,2.10424848609523e-05,0.000135713821916813,TRUE,FALSE
"K02917","blue",0.0169107930669135,0.923187829387987,0.975523076551505,0.310133024447869,0.0698105801261871,0.199417906811539,0.0152608829638269,0.930663052245869,0.524038379946262,0.212243398353921,0.220932805958818,0.47215777063629,0.209097070331382,0.228014233095196,0.382602801846198,-0.140227428552607,0.421715040336778,0.986815669978367,0.459490491668803,0.00548910919353881,0.0135247960080463,0.395763344495499,0.0186060419848226,0.0804475985585737,0.0283517673275614,0.871564092043926,0.685782466282245,"blue",0.459490491668803,0.00548910919353881,0.0135247960080463,TRUE,FALSE
"K02918","blue",0.0240806963782518,0.890786422614342,0.973539962800205,0.0764607272347971,0.662430639028184,0.506402340581182,-0.128077090908504,0.46342176236693,0.357702096093043,-0.200084223894865,0.249146684447001,0.501577212354677,-0.17047883260743,0.327515700231049,0.435321894085766,0.092786312265767,0.596013832443678,0.986815669978367,0.772714355466699,5.36201278378842e-08,1.57738962598794e-06,0.282918003936055,0.0995949535977856,0.192109096086842,-0.0604712238944897,0.730037223364108,0.667550176017229,"blue",0.772714355466699,5.36201278378842e-08,1.57738962598794e-06,TRUE,TRUE
"K02921","red",0.364551804132612,0.031310595844381,0.587018926596502,0.465782924848987,0.00480410991958696,0.0395095763561757,0.0591717636705356,0.735628831204679,0.467169854583761,0.319183614752819,0.0616286373067476,0.305209251791892,0.186599296537725,0.283133681190934,0.416725353929204,-0.302988107753931,0.0768511582182452,0.758525048392902,0.141095832180028,0.418816996563574,0.356965010614731,0.0675338714482432,0.699891972739566,0.382673482141813,0.248724792579162,0.149643854731449,0.359596542448734,"red",0.465782924848987,0.00480410991958696,0.0395095763561757,TRUE,FALSE
"K02927","blue",0.258804151971737,0.133301103772621,0.778383117310355,0.213241482821717,0.218718187655607,0.325615784537457,0.0850996010973819,0.626928042762882,0.429946754707415,-0.0733801804683742,0.675272842269242,0.731064640794532,-0.12495069962034,0.474496473195033,0.495931318294449,0.0152950987834305,0.930507969698332,0.996847020865946,0.697965282835803,3.14830084491101e-06,2.99640925116825e-05,0.220850018953029,0.202335154827585,0.231320734133384,0.0571778998509893,0.744234419298274,0.670640068304698,"blue",0.697965282835803,3.14830084491101e-06,2.99640925116825e-05,TRUE,FALSE
"K02930","blue",0.0589701819760084,0.736497448422833,0.959685422460598,0.183525081131356,0.291281827728605,0.358751872653994,0.0835756878887329,0.633134088817213,0.432325073344513,-0.099009236151039,0.571484064953449,0.702817026561333,-0.126167250416493,0.47017065453705,0.495931318294449,-0.0109300866472814,0.950310683836078,0.996847020865946,0.661275063063047,1.52755920640009e-05,0.000105172940018935,0.183964607989501,0.290107753834095,0.255589704664293,0.106532986840845,0.542454307160498,0.60605190557109,"blue",0.661275063063047,1.52755920640009e-05,0.000105172940018935,TRUE,FALSE
"K02932","blue",0.402192267724272,0.0166151846353814,0.479901916218601,0.225153840723135,0.193455478394037,0.310874360839603,0.0737497570254828,0.673727292728006,0.447571533999325,-0.101594569148824,0.561429678690838,0.701544118589963,-0.155608019002121,0.372065719598829,0.454671506089314,0.0352160432217792,0.840826297893408,0.996847020865946,0.603859637212124,0.000122654128492049,0.000586642496321407,0.194744345427595,0.262264078514827,0.251746533237719,0.051852651367308,0.76736557331139,0.675291667722317,"blue",0.603859637212124,0.000122654128492049,0.000586642496321407,TRUE,FALSE
"K02934","blue",0.118762732818566,0.49681863031916,0.959685422460598,0.0640962409298884,0.714511686777181,0.521906039866975,0.16932300602058,0.33085476415112,0.288762671383737,-0.026372536107377,0.880463478808466,0.774258371572228,-0.124703673922905,0.475377387558353,0.495931318294449,-0.0871899535682269,0.618456074555314,0.987136244631723,0.386631073258125,0.0217729321967757,0.042529042635471,-0.152309750692852,0.382410220083665,0.288003449984143,0.0746867939297513,0.669814549269065,0.647358354121297,"blue",0.386631073258125,0.0217729321967757,0.042529042635471,TRUE,FALSE
"K02936","blue",0.105067375692172,0.5480538103656,0.959685422460598,0.0723800961087493,0.679461679520196,0.510376701031097,-0.0798114535287233,0.648568912507169,0.43878197140244,-0.174369717077897,0.316429333662639,0.560017520764421,-0.11932433138751,0.494770981498277,0.503930614646845,0.0776009846036236,0.657700789898015,0.988692296438592,0.663666788904215,1.38719572792165e-05,9.78989159271574e-05,0.166593350499926,0.33882346521572,0.273886611229585,-0.25728556689483,0.135675163035582,0.339767734495499,"blue",0.663666788904215,1.38719572792165e-05,9.78989159271574e-05,TRUE,FALSE
"K02937","blue",0.290070223232929,0.0909675287924157,0.724709891041615,0.224193449209943,0.195412890518206,0.311629657976543,0.180246400494752,0.300135899694493,0.27379925676396,-0.0398509287574373,0.820198873600074,0.754008730515398,-0.177508589149615,0.307659029656911,0.428259998674353,-0.0057688397984145,0.973762573596279,0.996847020865946,0.679739924436911,7.09382170484897e-06,5.83610822080139e-05,0.197379069568657,0.255736142412646,0.249921742039477,0.0991653487566198,0.570874631447198,0.617918435341833,"blue",0.679739924436911,7.09382170484897e-06,5.83610822080139e-05,TRUE,FALSE
"K02938","blue",0.130808979863594,0.45385814996161,0.959685422460598,0.2107967843784,0.224169785319416,0.32995412632965,0.0378094409014005,0.829270696992982,0.497855573552761,-0.04878304327821,0.780790758387334,0.744922708456456,-0.0901468580115438,0.606554412262043,0.545447214199268,0.0618466192082892,0.724133745045749,0.99203460882552,0.670114718435121,1.06515188808769e-05,7.95414061586905e-05,0.193040145461026,0.26654444320274,0.251746533237719,0.0673885407548983,0.700507942497257,0.655720195284918,"blue",0.670114718435121,1.06515188808769e-05,7.95414061586905e-05,TRUE,FALSE
"K02940","blue",-0.0834724648757301,0.63355535651406,0.959685422460598,-0.0350111116284621,0.841740856256928,0.551011219684876,-0.11091041525338,0.525893728058087,0.385787554785719,-0.223848572408667,0.19611916478922,0.454634761239323,-0.178006892548126,0.30628097780079,0.428259998674353,0.019334141012896,0.912220301019201,0.996847020865946,0.724332226494297,8.69844414952843e-07,1.12591444509076e-05,0.0155215473130667,0.929481659776327,0.440771046604517,0.00223556650501981,0.989830869875611,0.711421830891961,"blue",0.724332226494297,8.69844414952843e-07,1.12591444509076e-05,TRUE,TRUE
"K02941","blue",0.284094973966416,0.0981340073280056,0.737517722132598,0.295426501933194,0.0848908793408221,0.215887641629529,0.185308356330003,0.286537169774906,0.266854131408118,0.0772302132938326,0.6592373468446,0.728939106604285,-0.0511620492014921,0.77038033156444,0.584258398378374,-0.0741583529791508,0.6720200940215,0.988692296438592,0.603938903486602,0.000122335541303156,0.000586642496321407,0.260469814375338,0.130732523811176,0.205061808400218,0.126232393255533,0.469939606839325,0.585779096911393,"blue",0.603938903486602,0.000122335541303156,0.000586642496321407,TRUE,FALSE
"K02943","blue",-0.0229090322239608,0.896070788766608,0.973554656411546,0.0758094490134922,0.665137964012515,0.506573284283366,0.00263398468273537,0.988018668003553,0.541829843948815,-0.0254117465476139,0.884788824445701,0.774258371572228,-0.0509692337199533,0.771222642579905,0.584258398378374,0.233906831620919,0.176246266712741,0.897287153931499,0.79166759471811,1.48583337646267e-08,6.86872122021957e-07,0.166351563839168,0.339534930370179,0.274053791965778,-0.0580387690619176,0.740515070640176,0.670640068304698,"blue",0.79166759471811,1.48583337646267e-08,6.86872122021957e-07,TRUE,TRUE
"K02947","blue",0.117889063852499,0.500012662655205,0.959685422460598,0.0755119220434337,0.666376155735177,0.506902228417142,0.0213824968831137,0.902962241704354,0.5183637307898,-0.0840322040012977,0.631272343857012,0.719001026825841,-0.14768223034733,0.397203682494876,0.462223592180585,0.0445277850600482,0.799504259823719,0.996847020865946,0.743525146475932,3.09998483477366e-07,5.01572126726707e-06,0.199051168611652,0.25164960082738,0.249017357275649,0.0575389817341599,0.742673682173349,0.670640068304698,"blue",0.743525146475932,3.09998483477366e-07,5.01572126726707e-06,TRUE,TRUE
"K02949","blue",0.0135390639647125,0.938470287572908,0.977385221372505,0.269066665690448,0.118054677613197,0.252922443736831,0.0793790582925815,0.650351313382126,0.439016667652488,-0.00561894302988507,0.974444098043194,0.78572953888437,-0.0259088840300022,0.882550361412282,0.616490290572948,-0.0929701782050464,0.595282545486046,0.986815669978367,0.644660190459042,2.91675150676429e-05,0.000171609198033431,0.192594606022607,0.267670999483063,0.251746533237719,0.0350721143229411,0.841468595169195,0.681270456641967,"blue",0.644660190459042,2.91675150676429e-05,0.000171609198033431,TRUE,FALSE
"K02951","blue",-0.0345520096941981,0.843790450753049,0.967562416164654,-0.102938682308245,0.556234864756771,0.469812944694649,0.200692121010625,0.247681636738086,0.240634815998525,0.0923309786679107,0.597826501729669,0.709356048577995,-0.283479676125723,0.0988957126773513,0.256502503941849,0.0482167711570359,0.783274346219268,0.996847020865946,0.521405237500453,0.00131840953952445,0.00412870371463214,0.335510063755394,0.0487983564378794,0.148750470139885,0.209203474307577,0.227772260535073,0.438330541090313,"blue",0.521405237500453,0.00131840953952445,0.00412870371463214,TRUE,FALSE
"K02953","blue",0.222997783128307,0.197869120863591,0.824980724999754,0.114873031971147,0.51111823991365,0.449339412188999,0.109432929621619,0.531455633615158,0.387703190572473,0.000412292087765171,0.998124521699508,0.790220194191785,-0.0450936107017732,0.797009324348041,0.587009013872708,-0.0564251691023714,0.747491232608926,0.996847020865946,0.616560158109286,8.0131811987078e-05,0.000409426960714635,0.206345984220336,0.234331151321533,0.241941715766853,0.096127322278373,0.582787136382188,0.618494199236361,"blue",0.616560158109286,8.0131811987078e-05,0.000409426960714635,TRUE,FALSE
"K02955","blue",0.061118238611129,0.727258179357941,0.959685422460598,0.230318800680659,0.183163954170877,0.308768814550151,0.128017805504767,0.463630484556473,0.357702096093043,-0.116315092953403,0.505793027802758,0.66855546960003,-0.107989641638668,0.536916118653914,0.516597322291582,0.0161973488592168,0.926419463661088,0.996847020865946,0.64718089508737,2.65071025832787e-05,0.000159831162372961,0.178636942737291,0.304544175969589,0.260717675397843,0.0848316857934801,0.628017304903642,0.634952990843569,"blue",0.64718089508737,2.65071025832787e-05,0.000159831162372961,TRUE,FALSE
"K02956","black",0.342357768700227,0.0440983670420644,0.619696805272895,0.104830723653339,0.548960508704352,0.466132321912987,0.489093553571478,0.00286783871092522,0.0106850313829634,0.0983611916887519,0.574017055562424,0.702817026561333,0.0238627658879913,0.891768975714008,0.617224546790252,-0.004454705089584,0.979738021207034,0.996983881657156,0.053752973099964,0.759087334402746,0.490074443374735,0.113807811498187,0.515069717387982,0.32988443511244,0.00314763775012947,0.985682409429925,0.711200269959224,"black",0.489093553571478,0.00286783871092522,0.0106850313829634,TRUE,FALSE
"K02957","blue",0.26443573724339,0.124764374986808,0.763998858849709,0.188563858861463,0.278004557230226,0.354414593294725,-0.0195725822159104,0.911141998133837,0.520294361428217,0.0430151758969982,0.806183441794544,0.749900796546093,0.0614476318698828,0.725844687100034,0.58161678693012,-0.107704793186363,0.537996973552017,0.986815669978367,0.528277654293094,0.00110639599388218,0.00354650002596709,0.255872925631948,0.137911417898049,0.209183154818832,0.228961531981412,0.185830105772155,0.391081452434026,"blue",0.528277654293094,0.00110639599388218,0.00354650002596709,TRUE,FALSE
"K02958","blue",0.0480016253999118,0.784218498303563,0.965234842017099,0.130015328108023,0.456625515688451,0.432319736220377,0.00879029313105736,0.96002969841093,0.534981507038745,-0.199777342382025,0.24988846659805,0.501577212354677,-0.0589476225828105,0.73659467704481,0.58161678693012,-0.10199018003053,0.55989837495303,0.986815669978367,0.603705437886978,0.000123276022199525,0.000586642496321407,0.219802126176349,0.204539362744858,0.23194641753115,-0.035636114504124,0.838952266529067,0.681270456641967,"blue",0.603705437886978,0.000123276022199525,0.000586642496321407,TRUE,FALSE
"K02960","blue",0.345136646319504,0.0422981847774496,0.611738976068297,0.286100811718941,0.0956818953672872,0.227497043742613,0.0723860697981609,0.679436630624193,0.44850460347943,-0.15987152140541,0.358941951669815,0.59103951209419,-0.0803921530042935,0.64617819747066,0.564672169851377,-0.0745684151768082,0.67030838945825,0.988692296438592,0.645916311833784,2.7812976955707e-05,0.00016667003879539,0.226630055447122,0.190473591085603,0.227385297256733,0.0283118282063697,0.871743524248869,0.685782466282245,"blue",0.645916311833784,2.7812976955707e-05,0.00016667003879539,TRUE,FALSE
"K02962","blue",-0.0184022672811502,0.916435975676943,0.975443604208019,0.12769016636332,0.464784882107841,0.43434289275582,0.00910666404070059,0.958592340715521,0.534981507038745,-0.0749259525957922,0.668817267375003,0.730215674333603,-0.105534109329714,0.546267658865359,0.522436885946953,-0.0382709102491791,0.827218107172085,0.996847020865946,0.775709079148993,4.41413478002208e-08,1.42839858081799e-06,0.138022312117269,0.429124148550178,0.301182102287257,0.0410980634197513,0.81466813219549,0.679264331444427,"blue",0.775709079148993,4.41413478002208e-08,1.42839858081799e-06,TRUE,TRUE
"K02964","blue",0.249086186317086,0.149033808657198,0.783893789195236,0.344258515464566,0.0428605224895916,0.165039931162943,0.0596041289030388,0.733766853898102,0.466933579948424,0.0215051159526014,0.902408420857641,0.774815156413682,-0.0509352541256553,0.771371108530979,0.584258398378374,0.120849200753307,0.489232919745507,0.986815669978367,0.600095658376016,0.000138667699860818,0.000647197829194279,0.238607498268908,0.167467291929513,0.221861204912969,0.0705528617779402,0.68713937332988,0.651962259880433,"blue",0.600095658376016,0.000138667699860818,0.000647197829194279,TRUE,FALSE
"K02966","blue",0.0814572603232533,0.641802255340072,0.959685422460598,0.177932752401819,0.306485764013941,0.36727542429611,-0.0503414932809705,0.773966693479801,0.478734527927646,-0.0375648982959136,0.83035886044975,0.757495311724228,-0.0877499396166515,0.616194643689914,0.549380536028176,-0.0977264130305617,0.576503099588286,0.986815669978367,0.589701395676232,0.000193080045509695,0.000833067034982085,-0.141250313393751,0.418302634183481,0.296470432819968,0.127554576007315,0.46526306427168,0.584301198134262,"blue",0.589701395676232,0.000193080045509695,0.000833067034982085,TRUE,FALSE
"K02969","blue",0.0978938598252332,0.57584684169755,0.959685422460598,0.222841488793071,0.198191777346987,0.312248013527323,0.112627869151397,0.519464352765605,0.382846351850122,-0.134548480514984,0.440941148552286,0.63951605796376,-0.166315239436565,0.33964189499736,0.442597960839535,-0.113216135852146,0.517271078846826,0.986815669978367,0.773912952659396,4.96212842140867e-08,1.50536944416941e-06,0.188027650083716,0.279398477653034,0.253866445061253,0.0487387896094027,0.780984772132123,0.676698370396686,"blue",0.773912952659396,4.96212842140867e-08,1.50536944416941e-06,TRUE,TRUE
"K02970","black",0.141464110487167,0.417591358476523,0.959128489173492,0.191421698204224,0.270651626030606,0.350309233846632,0.525749959672942,0.00118059524592628,0.00615961225221895,0.0334980839673319,0.848499347367174,0.763885923067477,0.0382773029274447,0.827189680768029,0.596142228132787,-0.0941576139306343,0.590569213755041,0.986815669978367,-0.0566586786494738,0.746480452177395,0.487713880630673,0.152762279034991,0.380981071463468,0.288003449984143,0.376682035636703,0.025719391670575,0.145510650660444,"black",0.525749959672942,0.00118059524592628,0.00615961225221895,TRUE,FALSE
"K02971","blue",-0.0692357856923693,0.692692680706602,0.959685422460598,0.18198215174752,0.295427419223283,0.360375821702877,-0.372044392858471,0.0277509340401214,0.0545968123184949,0.059394018006992,0.734671508957931,0.738772468073264,0.139976138733072,0.422555733932362,0.474120811334164,-0.109087208346241,0.532761173541047,0.986815669978367,0.580798626648594,0.000254116611672915,0.00102868452285546,0.111248132272465,0.524626410212968,0.332815420348755,0.0439027783858919,0.802262415931185,0.677848190020748,"blue",0.580798626648594,0.000254116611672915,0.00102868452285546,TRUE,FALSE
"K02973","blue",0.268092659780091,0.11944297904787,0.763998858849709,0.322397338232164,0.0589127281679021,0.183775082006566,-0.135603428361866,0.437333842516605,0.347650435757093,-0.242172819063761,0.161020854148766,0.424777414826299,-0.0853078970904291,0.6260817101531,0.554503949551001,-0.0221639549656237,0.899433492754236,0.996847020865946,0.422371093475965,0.0114858174240698,0.0250006974775809,0.22692847295368,0.189874744615448,0.227385297256733,0.113062510179112,0.517843410196753,0.598383005344419,"blue",0.422371093475965,0.0114858174240698,0.0250006974775809,TRUE,FALSE
"K02974","blue",-0.251412398035272,0.145150347396519,0.783893789195236,-0.321801992350269,0.059408569787644,0.183775082006566,-0.196282788079777,0.258439143452633,0.247772430758708,-0.0546859304776457,0.755032710969494,0.744922708456456,-0.0636324214974193,0.716492047936302,0.581346948482174,0.0296907165942289,0.865552373587003,0.996847020865946,0.69153877606252,4.22059042704961e-06,3.93971626420047e-05,0.0762325635294974,0.663378625523171,0.373731145197685,-0.0483281806063419,0.782785553155181,0.676698370396686,"blue",0.69153877606252,4.22059042704961e-06,3.93971626420047e-05,TRUE,FALSE
"K02975","blue",-0.143619065376469,0.41046014682376,0.957890339843897,0.0643503470144609,0.713427510711172,0.521906039866975,-0.114283564130178,0.513303026241533,0.380781938134904,-0.025952225262555,0.882355250797328,0.774258371572228,-0.066749156694427,0.703220135511458,0.577284037643968,0.0612698702259144,0.726607387539012,0.992474492474258,0.570349421846341,0.000347322987967991,0.0013433367070947,0.193146042905263,0.266277137483625,0.251746533237719,-0.0107447460763157,0.951152248004584,0.70286888108067,"blue",0.570349421846341,0.000347322987967991,0.0013433367070947,TRUE,FALSE
"K02976","blue",-0.0768389848688666,0.660860170881951,0.959685422460598,0.257330887570012,0.135603863855058,0.266567491954285,0.106508763065662,0.542546634769413,0.391109432145774,0.0817390391484542,0.640646554655359,0.722253870629454,-0.0198218454604222,0.910014921585811,0.619031313635149,0.142306435535687,0.414795673073831,0.986815669978367,0.521515312308082,0.00131475052648688,0.00412870371463214,-0.0772995454646437,0.658949914737162,0.371763817661557,0.014716432998597,0.933131095413869,0.699300102510737,"blue",0.521515312308082,0.00131475052648688,0.00412870371463214,TRUE,FALSE
"K02977","blue",-0.0825290966303125,0.637410612131502,0.959685422460598,-0.227048305489378,0.189634644445419,0.310413612152768,0.0654846258762438,0.708594720039173,0.45770057530683,0.00598865003662586,0.972763211968239,0.78572953888437,-0.083655369892013,0.632808972883221,0.55648092447216,0.128704979611915,0.461214264104866,0.986815669978367,0.576978212220675,0.000285218676726186,0.00114890995671925,0.231807060656084,0.180271687241702,0.223853447194547,0.0517194520772533,0.767946782402036,0.675291667722317,"blue",0.576978212220675,0.000285218676726186,0.00114890995671925,TRUE,FALSE
"K02980","pink",-0.0336870369148932,0.84765472907073,0.967562416164654,0.11860513175093,0.497394033742395,0.445368478243607,0.121582437280818,0.486581315090756,0.367600703476387,0.238734079402821,0.167235303434417,0.428880343226145,0.177485337891517,0.307723426135822,0.428259998674353,-0.22002423143906,0.204070786594527,0.904298900430545,0.0492263896388766,0.77884779136189,0.498416127978579,0.571514153924705,0.000335607914235132,0.00386092987366348,0.0497674118376638,0.77647854527937,0.676698370396686,"pink",0.571514153924705,0.000335607914235132,0.00386092987366348,TRUE,FALSE
"K02981","blue",0.213074490708287,0.219087657827662,0.838143291424587,0.0990757936189696,0.571224201343133,0.475205765533216,-0.0018466288908534,0.991599997815443,0.542118201619119,-0.0506246683044916,0.772728510702122,0.744922708456456,-0.158205302498299,0.364037441162567,0.4525744174196,0.0566354209657078,0.746581107864024,0.996847020865946,0.496131145086258,0.00243673386187781,0.00687661532858346,-0.200008931100088,0.249328543237142,0.248014983419253,0.00644511498222071,0.970688037756487,0.706640178659475,"blue",0.496131145086258,0.00243673386187781,0.00687661532858346,TRUE,FALSE
"K02983","black",0.0635668116242075,0.716772328397093,0.959685422460598,0.182812545608518,0.293191631855458,0.359584320205698,0.406471018611491,0.0153916056487648,0.0357013129282101,0.115455392900496,0.508964353296258,0.66952191750081,0.231878140376942,0.180134366095035,0.347836402325426,-0.00549368385677199,0.975013618242731,0.996847020865946,0.0899836815186475,0.607208652943558,0.440561876661287,0.22205161323837,0.199828022325284,0.229887898427283,0.333437412167216,0.0502973748849631,0.207209790669062,"black",0.406471018611491,0.0153916056487648,0.0357013129282101,TRUE,FALSE
"K02984","blue",0.174989967702264,0.314684013400336,0.895533419956602,0.184797561226544,0.287891095754218,0.357816526568752,0.141821312917079,0.416404509208363,0.336957778852766,-0.0568937095842068,0.74546350608323,0.744922708456456,-0.0709213609881443,0.685588499823787,0.573474890726554,-0.085566275590183,0.625032538553729,0.987136244631723,0.757210756861547,1.40360259880649e-07,2.78082179562414e-06,0.222075376788031,0.199778658757707,0.229887898427283,0.0796759473150317,0.649127284382862,0.640469696950189,"blue",0.757210756861547,1.40360259880649e-07,2.78082179562414e-06,TRUE,TRUE
"K02985","blue",0.282654431254066,0.0999243759150205,0.744258866934882,0.263960667044292,0.125468408892276,0.25796681197937,0.0207328797045618,0.905897045536808,0.519101824008642,-0.0613970296946462,0.72606177338729,0.738772468073264,-0.138946310613796,0.426010803819953,0.475126652410028,-0.00913990067573557,0.958441345164241,0.996847020865946,0.587939036823692,0.000203999251707182,0.000864804950701583,0.176182826816036,0.311344433164322,0.262219845864461,0.0287225499727235,0.869898600108751,0.685637078290536,"blue",0.587939036823692,0.000203999251707182,0.000864804950701583,TRUE,FALSE
"K02987","blue",0.307426489252936,0.0724156370390473,0.724709891041615,0.385269330227045,0.0222813859564572,0.113611770628081,0.258641182671228,0.13355440087941,0.156621140949023,0.107777228934671,0.537722018025159,0.687574970965252,0.00024552717004476,0.998883119142325,0.642200115174974,-0.0199522923794084,0.909425157379361,0.996847020865946,0.538773290993599,0.000840403545612913,0.00282034135167691,0.309691099569711,0.0702308498285203,0.17193690262625,0.179425320219797,0.302379728640441,0.491631811673748,"blue",0.538773290993599,0.000840403545612913,0.00282034135167691,TRUE,FALSE
"K02989","blue",0.307628093357217,0.0722190137653839,0.724709891041615,0.455084785254015,0.00601730771823586,0.0454547815943781,0.419988295532217,0.0120112326290612,0.0297710067790434,0.119142229697825,0.495434472165429,0.663816779517349,0.0448985260258279,0.797869303076809,0.587009013872708,-0.149268031813575,0.39209746651839,0.986219026816212,0.446044469579779,0.00723908093716373,0.0169749368105859,0.362248185197431,0.0324772002691061,0.124250811071145,0.300116211534005,0.0798318492313988,0.262575927368012,"blue",0.446044469579779,0.00723908093716373,0.0169749368105859,TRUE,FALSE
"K02990","black",-0.0727388920075903,0.677957774779262,0.959685422460598,0.332311712576614,0.05112680942647,0.1751422008162,0.509023229786519,0.00179175449481499,0.00813478514046544,0.354714733700933,0.0365425364896336,0.236853025593094,0.292123863336014,0.0885994613450128,0.246173316732961,-0.190187072719737,0.273812439788211,0.930619645693408,-0.374960204766854,0.0264588374893309,0.0494912560599577,0.299457958008846,0.0805274936372925,0.179054308899787,0.319302394527244,0.0615265287614657,0.228135063960257,"black",0.509023229786519,0.00179175449481499,0.00813478514046544,TRUE,FALSE
"K02991","blue",0.122153377562542,0.484521764798152,0.959685422460598,0.33633245653425,0.0482135735529543,0.171316245496626,0.133312768055475,0.445187163552846,0.349468410863955,-0.00715879744513166,0.967443889369376,0.78572953888437,-0.0658139911416592,0.707193486384079,0.578516050285877,-0.143972832932014,0.409296085663256,0.986815669978367,0.575579417588357,0.000297429313075631,0.00118336580841852,0.21340616707333,0.218354241858524,0.234530940105001,0.111875706512395,0.522275342257286,0.598790306312237,"blue",0.575579417588357,0.000297429313075631,0.00118336580841852,TRUE,FALSE
"K02993","blue",-0.0361779654878253,0.836536235978141,0.967562416164654,0.0576077072648808,0.74237673758642,0.525329794728703,-0.0277166912550546,0.874418002981934,0.5104375567385,-0.046147533865038,0.792367473197297,0.744922708456456,-0.149413050362403,0.39163241600431,0.461743819878117,-0.168914442785897,0.332040066950711,0.96387906242267,0.712586471338964,1.56985888082177e-06,1.69333614943758e-05,0.13977611629993,0.423225580518924,0.298819350645446,-0.0124823501982777,0.943264580449603,0.700673489640648,"blue",0.712586471338964,1.56985888082177e-06,1.69333614943758e-05,TRUE,TRUE
"K02995","blue",0.333493633042966,0.0502562340224459,0.650275768102696,0.188233548997375,0.278862690902896,0.354414593294725,0.103843735152791,0.552749606355487,0.3960444673714,0.0856860510829638,0.624546423788868,0.718178159620376,-0.0211369169262535,0.904071562418276,0.619031313635149,-0.122857692230754,0.481987315589616,0.986815669978367,0.599196423347063,0.000142760738300911,0.00066311304907271,0.18416176537843,0.28958209097996,0.255589704664293,0.0973753190312911,0.577880199070322,0.618337046344086,"blue",0.599196423347063,0.000142760738300911,0.00066311304907271,TRUE,FALSE
"K02996","black",0.384562038766462,0.0225493373148597,0.512339273119295,0.332947534638068,0.0506569935382953,0.1751422008162,0.54738870410855,0.000666072946831657,0.00398103161749143,0.317703706464388,0.0629120817502213,0.306088426720577,0.263645609001014,0.125936936980194,0.292935415808542,-0.0858652313553655,0.623819502669809,0.987136244631723,-0.337321128670242,0.0475179982544552,0.0799479623330904,0.300201847571153,0.0797416922180984,0.178085995669144,0.390724236936272,0.020302231763365,0.128115154600045,"black",0.54738870410855,0.000666072946831657,0.00398103161749143,TRUE,FALSE
"K02997","blue",0.0650940916111807,0.71025740710678,0.959685422460598,0.141059874842255,0.41893677141794,0.417479743080767,0.180859797255435,0.298466550428334,0.273478036132159,-0.0357489138537985,0.838449191417253,0.760629000025755,-0.101117418165358,0.563279168247863,0.529457926777684,0.0446457310233573,0.798984030329255,0.996847020865946,0.651245172097637,2.26773013049755e-05,0.000142953806712371,0.224219623584551,0.195359360634971,0.228052124882412,0.105882098639829,0.544937725156946,0.607183963179069,"blue",0.651245172097637,2.26773013049755e-05,0.000142953806712371,TRUE,FALSE
"K03006","blue",-0.0433937625711002,0.804510443049017,0.967562416164654,0.0801884632211723,0.647016384462418,0.503680462712337,-0.0173572519666846,0.921166149963422,0.522464771386841,-0.154731956253293,0.374797077357363,0.602659529170022,-0.269428741862707,0.117541681134029,0.281747510176005,0.135200462324229,0.43870983509508,0.986815669978367,0.685806654860764,5.44781980379965e-06,4.69975327315779e-05,0.105583780571425,0.546077733192258,0.335276533234217,-0.0426120158566541,0.807965962203969,0.67824901061035,"blue",0.685806654860764,5.44781980379965e-06,4.69975327315779e-05,TRUE,FALSE
"K03010","blue",-0.124949736969957,0.474499904426547,0.959685422460598,0.0829394602534257,0.635732424611656,0.499471592327246,-0.0167976739098786,0.923700137346946,0.522464771386841,-0.179380276045727,0.302503131416256,0.546322653064322,-0.206124321142726,0.234845219062274,0.385380587359609,0.0812236447295565,0.64276104511768,0.988692296438592,0.729622713974421,6.60205741464338e-07,9.02705364220731e-06,0.0477632368254891,0.785265003696535,0.402786292478723,-0.0388944037878971,0.824446632232541,0.681109472201336,"blue",0.729622713974421,6.60205741464338e-07,9.02705364220731e-06,TRUE,TRUE
"K03013","black",-0.136940283489227,0.432785943801334,0.959685422460598,0.254546076770879,0.140036424664188,0.269604342924281,0.400015428351593,0.017268295496482,0.0382798997387249,0.214699792615733,0.215509810140731,0.467116593996411,0.250504546489865,0.146657054926479,0.316057925004105,0.336234577912357,0.0482828768845848,0.658852170401461,-0.0161121667688595,0.926805384923397,0.53993950691406,0.244608468422191,0.15672099427244,0.217871227674499,0.134044340236964,0.442670739014454,0.57733566336873,"black",0.400015428351593,0.017268295496482,0.0382798997387249,TRUE,FALSE
"K03021","black",0.105837545399428,0.545107911580901,0.959685422460598,0.577077817309307,0.000284366499843365,0.00439385397376638,0.605423398979377,0.000116504727554744,0.00126460593294328,0.200360122681554,0.248481046908314,0.501577212354677,0.209302676705163,0.227546822270684,0.382602801846198,-0.00957567437499064,0.956461738820062,0.996847020865946,0.312724037213396,0.0673859952270526,0.102687994494018,0.648478459394155,2.5225133677152e-05,0.000500590145186468,0.246113113241785,0.154106557322998,0.363005813085127,"black",0.605423398979377,0.000116504727554744,0.00126460593294328,TRUE,FALSE
"K03030","blue",0.0381913922943102,0.827571718712546,0.967562416164654,0.147657884635732,0.397282371534716,0.41118967404906,0.177648425029349,0.307271920866767,0.277750662098995,-0.0542752000523989,0.756816955319704,0.744922708456456,0.150240489508026,0.388985068822695,0.460572046660149,-0.193853550115519,0.264495767186731,0.930619645693408,0.375423217912917,0.0262582948574575,0.0492109598681156,-0.0496463058685577,0.777008721476304,0.400510571031258,0.359474021269088,0.0339289655384858,0.167484685655936,"blue",0.375423217912917,0.0262582948574575,0.0492109598681156,TRUE,FALSE
"K03031","black",-0.0268636060358961,0.878254052696796,0.96985564641893,0.284764740275335,0.0973099612338619,0.229712524789002,0.559920012097368,0.000469600487939188,0.00326704965499998,0.270586792669347,0.11591213136575,0.372544544368397,0.448655615273369,0.00686614340930236,0.0586518930928742,-0.08913959558032,0.610597720667151,0.987018841867651,0.0569426163918035,0.745251946238301,0.487713880630673,0.341423010538088,0.0447175871276866,0.144884220338027,0.546305644728928,0.00068606226258517,0.0157415675291346,"black",0.559920012097368,0.000469600487939188,0.00326704965499998,TRUE,FALSE
"K03033","blue",-0.0107136516796369,0.951293441472545,0.983646500042912,0.11349389619502,0.516237078162031,0.451504170399525,-0.323946050280954,0.0576381990539956,0.0878584964014518,-0.129830308794488,0.45727195258021,0.648727251841805,-0.0865109267859849,0.62120286463996,0.551937854935003,0.0513545066046671,0.769539842311979,0.996847020865946,0.510330066656578,0.00173560812836991,0.00518433897042972,-0.23517441176292,0.173847377069951,0.221863862010585,0.00966500604591912,0.956055959569053,0.703845851247279,"blue",0.510330066656578,0.00173560812836991,0.00518433897042972,TRUE,FALSE
"K03034","blue",0.0629681431336215,0.71933147194074,0.959685422460598,-0.127449290474255,0.465634551197866,0.43434289275582,-0.135546853264025,0.437526884232041,0.347650435757093,-0.263327505749077,0.126411310905781,0.37951740365724,-0.207347005570793,0.232019114223564,0.383034173355235,-0.0714349815774216,0.683428972532339,0.988692296438592,0.672795134180974,9.52570598927134e-06,7.28146098791667e-05,0.207092482537347,0.232605510810209,0.241306278184314,-0.107893132237341,0.537282206050889,0.603538738173244,"blue",0.672795134180974,9.52570598927134e-06,7.28146098791667e-05,TRUE,FALSE
"K03036","black",-0.143557606965026,0.410662564884711,0.957890339843897,0.176267895662097,0.311107125484427,0.369893066318647,0.475738251826279,0.00387087604172849,0.0130086989442213,0.364740810447538,0.0312164206355784,0.226612186542621,0.164547429227683,0.344872459890451,0.446282267920311,-0.157236544889293,0.367019737379559,0.981034169908892,-0.125034094881204,0.474199271890675,0.38522818330234,0.18744553023,0.280916869095245,0.253866445061253,0.374396020511585,0.0267049032610324,0.147713842644074,"black",0.475738251826279,0.00387087604172849,0.0130086989442213,TRUE,FALSE
"K03037","tan",0.0775118658243647,0.658069991885729,0.959685422460598,0.236934755762036,0.170554648354126,0.299625735070718,0.41170979261544,0.0139973102244256,0.0330457425980046,0.36425982300789,0.0314565364995604,0.226948682489197,0.167411678889464,0.336422283917457,0.440981222647917,-0.610063209734467,9.98547608602152e-05,0.032088830900842,-0.327711409554051,0.0546305342781429,0.0885388140753989,0.203981461729154,0.239854082099863,0.245038827632059,0.549295312029502,0.000632134692569562,0.0150620639597978,"tan",0.549295312029502,0.000632134692569562,0.0150620639597978,TRUE,FALSE
"K03038","tan",0.253626946087729,0.141522471634147,0.783573301412066,0.309101373989943,0.0707947578684261,0.200536447329064,0.397022290552267,0.0182012515185033,0.0400805823115652,0.295687032066203,0.084603501409488,0.33918723676185,0.455260790824224,0.00599539879712597,0.0559499415444461,0.237109314120806,0.170230581753093,0.893968479327604,-0.124495867634236,0.476119104366145,0.386261330556392,0.274223985923718,0.11090410615233,0.198277514596183,0.52160285291196,0.00131184695436789,0.026645970434848,"tan",0.52160285291196,0.00131184695436789,0.026645970434848,TRUE,FALSE
"K03039","pink",-0.0792213286230252,0.651001975559451,0.959685422460598,0.307686222446856,0.072162398306655,0.202185297124598,0.24009246340173,0.164760238809034,0.178839760312003,0.633070671740988,4.47874258864375e-05,0.00227590588932593,0.394433382090242,0.0190417951469809,0.102492435038294,-0.0795466650494378,0.649660184981157,0.988692296438592,0.0094204407485255,0.95716689596683,0.549613218707555,0.716647241270695,1.28423295098139e-06,5.99658091352062e-05,0.29543825413444,0.0848778998756846,0.267463973060939,"pink",0.716647241270695,1.28423295098139e-06,5.99658091352062e-05,TRUE,TRUE
"K03046","black",-0.1070215152255,0.540593903754139,0.959685422460598,0.223937958764195,0.195935939206591,0.311721814792499,0.385064216195575,0.0223588185006098,0.0464053842257555,0.15230537566271,0.382424052327812,0.607337852230175,0.0963016285087148,0.582100677566487,0.537548214573387,-0.109858602952425,0.529850300280558,0.986815669978367,-0.290963639962004,0.0899314296084353,0.126345135354085,0.220479146081546,0.203113378197382,0.231320734133384,0.13591014260405,0.436288107186384,0.576881720418271,"black",0.385064216195575,0.0223588185006098,0.0464053842257555,TRUE,FALSE
"K03062","tan",0.216859764834315,0.210817383494042,0.829981387866013,0.0404608259033517,0.81749304392748,0.544762183726384,0.0306875653507221,0.861081439020793,0.50700098124751,0.371291924728482,0.0280926677558532,0.221059126006553,0.0672063840831361,0.701280260816948,0.577284037643968,-0.293028508896214,0.0875714638884166,0.779155822395204,-0.0458857074526534,0.793520001090001,0.501953379685454,-0.0259230278974154,0.882486688763642,0.42829881892627,0.562270316345288,0.000439122711097146,0.0126530623711712,"tan",0.562270316345288,0.000439122711097146,0.0126530623711712,TRUE,FALSE
"K03065","red",0.0513992719951965,0.769344382366103,0.964756824700076,0.494780656373395,0.0025147774670648,0.0235279552168101,0.252683552140024,0.143059729767854,0.164352570839209,0.33569654445019,0.0486652594986871,0.286566278520435,0.471523814171989,0.00424478595834701,0.0454754206298577,0.0401803417292261,0.818737166017962,0.996847020865946,0.125659073093637,0.471975103145457,0.384386308186928,0.171058710825306,0.325848379052419,0.26748405687398,0.259913295040807,0.131586613650976,0.333411869592219,"red",0.494780656373395,0.0025147774670648,0.0235279552168101,TRUE,FALSE
"K03083","blue",0.170625492215564,0.327093512477514,0.905516065692544,0.199273576166754,0.251109337929193,0.345627919343656,0.0665763164049751,0.703953924502045,0.456263367658201,-0.09974913123183,0.56859827682327,0.702817026561333,-0.05903170899997,0.736232293849066,0.58161678693012,-0.0199723906608353,0.909334295164771,0.996847020865946,0.651821638036519,2.21767603133171e-05,0.000140712197970061,0.187291644130445,0.281319154076362,0.253866445061253,-0.00389735325366819,0.982272678762259,0.711200269959224,"blue",0.651821638036519,2.21767603133171e-05,0.000140712197970061,TRUE,FALSE
"K03088","black",0.125031206119527,0.474209565133817,0.959685422460598,0.199482239176087,0.250603164987606,0.345627919343656,0.495362040611329,0.00248091662432117,0.00992729860478924,0.125041233572642,0.4741738357889,0.652467378460092,0.087650685968932,0.616595214203755,0.549380536028176,0.000906689864168266,0.995875566165903,0.998168111332726,-0.305662333474926,0.0741540865286551,0.110411057306738,0.194117010908434,0.263834429023496,0.251746533237719,0.148167230596447,0.395637957017095,0.54832574471875,"black",0.495362040611329,0.00248091662432117,0.00992729860478924,TRUE,FALSE
"K03094","blue",-0.120060657774093,0.492092789107669,0.959685422460598,0.152876088304351,0.380622138513249,0.402846169275065,0.138808389523598,0.426474719029141,0.342757008794398,-0.218973275846586,0.206294577763292,0.45848455289369,-0.101790456453646,0.560671209979301,0.528339553092244,-0.0807982306906006,0.644508459216094,0.988692296438592,0.66136431671462,1.52209782400579e-05,0.000105172940018935,0.27048837045235,0.116049964097068,0.200237100559851,0.0075297867115924,0.965757702934393,0.706530454120102,"blue",0.66136431671462,1.52209782400579e-05,0.000105172940018935,TRUE,FALSE
"K03097","blue",0.160282609272429,0.357691406403731,0.923814019817684,0.0945351179665621,0.589074212889518,0.482903945489353,-0.122722537819372,0.482473129733323,0.365930425488487,-0.413728209464669,0.0134892574290464,0.146651905800022,-0.133894329550122,0.443186104839942,0.48458081904329,-0.119409223134828,0.494461831810389,0.986815669978367,0.447186263864882,0.00707392522406438,0.0166681854507373,-0.190653344513286,0.272615903702682,0.253866445061253,-0.101269118079895,0.562690859036271,0.614801630822525,"blue",0.447186263864882,0.00707392522406438,0.0166681854507373,TRUE,FALSE
"K03099","blue",-0.40742344166711,0.0151297915617295,0.471503811839649,-0.0442167928685105,0.800876373256208,0.540878423220198,-0.224735735666595,0.194305940185641,0.203319642043251,-0.208752011868997,0.228800129438165,0.480734229197651,-0.15281611109307,0.38081127061847,0.456718230665084,-0.117625691430589,0.500977555741651,0.986815669978367,0.67842190939398,7.50650033155364e-06,6.0726931521376e-05,0.147087402211768,0.399128822633224,0.291928076339919,-0.207057711918384,0.232685696752703,0.440155966485959,"blue",0.67842190939398,7.50650033155364e-06,6.0726931521376e-05,TRUE,FALSE
"K03106","black",-0.13856806697859,0.427283745513383,0.959685422460598,0.242288549160516,0.160814642876553,0.294169357976123,0.400113026731075,0.0172385605483781,0.0382798997387249,0.120948309603964,0.488874079016427,0.66279383412288,0.21807458271831,0.208209451451129,0.37065250807918,0.221968851767466,0.200000007456885,0.904298900430545,-0.0827767582485106,0.636397583829249,0.449867714225744,0.189317992677412,0.2760517754713,0.253866445061253,0.0196304803030001,0.910880189032998,0.694226755943615,"black",0.400113026731075,0.0172385605483781,0.0382798997387249,TRUE,FALSE
"K03111","black",-0.0912331603310103,0.60220667050459,0.959685422460598,0.378489265757905,0.0249616847499893,0.120643120298251,0.611864574810512,9.39902735514213e-05,0.00115271808643406,0.235614053930073,0.173020814946651,0.434124521455948,0.0945943062736508,0.588839965015295,0.539532948281722,-0.22849190778497,0.186758951505032,0.899036841550613,-0.190944252373412,0.271871113526929,0.270715957744425,0.279346663703673,0.104129311757148,0.194488030522431,0.51930510110307,0.0013899567702562,0.027447932031498,"black",0.611864574810512,9.39902735514213e-05,0.00115271808643406,TRUE,FALSE
"K03115","red",0.219166843073594,0.205883739659431,0.829981387866013,0.550852651304053,0.000605560318445546,0.00753103522234485,0.23959231233529,0.165668468583195,0.179002602035706,0.131149802471903,0.45267251860176,0.647630783598588,0.0540618073432607,0.757744438422763,0.584258398378374,0.165563618434361,0.34185981954612,0.96645390586248,0.189022054934169,0.276817021173055,0.273656884406702,0.173686054852847,0.318360091686831,0.263517113396375,0.11097338475073,0.525657315390693,0.598790306312237,"red",0.550852651304053,0.000605560318445546,0.00753103522234485,TRUE,FALSE
"K03120","black",-0.119216638994245,0.495163305866895,0.959685422460598,0.344697117532251,0.0425789018479556,0.165039931162943,0.410744914908205,0.0142458089950125,0.0335485429851178,0.119518185561858,0.494065168509082,0.663577571033622,-0.00991197856095215,0.95493417102131,0.631435173410858,-0.0739602983189454,0.672847406686081,0.988692296438592,0.450599097785267,0.00659935942438509,0.015897242941253,0.314085488958718,0.0661387482739993,0.168996424310622,0.227416195351964,0.188898862043953,0.39602268700834,"black",0.410744914908205,0.0142458089950125,0.0335485429851178,TRUE,FALSE
"K03122","black",0.0488440500179648,0.780523318376466,0.964756824700076,0.195081342812066,0.261423050542668,0.346051968165214,0.671872975393098,9.90018317789261e-06,0.000286926091094984,-0.147913121008907,0.396457854570533,0.615367734449513,-0.322455090980153,0.058864802874494,0.194791454930501,0.343826692572918,0.043139255105939,0.630501784404964,0.0813681140127897,0.642168056682488,0.451092629100207,0.225016309287339,0.193734940973222,0.227521512131305,-0.111296338564986,0.524445632894186,0.598790306312237,"black",0.671872975393098,9.90018317789261e-06,0.000286926091094984,TRUE,FALSE
"K03124","blue",-0.254464705642386,0.14016752139878,0.783573301412066,-0.0922591495590794,0.598112669195693,0.484840191090929,0.196130755050248,0.258815482838772,0.247881580837969,-0.217324008295503,0.209818113671442,0.459741285729768,-0.284388763504365,0.0977718918265294,0.256318148109604,0.2885390282995,0.092764517023691,0.784199551229544,0.526745587266796,0.00115086182440583,0.00365112610192062,0.292122329944863,0.088601211657827,0.187323938488218,0.15678905096212,0.368402225074332,0.533261439534563,"blue",0.526745587266796,0.00115086182440583,0.00365112610192062,TRUE,FALSE
"K03128","pink",0.126115871054505,0.470352928332619,0.959685422460598,0.546382467955383,0.000684627079167159,0.00821384058224945,0.330050616903672,0.0528258054738457,0.0834210905073276,-0.070242380082917,0.688447048822932,0.731064640794532,-0.242381369404852,0.160649390602139,0.335965170414894,-0.241762386371647,0.161753710717669,0.88110903560902,0.092385975821786,0.597607432946951,0.437519628440368,0.672180667546154,9.77377057466716e-06,0.000258612609344911,0.183729746305375,0.290734743107348,0.490131022917609,"pink",0.672180667546154,9.77377057466716e-06,0.000258612609344911,TRUE,FALSE
"K03131","red",0.162031469429256,0.352400595044789,0.92113157045644,0.833700263365202,5.0433540688662e-10,2.57158323448983e-07,0.431332414412786,0.00968034689077738,0.0254640448619112,0.348517274866231,0.0401885984994805,0.252934650409718,0.0845670231854053,0.62909410184119,0.55584639704988,-0.0961085913873824,0.582860924452628,0.986815669978367,0.103383323849745,0.554521322356621,0.421795546028181,0.359014779650034,0.0341743197596039,0.12644414041369,0.451350400180432,0.00649863531490212,0.0691289739062545,"red",0.833700263365202,5.0433540688662e-10,2.57158323448983e-07,TRUE,TRUE
"K03146","blue",-0.0400678837406681,0.819236109727281,0.967562416164654,0.0922609853783219,0.598105354545685,0.484840191090929,0.162998459657866,0.349495560409338,0.297863877646865,-0.222850710533626,0.198172729659993,0.456789685643803,-0.182145791225559,0.294985970307614,0.419743523394768,0.242905672575705,0.159718246133806,0.88110903560902,0.559510798640069,0.000475095026249454,0.00172095995515596,-0.118564446828957,0.497542629835771,0.323245545033358,-0.0464498922311186,0.791037066895079,0.676698370396686,"blue",0.559510798640069,0.000475095026249454,0.00172095995515596,TRUE,FALSE
"K03178","blue",-0.0418018058498426,0.811551069994946,0.967562416164654,0.0245700062051464,0.88858092378334,0.563889143766521,-0.054483195160289,0.755913253529041,0.473370879085359,-0.128656760707197,0.46138359069902,0.649552406772992,-0.154345723478818,0.376005004556621,0.454671506089314,0.109732667893696,0.53032499173125,0.986815669978367,0.681176669550663,6.66758991982057e-06,5.62854465616619e-05,0.228214826003032,0.187308508966881,0.226455177523471,-0.0981790549842901,0.574729879261972,0.618152877672231,"blue",0.681176669550663,6.66758991982057e-06,5.62854465616619e-05,TRUE,FALSE
"K03183","blue",-0.249958373583532,0.147568984106154,0.783893789195236,-0.084396929151142,0.62978653789174,0.498254899773497,-0.242984002147851,0.159579470386195,0.176255153311828,-0.0364948241879623,0.835124091203461,0.760080912255734,0.088763689275398,0.612109583330907,0.54867139449349,-0.0432337738130176,0.805217339899255,0.996847020865946,0.572254095370744,0.000328349703210699,0.00128015440826642,0.0693857857145579,0.692059420094844,0.380362776756744,0.044030340245559,0.801699293071008,0.677848190020748,"blue",0.572254095370744,0.000328349703210699,0.00128015440826642,TRUE,FALSE
"K03215","black",-0.0800258000840169,0.647686052979755,0.959685422460598,0.17866729505671,0.304460664248249,0.366571673919593,0.451449304353174,0.00648547432661888,0.0194429477770213,0.0491634598978915,0.77912350121616,0.744922708456456,-0.139272980514001,0.424913128820369,0.474853080538627,0.149934966153983,0.389961362320818,0.984821788630755,-0.220704933709648,0.20263934820552,0.22667583720245,0.178746491267373,0.304242831162342,0.260717675397843,0.0287726241837564,0.869673717374121,0.685637078290536,"black",0.451449304353174,0.00648547432661888,0.0194429477770213,TRUE,FALSE
"K03231","black",0.244271067858266,0.157311629517726,0.783893789195236,0.37728409872435,0.0254648896086653,0.121919540408816,0.655178678139207,1.94555991519832e-05,0.000424306747370457,-0.0412905675820579,0.813815199914047,0.753932907702565,-0.0333808244675449,0.849023579970117,0.605420561702959,-0.170085184140501,0.328650559559586,0.961100365505327,0.342421565121856,0.044056358674604,0.0756213923454246,0.481705906303346,0.00339034122494589,0.0244658064632731,0.556611890530295,0.000515682893930062,0.0140590737688749,"black",0.655178678139207,1.94555991519832e-05,0.000424306747370457,TRUE,FALSE
"K03233","blue",0.109192495226359,0.532363417099811,0.959685422460598,-0.0424167480454146,0.808829656267814,0.542394613760413,-0.184120121011944,0.289693072585264,0.26846943267079,-0.234483797870978,0.175151459593939,0.434124521455948,-0.229361907876346,0.18504079858466,0.35225177840367,0.286440976790416,0.0952707286701286,0.793770061467946,0.803714727584896,6.12549020771871e-09,3.9643744269522e-07,0.011910239904372,0.945861064216813,0.445135355468052,-0.256223145916016,0.137354499557531,0.34105196070868,"blue",0.803714727584896,6.12549020771871e-09,3.9643744269522e-07,TRUE,TRUE
"K03234","black",0.24802523534284,0.150829891709218,0.783893789195236,0.320856136175658,0.0602031221764461,0.183775082006566,0.434377981124927,0.00912443754686104,0.0243407390210664,0.0192746531865458,0.912489346977574,0.776324973259771,0.0007660900753843,0.996515135118112,0.641154623651573,0.0113025840787683,0.948619469158217,0.996847020865946,0.60732021396551,0.000109418204255317,0.000536474974498358,0.416081481458438,0.0129166178977381,0.0629028059214308,0.295832220149355,0.0844436775734519,0.267463973060939,"black",0.434377981124927,0.00912443754686104,0.0243407390210664,TRUE,FALSE
"K03235","blue",0.322812996016594,0.058568488379732,0.683964679047626,0.496406895708754,0.00242106080338433,0.022860886296174,0.522576969084847,0.00127991568054006,0.00646354344366302,0.0716679585974343,0.682450228877359,0.731064640794532,-0.121755521999545,0.485956471146091,0.500022340563506,0.0135949858399977,0.938216628736603,0.996847020865946,0.427332848892082,0.0104538903732182,0.0231701532383917,0.353488058427143,0.0372420253853525,0.13197573339025,0.281000133729322,0.102010926710785,0.29257765276954,"blue",0.427332848892082,0.0104538903732182,0.0231701532383917,TRUE,FALSE
"K03236","blue",-0.278744700666486,0.104908749653097,0.744258866934882,-0.2658429222736,0.122696224387962,0.255878303220592,-0.0181437481231679,0.917605884608711,0.522018104126185,-0.0709783092492745,0.685348938649541,0.731064640794532,-0.20361763008159,0.240711603875638,0.389689654097416,0.269845892998265,0.116952723678002,0.830651926778595,0.73186118186446,5.86369689865798e-07,8.19558721773894e-06,0.0703763267559023,0.687882787901469,0.379939399946547,-0.100786660132155,0.56456286463854,0.616303525232762,"blue",0.73186118186446,5.86369689865798e-07,8.19558721773894e-06,TRUE,TRUE
"K03242","blue",-0.089838564531905,0.607790738043083,0.959685422460598,0.16180881024824,0.353071566623227,0.389260224699824,0.0283365229774472,0.871632578720235,0.510183633620417,-0.014700065098546,0.933205302260106,0.778710702184942,-0.260318258284183,0.130964709456842,0.297791619686895,0.0244953457708485,0.888917392976711,0.996847020865946,0.629120085509268,5.16333515696487e-05,0.00027693434307544,0.18094200601702,0.298243270845205,0.259237553984228,0.0416637046292265,0.812162533954068,0.679264331444427,"blue",0.629120085509268,5.16333515696487e-05,0.00027693434307544,TRUE,FALSE
"K03243","blue",-0.0534269204630177,0.760505852928548,0.964756824700076,0.213684870109423,0.217739264809813,0.325107636633554,0.328733711025432,0.0538358763886998,0.084591793768592,0.221367420723418,0.201252927203185,0.45707224998987,-0.316434649209247,0.0640293643796675,0.202624492775562,0.00229740678705905,0.989549586345191,0.998168111332726,0.529763619850138,0.00106472154935052,0.00348020374320188,0.0464101576480392,0.791211869889866,0.40362495369038,0.313404645400049,0.0667601927538014,0.238378077264962,"blue",0.529763619850138,0.00106472154935052,0.00348020374320188,TRUE,FALSE
"K03247","red",0.336583864513358,0.0480359282932268,0.645319873892728,0.456640330627161,0.00582603600939162,0.0443383460562005,0.323891690937988,0.05768256140167,0.0878584964014518,-0.270342980052713,0.116253796823948,0.372544544368397,0.0197898896586763,0.910159404341855,0.619031313635149,0.430037098555521,0.00992536004232181,0.399110576673538,0.0225908931433048,0.897506408749077,0.533675247094465,0.230285297432556,0.18322943912736,0.224801798864247,-0.190271123350617,0.27359649848241,0.477452741699889,"red",0.456640330627161,0.00582603600939162,0.0443383460562005,TRUE,FALSE
"K03248","black",0.130644424468083,0.454431191823118,0.959685422460598,0.688741541728308,4.78385591197973e-06,0.000168225262620172,0.626187476086318,5.73113192933722e-05,0.000845651358616006,0.155591817652802,0.372116124530691,0.601402548130919,0.0288505544701564,0.869323753311283,0.611477719559093,-0.0555747618889159,0.751175835258078,0.996847020865946,0.118981434585533,0.496020708414827,0.39405212825561,0.341448586028217,0.0447005523852807,0.144884220338027,0.0923647039970538,0.59769216034645,0.623478930540152,"black",0.626187476086318,5.73113192933722e-05,0.000845651358616006,TRUE,FALSE
"K03249","black",-0.0481448987868463,0.783589719297853,0.965146399106737,0.16274111375607,0.350267260014266,0.388682651011026,0.49630090098183,0.0024270748750154,0.0098481224579502,0.0821930602786265,0.638786159400072,0.721295982755274,0.435676939092477,0.00889573747320262,0.0686054000751712,0.0605035648635184,0.729898232471247,0.992474492474258,-0.0676176837194446,0.699536828285167,0.470914936763677,0.216388822381491,0.211834421932037,0.2338397366362,0.163544408550323,0.347861842383159,0.527617076337425,"black",0.49630090098183,0.0024270748750154,0.0098481224579502,TRUE,FALSE
"K03250","magenta",-0.0304002641355043,0.862369575347583,0.967562416164654,-0.0489860011343953,0.779901132069065,0.534166510522067,0.0119806128653125,0.94554165118638,0.530551402995312,0.422328542139113,0.0114950267183353,0.135551626659223,0.601019322360836,0.000134573405058085,0.00483672967797693,0.0809020740891662,0.644081742818858,0.988692296438592,0.080889666668796,0.644132721880147,0.451130398725248,-0.0481701624270656,0.783478859590215,0.402288020216853,-0.0512630951827401,0.769939017048539,0.675291667722317,"magenta",0.601019322360836,0.000134573405058085,0.00483672967797693,TRUE,FALSE
"K03251","blue",-0.137518139080116,0.430828226556345,0.959685422460598,-0.272037582325572,0.113894619302822,0.247868521688305,-0.0817569928761829,0.640572946524237,0.435149935482182,-0.0793522805264605,0.650461758404648,0.724390960641225,-0.480253966590068,0.00350221656836115,0.0398172434662725,-0.0778854979874962,0.656522638821071,0.988692296438592,0.569323087131006,0.000357946649963926,0.00137348163284467,0.294588705334855,0.085820116191698,0.184616937577773,-0.0822847720969512,0.638410623993315,0.637999483251891,"blue",0.569323087131006,0.000357946649963926,0.00137348163284467,TRUE,FALSE
"K03252","blue",-0.0536834056134288,0.759389928712143,0.964756824700076,0.0632063524198701,0.718312831310357,0.521906039866975,-0.146334322987317,0.401573801997665,0.327482224681633,-0.204357446151335,0.238970077417934,0.491563526988946,-0.262623988143033,0.127465146799573,0.295211328833634,0.0839838118655887,0.631469589222646,0.987136244631723,0.761629319816018,1.07480129744279e-07,2.37137687601725e-06,0.104982723800293,0.548378060852633,0.335764841386477,-0.176569158430813,0.310267639495077,0.495396536199973,"blue",0.761629319816018,1.07480129744279e-07,2.37137687601725e-06,TRUE,TRUE
"K03253","blue",-0.346275289135549,0.0415778970879777,0.611738976068297,-0.333486442413852,0.0502614944232303,0.174935882177082,-0.24499524282254,0.156045902351243,0.173909509602129,-0.157075809993294,0.367515956427613,0.598861052668968,-0.283003227559902,0.0994886150750637,0.256502503941849,0.156415351521539,0.369559096928222,0.981034169908892,0.530373816370542,0.00104801325274176,0.00344881448354089,0.151775328200935,0.384102032127711,0.288510649517686,-0.308399031882051,0.071470964354658,0.248746998715896,"blue",0.530373816370542,0.00104801325274176,0.00344881448354089,TRUE,FALSE
"K03254","blue",0.207270324767669,0.232195673979665,0.859271445104109,-0.00339585534423852,0.98455347714067,0.584133415910857,-0.1951671569655,0.261209172687353,0.249485912985775,-0.13305179152864,0.446086735625336,0.641553526105619,-0.20545903449531,0.23639268250347,0.386382691218673,0.118422417823551,0.498061547935672,0.986815669978367,0.788046420878316,1.91769312835529e-08,7.75698488915819e-07,0.201976441248306,0.244605333572926,0.246632574281306,-0.150798415929939,0.387205892214536,0.545797180348594,"blue",0.788046420878316,1.91769312835529e-08,7.75698488915819e-07,TRUE,TRUE
"K03255","pink",0.523226861622132,0.00125899450423478,0.167833651987606,0.120383624337929,0.4909204284194,0.444036991225787,0.345852685355284,0.041844065197801,0.0734681247667408,0.00103888704290162,0.995274221820544,0.790220194191785,-0.164320532491071,0.345547326739098,0.446326422857276,-0.11796051155454,0.499751068614495,0.986815669978367,-0.092996019261201,0.595179799589021,0.436776539524858,0.503086820578007,0.00206731742712271,0.0160885092487818,0.177340065134034,0.308125964891253,0.495008436588818,"pink",0.503086820578007,0.00206731742712271,0.0160885092487818,TRUE,FALSE
"K03257","blue",0.161067377902969,0.35531138300889,0.922524216421848,0.225417956273443,0.192919590044747,0.310874360839603,0.255653532896146,0.13826113947278,0.159811855616083,-0.0352015438202057,0.840890998370139,0.761440032053472,-0.0628114350494305,0.720001853162584,0.58161678693012,0.00479058983972872,0.978210617640294,0.996847020865946,0.588123665681951,0.000202829974096245,0.000863619347680186,0.30273897649013,0.0771062491362719,0.176660815631565,0.105957749142058,0.544648809699896,0.607183963179069,"blue",0.588123665681951,0.000202829974096245,0.000863619347680186,TRUE,FALSE
"K03259","pink",-0.0854077592842916,0.625676124041056,0.959685422460598,0.0173626816573211,0.921141565908153,0.569250833212173,0.0907979091686174,0.603947081884328,0.420600821570233,-0.420171743536916,0.0119700727284527,0.139179971462205,0.0927283969317462,0.596244258985154,0.541258498178183,0.223818804434561,0.196180210223969,0.904298900430545,0.0612002404251104,0.726906210227761,0.481031304716306,0.595380433650332,0.000161362611481675,0.00213481612276367,-0.0247942210309613,0.887570579103154,0.689389407735893,"pink",0.595380433650332,0.000161362611481675,0.00213481612276367,TRUE,FALSE
"K03260","blue",-0.302663771086469,0.0771833827234526,0.724709891041615,-0.288940805213868,0.0922903894940452,0.226028084858531,-0.0854937871207526,0.625326812189672,0.429472411878176,-0.186366703887871,0.283744960618838,0.534026231327608,-0.324628817119363,0.0570832968124355,0.193656136769833,0.209702789195929,0.226639102946799,0.91433593416675,0.524379709525691,0.00122262169610072,0.00385359843475702,0.135999941060473,0.43598220168073,0.304613409577368,-0.0827331306549629,0.636575989964143,0.637999483251891,"blue",0.524379709525691,0.00122262169610072,0.00385359843475702,TRUE,FALSE
"K03262","blue",-0.0370106046093173,0.832826497430358,0.967562416164654,0.195536139804541,0.260290857703331,0.345627919343656,-0.0151513298114536,0.931159616675266,0.524038379946262,-0.202221038013536,0.244022368974829,0.497229678641811,-0.070802938132253,0.686086759360191,0.573474890726554,0.34302818827603,0.0436585194048446,0.630501784404964,0.673041341922817,9.42792785473108e-06,7.26391545022584e-05,0.109578732627573,0.530905504963421,0.333748376436174,-0.234212052042982,0.175666499280475,0.38319410231632,"blue",0.673041341922817,9.42792785473108e-06,7.26391545022584e-05,TRUE,FALSE
"K03263","blue",0.131367517599978,0.451916019704251,0.959685422460598,0.102814767376774,0.55671284180518,0.469812944694649,0.217334687296151,0.209795165994186,0.215113053938019,0.0510157177593089,0.77101955430329,0.744922708456456,0.0632891533725064,0.717958866067034,0.581346948482174,-0.0450634903936446,0.797142086373209,0.996847020865946,0.445407262833383,0.00733267607299312,0.0171117428261566,0.313307179530701,0.0668495292330902,0.168996424310622,0.150969275961462,0.386661983318311,0.545797180348594,"blue",0.445407262833383,0.00733267607299312,0.0171117428261566,TRUE,FALSE
"K03267","black",0.178200463361744,0.305746713930461,0.885854951027726,0.223203459722334,0.197445077565852,0.312174711337857,0.381352929913646,0.0237988468408012,0.0488572480818542,-0.0671623189866274,0.701467134806003,0.732482809858693,0.281315980936235,0.101610018973137,0.257885117801215,0.284960881269691,0.0970696407837659,0.797259182361452,-0.0848061040280955,0.628121353055153,0.447555197690609,0.513131159870046,0.00162043109781665,0.0129928428359118,0.180306508779312,0.299972054151116,0.491233509225611,"black",0.381352929913646,0.0237988468408012,0.0488572480818542,TRUE,FALSE
"K03282","black",-0.115295702027446,0.509554525057898,0.959685422460598,0.271965458594458,0.113994289704019,0.247868521688305,0.692366010211273,4.06601251870876e-06,0.000225865921110279,-0.0519626159288573,0.76688584191426,0.744922708456456,-0.135269420307215,0.438474198812637,0.483100017954221,-0.077570712352954,0.657826193093025,0.988692296438592,0.117777820499604,0.500420099836608,0.396237221840104,0.289072712805485,0.0921351337888423,0.18895625259695,0.534860405197412,0.000932098324121437,0.0199118649888493,"black",0.692366010211273,4.06601251870876e-06,0.000225865921110279,TRUE,FALSE
"K03283","blue",0.252815142427543,0.142844573581514,0.783893789195236,0.379931306535228,0.0243703917529133,0.118346205613671,0.488058087160513,0.00293656283365524,0.0108750193015865,0.0177405042842177,0.919431073015489,0.777666356373048,-0.0834793919498995,0.633527082597253,0.556673054241878,-0.0256643102415441,0.883651494136354,0.996847020865946,0.659495225461089,1.64024933160698e-05,0.000112136397588498,0.465827744494545,0.00479950839820858,0.0312281125438686,0.219052384371184,0.206126604779133,0.419287891389457,"blue",0.659495225461089,1.64024933160698e-05,0.000112136397588498,TRUE,FALSE
"K03305","blue",0.204109380143838,0.239553077305801,0.861297682512352,0.0173904761283342,0.921015721777569,0.569250833212173,0.0228181176505744,0.89648101282481,0.517022082398059,0.000770848325356585,0.996493490461354,0.790220194191785,0.0498679770790265,0.776038367475236,0.584863953082124,-0.0663953869741715,0.704722337441631,0.988692296438592,0.575823138227495,0.000295268797657025,0.00117960432735977,0.205366160848273,0.236609253176179,0.242974692647391,-0.0564715094552108,0.747290608576417,0.670880852883072,"blue",0.575823138227495,0.000295268797657025,0.00117960432735977,TRUE,FALSE
"K03320","blue",0.334445412759621,0.0495638205076289,0.650275768102696,-0.0694771819709386,0.69167366977438,0.514260885157913,-0.0689371555336395,0.693954028261781,0.452577603300894,-0.102043317239943,0.559692842286701,0.700771366410448,-0.0992973413042644,0.570359588374163,0.531512802614814,0.150873529822794,0.386966722903964,0.984821788630755,0.42702487548752,0.0105155685206789,0.0232537667813178,0.118345754417781,0.498341759933393,0.323324475079053,-0.100181556277689,0.566914785713569,0.617433995774728,"blue",0.42702487548752,0.0105155685206789,0.0232537667813178,TRUE,FALSE
"K03352","blue",0.177842435992008,0.306735348368543,0.885854951027726,0.192286318221543,0.268452336182947,0.350309233846632,0.0903805934543293,0.605617796134606,0.420833293265045,0.0484311443816331,0.782333886982792,0.744922708456456,0.0148483475690746,0.932533057047046,0.626662890837211,-0.0728300892096203,0.67757571341146,0.988692296438592,0.719290495762648,1.12478126836585e-06,1.3316168987264e-05,0.335929261600734,0.0484995700055124,0.148750470139885,0.190562644593024,0.272848388069853,0.476818791369939,"blue",0.719290495762648,1.12478126836585e-06,1.3316168987264e-05,TRUE,TRUE
"K03360","magenta",0.126330822563336,0.469590612696394,0.959685422460598,0.185617495814249,0.285719752502125,0.356796578416083,0.256407783146402,0.13706155711603,0.158619443416502,0.264189739242416,0.125128565954292,0.377317572718182,0.548454198823742,0.000646913064924281,0.0136808153862972,0.277301848487304,0.106794965800516,0.813326576194694,-0.0267047451210859,0.878968702973189,0.530985436788524,0.181333900232377,0.297180346213943,0.258887739867039,0.0633422376165534,0.717731966949076,0.662655762749868,"magenta",0.548454198823742,0.000646913064924281,0.0136808153862972,TRUE,FALSE
"K03361","blue",-0.0507112883085046,0.772349874765678,0.964756824700076,-0.299579011964709,0.0803992124094205,0.212962034634321,-0.110834564350352,0.526178571485261,0.385787554785719,-0.15803624117787,0.364556848618855,0.595453615535633,-0.00111501950489098,0.994927908267307,0.641154623651573,0.306068053742349,0.0737514270367363,0.755138466897456,0.552139687524691,0.000584351074794422,0.00207037187543721,0.213284482093006,0.218623120878657,0.234530940105001,-0.15705907773375,0.367567634974692,0.533261439534563,"blue",0.552139687524691,0.000584351074794422,0.00207037187543721,TRUE,FALSE
"K03372","blue",-0.194138682570734,0.263780077369537,0.874194515218989,-0.115511219342058,0.508758115356432,0.449271364336404,0.291127135289629,0.0897428077969245,0.121068882069083,-0.110957213287988,0.525718024580024,0.679828621252288,-0.0906610928256712,0.604494605531956,0.544473814625772,0.110937013960552,0.525793859554092,0.986815669978367,0.41005863320135,0.0144248061414785,0.0301798502012704,0.239860704345304,0.165180647073483,0.220062252876744,-0.136956333237905,0.43273150264459,0.574526783943622,"blue",0.41005863320135,0.0144248061414785,0.0301798502012704,TRUE,FALSE
"K03381","blue",-0.0615917598070537,0.72522648499095,0.959685422460598,-0.350001762277348,0.0392895366113083,0.157744531489401,-0.0568320282673962,0.745730351685311,0.469158060586522,-0.205268783010482,0.236836470720797,0.48863986646806,-0.253409990198472,0.141874924353182,0.308803494380137,0.18090002516029,0.29835727785533,0.944607285615407,0.477736422238094,0.00370379840921044,0.00979729875948576,-0.262066691961535,0.128304565063109,0.203925984059529,-0.0629459366612398,0.719426456459722,0.66323180019742,"blue",0.477736422238094,0.00370379840921044,0.00979729875948576,TRUE,FALSE
"K03420","pink",0.0403664366086393,0.817911670476047,0.967562416164654,0.630340056700167,4.94247830869349e-05,0.00112006539756527,0.30890068556459,0.070987465680756,0.102034542410466,0.139837942294837,0.423018470813206,0.627586299182779,0.42091147048151,0.01180530879011,0.0778296208628067,-0.0288556119872534,0.869301042198181,0.996847020865946,0.249613797007784,0.148146435778092,0.18274333656145,0.747148312667285,2.52562341519247e-07,2.00482932345005e-05,0.3737623004902,0.0269835403179039,0.148591722444146,"pink",0.747148312667285,2.52562341519247e-07,2.00482932345005e-05,TRUE,TRUE
"K03441","black",0.251257733522039,0.145406232660916,0.783893789195236,0.237184626072303,0.170090901509347,0.299625735070718,0.58849329863878,0.000200507051188769,0.00182683335584224,0.293661050991113,0.0868581404155577,0.344418250070075,0.187129576097257,0.281743230969128,0.415227361092143,0.0420739833631326,0.810346284263956,0.996847020865946,-0.0968504842910038,0.579941511461213,0.430758329028276,0.226320349350473,0.191096491912771,0.227521512131305,0.246463753007161,0.15350186187866,0.363005813085127,"black",0.58849329863878,0.000200507051188769,0.00182683335584224,TRUE,FALSE
"K03520","black",0.0905023478934059,0.605130151009429,0.959685422460598,0.244187040825589,0.157458972576143,0.290677601065607,0.510636095301247,0.00172268506355385,0.0079745583433438,0.173329000791294,0.31937138123428,0.560017520764421,0.0392606057461361,0.822819807697558,0.594531174928076,-0.292939774350831,0.0876718899983063,0.779155822395204,-0.296641828398081,0.083556723671744,0.119994069339796,0.223028556795829,0.197805634427581,0.229887898427283,0.582470509494453,0.000241486531091057,0.00880019308863252,"black",0.510636095301247,0.00172268506355385,0.0079745583433438,TRUE,FALSE
"K03544","black",-0.162064183780387,0.352302076980563,0.92113157045644,0.190977882547001,0.271785098404017,0.351285125298716,0.665784393536079,1.27281082480791e-05,0.000308198252658197,-0.0864141336869424,0.621594822291588,0.718137557689137,-0.215214959720749,0.214384176813763,0.372299210936719,0.046277146773375,0.791797092917121,0.996847020865946,0.139136566509657,0.425371314900916,0.361090146424852,0.202233030064118,0.243993811430978,0.246632574281306,0.262088942150443,0.128270972745417,0.331399090676487,"black",0.665784393536079,1.27281082480791e-05,0.000308198252658197,TRUE,FALSE
"K03550","black",0.214696333076598,0.215517382885,0.829981387866013,0.533625437346024,0.000962817278520392,0.0107182347603036,0.44866592886566,0.00686470363608906,0.020124772135428,0.122467876756352,0.483389201158048,0.657923286478222,0.0563080414032271,0.747998393193827,0.584189083452236,-0.229438012635175,0.18489103243003,0.897287153931499,-0.217167261782407,0.210155139388263,0.232100574402021,0.246246032745824,0.153877128297823,0.21695741041485,0.473790591726628,0.00403997122871933,0.0550066359120518,"black",0.44866592886566,0.00686470363608906,0.020124772135428,TRUE,FALSE
"K03593","black",0.215351252934544,0.214087055476783,0.829981387866013,0.235375690775923,0.17346860814841,0.301880041020499,0.558116926497064,0.00049424197012274,0.00335869760981291,-0.0157250813394699,0.92855929835181,0.778710702184942,-0.320492721925356,0.060510627337227,0.195987097399836,0.226336744338184,0.191063481467316,0.903148161180248,-0.0588956939214172,0.736818499419985,0.483961887951179,0.302571508043032,0.0772780931655722,0.176660815631565,0.161492458036136,0.354026201253103,0.528841729921654,"black",0.558116926497064,0.00049424197012274,0.00335869760981291,TRUE,FALSE
"K03626","blue",0.100401900207422,0.566057833318298,0.959685422460598,0.249321548827028,0.148637482606809,0.279666326097244,-0.220862171554593,0.20230968945348,0.209484919438548,0.221503200774229,0.200969590006225,0.45707224998987,0.286080982025562,0.0957059057717268,0.253888900912006,0.0219507901596775,0.900395873694372,0.996847020865946,0.475307141041354,0.00390776721904818,0.01025302547512,0.325187545605429,0.0566323633881889,0.158849942186165,-0.0662357714377243,0.705400468302665,0.657641131735227,"blue",0.475307141041354,0.00390776721904818,0.01025302547512,TRUE,FALSE
"K03640","black",0.258353790297507,0.134001949175365,0.778383117310355,0.408249872552118,0.0149056512940874,0.0904800428908202,0.478591626609003,0.00363422242388659,0.0125254073806061,0.0850298185818814,0.627211682662939,0.718178159620376,0.0523869295963222,0.765035531241563,0.584258398378374,-0.0252762066948122,0.885399273233541,0.996847020865946,-0.0666046837500252,0.70383347361646,0.472381047475422,0.184894304262418,0.28763435095443,0.254912501123918,0.0803694835426796,0.646271461541268,0.640082382820517,"black",0.478591626609003,0.00363422242388659,0.0125254073806061,TRUE,FALSE
"K03686","pink",0.0164696787063883,0.925185772325421,0.975523076551505,0.237544534308489,0.169424514733619,0.299625735070718,0.375531142745976,0.0262117303286616,0.0518929345944416,0.0927817822648577,0.596031854469122,0.709356048577995,-0.00914675245581065,0.958410217390985,0.632980921835332,0.0698797046812486,0.689975677076396,0.988692296438592,-0.0625891550193017,0.720953096679438,0.480036833903424,0.607646653063882,0.000108238479178414,0.00159109727623709,-0.00503694792921839,0.977090376077366,0.710049388428295,"pink",0.607646653063882,0.000108238479178414,0.00159109727623709,TRUE,FALSE
"K03695","blue",-0.101127685937948,0.563239339755529,0.959685422460598,0.0887527633681807,0.612153549995451,0.490318206130585,0.0788939574437295,0.652353247512099,0.439255775393542,-0.134904058722846,0.439723465501314,0.638424867185322,-0.210329315469231,0.225222681593147,0.382196061755254,0.0116630416835312,0.94698312784356,0.996847020865946,0.443640930559298,0.00759754953840371,0.0175610033274192,-0.214902529513912,0.21506634921254,0.2338397366362,-0.157414312567747,0.366471398958403,0.532940465118723,"blue",0.443640930559298,0.00759754953840371,0.0175610033274192,TRUE,FALSE
"K03696","black",-0.141605743048869,0.417120539495546,0.959128489173492,0.224556290038562,0.19467174934595,0.311447039337832,0.492325141506897,0.0026622751203295,0.0102199493976993,0.0208028893056053,0.905580700488527,0.775167937993012,-0.0496059830305802,0.777185268287731,0.584863953082124,-0.328507987588417,0.0540105399541188,0.70273781763037,-0.199735092244509,0.249990707101333,0.258294410921398,0.188148014073881,0.279085187479661,0.253866445061253,0.46424065944673,0.00496478594209709,0.0598644404890046,"black",0.492325141506897,0.0026622751203295,0.0102199493976993,TRUE,FALSE
"K03704","black",0.390582217091816,0.02035183941252,0.512339273119295,0.345335323841567,0.0421717847811178,0.164775484242027,0.677615109982984,7.76978018236397e-06,0.000236688935998786,0.295777566726404,0.0845038129980753,0.33918723676185,0.178949436139837,0.303685071926849,0.426573292345125,0.144563600823545,0.40735636386244,0.986815669978367,-0.220217723736431,0.203663182843097,0.226736332090135,0.358287114972044,0.034566040274646,0.12644414041369,0.380346576527555,0.0242022775331517,0.142118948901381,"black",0.677615109982984,7.76978018236397e-06,0.000236688935998786,TRUE,FALSE
"K03707","black",0.229050896803501,0.185653725159327,0.824980724999754,0.493187802276914,0.0026096204439234,0.0239753794701037,0.568502967540534,0.000366642863551242,0.00276615335147531,-0.0200721985246387,0.908883091097011,0.775986397402069,-0.0357704952603148,0.838352947424948,0.60107705399683,-0.332115399283187,0.0512725681743029,0.683502774200515,0.0846881355847685,0.628601254680312,0.447555197690609,0.246512308629635,0.153418261141997,0.21695741041485,0.4382494897728,0.00845718082582175,0.0780475339914731,"black",0.568502967540534,0.000366642863551242,0.00276615335147531,TRUE,FALSE
"K03762","pink",0.0607202618429064,0.728967158317557,0.959685422460598,0.321282134645228,0.0598442351531729,0.183775082006566,0.460104782366693,0.0054187299185829,0.0170005091677472,0.198771144197559,0.252330922885227,0.503536784436068,0.0969711855226502,0.579467160842441,0.537548214573387,0.0938186317378533,0.591913076703163,0.986815669978367,0.150900480767176,0.386880929656767,0.340507659410588,0.684981398844317,5.64908762148883e-06,0.000172470083504518,0.267755476629243,0.119926414709767,0.31902519510105,"pink",0.684981398844317,5.64908762148883e-06,0.000172470083504518,TRUE,FALSE
"K03768","black",0.20858723295793,0.229176073693731,0.85780158900915,0.35848938897414,0.0344567858449174,0.144011130556809,0.681816307354616,6.48544803141403e-06,0.000235494290235435,0.299119980560116,0.080886488485627,0.332931021780522,0.219487091744897,0.205205270962759,0.368849656592628,0.0722087478878825,0.68018032109447,0.988692296438592,-0.193214290619013,0.26610496026097,0.267424331384999,0.35546195611406,0.0361217033723037,0.129974590049424,0.387197784374671,0.021564186836441,0.131617989760976,"black",0.681816307354616,6.48544803141403e-06,0.000235494290235435,TRUE,FALSE
"K03778","red",0.114440765417478,0.512719926867832,0.959685422460598,0.673551630367704,9.22817488774981e-06,0.000285746227821248,0.342171531883783,0.0442211838311043,0.0764836562713199,0.38999218752526,0.0205590178847345,0.179756741615277,0.132143225875892,0.449226200684518,0.487833910036836,-0.234374699596185,0.175358104223929,0.897287153931499,-0.0794987148057314,0.64985787903701,0.452920245968527,0.263280886641766,0.126480943322634,0.203925984059529,0.0669032820184031,0.702566022706791,0.655720195284918,"red",0.673551630367704,9.22817488774981e-06,0.000285746227821248,TRUE,FALSE
"K03781","blue",0.113004357093726,0.518060140585704,0.959685422460598,0.191432842867921,0.270623203214813,0.350309233846632,0.181962629821717,0.295480111521173,0.271171347052689,-0.102706555618671,0.557130403099496,0.699997005019733,-0.195265824286015,0.260963403030818,0.403832603359633,-0.00484996914813174,0.97794060372433,0.996847020865946,0.768897368903231,6.84202877359625e-08,1.84504715668421e-06,0.119220803198076,0.495148132689327,0.322603291171565,0.0411787012067232,0.814310823079341,0.679264331444427,"blue",0.768897368903231,6.84202877359625e-08,1.84504715668421e-06,TRUE,TRUE
"K03782","blue",0.142838540567718,0.413035063867058,0.959128489173492,0.0822727902982213,0.638459681238875,0.500054687731966,0.0674503626278301,0.700245893624613,0.454649901699888,0.0184928911872635,0.916025904761697,0.776324973259771,-0.075396057467993,0.666858573989552,0.571537400479175,0.122166989231088,0.484472718547722,0.986815669978367,0.465171325222083,0.00486728259627508,0.0122730049069769,-0.125008387874375,0.474290875279329,0.318006566148947,-0.05176419981568,0.767751513766659,0.675291667722317,"blue",0.465171325222083,0.00486728259627508,0.0122730049069769,TRUE,FALSE
"K03797","black",0.0636832834349229,0.716274794609782,0.959685422460598,0.323822991822364,0.0577386650646126,0.183775082006566,0.68007337521711,6.99274528369813e-06,0.000235494290235435,0.250541630194102,0.14659528670222,0.408240257374605,0.154137793878538,0.376656243791641,0.454671506089314,0.0120923125415225,0.945034679137055,0.996847020865946,-0.0227528045618159,0.896775734354381,0.533675247094465,0.315808307074523,0.064586525982802,0.167895462571183,0.483728274470769,0.00323968725741294,0.0475834536594929,"black",0.68007337521711,6.99274528369813e-06,0.000235494290235435,TRUE,FALSE
"K03798","black",0.0319778269592927,0.855300845737056,0.967562416164654,0.309498775836957,0.0704143663422502,0.200022084697847,0.639737668416974,3.50707136672052e-05,0.000649389625994373,0.355817375876975,0.0359229192116678,0.235823617323893,0.24868773610186,0.149706509980088,0.321386475007284,-0.01042045125947,0.952624877361298,0.996847020865946,-0.26664005391795,0.121536063676044,0.159010695102745,0.278396660360341,0.105361411907617,0.195409927401684,0.317267669921798,0.063294223462912,0.232020084738314,"black",0.639737668416974,3.50707136672052e-05,0.000649389625994373,TRUE,FALSE
"K03854","blue",-0.234694862039315,0.174752171887042,0.812230028079032,0.144353521639941,0.408045536184843,0.412818566674073,-0.249020856614156,0.149143953362391,0.169895563875795,-0.146251650816857,0.401842730152716,0.615367734449513,-0.282027874633069,0.100710793589949,0.25656684259951,-0.0436578819057505,0.803343787753468,0.996847020865946,0.502774975329336,0.00208276505527953,0.00604230202731894,-0.216473791738997,0.211650674168098,0.2338397366362,-0.0672055709641897,0.701283708986077,0.655720195284918,"blue",0.502774975329336,0.00208276505527953,0.00604230202731894,TRUE,FALSE
"K03878","black",0.424128830775465,0.011110810539801,0.442199102443973,0.344512374271772,0.0426973406587518,0.165039931162943,0.521280020008466,0.00132258279744612,0.00660833399031118,-0.15462306771252,0.375137390029684,0.602659529170022,-0.165225620738115,0.342860075349146,0.44419404616305,-0.0319579806974348,0.855389705126108,0.996847020865946,0.319704986501976,0.061181435312739,0.0962630399351463,0.241370113235257,0.16245638341363,0.219796069216181,0.281817253662183,0.100976206285599,0.290566530595771,"black",0.521280020008466,0.00132258279744612,0.00660833399031118,TRUE,FALSE
"K03879","black",0.464015002238768,0.00498867945257453,0.340678016246012,0.372049750790851,0.0277485130432866,0.127467029064141,0.607466519479808,0.000108888046160969,0.0012388908108848,-0.119522183114454,0.494050619035953,0.663577571033622,-0.18934882108772,0.275972137549694,0.413163315274298,-0.0992844298368483,0.570409960396817,0.986815669978367,0.345560019456045,0.0420291992493908,0.0724715910599293,0.325994028408799,0.0559864644213709,0.158155949235624,0.372419025945234,0.0275820729100703,0.149889171982802,"black",0.607466519479808,0.000108888046160969,0.0012388908108848,TRUE,FALSE
"K03880","black",0.418227565292719,0.0124124038117967,0.467623821866167,0.326334086568009,0.0557158768140145,0.180376326602384,0.555732995504443,0.000528582240433792,0.00341893331876079,-0.0769853196671778,0.660252992425697,0.728939106604285,-0.148064819095421,0.39596827535107,0.461967356464373,-0.0636114286587217,0.716581723809127,0.988692296438592,0.334738290291217,0.0493522960099022,0.082462463487687,0.27872910755225,0.104928998551488,0.195409927401684,0.326333288775779,0.0557165104072095,0.216407062756423,"black",0.555732995504443,0.000528582240433792,0.00341893331876079,TRUE,FALSE
"K03881","black",0.233574616065532,0.176878856149962,0.81524217475501,0.424743597309181,0.0109821236601045,0.0701248031566114,0.636148094314466,4.00349935968184e-05,0.000700127155173309,-0.151688048123992,0.384378747456665,0.607577389198262,-0.265889809836583,0.122627755809158,0.2898058151,-0.190498037017301,0.273014070721287,0.930619645693408,0.0855398695013019,0.625139729912726,0.44705934914295,0.343777482868128,0.0431711114258263,0.142787700110981,0.455129899819146,0.00601168537930586,0.0677145137117313,"black",0.636148094314466,4.00349935968184e-05,0.000700127155173309,TRUE,FALSE
"K03882","black",0.225304077614419,0.193150521240786,0.824980724999754,0.341304304143052,0.0447967207550595,0.166413408879794,0.379969101594342,0.0243550513343932,0.0496751259889678,-0.244953765231673,0.156118198158116,0.418023802495889,-0.262460974848029,0.127710260218702,0.295211328833634,-0.0264002564795103,0.880338735272363,0.996847020865946,0.544378421340213,0.000722948892248862,0.00248494201633343,0.313341989403711,0.0668176119991536,0.168996424310622,0.192644494927775,0.267544699359839,0.474667819376933,"black",0.379969101594342,0.0243550513343932,0.0496751259889678,TRUE,FALSE
"K03883","black",0.405081882622165,0.0157802776034043,0.471503811839649,0.320207775319679,0.0607526036730684,0.183775082006566,0.418001737500302,0.0124646663944663,0.0306801091193009,-0.124921763777452,0.474599616601785,0.652467378460092,-0.18212365910983,0.295045651279994,0.419743523394768,-0.0668417782857246,0.702827021359338,0.988692296438592,0.493125060851058,0.00261341918939566,0.00726957001618712,0.238482597811746,0.167696426073839,0.221861204912969,0.260716858686469,0.130354702009421,0.332329303415533,"black",0.418001737500302,0.0124646663944663,0.0306801091193009,TRUE,FALSE
"K03884","black",0.431389363255411,0.00966969385517969,0.428183493718167,0.355920099942968,0.0358656322176115,0.148078722809104,0.592714201603952,0.000175619814471295,0.00169230390786243,-0.0124255566872855,0.943522308677467,0.781252870351798,-0.127202313892378,0.46650659382365,0.495009443237224,0.103462335179655,0.554217089415656,0.986815669978367,0.0214281908080371,0.90275585540998,0.533675247094465,0.300594445564444,0.0793293776088455,0.178085995669144,0.297213307439754,0.0829349921910273,0.264877440581947,"black",0.592714201603952,0.000175619814471295,0.00169230390786243,TRUE,FALSE
"K03885","blue",-0.0863953983288146,0.621670701794888,0.959685422460598,0.0514519274831943,0.76911448963469,0.532640420272003,-0.0231061566541214,0.895181416544315,0.517022082398059,-0.415931102212327,0.0129525872278495,0.143316700736758,-0.306787365704313,0.0730417338018509,0.219342375724766,0.170009002680055,0.328870465519134,0.961100365505327,0.729005125692841,6.82027380198952e-07,9.1959031469802e-06,0.200210273687794,0.248842427499052,0.248014983419253,-0.158885847432307,0.361951068686565,0.532082260245957,"blue",0.729005125692841,6.82027380198952e-07,9.1959031469802e-06,TRUE,TRUE
"K03893","red",0.206597970678675,0.233747683381974,0.859271445104109,0.624091907737928,6.17073714933164e-05,0.00123389440183096,0.458664135659081,0.00558502433121888,0.0174065763733526,0.441905584013228,0.00786569591952239,0.101810659104965,0.119836289097278,0.492908084236011,0.503930614646845,-0.108200558551957,0.536116467861874,0.986815669978367,0.0299030297176276,0.864599785950443,0.525988416932227,0.263673066467075,0.125896052903114,0.203925984059529,0.210431419263695,0.224992422737783,0.43557818769232,"red",0.624091907737928,6.17073714933164e-05,0.00123389440183096,TRUE,FALSE
"K03932","pink",0.0374062017020103,0.831065193285729,0.967562416164654,0.111958393347111,0.521965959874344,0.455343134295597,0.00774774407500295,0.964767130722881,0.534981507038745,0.528643498005632,0.00109600459633833,0.0294852056135987,0.353075916789587,0.0374794658666179,0.159707606622329,-0.233942051790891,0.176179296518636,0.897287153931499,0.0242620107593816,0.889969077326005,0.533673475767999,0.463362479844956,0.00505832967040775,0.03231768538442,0.128992327694686,0.460205893115259,0.583207322791197,"pink",0.463362479844956,0.00505832967040775,0.03231768538442,TRUE,FALSE
"K03941","black",0.099372788276819,0.570065284524482,0.959685422460598,0.323461275321457,0.0580347773546144,0.183775082006566,0.535714327201366,0.000911366804097636,0.0051511041895426,0.367729255129825,0.0297579275763469,0.223379579222902,0.144574439227752,0.407320826052016,0.466900801037003,-0.116929191800962,0.503533783881267,0.986815669978367,-0.365894881743797,0.0306464022186706,0.0559233191897975,0.309676288270494,0.070244969550446,0.17193690262625,0.286284820154921,0.0954593115432507,0.283635409720664,"black",0.535714327201366,0.000911366804097636,0.0051511041895426,TRUE,FALSE
"K03953","red",0.121103084600119,0.488313960036159,0.959685422460598,0.627685548403344,5.4344069991537e-05,0.0011545747249409,0.35607355689418,0.0357801909707081,0.0656557003429837,0.0494469716504532,0.777881579950067,0.744922708456456,-0.164266633557921,0.34570775812139,0.446326422857276,0.230027300122468,0.183734271139915,0.897287153931499,0.0820916639331776,0.639201453207593,0.449985544511381,0.184615110821283,0.288375699004253,0.254912501123918,-0.0416299277728836,0.812312102717307,0.679264331444427,"red",0.627685548403344,5.4344069991537e-05,0.0011545747249409,TRUE,FALSE
"K03955","blue",-0.162244337813979,0.351759847661796,0.92113157045644,0.0596773014620259,0.733451884250946,0.523420252125698,0.242540089840002,0.160367096680603,0.176338652195681,0.111688642830169,0.522975594254318,0.677640425017917,0.130002882892993,0.456668982512382,0.490183207645207,-0.214639863040561,0.215641018587478,0.91433593416675,0.37726229250647,0.0254740710619012,0.0481127645468093,0.511954260641239,0.00166798015291697,0.0132403568219445,0.167960842672518,0.334816768756379,0.51696147180271,"blue",0.37726229250647,0.0254740710619012,0.0481127645468093,TRUE,FALSE
"K04043","blue",0.0802753218833237,0.646658907257778,0.959685422460598,0.111600126012621,0.523307107232644,0.456122917805367,0.0895267202390222,0.609042392539862,0.422901799838499,-0.188801338806784,0.277388653046223,0.527124807501926,-0.185078814699963,0.287145090188573,0.418841377401227,0.000650725552102904,0.997039913957664,0.998168111332726,0.806658503683325,4.88748942011316e-09,3.92746650351915e-07,0.198724170048184,0.25244533477215,0.249017357275649,-0.0230452615461347,0.895456145473408,0.690093717365277,"blue",0.806658503683325,4.88748942011316e-09,3.92746650351915e-07,TRUE,TRUE
"K04047","black",0.329233735077596,0.0534505614662701,0.650275768102696,0.232206629570347,0.179500710166475,0.305728869028327,0.487658585184756,0.00296345826464374,0.0108995034478733,0.135554058719967,0.437502295665105,0.636547189174393,0.0097867346760538,0.955503038212131,0.631435173410858,0.00361743093161938,0.983545741703355,0.998168111332726,-0.158773264129586,0.36229572537556,0.325660083240522,0.267222396942605,0.120693695697561,0.203842876157124,0.342728821071097,0.0438544891137936,0.19194742883792,"black",0.487658585184756,0.00296345826464374,0.0108995034478733,TRUE,FALSE
"K04065","black",0.37677502483154,0.0256799472016035,0.544451746328425,0.2969337912196,0.0832386392675181,0.213818652241937,0.541095468929014,0.000789839649910147,0.0045759602803509,0.051908427820026,0.767122232320862,0.744922708456456,0.0670090679815546,0.702117185201833,0.577284037643968,0.0718192483105027,0.681814928666008,0.988692296438592,-0.123175473218028,0.480846048384392,0.387367972782918,0.241775105901524,0.161730963106827,0.219796069216181,0.325881142459672,0.0560765192133104,0.216448320921593,"black",0.541095468929014,0.000789839649910147,0.0045759602803509,TRUE,FALSE
"K04077","blue",-0.103313745606363,0.554789297709966,0.959685422460598,0.114617535044584,0.51206463705708,0.449783673826133,-0.0285475518212423,0.870684593600553,0.510183633620417,-0.156113153630702,0.370496192412521,0.600862841638594,-0.161093543879415,0.355232192145627,0.447757808169976,0.100665280484246,0.565034284522041,0.986815669978367,0.43239480075381,0.00948324747573279,0.0213601790605077,0.0524690046340571,0.764677772676098,0.397948920153276,0.0130518160309959,0.940680669204947,0.700673489640648,"blue",0.43239480075381,0.00948324747573279,0.0213601790605077,TRUE,FALSE
"K04078","black",-0.141734560842427,0.4166925790414,0.959128489173492,0.229582516041453,0.184606900351706,0.308768814550151,0.419780716989133,0.0120579508239559,0.0298085646605284,0.0613584131240826,0.726227454851233,0.738772468073264,-0.0235886341750538,0.893005140417623,0.617224546790252,0.301708238288412,0.078168642910339,0.758525048392902,-0.206060067211925,0.234994375188966,0.248485277268096,0.215230794763077,0.214349641623318,0.2338397366362,-0.159411625944969,0.360344073406245,0.531515951574574,"black",0.419780716989133,0.0120579508239559,0.0298085646605284,TRUE,FALSE
"K04079","blue",0.317495011645658,0.0630947539959551,0.688444603003289,0.180558564759738,0.299285609423153,0.363343731084781,0.276024043960137,0.108486715939171,0.137515359612247,-0.0521804922015298,0.765935586684059,0.744922708456456,-0.0839691669806993,0.631529286410907,0.556102916484327,-0.140898234143155,0.419475438244682,0.986815669978367,0.59014018297886,0.000190444114069368,0.000832797965217374,0.28474462456739,0.097334633489192,0.191029521777356,0.128627389832332,0.46148674635527,0.583207322791197,"blue",0.59014018297886,0.000190444114069368,0.000832797965217374,TRUE,FALSE
"K04382","blue",-0.156232042877701,0.370127357015842,0.929394372104073,0.0118876137131794,0.9459637631009,0.573243557104163,0.100469206926578,0.565796185131145,0.399930453638796,-0.0685974052306656,0.695390041877965,0.731749849691499,-0.101589498537297,0.561449318201674,0.528339553092244,0.0575544412657919,0.742606882497877,0.996847020865946,0.639512387716836,3.53650672456044e-05,0.000196183064690076,0.106660101182794,0.54196994020594,0.334455705135644,0.0801958433389903,0.646986007684337,0.640278272878263,"blue",0.639512387716836,3.53650672456044e-05,0.000196183064690076,TRUE,FALSE
"K04392","black",0.16253313656915,0.350891670800173,0.92113157045644,0.177471848646142,0.307760789729754,0.367301881973909,0.585411432871295,0.000220624799108794,0.001947159234258,-0.182266450357011,0.294660739229704,0.539762138311494,-0.317594183182944,0.0630078963020713,0.201729774871849,-0.12374467951983,0.478805335639785,0.986815669978367,0.162863841085077,0.349899110789461,0.317528165916994,0.361942535111135,0.0326346213562023,0.124250811071145,0.326640199877604,0.0554731888257095,0.216139537077707,"black",0.585411432871295,0.000220624799108794,0.001947159234258,TRUE,FALSE
"K04441","blue",-0.375777601665812,0.0261056498594198,0.545073388028608,0.0765916382332057,0.661886955847475,0.506402340581182,-0.0840575428077763,0.631169073382358,0.431601505755483,-0.209482604139123,0.227138322781697,0.478708773766198,-0.158528888651354,0.363044518141865,0.4525744174196,-0.010524117079462,0.95215411175809,0.996847020865946,0.529174169561912,0.00108108431478605,0.00351005121330711,0.240156302851161,0.164644569865021,0.220062252876744,-0.0691407087884518,0.693094176486935,0.653930419187356,"blue",0.529174169561912,0.00108108431478605,0.00351005121330711,TRUE,FALSE
"K04459","black",0.289510275128134,0.091621553540449,0.724709891041615,0.265608858640446,0.123038446865118,0.256068338030576,0.757094844626623,1.41335806688395e-07,3.33674585532572e-05,0.161913240802892,0.352756774818777,0.589584520080006,0.0928128273272011,0.595908350436195,0.541258498178183,0.0557920513128833,0.750233855883726,0.996847020865946,-0.0163822015792063,0.925582037068789,0.53993950691406,0.313491546368302,0.0666806190515952,0.168996424310622,0.233035060333323,0.177909687928126,0.385995439327455,"black",0.757094844626623,1.41335806688395e-07,3.33674585532572e-05,TRUE,TRUE
"K04460","black",-0.099121507120728,0.571045750932332,0.959685422460598,0.131430319017903,0.451697929172566,0.42969909266433,0.562168656986898,0.00044040365846811,0.00312701666713136,-0.288286456973963,0.0930635235904757,0.348767243109263,-0.23137310721147,0.181111664197507,0.34911849032504,0.413250054447681,0.01360818683387,0.45434159409354,0.271647950678421,0.114433844220803,0.15232868092114,0.184800714663095,0.287882724575798,0.254912501123918,0.0163360140079275,0.925791270368594,0.697733336749788,"black",0.562168656986898,0.00044040365846811,0.00312701666713136,TRUE,FALSE
"K04464","blue",-0.198388099432134,0.253264885884733,0.864780203455952,0.0640309063919674,0.714790533859598,0.521906039866975,-0.125736504522066,0.471699922911594,0.36244067809247,0.0752992060094702,0.667261929328789,0.72948200370513,0.00501798944257957,0.977176582762544,0.637813633047679,0.0377165559818197,0.829683978783923,0.996847020865946,0.589763384852846,0.000192705686940632,0.000833067034982085,0.133359647367764,0.445025677650595,0.308203819502317,-0.0731770000724556,0.676123089014955,0.649906760973425,"blue",0.589763384852846,0.000192705686940632,0.000833067034982085,TRUE,FALSE
"K04498","black",0.266281429486871,0.122056996044964,0.763998858849709,0.258738769894592,0.133402682076269,0.264940178540996,0.494778367016226,0.00251491159566292,0.00997110904821873,0.272976206398791,0.112603460314219,0.368437401200267,0.0707987144017835,0.686104532946447,0.573474890726554,0.213678591092334,0.217753106795399,0.91433593416675,-0.000868310115856117,0.996050150087286,0.558708916725361,0.219371072106074,0.205450887224752,0.23264772695959,0.235832306025877,0.172611525989394,0.38111432777522,"black",0.494778367016226,0.00251491159566292,0.00997110904821873,TRUE,FALSE
"K04513","blue",-0.110085368258652,0.528996065438426,0.959685422460598,0.116128014143947,0.506482292547784,0.449135670703664,-0.00715418785709055,0.967464841334881,0.535220314813247,-0.0497043296106061,0.776754693487965,0.744922708456456,-0.00300376297601111,0.98633678697396,0.641154623651573,-0.121142637725495,0.488170873238757,0.986815669978367,0.589934523391498,0.000191675536184461,0.000833067034982085,0.194574877667024,0.262687683701448,0.251746533237719,-0.00904475715863849,0.958873590282218,0.705082048144344,"blue",0.589934523391498,0.000191675536184461,0.000833067034982085,TRUE,FALSE
"K04523","greenyellow",0.0623051246803115,0.722169198910638,0.959685422460598,0.380408323801111,0.0241773623654056,0.117970591246387,-0.0616379522126972,0.72502838989513,0.464502919547158,0.61187052633876,9.39714227352826e-05,0.00390700370956931,0.0818264375933393,0.640288263260205,0.560404231058362,-0.140506295383031,0.420783183499122,0.986815669978367,0.103898167811417,0.552540318365545,0.421367121136708,-0.0314392658580832,0.857712809142745,0.421578233602778,-0.150072292773362,0.389522362315248,0.546590122608535,"greenyellow",0.61187052633876,9.39714227352826e-05,0.00390700370956931,TRUE,FALSE
"K04536","blue",-0.408962584848324,0.0147145992201824,0.471503811839649,0.024165318164973,0.890404943080801,0.563991824721554,-0.100631317667565,0.565166223190205,0.399784407739388,-0.0391661052029181,0.823239549977848,0.754008730515398,-0.0292414371263515,0.86756877349262,0.611401232938833,0.00832437663748127,0.962146706079143,0.996847020865946,0.40637470594897,0.0154182916576415,0.0319145326467614,-0.291369158221237,0.0894641477265142,0.187378013155862,-0.07167771706507,0.682409244352076,0.651962259880433,"blue",0.40637470594897,0.0154182916576415,0.0319145326467614,TRUE,FALSE
"K04554","black",0.130541410733817,0.4547901210175,0.959685422460598,0.11996967901377,0.492423298146526,0.444036991225787,0.558051829674044,0.000495152695287859,0.00335869760981291,0.202209277046009,0.244050378397955,0.497229678641811,-0.149758854658348,0.390524767850679,0.461414415125488,0.23295674383473,0.178059666809739,0.897287153931499,0.273232088885087,0.112253387844089,0.150102495095103,0.15358291413502,0.378397382337367,0.287986828794215,0.195827920369722,0.259566192111738,0.466774486017481,"black",0.558051829674044,0.000495152695287859,0.00335869760981291,TRUE,FALSE
"K04565","blue",-0.0910486142957956,0.602944339903507,0.959685422460598,0.0742367112858622,0.671692880702705,0.508594896416512,-0.0413003868824063,0.813771698965981,0.492359084983421,-0.0381837559853803,0.827605678672618,0.756943467644306,-0.130046104995827,0.456518032207211,0.490183207645207,0.120753671794982,0.489578926852732,0.986815669978367,0.765516077761302,8.4586813522077e-08,2.16094713934987e-06,0.149679311211811,0.390779393116412,0.289985217568749,-0.0309246824960129,0.860018571961301,0.684590622335635,"blue",0.765516077761302,8.4586813522077e-08,2.16094713934987e-06,TRUE,TRUE
"K04567","blue",-0.157119440281726,0.367381222073894,0.929394372104073,0.223425567070872,0.196987871695411,0.312174711337857,0.241230532779301,0.162706940646379,0.177708372430012,-0.302527585713152,0.077323212303842,0.332317780513632,-0.254516766374148,0.140083636170193,0.307240145481277,-0.017505953352803,0.920492899501575,0.996847020865946,0.739070713349479,3.96990630351653e-07,6.21603773740228e-06,0.280980657354086,0.102035687490669,0.192933659287588,0.103651326373964,0.553489695444659,0.610128671319737,"blue",0.739070713349479,3.96990630351653e-07,6.21603773740228e-06,TRUE,TRUE
"K04618","blue",-0.0477668074974507,0.785249326016916,0.965817659323858,0.236854297530187,0.170704166903181,0.299625735070718,0.299703396472797,0.0802675667170122,0.111307365777028,0.289045113792445,0.092167601364796,0.3474072383572,-0.17243225428428,0.321920077957822,0.43456333131473,-0.204619310470532,0.238355685529035,0.91433593416675,0.563152954543674,0.000428139660264464,0.00157436928492834,0.288044583889932,0.0933505558653875,0.189517344098246,0.287508924976038,0.0939886360975505,0.281289299589693,"blue",0.563152954543674,0.000428139660264464,0.00157436928492834,TRUE,FALSE
"K04630","blue",-0.101381065307795,0.562256896650522,0.959685422460598,0.141066279865095,0.418915434708741,0.417479743080767,0.0762888090582038,0.663144885847277,0.443511256604049,-0.249078979822946,0.149045955770475,0.409183975256781,-0.137808198129417,0.429847385472871,0.47701808523101,-0.0598886274513539,0.732542476635002,0.992474492474258,0.538532182871719,0.000845813984271595,0.00282034135167691,0.235221223174313,0.173759234341098,0.221863862010585,0.0518803341001235,0.767244796605623,0.675291667722317,"blue",0.538532182871719,0.000845813984271595,0.00282034135167691,TRUE,FALSE
"K04640","blue",-0.174799439713998,0.315219495772376,0.895533419956602,0.185569838625619,0.285845668103603,0.356796578416083,0.0166230773248286,0.924490931028709,0.522464906171757,0.0492209399727567,0.778871666569419,0.744922708456456,0.0338831454808125,0.846778301656876,0.605420561702959,0.208487361763006,0.22940413447294,0.91433593416675,0.7436269162173,3.08233588296601e-07,5.01572126726707e-06,0.154996764316063,0.373970224470474,0.287656872811676,-0.271262951310562,0.114968537969793,0.312181732010959,"blue",0.7436269162173,3.08233588296601e-07,5.01572126726707e-06,TRUE,TRUE
"K04641","blue",-0.0818842606924286,0.640051260438514,0.959685422460598,-0.0126064625249006,0.942701380047205,0.573243557104163,0.151245068354982,0.385784975693082,0.317623634680665,-0.135165771242357,0.438828404202942,0.637800268211751,-0.111482373457512,0.52374827318079,0.514953604143553,-0.132760550471524,0.447091792380307,0.986815669978367,0.492345068219218,0.00266104848026011,0.00738090843318253,0.143579901876341,0.410589128324172,0.295657186416551,0.020489286395066,0.906997855771572,0.693344859381033,"blue",0.492345068219218,0.00266104848026011,0.00738090843318253,TRUE,FALSE
"K04643","blue",-0.0649608767211381,0.71082486666671,0.959685422460598,0.102516388744192,0.557864560345738,0.47016957789243,0.0742042106325183,0.671828591683569,0.446871288025815,-0.184802695725129,0.287877465687295,0.53884723339,-0.145990934455135,0.402691501192834,0.466629531504427,0.0180710466320223,0.917934920480406,0.996847020865946,0.870522556994575,1.08223311634984e-11,5.37784971514287e-09,0.198725355722139,0.252442446478946,0.249017357275649,0.0073188197110621,0.966716553374842,0.706530454120102,"blue",0.870522556994575,1.08223311634984e-11,5.37784971514287e-09,TRUE,TRUE
"K04646","blue",0.0917380455748701,0.600190523065358,0.959685422460598,-0.00577701669805048,0.973725396818345,0.581476700297344,-0.283640435810988,0.0986962680413771,0.129722298403905,-0.0505672284317645,0.772979622043916,0.744922708456456,-0.0687500214692253,0.694744853591872,0.576382030968839,-0.119562680356712,0.493903237795013,0.986815669978367,0.709297636290217,1.84257706010813e-06,1.90293030028972e-05,0.0374749522991698,0.830759179500251,0.414340864170027,-0.208383938660148,0.229640468468543,0.440155966485959,"blue",0.709297636290217,1.84257706010813e-06,1.90293030028972e-05,TRUE,TRUE
"K04649","red",0.0515629148092903,0.768629984775396,0.964756824700076,0.613179695678937,8.99064815557551e-05,0.0016978853643511,0.396152658262286,0.0184800712402597,0.040397158031116,0.255190958069141,0.13900063855605,0.399841946544366,0.185224964943774,0.286757928435523,0.418841377401227,-0.132924120890421,0.446527168792373,0.986815669978367,0.0330955425702099,0.850299256622431,0.520139633982049,0.277243366565077,0.106871955004754,0.19637618456592,0.461337573336448,0.00527982905030464,0.0623029724961779,"red",0.613179695678937,8.99064815557551e-05,0.0016978853643511,TRUE,FALSE
"K04709","pink",0.00598567588313134,0.972776733612264,0.993070802163856,0.477474638840677,0.00372532546403347,0.0325616045437703,0.27682719808405,0.107421036428101,0.136715058290461,0.252324834374053,0.143647454002769,0.404642734064679,0.0557334926748945,0.750487680692908,0.584189083452236,-0.246644693641204,0.153190494724253,0.88110903560902,0.494457583381571,0.0025337674036801,0.00710911796989218,0.568040532415863,0.000371628874284628,0.00409718679161226,0.220317918192027,0.203452339121488,0.417501070699752,"pink",0.568040532415863,0.000371628874284628,0.00409718679161226,TRUE,FALSE
"K04713","black",0.0825720550245007,0.637234849905851,0.959685422460598,-0.0772595028888849,0.659115914382956,0.50565343919657,0.404084408846043,0.016064412758756,0.0365550747777441,-0.270141914490191,0.116536126192101,0.372544544368397,-0.490857089252993,0.00275401059778992,0.0333527806988512,0.0666502151297024,0.703640157156692,0.988692296438592,0.202782494591819,0.242687731969869,0.253331940352178,0.00593337731035266,0.973014504225649,0.451153534745326,0.144507563334702,0.407540132100218,0.554563828234838,"black",0.404084408846043,0.016064412758756,0.0365550747777441,TRUE,FALSE
"K04739","black",-0.0496030755783126,0.777197998506174,0.964756824700076,0.0851352209275987,0.62678328170931,0.496263876204861,0.405606763805404,0.0156324627260261,0.0358311795134232,-0.412057455540863,0.0139086701943356,0.146651905800022,-0.451670226913422,0.00645615909882823,0.056640199098325,0.187864650739414,0.279823104877806,0.933073612568139,0.0537942397727294,0.758907855384927,0.490074443374735,0.0986764222958865,0.57278429038927,0.346162212911082,0.160319753277479,0.357578541882988,0.530681868426646,"black",0.405606763805404,0.0156324627260261,0.0358311795134232,TRUE,FALSE
"K04771","black",0.184487547621298,0.288714828676431,0.883354304352096,0.321415588072797,0.0597321545717896,0.183775082006566,0.61309345420672,9.01693087272173e-05,0.00113534642248241,0.199763638446398,0.249921625502966,0.501577212354677,0.176209329441366,0.311270489350812,0.428259998674353,-0.0799316554984099,0.64807376151185,0.988692296438592,-0.26861737108574,0.118693573116538,0.156557711613214,0.295474415020752,0.0848379723643503,0.183000076891662,0.327677908130915,0.0546567326687341,0.215773800716138,"black",0.61309345420672,9.01693087272173e-05,0.00113534642248241,TRUE,FALSE
"K04772","black",-0.12323996003601,0.480614624205718,0.959685422460598,0.225297907579493,0.193163038801664,0.310874360839603,0.501577124261986,0.0021430442315509,0.00919897361012455,0.0795674013394715,0.649574698618013,0.724390960641225,0.0361872070192031,0.836495042091769,0.600599933921463,-0.254852895186981,0.13954291962876,0.86988445941238,-0.270831256240116,0.115570309841989,0.15327109907351,0.23101190476526,0.181812931376177,0.224565680222003,0.531220258158379,0.00102521902477737,0.0215299415303107,"black",0.501577124261986,0.0021430442315509,0.00919897361012455,TRUE,FALSE
"K04977","black",-0.079757929372274,0.648789443616698,0.959685422460598,0.198357294149506,0.253340096808334,0.345627919343656,0.580977838863193,0.00025273509466248,0.00213587020391194,0.328224627700799,0.0542304403322576,0.300022213755482,0.13342712098844,0.444793306142183,0.485861334957216,-0.246401965966059,0.153608291589343,0.88110903560902,0.0164202153793983,0.925409835271654,0.53993950691406,0.218682264107262,0.206913305487888,0.233305281407532,0.492180199257617,0.0026712122435852,0.0415791301854884,"black",0.580977838863193,0.00025273509466248,0.00213587020391194,TRUE,FALSE
"K05236","blue",-0.144366449860981,0.408003105570745,0.956792127136808,-0.314422941298928,0.0658324255846088,0.190725304042236,-0.17656476363394,0.3102798755878,0.278817464776227,-0.116048094989149,0.506776886605193,0.668567746269958,-0.112872412432951,0.518552050207164,0.51324544864767,0.309039952988604,0.0708536929018105,0.755138466897456,0.608910579430965,0.000103777812210649,0.000516648264197473,0.147380320116978,0.39818013586732,0.291928076339919,-0.157683669295144,0.365641475975891,0.532697464080098,"blue",0.608910579430965,0.000103777812210649,0.000516648264197473,TRUE,FALSE
"K05290","pink",-0.0483438684809993,0.782716731406986,0.964756824700076,0.208827139719477,0.228628863758972,0.333090835576205,0.151994632391939,0.383407256892011,0.316397049681516,0.416999594644601,0.0126988359747214,0.141892847394668,0.10700009768325,0.540675401771731,0.518423585854002,-0.013086828439725,0.940521822022496,0.996847020865946,-0.0755848408605416,0.666072615560715,0.458593126545394,0.554855149453397,0.000541751382520441,0.00530528801636541,0.146023547930364,0.402585270863349,0.553071470625344,"pink",0.554855149453397,0.000541751382520441,0.00530528801636541,TRUE,FALSE
"K05292","black",-0.234801161149048,0.174551322509341,0.812230028079032,0.0571232055443268,0.744470917052274,0.525482590523844,0.422725561058634,0.0114093430668529,0.0287892955116453,-0.24285526579346,0.159807597356941,0.424100554518334,0.0509905253777058,0.771129617695186,0.584258398378374,-0.103829026907035,0.552806164415211,0.986815669978367,0.10343281238216,0.554330757762284,0.421795546028181,0.0961449270255023,0.58271778840828,0.348955856907617,0.127915382354259,0.463991196591066,0.584298143879495,"black",0.422725561058634,0.0114093430668529,0.0287892955116453,TRUE,FALSE
"K05293","black",0.0560142948538611,0.749270767026251,0.964756824700076,0.329900103850205,0.0529404793113902,0.176432084400288,0.686623710934459,5.2550126578154e-06,0.000235494290235435,0.400683898932207,0.0170654912897095,0.16294232592113,0.252620812780821,0.143162394952045,0.310932313356945,-0.00870356328910393,0.960423757121719,0.996847020865946,0.0294737369930695,0.866526090872174,0.526417046062616,0.292384295427814,0.0883025724606248,0.187323938488218,0.362605824959366,0.0322937905116898,0.16199450225733,"black",0.686623710934459,5.2550126578154e-06,0.000235494290235435,TRUE,FALSE
"K05355","black",0.0772817697972453,0.659023603186516,0.959685422460598,0.335010216446899,0.0491565502646894,0.172860005191019,0.776236851549454,4.26406576014032e-08,2.01337567391587e-05,0.250129222005546,0.147283280356578,0.409061362687295,0.21817716166798,0.207990264179697,0.37065250807918,-0.0234095891494897,0.893812656934817,0.996847020865946,0.000456783785388464,0.99792213352672,0.559337378487614,0.375221340802865,0.0263455783831709,0.106699031314594,0.369308292255631,0.0290101384027761,0.152653876539888,"black",0.776236851549454,4.26406576014032e-08,2.01337567391587e-05,TRUE,TRUE
"K05528","blue",-0.168061675163024,0.334522491070345,0.908112075249253,0.17928834794935,0.302755076245664,0.365813820764117,-0.197951225269238,0.254332898182087,0.245330061307423,0.00707848790485429,0.967808923463817,0.78572953888437,0.116288594578104,0.505890628592229,0.507337358669302,0.093051397022772,0.594959639631365,0.986815669978367,0.50427858176892,0.00200920109882692,0.00591064045836523,0.328796165476883,0.0537876289647305,0.155459791043582,-0.341155666730306,0.0448959661351274,0.194499949978416,"blue",0.50427858176892,0.00200920109882692,0.00591064045836523,TRUE,FALSE
"K05546","red",0.03065587835404,0.861223492793443,0.967562416164654,0.469610037193652,0.00442463318707036,0.0369852504779212,0.0229819901610256,0.895741607669044,0.517022082398059,0.513266608546466,0.0016150357459819,0.0390148117977458,0.233209577486898,0.17757580398226,0.346145665860524,-0.449048427874213,0.0068114892279642,0.349370081464644,-0.0394712482037622,0.821884372994453,0.511131792543823,0.0520121072798615,0.76666995873787,0.397948920153276,0.403477721449955,0.0162393181852153,0.112499337977506,"red",0.469610037193652,0.00442463318707036,0.0369852504779212,TRUE,FALSE
"K05628","black",-0.0684300281430157,0.696097873867362,0.959685422460598,0.374788299613658,0.0265336143217592,0.124735119628351,0.462607819480042,0.00513992552289154,0.0163429817532554,0.536995477215528,0.000881026620179742,0.0251831327438834,0.364738179128619,0.031217730136942,0.143946111608724,0.156672234915301,0.368763624621134,0.981034169908892,-0.0500562360783267,0.775214535333312,0.497107331896422,0.269272462670226,0.117762895473267,0.200600203456641,0.388803176187682,0.0209818472301133,0.129984608437502,"black",0.462607819480042,0.00513992552289154,0.0163429817532554,TRUE,FALSE
"K05658","blue",-0.324659869075853,0.0570581611822908,0.672665260740884,0.0110543646458006,0.949746412162909,0.574121355423963,-0.283664854682127,0.0986659998603038,0.129722298403905,0.0797436954833904,0.648848095264758,0.724390960641225,0.118670932962478,0.497153751565703,0.504016968131179,0.0456593594096791,0.794516704350218,0.996847020865946,0.628695962091769,5.24217824772407e-05,0.000278090254379849,-0.257675618880529,0.135062430317768,0.20701872130618,-0.140174200890579,0.421893036092381,0.567571960381276,"blue",0.628695962091769,5.24217824772407e-05,0.000278090254379849,TRUE,FALSE
"K05665","blue",-0.139032179173341,0.425722115845195,0.959685422460598,-0.0452605622435367,0.796273549582201,0.540351772311281,-0.153856937292022,0.377536944372814,0.313016082220216,-0.333771529699777,0.050053271840225,0.290983643706909,-0.143964822687403,0.409322422380471,0.4677514990834,0.16049861552295,0.357035356509902,0.981034169908892,0.77972855131469,3.38389010058437e-08,1.17323036228208e-06,0.144679178135344,0.406977490751439,0.294760066770285,-0.191615100407362,0.270158659200676,0.475671420251214,"blue",0.77972855131469,3.38389010058437e-08,1.17323036228208e-06,TRUE,TRUE
"K05681","blue",0.139951318975953,0.422638819552246,0.959685422460598,0.283342961244661,0.0990655676532061,0.231181149013553,0.246987695233821,0.15260150672181,0.171353801947478,-0.0742739835225847,0.671537257878624,0.730300955421961,-0.287171224295288,0.0943926177965983,0.253477850589944,0.246213462549873,0.153933323982301,0.88110903560902,0.405413595830243,0.0156867262689272,0.0323322915418832,-0.00880186605741682,0.959977117298969,0.44772375333008,-0.319126210088931,0.0616780329075492,0.228135063960257,"blue",0.405413595830243,0.0156867262689272,0.0323322915418832,TRUE,FALSE
"K05692","black",0.201663960623568,0.245351445743859,0.864780203455952,0.342100807875598,0.0442678959362989,0.165882281115737,0.640134956858195,3.45570084442948e-05,0.000649389625994373,0.184054796543283,0.2898672163203,0.539516215490273,0.216451362065089,0.211699168065089,0.372112286087138,-0.0329814488418199,0.850809547013116,0.996847020865946,0.0613166640880075,0.726406589663257,0.481031304716306,0.459765487405837,0.00545750631126934,0.0341516889147695,0.389636190704993,0.0206848657935604,0.128788722825912,"black",0.640134956858195,3.45570084442948e-05,0.000649389625994373,TRUE,FALSE
"K05755","blue",-0.341885568720675,0.0444103023831506,0.619696805272895,0.0626635162313733,0.720634823248156,0.521906039866975,0.0404732004705311,0.817438165085712,0.493886154536113,0.14547196753996,0.404384062670388,0.616472180460661,0.00733959786162685,0.966622114087262,0.635391341136784,0.122870437528783,0.481941515558756,0.986815669978367,0.445788941445712,0.00727649032276636,0.0170215433222181,0.315656713772316,0.0647219472620528,0.167895462571183,0.347941307868163,0.0405418743218479,0.184677133231503,"blue",0.445788941445712,0.00727649032276636,0.0170215433222181,TRUE,FALSE
"K05757","blue",-0.281148487927667,0.101822470124059,0.744258866934882,-0.0390451146717201,0.823777023017844,0.5458611389,0.141306105617767,0.418116954992856,0.337764643632191,0.0788723259080406,0.65244257320906,0.725419279209408,0.215377888074806,0.214029023555215,0.372299210936719,0.146609068343594,0.400680810396225,0.986815669978367,0.415636162093801,0.0130233795224994,0.0277867257844509,-0.0540127717614397,0.757957612131206,0.397925653651607,0.183016088320229,0.292645261961854,0.490877321889088,"blue",0.415636162093801,0.0130233795224994,0.0277867257844509,TRUE,FALSE
"K05765","blue",-0.224410161158487,0.194969996320084,0.824980724999754,0.188027455517405,0.279398984265713,0.354414593294725,-0.182847588584917,0.293097519467489,0.270298169934694,0.125691468571472,0.471859963981656,0.65179529026173,0.0604511626935746,0.73012344408598,0.58161678693012,0.0104514655473655,0.952484034101329,0.996847020865946,0.745506081731222,2.77259978000165e-07,4.64070824704744e-06,0.243391931236513,0.158858152016877,0.219260737743892,0.0461574065127007,0.792324023455719,0.676698370396686,"blue",0.745506081731222,2.77259978000165e-07,4.64070824704744e-06,TRUE,TRUE
"K05841","red",0.120182178887216,0.491651502448241,0.959685422460598,0.76082062951006,1.12908650982628e-07,1.4392901526001e-05,0.371577962754637,0.0279623583445344,0.0548983939815025,0.326834389654756,0.0553196702184647,0.30071633664482,-0.0444937418047936,0.79965443171371,0.587009013872708,-0.10772329418319,0.537926740069293,0.986815669978367,0.080949752632544,0.64388585818298,0.451130398725248,0.302739791544517,0.0771054135130051,0.176660815631565,0.300063242499887,0.0798876541844907,0.262575927368012,"red",0.76082062951006,1.12908650982628e-07,1.4392901526001e-05,TRUE,TRUE
"K05850","blue",0.195203429026125,0.261118805161556,0.874194515218989,0.189492178969734,0.275602002637825,0.352993497284374,0.00505556604639564,0.977005717344416,0.53829110897981,-0.221258114469592,0.201481222351211,0.45707224998987,-0.190370236036014,0.27334200271027,0.411555983762462,0.0251602693911009,0.885921486918813,0.996847020865946,0.734213238635172,5.17013853791563e-07,7.38105332430663e-06,0.161056929757986,0.355343007101877,0.282352147761559,-0.113713438288508,0.515420526708303,0.598383005344419,"blue",0.734213238635172,5.17013853791563e-07,7.38105332430663e-06,TRUE,TRUE
"K05853","blue",0.023481126686087,0.893490000636617,0.973539962800205,0.0301536862175882,0.863475404282625,0.557319202413377,-0.0154257759480557,0.929915701157906,0.523962837421397,-0.119267801770476,0.494976899648046,0.663816779517349,-0.0560877612055071,0.748952483670502,0.584189083452236,0.258650470761155,0.133539955211486,0.853102756060396,0.468695056188138,0.00451291913858898,0.011590197252788,0.12803591434988,0.463566724649246,0.313706164372976,-0.362608115238306,0.03229261871166,0.16199450225733,"blue",0.468695056188138,0.00451291913858898,0.011590197252788,TRUE,FALSE
"K05857","blue",-0.0625320995255562,0.721197331165074,0.959685422460598,0.238808973785343,0.167098151045778,0.299625735070718,-0.283658100873023,0.0986743707735065,0.129722298403905,0.263952264238543,0.125480888008402,0.377550197768297,0.418615725431443,0.012323005473374,0.0801510263880473,-0.00896111832273125,0.959253578180485,0.996847020865946,0.495979337431956,0.00244539998711828,0.00688106856960285,0.27133475337906,0.114868676129444,0.199960777268049,-0.242351213534461,0.160703065100337,0.372873147289952,"blue",0.495979337431956,0.00244539998711828,0.00688106856960285,TRUE,FALSE
"K05863","blue",0.259593081673871,0.132079910260779,0.775913506718405,0.29623431185462,0.0840022686091284,0.214698614476299,0.421243426003793,0.0117319959486299,0.0292323421580159,0.0195417151741432,0.911281579433752,0.776324973259771,-0.0493987597771477,0.778092733634611,0.584863953082124,0.00897287123644907,0.959200181816376,0.996847020865946,0.517341256062979,0.00145992529798809,0.00447091534834491,0.337809521723631,0.0471773726980899,0.148365958071222,0.196912264078213,0.256884802637472,0.463972779200763,"blue",0.517341256062979,0.00145992529798809,0.00447091534834491,TRUE,FALSE
"K05916","red",0.243182890094494,0.159227493334577,0.785699306982746,0.628558324437215,5.26799718262414e-05,0.00114303307807957,0.443405882739788,0.00763340540576694,0.0215181256962174,-0.0356502654487067,0.838889151121754,0.760629000025755,0.00156247655532656,0.99289252310959,0.641154623651573,0.0544848036086319,0.755906266345793,0.996847020865946,-0.155497443446894,0.372409817687146,0.33168031616904,0.288679874221402,0.09259809627426,0.18895625259695,0.0946637271860594,0.588565272123777,0.61905259459603,"red",0.628558324437215,5.26799718262414e-05,0.00114303307807957,TRUE,FALSE
"K05972","blue",-0.279021472165466,0.104549831845883,0.744258866934882,-0.152859738720916,0.380673689824334,0.402846169275065,-0.341869366311814,0.044421037113305,0.0766888608290911,0.22804551997991,0.187644866424853,0.449573894359009,0.330233525228631,0.0526867166283463,0.188148521016216,-0.150648855948971,0.387682360419055,0.984821788630755,0.402505161776868,0.0165230304312536,0.0339120182338588,0.184758897901289,0.287993744952037,0.254912501123918,0.145358486072415,0.40475471177508,0.553530965079143,"blue",0.402505161776868,0.0165230304312536,0.0339120182338588,TRUE,FALSE
"K05991","black",0.31079284381305,0.069186759688158,0.717967991254957,0.0520264174478179,0.766607540453536,0.531837221241938,0.386995261215998,0.0216385937237188,0.0456122964055145,0.25774740893186,0.134949877859454,0.395699146030247,0.0604367962571675,0.730185191367684,0.58161678693012,0.0701058081157502,0.689022539314971,0.988692296438592,0.156469454112893,0.369391476829263,0.330203840681635,0.0687752254167015,0.694638323657688,0.381194418155068,-0.0408920580502029,0.815581116669004,0.679264331444427,"black",0.386995261215998,0.0216385937237188,0.0456122964055145,TRUE,FALSE
"K06004","pink",0.0436161384064085,0.803528147409196,0.967562416164654,0.186581212050497,0.283181178710121,0.355209818684584,0.282582116458472,0.100014902148638,0.130273963600811,0.0444811024479242,0.799710188348476,0.744922708456456,-0.0278943021482412,0.873619694923982,0.613337837423428,-0.274176165604658,0.110968874876908,0.813326576194694,0.0957021713021274,0.584462989506036,0.432132931833895,0.831973867886205,5.89938614924526e-10,2.34145404877406e-07,0.321466423887202,0.0596895039105149,0.224952633870352,"pink",0.831973867886205,5.89938614924526e-10,2.34145404877406e-07,TRUE,TRUE
"K06013","blue",-0.32557644192772,0.0563201684105093,0.668512683941183,0.115633780016271,0.508305489721206,0.449271364336404,-0.0036525622130149,0.983385965363313,0.5408597084159,-0.157757415736851,0.365414448881441,0.596144691888303,-0.245012462952447,0.156015894629405,0.3317354066196,0.0484814398750031,0.782113283626771,0.996847020865946,0.76693420501384,7.74202250526694e-08,2.03131736170275e-06,0.0513772224005742,0.769440656169402,0.397948920153276,-0.00350582861967553,0.98405331085281,0.711200269959224,"blue",0.76693420501384,7.74202250526694e-08,2.03131736170275e-06,TRUE,TRUE
"K06018","magenta",-0.0199083731741054,0.909623715414204,0.974878106872489,0.0722737070201599,0.679907847141124,0.510376701031097,0.0576316539709245,0.742273278879576,0.468460236095482,-0.0697267808769148,0.690620592613597,0.731064640794532,0.638625953049286,3.65451103744089e-05,0.00177033603706698,0.310440695114144,0.0695191500498735,0.755138466897456,-0.188667145366175,0.277736574693223,0.27428662604183,0.0997493143225689,0.568597563543483,0.344454592421575,-0.145687769691019,0.403679751964287,0.553071470625344,"magenta",0.638625953049286,3.65451103744089e-05,0.00177033603706698,TRUE,FALSE
"K06030","red",0.110908645462179,0.525900373310666,0.959685422460598,0.716241386787642,1.31047142709601e-06,7.24818253735938e-05,0.474385956277258,0.0039876165311878,0.0133535026957017,0.0748827311831231,0.668997457716222,0.730215674333603,0.118673544902412,0.497144214924794,0.504016968131179,-0.0909016448838438,0.60353208486666,0.986815669978367,-0.0314606000621345,0.857617238964675,0.522968479664266,0.33948907067258,0.046020904098907,0.146711652826154,0.165417426400833,0.342292235226044,0.525017329448606,"red",0.716241386787642,1.31047142709601e-06,7.24818253735938e-05,TRUE,TRUE
"K06041","red",0.212055431858921,0.221351588101883,0.843081982814426,0.539804012465061,0.000817617600139864,0.00936852774728614,0.142010790754317,0.415775717003738,0.336737504997483,-0.264535526374345,0.124616865789095,0.37660226931791,0.122250647231228,0.484171334191187,0.499402541960882,0.175063661610965,0.31447704836902,0.954589382312911,-0.00790917401947285,0.964033497563962,0.551990669666231,0.152409909789882,0.382093633683464,0.288003449984143,-0.232057364258423,0.17978844691488,0.386218728941921,"red",0.539804012465061,0.000817617600139864,0.00936852774728614,TRUE,FALSE
"K06062","black",-0.156228937391294,0.370136988536543,0.929394372104073,0.155925600647851,0.371078488713231,0.399040320706992,0.382869367529581,0.0232014477488777,0.0478256579762904,-0.0741468479211423,0.672068142524808,0.730300955421961,-0.0406816500526018,0.816513859474103,0.590969947653973,0.409603987669493,0.0145444257654839,0.4617711087662,0.31523080468451,0.0651036159875369,0.100320488091161,0.472553094598661,0.00415069905843005,0.0286505007388801,0.176685803325713,0.309942985189242,0.495396536199973,"black",0.382869367529581,0.0232014477488777,0.0478256579762904,TRUE,FALSE
"K06067","black",-0.100237542429271,0.566696990524612,0.959685422460598,0.0674670748371839,0.70017506020778,0.517039926656344,0.470461430667178,0.00434382675352147,0.0143932395918299,0.0986017559736661,0.573076177940896,0.702817026561333,0.10377485373771,0.553014501475016,0.524193500905758,0.179654856121895,0.301751389438046,0.944607285615407,0.329439045542081,0.0532929880571608,0.0872449810961261,0.162001175531555,0.352491838829585,0.280449480752028,0.103226016529048,0.555127265669415,0.610615845913377,"black",0.470461430667178,0.00434382675352147,0.0143932395918299,TRUE,FALSE
"K06126","blue",-0.0623773829292679,0.721859754873807,0.959685422460598,0.0140071397772793,0.936347305070977,0.571441316234437,-0.0904459685209273,0.605355938142313,0.420833293265045,-0.174140462498528,0.317075962354212,0.560017520764421,-0.520302351624527,0.00135556800015571,0.0221611160025539,-0.266179766090583,0.122204973063788,0.845956886737543,0.401556935092342,0.0168036283735887,0.034342707713067,0.147194354666941,0.39878228051048,0.291928076339919,0.0182616159530133,0.917072461391727,0.695279386128876,"blue",0.401556935092342,0.0168036283735887,0.034342707713067,TRUE,FALSE
"K06174","blue",-0.0207175341690019,0.905966387704856,0.973554656411546,0.178943610880076,0.303701072618389,0.366089341838662,0.0789340823149451,0.65218756765662,0.439255775393542,-0.307701382377774,0.0721476388264129,0.317853261668912,-0.153623501285451,0.378269865311801,0.455161199939361,0.0513699804546009,0.769472276977047,0.996847020865946,0.722745446140576,9.43697968961999e-07,1.17452831969816e-05,0.284531704113887,0.097596076446823,0.191029521777356,0.0346250490280854,0.843464309311054,0.681270456641967,"blue",0.722745446140576,9.43697968961999e-07,1.17452831969816e-05,TRUE,TRUE
"K06185","blue",0.0382364240814296,0.827371460977718,0.967562416164654,0.132943066823667,0.446461794943064,0.428185924406629,0.0969920635570075,0.579385128689036,0.407401149570616,-0.219914190214884,0.204302847714219,0.45707224998987,-0.206229502436265,0.234601194039867,0.385380587359609,0.0638613022741476,0.715514571761789,0.988692296438592,0.80401189671563,5.98848515967132e-09,3.9643744269522e-07,0.167133018473906,0.337238768605604,0.273272085512579,-0.0783962752888362,0.654409587854809,0.641476550306454,"blue",0.80401189671563,5.98848515967132e-09,3.9643744269522e-07,TRUE,TRUE
"K06268","black",0.0558638005856891,0.749922890884853,0.964756824700076,0.189069676183651,0.276693787568289,0.353596240963042,0.414135824525698,0.013388565572285,0.0322536524521177,0.0474708556740404,0.786549037291659,0.744922708456456,-0.00885644734375987,0.959729131725335,0.633476492547375,-0.18210484904547,0.295096380146204,0.944607285615407,-0.240902823967209,0.163296294344249,0.195953435915579,0.167432386308501,0.336361658912562,0.273272085512579,0.333381519787819,0.0503383020352835,0.207209790669062,"black",0.414135824525698,0.013388565572285,0.0322536524521177,TRUE,FALSE
"K06269","blue",0.151820947057454,0.383957447033875,0.939011135527,0.105754405732431,0.545425559410673,0.465289571636054,0.105546302150568,0.546221034838524,0.392332088784385,-0.0983067545607031,0.574230062891458,0.702817026561333,-0.102694491014841,0.557176966309764,0.526542725853234,0.00318407946051428,0.985516665089499,0.998168111332726,0.565088264128255,0.000404908901468263,0.00150605867532711,0.185966471636205,0.284798809042899,0.25401360189902,0.0401614305478926,0.818821064592718,0.679983522284805,"blue",0.565088264128255,0.000404908901468263,0.00150605867532711,TRUE,FALSE
"K06609","black",0.347804834591178,0.0406259484960799,0.611738976068297,0.248024289869108,0.150831499284767,0.283271799147151,0.442762013065343,0.0077323672538532,0.021732221086219,0.256204447247623,0.137384192217173,0.399129991480263,0.21291756993343,0.21943523445409,0.377831101669231,-0.210579900429002,0.22465786244273,0.91433593416675,-0.324694027258306,0.0570305212957506,0.0908817094213551,0.228849840346641,0.186050719187649,0.22587214229023,0.308512604653625,0.0713612771220464,0.248746998715896,"black",0.442762013065343,0.0077323672538532,0.021732221086219,TRUE,FALSE
"K06630","blue",0.269542365323467,0.117381041645756,0.763998858849709,0.196171879718841,0.258713647981548,0.345627919343656,0.282039487850373,0.100696174702523,0.130441673918793,0.0227338348544607,0.89686133660738,0.774815156413682,0.0364350393598373,0.835390495698976,0.600599933921463,-0.146535426949137,0.400920051791604,0.986815669978367,0.538420989654535,0.000848319502598483,0.00282034135167691,0.310851210120204,0.0691317886434556,0.170423991384804,0.157005126562054,0.367734295673589,0.533261439534563,"blue",0.538420989654535,0.000848319502598483,0.00282034135167691,TRUE,FALSE
"K06641","red",0.105064499969048,0.548064824048544,0.959685422460598,0.735225396414424,4.89554715282399e-07,3.32828954962686e-05,0.247562700784471,0.151617820512589,0.170858720506611,0.281038984791194,0.101961548052051,0.356484726146892,0.110231433940908,0.528446183758124,0.514953604143553,0.0971093214591199,0.57892450576378,0.986815669978367,0.210565742731457,0.224689748179453,0.241257645925672,0.210588908755718,0.224637575640635,0.236206359078665,0.109862264655211,0.529836501176973,0.601721222106585,"red",0.735225396414424,4.89554715282399e-07,3.32828954962686e-05,TRUE,TRUE
"K06646","blue",-0.0348205723333571,0.842591368157439,0.967562416164654,0.219375139963699,0.20544227203091,0.315524329473025,-0.107153474039735,0.540091903421404,0.390530905883515,-0.0293557685840266,0.867055566876058,0.7713555595639,0.22000541028195,0.204110464736751,0.367985803657232,0.0468952385566705,0.789078557579425,0.996847020865946,0.413049977603073,0.0136582124612304,0.0290773012933682,-0.0620299496240576,0.723348025379702,0.388754666783967,-0.0807695305875466,0.644626414250107,0.639615306795632,"blue",0.413049977603073,0.0136582124612304,0.0290773012933682,TRUE,FALSE
"K06653","red",0.11087402363419,0.526030380377779,0.959685422460598,0.739322833258245,3.91523325466284e-07,2.85705087301184e-05,0.613742660434996,8.82076757439383e-05,0.00113534642248241,0.192910341034974,0.266872334888066,0.517168731223661,-0.0493693943662,0.778221353071399,0.584863953082124,-0.0406320936809878,0.816733579968727,0.996847020865946,-0.0201565667890876,0.908501707094621,0.534847742592058,0.355347137099141,0.0361861116960898,0.129974590049424,0.192908183013796,0.266877788379361,0.474667819376933,"red",0.739322833258245,3.91523325466284e-07,2.85705087301184e-05,TRUE,TRUE
"K06656","blue",-0.136793601107941,0.433283669303711,0.959685422460598,0.0925716036899497,0.596868283160317,0.484840191090929,-0.233686548731611,0.176665539223399,0.188087157207578,-0.0251586255853793,0.885928891414726,0.774258371572228,-0.012110880544559,0.94495040647317,0.628524173358069,-0.00969919931813335,0.955900643274666,0.996847020865946,0.658592352593666,1.70025278878354e-05,0.000115054697974353,0.199309894930611,0.251021187315701,0.248763508828926,-0.197111747631936,0.256393519702308,0.463972779200763,"blue",0.658592352593666,1.70025278878354e-05,0.000115054697974353,TRUE,FALSE
"K06665","blue",-0.360888249286031,0.0331824052916605,0.587018926596502,-0.382644938326644,0.0232890706455629,0.116660397520389,-0.29126583977155,0.0895830250097884,0.121026219300454,-0.269984530781895,0.116757477097555,0.372544544368397,-0.0770325957123405,0.660056878249706,0.57009327619325,-0.00802745500740089,0.963495977187364,0.996847020865946,0.427784139455594,0.0103640643076428,0.0230764332939997,-0.0706224921242913,0.686846229127174,0.379939399946547,-0.370017693344363,0.0286792423260657,0.151855323560812,"blue",0.427784139455594,0.0103640643076428,0.0230764332939997,TRUE,FALSE
"K06685","tan",-0.102211485186041,0.559042605310258,0.959685422460598,0.259792623811942,0.131772350517933,0.264528033269369,0.482232912975923,0.00335050830727197,0.0118503276052807,0.237418310956382,0.169658010199938,0.430774887871671,0.0322724639266681,0.853981848507659,0.606815757144171,-0.370829865085546,0.0283042205552661,0.580428003501843,0.00376524356458485,0.982873497229515,0.555610681629802,0.277769767136498,0.106180477241754,0.195558282066979,0.849583966090956,1.09042829331911e-10,4.50354039158298e-08,"tan",0.849583966090956,1.09042829331911e-10,4.50354039158298e-08,TRUE,TRUE
"K06688","black",0.152495255394958,0.381823991288794,0.939011135527,0.315163224298901,0.065164338987184,0.189868566873595,0.50919984403871,0.00178407472967027,0.00813478514046544,0.227878285915811,0.187977524724017,0.449573894359009,0.145793933946324,0.403333522273756,0.466629531504427,-0.0667024828084896,0.703418262338451,0.988692296438592,-0.316157304499516,0.0642756072146998,0.099509015809418,0.286414863330645,0.0953022448149265,0.191029521777356,0.211852707264924,0.221803858431979,0.432105890236102,"black",0.50919984403871,0.00178407472967027,0.00813478514046544,TRUE,FALSE
"K06689","blue",0.365575123335988,0.0308034768317207,0.587018926596502,0.117802096783629,0.500331171791946,0.446008010908216,0.120076328571088,0.492035871456015,0.369651444032596,-0.0564607199341078,0.74733731883106,0.744922708456456,-0.0483566646159462,0.782660596745257,0.584863953082124,-0.123383762227923,0.480098769028137,0.986815669978367,0.639844789750762,3.49315269907377e-05,0.000194891724074436,0.234538828973037,0.175047290155449,0.222111312092311,0.0239132331505885,0.891541426783263,0.689536439014593,"blue",0.639844789750762,3.49315269907377e-05,0.000194891724074436,TRUE,FALSE
"K06880","black",-0.128808066332072,0.46085237355723,0.959685422460598,0.364214228587786,0.0314793760534579,0.136822129076016,0.583203583646701,0.000236127802569741,0.00204574522706098,0.093283704620655,0.594036463715481,0.709356048577995,-0.079753695498245,0.648806889347953,0.565196125976027,0.144728940451251,0.406814427036954,0.986815669978367,0.256345112811262,0.137160937288871,0.172703500872535,0.72385131273704,8.91647658378095e-07,4.42366368078905e-05,0.38991695283825,0.0205855608053059,0.128788722825912,"black",0.583203583646701,0.000236127802569741,0.00204574522706098,TRUE,FALSE
"K06884","blue",0.279841284628693,0.103492152885103,0.744258866934882,0.191408004679491,0.270686552011034,0.350309233846632,0.0344450599666528,0.844268057843585,0.501844864903722,-0.275288582348646,0.109469555205855,0.363775429614782,-0.215151547544368,0.214522512956886,0.372299210936719,0.355773223910003,0.0359475646580289,0.613224682780658,0.388470748051911,0.0211013472401395,0.0415516563052851,0.0417247284987099,0.811892328084777,0.409194125739335,-0.144538438778751,0.407438873947362,0.554563828234838,"blue",0.388470748051911,0.0211013472401395,0.0415516563052851,TRUE,FALSE
"K06902","black",-0.125000920714444,0.474317485215965,0.959685422460598,0.128455136290876,0.462091978212635,0.432724686613827,0.497403749034206,0.00236513298959789,0.00971088137104643,-0.0410623146313578,0.814826548211954,0.754008730515398,0.170048782376235,0.328755625812608,0.435321894085766,-0.300279080723677,0.0796604493984467,0.758525048392902,-0.00284096695565638,0.987077233508154,0.556471675005759,0.190484491300492,0.273048816302724,0.253866445061253,0.427596613049553,0.0104013102307573,0.0870772168703563,"black",0.497403749034206,0.00236513298959789,0.00971088137104643,TRUE,FALSE
"K06965","black",-0.0532226092080547,0.761395117559076,0.964756824700076,0.327273373068657,0.0549738718042684,0.179189007314413,0.714873625338302,1.40255397360875e-06,0.000132449554517423,0.375496078567584,0.0262268514177269,0.212922429301616,0.187795258480429,0.280004004509645,0.414274619351365,-0.118389258830696,0.498182737377448,0.986815669978367,-0.16449630533381,0.345024449447571,0.314887674491479,0.349936739335091,0.0393285729970514,0.133413919072776,0.303005235453607,0.0768336449210145,0.259396180692228,"black",0.714873625338302,1.40255397360875e-06,0.000132449554517423,TRUE,TRUE
"K06972","greenyellow",0.0965822256475406,0.580996377611625,0.959685422460598,0.234192268162574,0.175704037676357,0.303183375087682,0.339530609825086,0.0459925931066961,0.077512781126314,0.694250927000895,3.73290404914229e-06,0.000365831209195024,0.198165270755021,0.25380925523577,0.401421418286564,0.0950276917059943,0.587126018890327,0.986815669978367,-0.173389892349276,0.31919877553948,0.298282575090803,0.213146479950032,0.218928329203694,0.234530940105001,0.13070995971222,0.454202927632928,0.581370213905344,"greenyellow",0.694250927000895,3.73290404914229e-06,0.000365831209195024,TRUE,FALSE
"K07034","blue",-0.149466492739029,0.391461115671458,0.939011135527,0.115986372792382,0.507004462698802,0.449208102228906,-0.0308680087010513,0.86027258780386,0.50700098124751,0.0461443733829596,0.792381382679053,0.744922708456456,-0.0287271284303282,0.86987803788859,0.611481564051416,0.0898555907338096,0.607722431210428,0.986815669978367,0.70381712097733,2.39484599399846e-06,2.42176184403907e-05,0.2892596044436,0.0919155042716678,0.18895625259695,-0.0574630156237171,0.743001953861081,0.670640068304698,"blue",0.70381712097733,2.39484599399846e-06,2.42176184403907e-05,TRUE,TRUE
"K07045","black",0.173448307722607,0.319033243669275,0.895938422156779,0.199968588448031,0.249426021438576,0.345627919343656,0.53483381237064,0.000932750575544342,0.0051511041895426,0.172934907471191,0.320489902195631,0.560371566227529,-0.046901792287367,0.789049745551262,0.586657423878522,0.181234690105252,0.297449202674903,0.944607285615407,-0.1717006017306,0.324008902379887,0.301576647885466,0.23593620410367,0.172416928319068,0.221863862010585,0.0915128238296192,0.601089536538736,0.625324741015633,"black",0.53483381237064,0.000932750575544342,0.0051511041895426,TRUE,FALSE
"K07126","blue",0.00676921258448626,0.96921474411794,0.993070802163856,0.266930567504464,0.121115285060346,0.254073512210931,-0.0570404259800543,0.744828898947155,0.469158060586522,-0.282144566552273,0.100563973391737,0.356484726146892,-0.498361204919036,0.00231248032224208,0.0306727721064067,-0.0739282298190129,0.672981398583458,0.988692296438592,0.448158191932902,0.00693589120795124,0.0164226595872356,0.235477598977342,0.173277060657069,0.221863862010585,-0.103152615395516,0.555410110281592,0.610615845913377,"blue",0.448158191932902,0.00693589120795124,0.0164226595872356,TRUE,FALSE
"K07127","greenyellow",0.0573781033483248,0.743368937286079,0.962392583360767,0.350621921122038,0.038918799516838,0.156873662812634,0.343044396601502,0.0436479293783503,0.0757697170157163,0.747750626092777,2.44023153723516e-07,4.38081075797983e-05,0.409256791102745,0.0146363354982519,0.0858287965500539,-0.189373792288716,0.275907641301821,0.930619645693408,-0.14355261600831,0.41067900547121,0.352672237076282,0.265476676353461,0.123232023278553,0.203925984059529,0.571258882215287,0.000338144899818662,0.0104742046579637,"greenyellow",0.747750626092777,2.44023153723516e-07,4.38081075797983e-05,TRUE,TRUE
"K07178","pink",0.165439153470247,0.342227948484771,0.917762421640375,0.215327640749486,0.214138510114545,0.322564991184813,0.493660259483839,0.00258116922149862,0.0100444771748022,-0.0824597449005056,0.637694402477712,0.721239805256568,0.310775592863249,0.0692030136750067,0.211244986851847,0.202522215395789,0.243305831097016,0.91433593416675,0.150092092384995,0.389459091400164,0.341847016913911,0.691851691581897,4.16149908246462e-06,0.000132135223958553,0.134344036702463,0.441642103078185,0.57733566336873,"pink",0.691851691581897,4.16149908246462e-06,0.000132135223958553,TRUE,FALSE
"K07179","black",-0.0891868568691685,0.610407751710245,0.959685422460598,0.191840132064611,0.269585810966801,0.350309233846632,0.386316979264726,0.0218893474908849,0.0459357932964261,-0.0345014027850755,0.844016440010742,0.762853416791151,-0.0189090208390998,0.914143203652947,0.619794579124299,-0.262567601602989,0.127549892383077,0.847452040016384,-0.192573161808181,0.267725300253197,0.268774470719581,0.189455511181754,0.275696644235,0.253866445061253,0.331474027915572,0.0517510871543037,0.212319919074851,"black",0.386316979264726,0.0218893474908849,0.0459357932964261,TRUE,FALSE
"K07182","tan",-0.106233721926115,0.54359546280299,0.959685422460598,0.117058802205978,0.503057602991386,0.44752737333427,0.287327132729102,0.0942059443781624,0.126009858968745,0.194654493640462,0.26248861785888,0.513753057388464,0.0553281072842614,0.75224554537648,0.584189083452236,-0.527682817237448,0.00112347710095319,0.11250141397558,-0.255865016843959,0.13792401354268,0.173439359579854,0.101367343465911,0.562310080950937,0.34203785044087,0.508753253149647,0.00180354992851526,0.0331854253349444,"tan",0.508753253149647,0.00180354992851526,0.0331854253349444,TRUE,FALSE
"K07189","blue",-0.0945880461765844,0.588864738483315,0.959685422460598,0.0804604450032553,0.645897270502997,0.503513393402026,-0.0170147218381702,0.922717170759414,0.522464771386841,-0.400375275606349,0.0171588741341229,0.16294232592113,-0.170526014439257,0.327379841509594,0.435321894085766,0.0402539578264054,0.818410590491761,0.996847020865946,0.424266659498687,0.0110818488510797,0.0242847463245232,0.142522626682341,0.41407983817483,0.2962881448948,-0.125916572834993,0.471060312159746,0.586585927919495,"blue",0.424266659498687,0.0110818488510797,0.0242847463245232,TRUE,FALSE
"K07198","black",-0.061377965552895,0.726143565112765,0.959685422460598,0.252056072175848,0.144088950488854,0.272617063426738,0.580902426687597,0.000253315614599594,0.00213587020391194,0.164710350470678,0.344388372460442,0.582304475001764,0.103453846118394,0.55424977279066,0.524666492348197,0.0439214612272731,0.802179934247472,0.996847020865946,0.0535995200735169,0.759754848284399,0.490074443374735,0.216164161409939,0.212320784857912,0.2338397366362,0.182063007751411,0.295209241922013,0.491015317066339,"black",0.580902426687597,0.000253315614599594,0.00213587020391194,TRUE,FALSE
"K07199","blue",-0.376582402378226,0.0257617098666652,0.544451746328425,0.0399563244640849,0.819731135087933,0.544950673511576,-0.039790323056913,0.820467864943599,0.49463544388857,-0.0088900153470808,0.959576620114513,0.78432959975427,-0.0575820454293265,0.742487611220326,0.583526939041646,-0.0774910871248947,0.658156085485725,0.988692296438592,0.559098005305234,0.000480695449736422,0.00173477360727658,0.154359737254708,0.375961137017934,0.287788217037811,0.0391688122247889,0.823227525549592,0.680904610883472,"blue",0.559098005305234,0.000480695449736422,0.00173477360727658,TRUE,FALSE
"K07207","black",-0.128685075441627,0.461284156024628,0.959685422460598,0.254731892247943,0.139737395299608,0.269604342924281,0.441802686099535,0.00788184635142688,0.0220212609448319,0.14667645296316,0.400461967290877,0.615367734449513,-0.0991273320279295,0.57102301423676,0.531512802614814,-0.245649084928812,0.154909448297607,0.88110903560902,0.0591207148683446,0.735848770491125,0.483734572439727,0.200799902673109,0.247422481638237,0.247983501298541,0.577733690012543,0.000278811674916258,0.00957238568919219,"black",0.441802686099535,0.00788184635142688,0.0220212609448319,TRUE,FALSE
"K07208","pink",-0.00446527089101319,0.979689973134901,0.994984518517273,0.144072448856151,0.408968640865106,0.413342407273465,0.432237515715506,0.00951221084017084,0.0251619428046127,-0.191917259808166,0.269389654986174,0.518386097207103,-0.452127137471635,0.00639588988799245,0.0565567833709842,0.0470361302838741,0.78845921892355,0.996847020865946,0.202302875826014,0.243827527113875,0.253975542593846,0.624962392771328,5.98456427335401e-05,0.000989692111849781,0.251972134918105,0.144227037546024,0.353162328514224,"pink",0.624962392771328,5.98456427335401e-05,0.000989692111849781,TRUE,FALSE
"K07249","blue",0.236319325537048,0.171700706957181,0.811939026954295,0.057163092281329,0.74429844484375,0.525482590523844,0.0716328303793894,0.68259777104753,0.449546368304182,-0.179147234837923,0.303142079953171,0.546322653064322,-0.241877628830711,0.161547695159454,0.335965170414894,0.0675648078781887,0.699760876032224,0.988692296438592,0.649155523605162,2.45787529239789e-05,0.000151341345269894,0.0446675125767775,0.798887966766021,0.40497606660482,-0.0116507525031383,0.947038912604319,0.701371319552831,"blue",0.649155523605162,2.45787529239789e-05,0.000151341345269894,TRUE,FALSE
"K07300","blue",0.290207069875133,0.0908082362979955,0.724709891041615,0.0437688493333156,0.802853752228678,0.541138752213498,0.125811544964335,0.471433320407454,0.36244067809247,-0.201665111977602,0.245348693856584,0.497229678641811,-0.344743621017069,0.0425491302580842,0.166922529266646,0.0398062959770967,0.820396969041719,0.996847020865946,0.674544938922056,8.85034659945293e-06,6.97238363884592e-05,0.108433935410452,0.535232331414048,0.334092770885465,0.0981386842027843,0.574887931396856,0.618152877672231,"blue",0.674544938922056,8.85034659945293e-06,6.97238363884592e-05,TRUE,FALSE
"K07304","greenyellow",-0.194582612004946,0.262668340981405,0.874194515218989,0.0631630997930041,0.718497754609974,0.521906039866975,-0.00972840410001499,0.955767987492486,0.534981507038745,0.592839716253609,0.000174924141215298,0.00600000649347365,0.0756526335364116,0.665790460829781,0.571537400479175,0.011294030504307,0.948658301690702,0.996847020865946,-0.205380795440362,0.236575118113474,0.249093973008564,-0.000707405269226326,0.996782084821898,0.457100784367748,-0.186181416543091,0.284232525816844,0.486171148807925,"greenyellow",0.592839716253609,0.000174924141215298,0.00600000649347365,TRUE,FALSE
"K07305","pink",-0.0870978956454425,0.618828169329861,0.959685422460598,0.200521285383674,0.248092772729443,0.345160636128947,0.18031128953685,0.299959025015063,0.27379925676396,0.319053823718092,0.0617403645154546,0.305209251791892,0.417450178808376,0.012593093261542,0.0806375714057145,0.0974174786319026,0.577714758088956,0.986815669978367,0.089292536404361,0.609983058424069,0.441584753699629,0.654972314836166,1.96137019464122e-05,0.000399212172441504,0.21290832909902,0.219455714494675,0.430919096093739,"pink",0.654972314836166,1.96137019464122e-05,0.000399212172441504,TRUE,FALSE
"K07342","black",0.180824851627996,0.29856149523506,0.883994324068164,0.0925075173194648,0.597123423204721,0.484840191090929,0.447035324061512,0.00709557132433313,0.0206174489513894,0.141326627759243,0.418048667970912,0.623532878117405,-0.140049107208302,0.42231152046176,0.474120811334164,0.37362630221182,0.0270436474502406,0.580428003501843,0.0376145310106264,0.830137980082121,0.512978512632428,0.147793626037282,0.39684374906617,0.291928076339919,-0.105029844850737,0.548197557297126,0.608570924990134,"black",0.447035324061512,0.00709557132433313,0.0206174489513894,TRUE,FALSE
"K07374","black",0.512923090512584,0.00162874995898644,0.178116531653374,0.435995409233084,0.00884041730252454,0.0602197647426344,0.630176082504741,4.97165841445182e-05,0.000772209562298457,0.273938346693655,0.1112914042172,0.368145289765153,0.0975637420076047,0.577140962224619,0.536311345209215,-0.0823173922604078,0.638277074453085,0.987736935152345,0.0621854377862983,0.722681850229877,0.480199835485439,0.44832221097178,0.00691282602353493,0.0400538134235634,0.398377172433109,0.0177738541457304,0.118039042172305,"black",0.630176082504741,4.97165841445182e-05,0.000772209562298457,TRUE,FALSE
"K07375","blue",0.317416367861455,0.0631636998716232,0.688444603003289,0.182492801249427,0.29405123938903,0.359988921132657,0.119681933212633,0.493469372329774,0.370306923180936,0.0103599125482069,0.952899802113947,0.78321321054273,-0.00482275220640064,0.978064366286612,0.638019332421497,0.0014579465291743,0.993368004062781,0.998168111332726,0.448453692266507,0.00689438391804455,0.0163642923939246,0.198302762701695,0.253473271396433,0.249017357275649,0.0236586068235362,0.89268958331132,0.689753395934956,"blue",0.448453692266507,0.00689438391804455,0.0163642923939246,TRUE,FALSE
"K07390","black",-0.102189884276201,0.559126107648505,0.959685422460598,0.275284246892123,0.109475368755241,0.244278575579189,0.655661978660211,1.90898380690424e-05,0.000424306747370457,0.2524295216549,0.143475751895642,0.404642734064679,0.268945345235259,0.118226940811487,0.28267330945823,0.036024864113874,0.837218743509686,0.996847020865946,0.0497537603099908,0.776538303805024,0.497265989346061,0.297815191840449,0.0822840527692243,0.181449081887518,0.290383168524408,0.0906035684603393,0.275146089710718,"black",0.655661978660211,1.90898380690424e-05,0.000424306747370457,TRUE,FALSE
"K07393","blue",-0.0219460171539006,0.900417424116945,0.973554656411546,0.244385340463173,0.157111410184107,0.290677601065607,0.157495970394893,0.366219682355958,0.307279841843643,-0.194136073742913,0.263786619814376,0.514824728452005,-0.172030240760769,0.323066762793905,0.43456333131473,-0.000786323830212609,0.996423094431016,0.998168111332726,0.504043750999479,0.00202053824875118,0.00592603425222406,-0.0518197061385787,0.767509316728354,0.397948920153276,0.130115809075854,0.456274651729728,0.581833495545027,"blue",0.504043750999479,0.00202053824875118,0.00592603425222406,TRUE,FALSE
"K07424","pink",0.194712190070204,0.262344420112866,0.874194515218989,0.694920621663163,3.62068525476808e-06,0.000153515750523998,0.518312565888993,0.00142494181683961,0.00686549696107441,0.275264501415583,0.109501849026707,0.363775429614782,0.202959475939322,0.242268046668581,0.390873797036655,-0.221636185445966,0.200692355176118,0.904298900430545,0.0556281996508342,0.750944142397611,0.489413364816306,0.843056470232593,2.08819761309699e-10,1.65760254783519e-07,0.34659735713114,0.0413759684329494,0.18710087320967,"pink",0.843056470232593,2.08819761309699e-10,1.65760254783519e-07,TRUE,TRUE
"K07427","red",0.246659021185016,0.153165859116589,0.783893789195236,0.761089597182945,1.11075740331306e-07,1.4392901526001e-05,0.358019502338165,0.0347110195019258,0.0640218659303853,0.252965614303354,0.142598835463329,0.404233757444538,0.181965167307352,0.295473262167527,0.419743523394768,-0.289038435470767,0.0921754590825105,0.784199551229544,0.117063362175793,0.503040854067697,0.397412369727459,0.307721450001477,0.0721281049159803,0.17193690262625,0.382549699558582,0.0233263369776678,0.140385232420836,"red",0.761089597182945,1.11075740331306e-07,1.4392901526001e-05,TRUE,TRUE
"K07513","blue",-0.211091982949024,0.223506630714601,0.846044842055179,-0.233635207311495,0.17676336099912,0.304496052258753,0.0513814883674386,0.769422029673335,0.477712187860409,-0.0720646249183698,0.680784993439547,0.731064640794532,-0.195856586114534,0.259495069876866,0.403832603359633,0.0318220468615731,0.85599838043433,0.996847020865946,0.437834787660138,0.00852660528511426,0.0193400443250193,0.119601449838708,0.493762165401474,0.322324297388149,0.00348856353546958,0.984131833294421,0.711200269959224,"blue",0.437834787660138,0.00852660528511426,0.0193400443250193,TRUE,FALSE
"K07533","black",0.558968163481786,0.000482469120238898,0.119445569339144,0.234628912006331,0.174876865406944,0.30278069939347,0.43653013611767,0.00874819091632889,0.0238788240172625,0.0593581894408463,0.734825807791384,0.738772468073264,0.113803752446272,0.515084803485961,0.511949817615198,-0.0159384386083758,0.927592518922948,0.996847020865946,-0.173375074021509,0.319240774814591,0.298282575090803,0.182878719216866,0.293013930400584,0.256725424645486,0.200700393293772,0.247661740069343,0.455278591215786,"black",0.43653013611767,0.00874819091632889,0.0238788240172625,TRUE,FALSE
"K07535","tan",-0.0769645804298087,0.660339031572027,0.959685422460598,0.298478478765116,0.0815712889951313,0.213817793277435,0.534891245846661,0.000931342389220979,0.0051511041895426,0.100572730190925,0.565393856869949,0.702817026561333,-0.0940504168110099,0.590994041828076,0.540617478151419,-0.263698955409814,0.125857513383502,0.845956886737543,-0.0904250374168538,0.6054397718265,0.440156881052643,0.290417989537869,0.0905631402274032,0.188111314791489,0.705574996145201,2.20311530859131e-06,0.000226415044385461,"tan",0.705574996145201,2.20311530859131e-06,0.000226415044385461,TRUE,TRUE
"K07562","blue",0.0511630789071003,0.770375834006117,0.964756824700076,0.129904244521279,0.457013570600862,0.432319736220377,0.264022652056363,0.125376382636941,0.150061627115883,-0.182818579915634,0.293175424574835,0.539516215490273,-0.48546562302214,0.00311494233667327,0.0365326077844295,0.0948259841063892,0.587923454973382,0.986815669978367,0.460776584194436,0.00534265191127631,0.0132310980454362,-0.000224355483520845,0.99897942717422,0.457579745485728,0.0912483887729982,0.60214581654035,0.625898085789897,"blue",0.460776584194436,0.00534265191127631,0.0132310980454362,TRUE,FALSE
"K07648","black",0.234411723334097,0.175287957588897,0.812230028079032,0.237922613895182,0.168726495891005,0.299625735070718,0.492394033804381,0.00265803636859953,0.0102199493976993,0.094587888513616,0.588865362418622,0.708388427363858,0.341440911484672,0.0447056635230251,0.17116849186553,0.40531264059256,0.0157151487786836,0.4617711087662,-0.109701689134516,0.530441792615772,0.410643802401323,0.295962841865882,0.0843000876250459,0.183000076891662,0.113571241704578,0.515949331030195,0.598383005344419,"black",0.492394033804381,0.00265803636859953,0.0102199493976993,TRUE,FALSE
"K07684","black",-0.0920650547068668,0.598886240402247,0.959685422460598,0.282273234246431,0.10040227405907,0.233233082270773,0.493602121051757,0.00258465564979653,0.0100444771748022,0.257732240060278,0.134973653858343,0.395699146030247,0.18987152628262,0.274624126887364,0.412928396104566,-0.10981809013758,0.530002984188435,0.986815669978367,-0.236164419989009,0.171990036957009,0.20340528592111,0.188246454857796,0.278829129699695,0.253866445061253,0.305088763212647,0.0747262502677681,0.253910467211463,"black",0.493602121051757,0.00258465564979653,0.0100444771748022,TRUE,FALSE
"K07739","black",-0.10523136437859,0.547425925528564,0.959685422460598,0.196450476151944,0.258024471641687,0.345627919343656,0.605425299324712,0.00011649742622565,0.00126460593294328,-0.0244914851555251,0.888934791976906,0.774815156413682,-0.192423681523542,0.268104012919237,0.409716034096198,0.225049610742353,0.193667246810227,0.903148161180248,-0.0382145381297863,0.827468787137877,0.51200375274272,0.250021582892832,0.147463234384034,0.212368000420481,-0.064694186166121,0.711961355778188,0.659750883920686,"black",0.605425299324712,0.00011649742622565,0.00126460593294328,TRUE,FALSE
"K07750","black",0.0139665279495259,0.936531485264217,0.977127672464111,0.293629271331266,0.0868938715752344,0.218650632482688,0.454851653001117,0.00604643350820878,0.0185387088471448,-0.00744490356196737,0.966143493428299,0.78572953888437,-0.150089055111356,0.389468796813575,0.460655259667717,-0.100454851381128,0.565851986241317,0.986815669978367,0.126654869602863,0.468442627028635,0.383234215999637,0.362005524873849,0.0326021284361004,0.124250811071145,0.230903641298791,0.182023496363603,0.387108645618052,"black",0.454851653001117,0.00604643350820878,0.0185387088471448,TRUE,FALSE
"K07756","red",0.287879283186079,0.0935471084993719,0.724709891041615,0.657342204341899,1.78662570764404e-05,0.000504342451931283,0.430014625853858,0.00992965686929369,0.0259751436670942,-0.174582652158936,0.315829475086138,0.560017520764421,-0.308925792002029,0.0709633352129617,0.215063248581266,0.10666174009514,0.54196369650337,0.986815669978367,-0.0647884635749912,0.711559527201619,0.476067901527093,0.265626957826305,0.123011958866332,0.203925984059529,-0.135765124651431,0.436782371253557,0.576881720418271,"red",0.657342204341899,1.78662570764404e-05,0.000504342451931283,TRUE,FALSE
"K07824","blue",0.0419527862743031,0.810882706851357,0.967562416164654,0.118468051913549,0.49789478898961,0.445368478243607,-0.205191365959352,0.237017217479839,0.233638981967687,-0.133800994093907,0.44350692631857,0.639855416991044,-0.131587410508014,0.451152646103916,0.488023294433498,0.0817036971583625,0.640791462426856,0.988692296438592,0.384745530607614,0.0224795678163306,0.043385544010041,0.231985808057996,0.179926500699848,0.223853447194547,-0.220034154469246,0.204049869344691,0.417501070699752,"blue",0.384745530607614,0.0224795678163306,0.043385544010041,TRUE,FALSE
"K07836","magenta",-0.0789610588978305,0.65207618768152,0.959685422460598,0.171551602704247,0.324435315187803,0.379422218588974,0.246987756797378,0.152601401155156,0.171353801947478,0.230150837595252,0.183492418774453,0.442783842437403,0.478559080060622,0.00363684939410194,0.0409302493422428,0.0611763606843144,0.727008701457132,0.992474492474258,-0.37587052296768,0.0260657467683198,0.0490394448575171,0.141494840558042,0.417489179342063,0.296470432819968,0.213432495630889,0.218296095267883,0.430005021604563,"magenta",0.478559080060622,0.00363684939410194,0.0409302493422428,TRUE,FALSE
"K07861","blue",0.321022455903628,0.0600628024107338,0.683964679047626,0.206289236629074,0.234462684478737,0.336764657227545,0.358157764375651,0.0346360543003083,0.0640218659303853,0.0765699089829645,0.661977187293306,0.728939106604285,0.126953725532986,0.467385199573687,0.495009443237224,-0.189088606003727,0.276644811150852,0.930619645693408,0.493721718809957,0.00257748810368713,0.00719022532914361,0.3528068756499,0.0376351257090433,0.132376988277254,0.378637367565002,0.024900416750902,0.144845570187397,"blue",0.493721718809957,0.00257748810368713,0.00719022532914361,TRUE,FALSE
"K07870","magenta",-0.148818080278094,0.393542418464164,0.939011135527,0.161920238791787,0.352735686382209,0.389260224699824,0.0581308946801593,0.74011738659849,0.467509384397729,0.634924707950023,4.18667601280805e-05,0.00226504629679604,0.75235600111508,1.8699513174697e-07,3.79589158961172e-05,-0.164239417944251,0.345788783202329,0.971182617121655,-0.258147351262449,0.134324113023513,0.17045809141534,0.0973415467205005,0.578012742326928,0.348019668120324,0.44451627603168,0.00746528127577242,0.071784019723499,"magenta",0.75235600111508,1.8699513174697e-07,3.79589158961172e-05,TRUE,TRUE
"K07874","blue",0.198909825460175,0.251993347052779,0.864780203455952,0.149054163677053,0.392783888906382,0.408454441630602,-0.0784699674880919,0.654104945623307,0.439958025198574,-0.0152756696539891,0.930596031547277,0.778710702184942,-0.0793315873605144,0.650547112480238,0.565699104541563,-0.069292574569796,0.692452908891657,0.988692296438592,0.565750869663708,0.000397217040692164,0.00149186380090879,0.158953558563671,0.361743875731368,0.284871803978833,0.0336085013546332,0.848005762242987,0.681385103798528,"blue",0.565750869663708,0.000397217040692164,0.00149186380090879,TRUE,FALSE
"K07889","blue",-0.152940854842533,0.380417965552874,0.939011135527,-0.147072321434669,0.399177700530755,0.41118967404906,-0.163593455656512,0.347715299059804,0.297378427573927,0.0526777116643001,0.763768251198673,0.744922708456456,0.0754860582746096,0.666483831728017,0.571537400479175,0.23088445528468,0.18206082982562,0.897287153931499,0.385536796459944,0.022180748913498,0.0428941003598339,0.312567089213763,0.0675309560278359,0.169628943227201,-0.0339469325466454,0.846493270231362,0.681385103798528,"blue",0.385536796459944,0.022180748913498,0.0428941003598339,TRUE,FALSE
"K07893","pink",-0.0615877636679561,0.725243623168307,0.959685422460598,0.318314198309281,0.062380105990058,0.183775082006566,0.340439442386095,0.0453766712159966,0.0772094696324341,0.281806796915002,0.100989397121809,0.356484726146892,0.498923817216059,0.00228202068207065,0.0306334387982413,0.0193423038259405,0.912183383762472,0.996847020865946,0.00970219795331419,0.955887022633154,0.549416870818029,0.802701391723059,6.61478273332281e-09,1.75026230649222e-06,0.239970124886098,0.164982063627358,0.374537150519397,"pink",0.802701391723059,6.61478273332281e-09,1.75026230649222e-06,TRUE,TRUE
"K07897","red",0.173786226455002,0.318076733883337,0.895938422156779,0.46344162077579,0.00504983776857235,0.0405494369038527,0.147518546742579,0.397732905251123,0.325474248345543,0.267159442208379,0.120784550039002,0.37390939546343,0.274779001405848,0.110154463507095,0.273608722045755,-0.0351931081404993,0.84092864125731,0.996847020865946,0.0661031703017387,0.705963997567072,0.472976151580957,0.114549594976109,0.512316443431311,0.328493258535483,0.168476687251212,0.333312960841006,0.51696147180271,"red",0.46344162077579,0.00504983776857235,0.0405494369038527,TRUE,FALSE
"K07905","blue",-0.223550063621546,0.196731920264458,0.824980724999754,0.0520369940871207,0.76656140805336,0.531837221241938,0.247938776482034,0.150976947981882,0.170703209523736,0.142165912445045,0.415261335810187,0.622497537404795,0.195290926045033,0.260900901599362,0.403832603359633,0.130708791085315,0.454206997508517,0.986815669978367,0.448671700138432,0.00686389808162721,0.0163318633796615,0.444835360084066,0.00741755843491848,0.0423599059001158,0.0458754724659865,0.793565063004101,0.676698370396686,"blue",0.448671700138432,0.00686389808162721,0.0163318633796615,TRUE,FALSE
"K07936","blue",0.0835604708054099,0.63319618475753,0.959685422460598,0.0931624981024584,0.594518052910193,0.484840191090929,0.116250934055386,0.506029358896341,0.377095596318886,-0.207093178826212,0.232603905261041,0.484276671359527,-0.110177942099042,0.528647527953206,0.514953604143553,-0.00597593169783026,0.972821034473203,0.996847020865946,0.489653743045117,0.00283124545683664,0.00778624190140537,0.246525912596799,0.153394844407366,0.21695741041485,0.0706996930388974,0.686521265282647,0.651962259880433,"blue",0.489653743045117,0.00283124545683664,0.00778624190140537,TRUE,FALSE
"K07937","blue",-0.0500772903739421,0.775122415514844,0.964756824700076,0.0699570126332339,0.689649732979188,0.514260885157913,0.0235281074150956,0.89327811223741,0.517022082398059,-0.111776210240833,0.522647738211395,0.677640425017917,-0.171103042168625,0.325721130291217,0.435321894085766,0.0312774296230825,0.858437846632224,0.996847020865946,0.828192086078094,8.2664125234941e-10,1.33749109456916e-07,0.220715060891631,0.202618104712191,0.231320734133384,0.0290672924286516,0.86835056969399,0.685637078290536,"blue",0.828192086078094,8.2664125234941e-10,1.33749109456916e-07,TRUE,TRUE
"K08008","blue",-0.0234192166396831,0.893769233015075,0.973539962800205,0.221041488899861,0.201934194778055,0.312479728926053,-0.165458255865465,0.342171433796508,0.294028123185702,0.0488395259138671,0.780543150195299,0.744922708456456,0.271095527399813,0.115201642970762,0.277681739655413,-0.151197733833975,0.385935414949125,0.984821788630755,0.477254691231515,0.0037434959824237,0.00987539845760785,-0.158196888197333,0.364063281997683,0.285847589932952,0.00232767684347713,0.989411901970951,0.711421830891961,"blue",0.477254691231515,0.0037434959824237,0.00987539845760785,TRUE,FALSE
"K08054","blue",0.215746318539873,0.213227407091074,0.829981387866013,0.0739520950022423,0.672881681683054,0.508594896416512,0.0295878249084989,0.866014085961959,0.508260720616595,-0.12033779613292,0.491086696490059,0.663172368284923,-0.0743894834456631,0.671055096190963,0.573246252196243,-0.0603397740236492,0.730602238865,0.992474492474258,0.649099747299127,2.46314286398782e-05,0.000151341345269894,0.206323105651258,0.234384174717385,0.241941715766853,-0.0366465020344445,0.834448287362119,0.681270456641967,"blue",0.649099747299127,2.46314286398782e-05,0.000151341345269894,TRUE,FALSE
"K08056","black",0.0548226387782957,0.754439115546668,0.964756824700076,0.306751299961053,0.0730771899190687,0.203045634600891,0.632707419762352,4.53807677351234e-05,0.000751844283779617,0.0315148670088915,0.857374149965361,0.768848755560916,-0.16064827254315,0.356581245343251,0.447757808169976,0.323131067430862,0.058306145098051,0.732206880108133,0.00232386589616303,0.989429236177089,0.557150535893055,0.264449533663889,0.124743973262348,0.203925984059529,0.161414117720697,0.354262843547046,0.528841729921654,"black",0.632707419762352,4.53807677351234e-05,0.000751844283779617,TRUE,FALSE
"K08066","magenta",0.0986867553433694,0.572743901469802,0.959685422460598,0.140530806993623,0.420701331061422,0.418027409421704,0.0567276535339298,0.746181963723804,0.469158060586522,0.312960897804067,0.0671676877074702,0.314171748140669,0.750825961432456,2.04414068791553e-07,3.79589158961172e-05,0.247934994142543,0.150983383670789,0.88110903560902,-0.235105323670555,0.173977523474553,0.205219386214863,0.111167979475917,0.524927056752412,0.332815420348755,0.167811737801654,0.335252219903036,0.51696147180271,"magenta",0.750825961432456,2.04414068791553e-07,3.79589158961172e-05,TRUE,TRUE
"K08139","blue",0.304925580658554,0.0748896593214006,0.724709891041615,0.240566054597934,0.163903539987624,0.297945338305934,0.324735259570453,0.0569971713608795,0.087367158219435,0.129649021703503,0.457905824593612,0.648727251841805,0.120284030523931,0.491281798813067,0.503564839358087,-0.0631694781981014,0.718470483237893,0.988692296438592,0.641426106666893,3.29341706740994e-05,0.00018807145545879,0.400858683726016,0.0170127939427944,0.0762976542924373,0.177231680039073,0.308426507286007,0.495008436588818,"blue",0.641426106666893,3.29341706740994e-05,0.00018807145545879,TRUE,FALSE
"K08141","blue",0.191437110253466,0.270612320396002,0.876581591114525,0.13673562963248,0.433480466260712,0.421812428298013,0.109377409824364,0.531665187540103,0.387703190572473,-0.00955385147418143,0.956560868576668,0.784312715309577,0.0616624317262172,0.724923417164429,0.58161678693012,-0.145343454898066,0.404803820585283,0.986815669978367,0.572807226052211,0.000323015716211878,0.00126443656867197,0.186002836127317,0.284702953838178,0.25401360189902,0.0668455995819696,0.702810804245037,0.655720195284918,"blue",0.572807226052211,0.000323015716211878,0.00126443656867197,TRUE,FALSE
"K08151","black",0.188635228613905,0.277819366552736,0.877847133809312,0.297626001157335,0.0824882358305718,0.213818652241937,0.593265070069027,0.000172584912341482,0.00168020398738138,0.251977792990809,0.144217726284871,0.404642734064679,0.130369753153901,0.455388563135628,0.490183207645207,0.0996589845551637,0.568949517258097,0.986815669978367,0.123255941631728,0.48055727992024,0.387367972782918,0.311651075965723,0.0683818938037832,0.169628943227201,0.44638786088099,0.0071890675510975,0.071784019723499,"black",0.593265070069027,0.000172584912341482,0.00168020398738138,TRUE,FALSE
"K08157","blue",0.223403217732329,0.197033844119338,0.824980724999754,-0.0120262173750836,0.945334663148285,0.573243557104163,-0.0627338725116301,0.72033373381658,0.462436387512955,-0.158734843129416,0.362413390289311,0.592658115692002,-0.241010715708423,0.163102091909211,0.335965170414894,0.00788293165817494,0.964152756415958,0.996847020865946,0.735196210373108,4.90327389599906e-07,7.10454756034032e-06,0.0109593976361381,0.950177598106486,0.44577246497761,-0.095430410667186,0.585535329906647,0.618494199236361,"blue",0.735196210373108,4.90327389599906e-07,7.10454756034032e-06,TRUE,TRUE
"K08158","blue",0.075508414957266,0.666390756045399,0.959685422460598,0.095045839219272,0.587054297464996,0.482903945489353,0.188067942894754,0.279293575874992,0.261656382821675,0.0557916394520138,0.75023564102148,0.744922708456456,-0.185504448620758,0.286018493970254,0.418841377401227,0.0122157222711829,0.944474583285442,0.996847020865946,0.439598972712866,0.00823459186432821,0.0188984761354113,-0.0180981216509826,0.917812381500471,0.438025291548931,0.143826833924323,0.409776263695677,0.555493277928475,"blue",0.439598972712866,0.00823459186432821,0.0188984761354113,TRUE,FALSE
"K08176","blue",0.218384541664799,0.207547629017717,0.829981387866013,0.0283550425323351,0.871549377998343,0.558838247142417,0.167973445022174,0.334779980344937,0.289770777029913,-0.235107220081857,0.173973950136723,0.434124521455948,-0.251177722836223,0.145538735835208,0.314255700756173,0.152887300199508,0.380586789034904,0.982362580947701,0.668212657683065,1.15223863853142e-05,8.41038484134408e-05,0.215590126773434,0.213566990243127,0.2338397366362,0.00543712211131964,0.9752707934786,0.709143021488816,"blue",0.668212657683065,1.15223863853142e-05,8.41038484134408e-05,TRUE,FALSE
"K08192","blue",-0.0473465380386253,0.787095163940805,0.966049697701213,-0.0335404712387758,0.848309862104734,0.551714239690781,0.0199785994289675,0.909306226206271,0.519793735120188,-0.0956833205978531,0.584537344376406,0.707855015521351,-0.0104415626859846,0.95252900519724,0.630991065211668,-0.0929939621805591,0.59518797840672,0.986815669978367,0.711187614705061,1.68098907835305e-06,1.77378974408575e-05,0.10799073674045,0.536911965310212,0.334092770885465,-0.0235513853259899,0.893173128918147,0.689753395934956,"blue",0.711187614705061,1.68098907835305e-06,1.77378974408575e-05,TRUE,TRUE
"K08197","red",0.19816637013407,0.253806567553065,0.864780203455952,0.852564719612858,8.02231396603886e-11,8.181082595106e-08,0.445978190127444,0.00724876842843403,0.0208699423079067,0.290572084271356,0.090384397747456,0.344635514024571,0.235479202008581,0.173274048791232,0.34109186395403,-0.20321375120598,0.241665922845583,0.91433593416675,-0.0321645166644509,0.854465049533838,0.521701702635781,0.356222177119511,0.0356976005386632,0.129390896271727,0.209753248733477,0.226524802556578,0.437860669078334,"red",0.852564719612858,8.02231396603886e-11,8.181082595106e-08,TRUE,TRUE
"K08230","black",0.212792436822194,0.219712672382847,0.838682954271969,0.254155219553161,0.140666955751129,0.269604342924281,0.532077218150529,0.0010025880908217,0.00549855171897181,-0.00102170665626462,0.995352372581678,0.790220194191785,0.274113629453539,0.111053617958995,0.273746481011172,0.186321223045872,0.283864588880689,0.933467424156043,-0.205235037959447,0.236915244374988,0.249181835450514,0.32298922000836,0.0584230247243505,0.162722642568389,0.153519640915664,0.378596224972733,0.537328951152844,"black",0.532077218150529,0.0010025880908217,0.00549855171897181,TRUE,FALSE
"K08234","black",-0.0748312268173339,0.669212203482622,0.959685422460598,0.362093637658254,0.032556720271628,0.139524370133739,0.619766633195783,7.17557033373834e-05,0.000982060523826753,0.292995173428453,0.0876091812175233,0.344418250070075,0.21676625111966,0.211019065443988,0.372112286087138,-0.221598368103665,0.200771166371851,0.904298900430545,-0.233271442959426,0.177457550657168,0.207809322967465,0.314335437309131,0.0659117501326497,0.168996424310622,0.380964116357829,0.0239540515194247,0.141331149054971,"black",0.619766633195783,7.17557033373834e-05,0.000982060523826753,TRUE,FALSE
"K08257","blue",-0.089639652679945,0.608588987435875,0.959685422460598,-0.0617435312939732,0.724575682291257,0.521906039866975,-0.0793718753919666,0.650380938570878,0.439016667652488,-0.372643434379772,0.02748132891966,0.219215492992765,-0.232995070736278,0.177986258220924,0.346145665860524,0.109587479908426,0.530872509402565,0.986815669978367,0.815461015619683,2.43038640556224e-09,2.35939362902309e-07,0.0936444865468341,0.592603979108097,0.351837370768015,-0.076420160044542,0.662599152064696,0.643350563606172,"blue",0.815461015619683,2.43038640556224e-09,2.35939362902309e-07,TRUE,TRUE
"K08286","black",0.269491822422986,0.117452478290894,0.763998858849709,0.396308027331673,0.0184299973229596,0.104380256622145,0.678434309087643,7.5025181491688e-06,0.000236165643845538,0.12760369824397,0.46508979633208,0.649811338550415,0.0949743693375319,0.587336778482707,0.539157319493306,-0.0779796363876038,0.656132997041348,0.988692296438592,0.0675271534055285,0.699920442351573,0.470914936763677,0.456008975195393,0.00590302874755909,0.0363240277277764,0.428933284669836,0.0101382866632646,0.0862582717546901,"black",0.678434309087643,7.5025181491688e-06,0.000236165643845538,TRUE,FALSE
"K08287","blue",-0.0345127475003468,0.843965778198865,0.967562416164654,0.10641046449613,0.542921371093841,0.465289571636054,-0.00951458143854569,0.956739252940353,0.534981507038745,-0.324776023115427,0.0569642157872417,0.300985921933202,-0.175359180531734,0.313647958396382,0.428909382397065,0.215444753934501,0.213883385713363,0.91433593416675,0.662484809775437,1.45502755941829e-05,0.000101620539006944,-0.121228664838623,0.487859737312525,0.320954522475232,-0.00289629199955525,0.986825596915623,0.711200269959224,"blue",0.662484809775437,1.45502755941829e-05,0.000101620539006944,TRUE,FALSE
"K08332","red",0.189009936264249,0.276848387391105,0.877847133809312,0.564594097608649,0.000410731450385789,0.00573781076720592,0.241228542765337,0.162710514877072,0.177708372430012,-0.0699977539441633,0.689477982445347,0.731064640794532,0.162657270705275,0.350518901447963,0.447757808169976,-0.063163309238051,0.718496859105791,0.988692296438592,0.157705534194597,0.365574156521223,0.327394424784987,0.404583078950078,0.015921832910632,0.0726361177976076,0.18670964772511,0.282843963798524,0.486171148807925,"red",0.564594097608649,0.000410731450385789,0.00573781076720592,TRUE,FALSE
"K08341","blue",-0.266703027188739,0.121444761055099,0.763998858849709,-0.281239667083171,0.101706775062951,0.234659822035478,0.0524316277853407,0.764840689454303,0.47611988772425,0.0294812781827605,0.866492245793119,0.7713555595639,-0.0591303950891878,0.735807062521577,0.58161678693012,0.0206799939545759,0.906136024278235,0.996847020865946,0.519166870166831,0.00139478345893803,0.00431776359837031,0.107461125245643,0.538922395196811,0.334390014595006,0.027776725885227,0.874148151522863,0.685932086710212,"blue",0.519166870166831,0.00139478345893803,0.00431776359837031,TRUE,FALSE
"K08348","black",-0.0970014376531367,0.579348298498263,0.959685422460598,0.314670031363152,0.0656088372697463,0.190619070367987,0.470824563285516,0.00430975141592362,0.014330614055162,-0.205541763048642,0.236199881626143,0.488060384301879,-0.00986681546583466,0.955139302703048,0.631435173410858,-0.0219023256085428,0.900614697455894,0.996847020865946,0.111870484612952,0.522294883616799,0.407587133771638,0.115841659390442,0.507538236627267,0.326220027087528,0.197008151964023,0.256648574710486,0.463972779200763,"black",0.470824563285516,0.00430975141592362,0.014330614055162,TRUE,FALSE
"K08368","greenyellow",-0.114256416518904,0.513403756940344,0.959685422460598,0.256294230482907,0.137241663475473,0.267605729174897,0.198589571116622,0.252773359579589,0.244404410942801,0.783605922829979,2.60483999799754e-08,7.14781015078242e-06,0.358373899834057,0.0345191305871,0.151419009292172,0.0275300782531548,0.875256904179484,0.996847020865946,-0.143781023417899,0.409926996279552,0.352482575789155,0.134299074109307,0.441796343072344,0.306748931413864,0.301341042500737,0.0785498485201716,0.260924419174544,"greenyellow",0.783605922829979,2.60483999799754e-08,7.14781015078242e-06,TRUE,TRUE
"K08486","pink",-0.141181856742604,0.418530524437573,0.959128489173492,0.106054743835481,0.544278485247542,0.465289571636054,0.117029331030822,0.503165858393266,0.376217274996824,-0.0113100259849452,0.948585683604028,0.781671520804918,0.343047460764915,0.0436459275797546,0.168768813997513,-0.172277656563188,0.322360745203694,0.958457967185116,0.0399878651476973,0.81959117170082,0.510418937128261,0.582832997376326,0.000238823331018235,0.00300915814546846,0.335232573130931,0.0489969491362616,0.20440466110671,"pink",0.582832997376326,0.000238823331018235,0.00300915814546846,TRUE,FALSE
"K08493","red",0.139671359434424,0.423576632704798,0.959685422460598,0.723475761037023,9.09021184384434e-07,5.45300888733784e-05,0.421265953540507,0.0117270346911824,0.0292323421580159,0.0102283848315028,0.953497127974753,0.78321321054273,0.423783138709741,0.0111837322597686,0.076332700345836,0.142902633681404,0.412823280262537,0.986815669978367,-0.0604934819338537,0.729941564693046,0.482376977061469,0.360891821179099,0.0331805368285377,0.124250811071145,0.161617755290752,0.353647914367418,0.528841729921654,"red",0.723475761037023,9.09021184384434e-07,5.45300888733784e-05,TRUE,TRUE
"K08513","blue",-0.0428624470540626,0.806858600315665,0.967562416164654,-0.143767615593343,0.409971118656346,0.413386681750955,0.0835380642516219,0.633287623062364,0.432325073344513,-0.282023257115665,0.100716606636317,0.356484726146892,-0.0885302386318146,0.613049295797531,0.549071985179177,0.165665854503179,0.341557617631037,0.96645390586248,0.428253345088392,0.0102713674708596,0.0229226110330499,0.154363465865529,0.375949465797543,0.287788217037811,0.0362806464887149,0.836078562117801,0.681270456641967,"blue",0.428253345088392,0.0102713674708596,0.0229226110330499,TRUE,FALSE
"K08515","tan",-0.19809510589734,0.253980828308851,0.864780203455952,0.0342128852510897,0.845305071883985,0.551714239690781,-0.00176113334827525,0.991988889797258,0.542118201619119,0.224749873175428,0.194277140602496,0.454634761239323,0.272170649659522,0.113710900470451,0.277229962828623,-0.330882295065195,0.0521957250054442,0.69049764453767,-0.0187162894961956,0.915015124218994,0.536961203563936,0.0169509304857267,0.92300605740005,0.439519109274344,0.774970591394943,4.63230769322051e-08,9.56586734335313e-06,"tan",0.774970591394943,4.63230769322051e-08,9.56586734335313e-06,TRUE,TRUE
"K08585","black",0.257887828495429,0.134729927880117,0.778383117310355,0.332858315206939,0.0507227099781933,0.1751422008162,0.384610070820962,0.0225310566691668,0.0465582104235433,-0.318336250060321,0.0623609569421892,0.305209251791892,-0.329609991183884,0.0531620717020164,0.189222867627892,-0.234570574085098,0.174987219274328,0.897287153931499,0.150782867962813,0.387255409061068,0.340528522651702,0.0837186128773034,0.632550979050124,0.363325851307588,-0.0149076269796088,0.932264324002678,0.699300102510737,"black",0.384610070820962,0.0225310566691668,0.0465582104235433,TRUE,FALSE
"K08586","blue",-0.102353279396826,0.558494616815105,0.959685422460598,-0.0428700345989356,0.806825055302179,0.542394613760413,-0.0777325357596493,0.65715594425916,0.441067707346483,-0.049139647534551,0.779227835641703,0.744922708456456,-0.102393839004113,0.558337912934977,0.527123988123239,-0.12472246639618,0.475310341964612,0.986815669978367,0.685712209364638,5.47051769836255e-06,4.69975327315779e-05,0.146534622237509,0.400922666538508,0.292038010762169,-0.00184421795683494,0.991610964360433,0.711421830891961,"blue",0.685712209364638,5.47051769836255e-06,4.69975327315779e-05,TRUE,FALSE
"K08614","black",0.178429520415516,0.305115268281912,0.885854951027726,0.297344366807163,0.0827929134217025,0.213818652241937,0.531879922241653,0.00100775893531717,0.00549855171897181,0.300295346291404,0.0796433475625606,0.332317780513632,0.195375355278473,0.260690751818098,0.403832603359633,-0.0786876853670657,0.653205224929282,0.988692296438592,-0.221170229926243,0.201664907056344,0.22608432167273,0.271132914886173,0.1151495575067,0.199960777268049,0.30557452149584,0.0742414611486766,0.253910467211463,"black",0.531879922241653,0.00100775893531717,0.00549855171897181,TRUE,FALSE
"K08637","magenta",-0.139355825465406,0.424635004236623,0.959685422460598,0.109395894938413,0.531595412890151,0.46020046886902,-0.103686162101797,0.553355667541964,0.396178119146877,0.653658113382214,2.06482047378027e-05,0.00134904042670164,0.872276289802342,8.75996786211194e-12,9.76015648912138e-09,0.134661132160924,0.440555171950079,0.986815669978367,-0.16923713498079,0.33110367188507,0.305719290360055,0.0445408216577978,0.799446754547583,0.40497606660482,0.161504656823887,0.35398936099392,0.528841729921654,"magenta",0.872276289802342,8.75996786211194e-12,9.76015648912138e-09,TRUE,TRUE
"K08711","blue",0.295349208511182,0.0849762825365338,0.724709891041615,0.0716507242065385,0.682522613666088,0.511035488085331,-0.0263937497089187,0.880368015922728,0.513192334270398,-0.0221447282784105,0.899520290235484,0.774815156413682,-0.0126431652412566,0.942534834652078,0.628221557303005,0.0394741796963939,0.821871356332261,0.996847020865946,0.680716684476789,6.80144141728162e-06,5.64339143956692e-05,0.104810936606682,0.549036351902657,0.335764841386477,0.0591270586838023,0.735821437594689,0.667560919780254,"blue",0.680716684476789,6.80144141728162e-06,5.64339143956692e-05,TRUE,FALSE
"K08712","blue",0.188396330802404,0.278439574866854,0.877847133809312,0.141460283224779,0.417604085313384,0.417479743080767,-0.0421530002069303,0.809996598654816,0.49225609387366,0.0740958211117827,0.672281260873772,0.730300955421961,-0.0546609451871025,0.755141213484295,0.584189083452236,0.152889628664482,0.380579447963944,0.982362580947701,0.546813123904557,0.000676630849192952,0.00235435889207445,0.118005264584555,0.49958724803422,0.323324475079053,-0.10794085778815,0.537101154616798,0.603538738173244,"blue",0.546813123904557,0.000676630849192952,0.00235435889207445,TRUE,FALSE
"K08738","blue",0.125323163416566,0.473169854429295,0.959685422460598,0.136960780160463,0.432716419238723,0.421471114301513,-0.116193856251748,0.50623965314584,0.377095596318886,-0.0599070208281595,0.732463340597887,0.738772468073264,-0.0509977127671558,0.771098216148356,0.584258398378374,-0.0651842954735274,0.709873249899424,0.988692296438592,0.378231763832691,0.0250685065804747,0.0474844075106828,0.171262233414288,0.32526444153134,0.267467553879662,-0.129107836225234,0.459800878669999,0.583207322791197,"blue",0.378231763832691,0.0250685065804747,0.0474844075106828,TRUE,FALSE
"K08764","greenyellow",-0.0865735105713508,0.620949490038847,0.959685422460598,0.34632478808251,0.0415468108396924,0.163227808305885,0.363520585046655,0.0318285177499479,0.0608443679637863,0.681152014095532,6.67470311680745e-06,0.000555510039137586,0.336521151680562,0.0480801921109306,0.177839119309184,-0.116812694729008,0.503961980774257,0.986815669978367,-0.161098550795751,0.355217040013035,0.320867613530602,0.282246788548804,0.100435492764578,0.192109096086842,0.635599702763147,4.08469426961645e-05,0.00230046208905322,"greenyellow",0.681152014095532,6.67470311680745e-06,0.000555510039137586,TRUE,FALSE
"K08773","magenta",-0.200633883379568,0.24782174130666,0.864780203455952,0.173014128567823,0.320264859958215,0.376270947480941,0.161335657031475,0.354499944938355,0.300782058137815,0.425311610698829,0.010864347766722,0.129618735338003,0.711937516076813,1.62054994999253e-06,0.000190790031993009,0.139988894417244,0.422513037067947,0.986815669978367,-0.0592608424188698,0.73524509273593,0.483734572439727,0.167853660194614,0.335129753123635,0.272845742552428,0.375700218584772,0.0261389187947986,0.147045443395827,"magenta",0.711937516076813,1.62054994999253e-06,0.000190790031993009,TRUE,TRUE
"K08791","magenta",-0.0263435496794722,0.880593922706307,0.970164823935175,0.125241352077003,0.473461078142628,0.436951391955585,0.0789425119505543,0.652152762876107,0.439255775393542,0.363224624599869,0.031978448091313,0.226948682489197,0.680815981334556,6.77234151060002e-06,0.000471599282537872,-0.0202775387229673,0.907954892508856,0.996847020865946,-0.183999966121883,0.290013436611379,0.281542002171332,0.0996750780248892,0.5688868046782,0.344454592421575,0.11098607720265,0.5256096691297,0.598790306312237,"magenta",0.680815981334556,6.77234151060002e-06,0.000471599282537872,TRUE,FALSE
"K08793","red",0.0596424371889152,0.73360195140289,0.959685422460598,0.682528626830736,6.28795274930286e-06,0.000213746561627742,0.412977746499318,0.0136763105553325,0.0326966137810555,0.26605532441584,0.122386287143377,0.37390939546343,0.414251313945144,0.0133601519856066,0.0823076795543896,-0.00615213986095269,0.972019936025848,0.996847020865946,-0.221591271687531,0.200785957675303,0.22608432167273,0.327917535521682,0.0544695617333311,0.156004247449831,0.314141532223739,0.0660877975510421,0.238162124714082,"red",0.682528626830736,6.28795274930286e-06,0.000213746561627742,TRUE,FALSE
"K08801","black",-0.0685672232815969,0.695517661621835,0.959685422460598,0.227816811124276,0.18809991326934,0.308768814550151,0.700043596360031,2.85893892519891e-06,0.000182163621788262,0.0890056190093136,0.61113638165611,0.714219992649264,-0.191627214060878,0.270127802015721,0.409716034096198,-0.118594393519436,0.497433251469427,0.986815669978367,-0.0697975793780695,0.690321992075689,0.467986975409442,0.276229706869849,0.108213071764138,0.196838629881251,0.260329062593922,0.130948147044042,0.333156738271378,"black",0.700043596360031,2.85893892519891e-06,0.000182163621788262,TRUE,TRUE
"K08825","red",0.0017601641945156,0.991993298179481,0.997950730917429,0.509888427641215,0.00175440753555697,0.0180694674662906,0.557102847294313,0.000508599611015552,0.00335869760981291,0.191624725188311,0.270134141748146,0.519090674522159,-0.0361615567053439,0.836609378753733,0.600599933921463,-0.314501444075627,0.0657613247235167,0.755138466897456,0.438557656397852,0.00840590386243809,0.0191585923396078,0.561743474893693,0.000445797208846772,0.00471829284462074,0.46909935501282,0.0044737227902377,0.0589684105309872,"red",0.509888427641215,0.00175440753555697,0.0180694674662906,TRUE,FALSE
"K08827","black",0.257590976699752,0.13519522118316,0.778383117310355,0.161273677956182,0.354687307873018,0.389260224699824,0.429321014953943,0.0100630556805471,0.026251385171396,0.0057460642570676,0.973866124284467,0.78572953888437,0.05533753201566,0.752204663142565,0.584189083452236,0.527162087268006,0.00113862045541775,0.11250141397558,0.0700923124018903,0.689079417228932,0.467471048329181,0.174164231606779,0.317008881536286,0.263196447815112,-0.0245725797176977,0.88856932617825,0.689389407735893,"black",0.429321014953943,0.0100630556805471,0.026251385171396,TRUE,FALSE
"K08834","blue",-0.385956834232883,0.0220234660208272,0.512339273119295,-0.0922486831434192,0.598154372389558,0.484840191090929,-0.055337823150464,0.752203400279873,0.471673241970975,-0.124236579138607,0.477045422668244,0.654889988757418,-0.136568319554582,0.434048713567552,0.479293539699168,0.0582877749480839,0.739440324869431,0.996847020865946,0.763241335033986,9.73693070479809e-08,2.35966978946211e-06,0.15755249752718,0.366045493337175,0.286553633637588,-0.138041191916234,0.429060408510797,0.571628269900423,"blue",0.763241335033986,9.73693070479809e-08,2.35966978946211e-06,TRUE,TRUE
"K08856","black",-0.0648016869136877,0.711503172878148,0.959685422460598,0.21413674760923,0.216744692101492,0.325050381832712,0.687975325920994,4.94967507366248e-06,0.000235494290235435,-0.0714852634334389,0.683217693893571,0.731064640794532,0.0756909661190855,0.665630939672585,0.571537400479175,-0.0095474564127446,0.956589918038972,0.996847020865946,-0.0154323682832028,0.929885823674002,0.53993950691406,0.285071644256676,0.0969341292367446,0.191029521777356,0.352948483654543,0.0375531299494764,0.178293900635366,"black",0.687975325920994,4.94967507366248e-06,0.000235494290235435,TRUE,FALSE
"K08874","blue",-0.0778019009085587,0.65686872444994,0.959685422460598,0.0341233278274822,0.845705150732611,0.551714239690781,-0.123762210678198,0.47874255480125,0.365249322038338,-0.256620883335093,0.136724027393285,0.398277614097849,-0.114432710805444,0.512749795458633,0.510889241006869,0.0916255924997512,0.600639327426834,0.986815669978367,0.655914145550025,1.89014851898247e-05,0.000123982186185645,0.0515007550087042,0.768901327003415,0.397948920153276,-0.140786012562158,0.419849644403379,0.565454044246765,"blue",0.655914145550025,1.89014851898247e-05,0.000123982186185645,TRUE,FALSE
"K08900","blue",-0.228173101227354,0.18739136343671,0.824980724999754,0.151853843565605,0.38385320405957,0.404390491335152,-0.163048168919456,0.349346616636664,0.297863877646865,0.0809172769519322,0.644019280144155,0.722502929316805,0.219412327822714,0.205363524584646,0.368849656592628,-0.17384269634627,0.317917065632513,0.954589382312911,0.584644754065,0.000225901842686496,0.00093918938597474,0.233968467243102,0.176129080129902,0.222949551261367,0.0509834993525649,0.771160314590624,0.675291667722317,"blue",0.584644754065,0.000225901842686496,0.00093918938597474,TRUE,FALSE
"K08963","black",-0.079373230936483,0.650375347716424,0.959685422460598,0.256565849648229,0.136811136699426,0.267350116193806,0.667538546598424,1.18462393932335e-05,0.000307455243778436,0.0831237296243322,0.634979431876926,0.720601759771308,0.0708166822532333,0.686028924827386,0.573474890726554,-0.249117436639919,0.148981142115341,0.88110903560902,-0.0554333741266817,0.751788960625081,0.489489495035113,0.290974848831591,0.0899184884166266,0.187834001918897,0.434743722956843,0.00905954306864186,0.081933957474391,"black",0.667538546598424,1.18462393932335e-05,0.000307455243778436,TRUE,FALSE
"K08994","black",0.254363685914126,0.14033039915672,0.783573301412066,0.195606586333531,0.260115774719575,0.345627919343656,0.393516680423341,0.0193470715998025,0.0417508947488714,0.258188546841654,0.134259778615898,0.395295591858226,0.226878259282622,0.189975417745987,0.354549881981108,-0.282002841782278,0.100742310792552,0.800985638655871,-0.21737751139033,0.209703160418478,0.231865180474414,0.150493244580234,0.388178468732018,0.289261470557081,0.193719503403539,0.26483266859454,0.474180475266182,"black",0.393516680423341,0.0193470715998025,0.0417508947488714,TRUE,FALSE
"K08997","blue",0.0784428897366389,0.654216878179665,0.959685422460598,0.397549603885772,0.018033902012119,0.10331915027482,0.397001354562497,0.0182079224816619,0.0400805823115652,0.074068460946664,0.672395543565673,0.730300955421961,-0.208074548660289,0.230348447050974,0.383034173355235,-0.098874267160624,0.572011195629687,0.986815669978367,0.525319671508607,0.00119365330440022,0.00377454758014905,0.10230079061703,0.558697439847779,0.340362007213407,0.424372724763995,0.0110596051082814,0.0886966137160699,"blue",0.525319671508607,0.00119365330440022,0.00377454758014905,TRUE,FALSE
"K09022","magenta",0.100654172381785,0.565077435697283,0.959685422460598,0.175511974473153,0.313219827442298,0.371756498439361,0.171196419447549,0.325453200825696,0.285632219677374,0.230907918045328,0.182015175115034,0.441217904773621,0.661370993248001,1.52169000413666e-05,0.00089233279595767,0.0017751830997759,0.991924981827354,0.998168111332726,-0.241679378669061,0.161902218281938,0.19477325835635,0.155150441258266,0.373490868145317,0.287656872811676,0.0522351439450662,0.765697278771056,0.675291667722317,"magenta",0.661370993248001,1.52169000413666e-05,0.00089233279595767,TRUE,FALSE
"K09043","blue",-0.156142628812925,0.370404729957871,0.929394372104073,-0.285099608454304,0.0968999396179496,0.229275346648639,0.0490607039351862,0.779573755992269,0.481482651986141,-0.285040058181297,0.0969727581016633,0.354747253606344,-0.273489948103272,0.111901439514529,0.274621217767088,-0.0226036060679984,0.897449034813157,0.996847020865946,0.550512263064199,0.000611282543237862,0.00215009667006344,-0.253459573229501,0.141794318298761,0.211279655629895,-0.00695308081530855,0.968378954051846,0.706530454120102,"blue",0.550512263064199,0.000611282543237862,0.00215009667006344,TRUE,FALSE
"K09051","blue",-0.217199894044463,0.210084944935567,0.829981387866013,-0.320734739394179,0.060305705086349,0.183775082006566,-0.0221794390529903,0.89936359180174,0.517284132763431,-0.356572443316909,0.0355035656407716,0.235322572568891,-0.280841437821161,0.102212813455174,0.258238518332395,0.114282899499303,0.513305492224632,0.986815669978367,0.504796468337125,0.001984395047292,0.00585541002016134,0.138539741181733,0.42737915816637,0.300948968863924,-0.135331371014599,0.438262566264949,0.577079354540778,"blue",0.504796468337125,0.001984395047292,0.00585541002016134,TRUE,FALSE
"K09189","blue",0.0995801053291712,0.569256937146275,0.959685422460598,0.115317189737758,0.509475092740931,0.449339412188999,0.087493580063607,0.617229488932727,0.426532675843572,-0.411981542396515,0.0139279845624193,0.146651905800022,-0.397927610176109,0.017914729210986,0.0991877005843745,0.233056192259995,0.177869234904318,0.897287153931499,0.431404544549761,0.00966685567527298,0.0217233381695309,-0.0682567041942585,0.696831121093549,0.382003891516362,0.178560472998212,0.304754639978704,0.492757035621394,"blue",0.431404544549761,0.00966685567527298,0.0217233381695309,TRUE,FALSE
"K09191","blue",0.104245005104081,0.551207636191732,0.959685422460598,0.0245223535970188,0.8887956756801,0.563889143766521,-0.132747332405078,0.447137436313893,0.350552159371969,-0.0128791121317251,0.941464239309537,0.781120180378925,0.170621602040544,0.327104706737635,0.435321894085766,-0.240543392515634,0.16394446130652,0.88234705417453,0.376961350304585,0.0256010611483689,0.0482587215940629,0.131035700324713,0.453069263772691,0.310573825724224,-0.0758050997860619,0.665156057546075,0.644868111932118,"blue",0.376961350304585,0.0256010611483689,0.0482587215940629,TRUE,FALSE
"K09195","black",0.0853184953795758,0.626038660525974,0.959685422460598,0.255908666210689,0.13785450750374,0.268287727304448,0.490443861544168,0.00278032355618549,0.0104605022390461,0.199713661388814,0.250042577972839,0.501577212354677,0.0682254882960534,0.696963208731579,0.576496301670941,-0.349629721857932,0.0395133146041224,0.616906073954451,-0.319554861320712,0.0613099403262643,0.096309137474376,0.237097611894564,0.170252293098664,0.221863862010585,0.584469446782393,0.000227124221705556,0.00852761760614236,"black",0.490443861544168,0.00278032355618549,0.0104605022390461,TRUE,FALSE
"K09208","pink",-0.0739977998581281,0.672690726471963,0.959685422460598,0.0324329474320666,0.853263577709125,0.554235931360404,0.0174562373483821,0.92071798433727,0.522464771386841,0.0533266720137833,0.760942146614574,0.744922708456456,-0.00779926129078501,0.964533002901378,0.634958638756363,-0.280697677435991,0.102395961405771,0.802951136272405,0.0826986376678233,0.636717056220508,0.449867714225744,0.559352999632048,0.000477229022317878,0.00479522032485945,0.130712807150367,0.454193011189084,0.581370213905344,"pink",0.559352999632048,0.000477229022317878,0.00479522032485945,TRUE,FALSE
"K09211","black",0.275523955557858,0.109154285054898,0.753642932271469,0.33848070984419,0.046712455795986,0.168925305899476,0.671568860798678,1.00265855267666e-05,0.000286926091094984,0.278506792560912,0.10521801410274,0.356484726146892,0.183463396437547,0.291446844681139,0.418979027964797,0.11495039094882,0.510831863163956,0.986815669978367,-0.11282260708102,0.518737791908003,0.405789852613273,0.388480100047604,0.0210979777090801,0.0886110403668268,0.390530633355262,0.0203698825921252,0.128115154600045,"black",0.671568860798678,1.00265855267666e-05,0.000286926091094984,TRUE,FALSE
"K09241","blue",-0.0697526291130141,0.690511569483901,0.959685422460598,-0.024323949647674,0.889689889143954,0.563889143766521,-0.21434191128295,0.216294161869444,0.219159249184979,-0.0377493803644522,0.829537924965593,0.757249903519875,-0.0620388361268572,0.723309946559506,0.58161678693012,0.0227334221759041,0.896863198863609,0.996847020865946,0.76286345247945,9.9657505895812e-08,2.35966978946211e-06,0.101372214217581,0.562291202205474,0.34203785044087,-0.0346372800076805,0.843409697002193,0.681270456641967,"blue",0.76286345247945,9.9657505895812e-08,2.35966978946211e-06,TRUE,TRUE
"K09242","black",0.40855976991267,0.0148223247032348,0.471503811839649,0.161012652410476,0.355477043081189,0.389260224699824,0.405977075495242,0.0155288772136522,0.0357013129282101,0.044934592377525,0.797710296529959,0.744922708456456,0.21583659660529,0.213031299301443,0.372112286087138,0.144414848729924,0.407844282024183,0.986815669978367,-0.0158106768962581,0.928171429600697,0.53993950691406,0.163943188175116,0.346671451206916,0.277685520428727,0.119416229983094,0.494436319421287,0.590236164318044,"black",0.405977075495242,0.0155288772136522,0.0357013129282101,TRUE,FALSE
"K09245","blue",-0.214953453962918,0.214955057135853,0.829981387866013,-0.168148851991278,0.334268195364372,0.382360881826994,-0.402779477468457,0.0164425908406186,0.037273433319875,-0.347182890195201,0.0410108825827677,0.256856642889628,-0.189092598644108,0.276634481861006,0.413163315274298,0.109462885358531,0.531342585269512,0.986815669978367,0.449174871522734,0.00679397589613654,0.0162052101589069,-0.0306802874260534,0.861114065800067,0.42246523523121,-0.282860517764798,0.0996667312832814,0.288525798417727,"blue",0.449174871522734,0.00679397589613654,0.0162052101589069,TRUE,FALSE
"K09246","black",0.0487012875362112,0.781149196197666,0.964756824700076,0.199682832221088,0.250117208929519,0.345627919343656,0.572197163940779,0.000328903141056379,0.00254588691748953,0.0833194915043905,0.634179870838264,0.720290157276435,0.0431186282454317,0.805726194908615,0.588041065260093,-0.121119536328546,0.488254441888726,0.986815669978367,0.184612105687946,0.288383685272712,0.281366690117591,0.249810086184368,0.147817287121916,0.212368000420481,0.408176372325833,0.014925471982912,0.107986593721062,"black",0.572197163940779,0.000328903141056379,0.00254588691748953,TRUE,FALSE
"K09248","blue",0.306267578369569,0.0735540339283546,0.724709891041615,-0.0152025475112935,0.930927462354878,0.570469863008918,-0.134350030896409,0.441621542774992,0.34889467378476,-0.260171763077339,0.13118943148444,0.391293811737381,-0.166652212046046,0.338650401395034,0.442293042006161,0.0412340244650822,0.814065704911077,0.996847020865946,0.517802332323168,0.00144322586272355,0.00443376116721189,0.0902919639540178,0.605972876330665,0.357369048679036,-0.269816271385617,0.11699447211269,0.315127073171476,"blue",0.517802332323168,0.00144322586272355,0.00443376116721189,TRUE,FALSE
"K09265","black",0.0935442330391968,0.593001884058684,0.959685422460598,0.276383777202299,0.108008415467674,0.242612327609337,0.399715897308649,0.0173598204476498,0.0383926661949243,0.128206630272184,0.462965875522199,0.649552406772992,0.0718892192544533,0.681521177331383,0.573474890726554,-0.234278640437266,0.175540194819772,0.897287153931499,0.0882208851845095,0.614295475925881,0.444044381524149,0.659846423638498,1.6174333068526e-05,0.000377621119647841,0.414250524488431,0.0133603460411577,0.0997212753391607,"black",0.399715897308649,0.0173598204476498,0.0383926661949243,TRUE,FALSE
"K09272","black",-0.0743117997842404,0.671379377310835,0.959685422460598,0.25672815917124,0.136554344643752,0.267350116193806,0.549895240052712,0.000621777576714771,0.00382401135864602,0.015657131263469,0.928867219686742,0.778710702184942,-0.289754127339067,0.0913362903225727,0.250095210806343,-0.0264244371463743,0.880229922960175,0.996847020865946,-0.303813661925867,0.0760105410946278,0.11248511582834,0.271422299221836,0.114747006004702,0.199960777268049,0.191834588676687,0.269599912847931,0.475671420251214,"black",0.549895240052712,0.000621777576714771,0.00382401135864602,TRUE,FALSE
"K09413","greenyellow",0.0297280608385838,0.865384807211494,0.967562416164654,0.0336516998815595,0.847812672696152,0.551714239690781,-0.157441281437799,0.366388253941225,0.307279841843643,0.746949807843066,2.55436243444035e-07,4.38081075797983e-05,0.431065504521084,0.00973040892317873,0.0727610724564528,-0.248019801696398,0.150839130630897,0.88110903560902,-0.171880166451408,0.323495477971207,0.301387731971354,-0.0670223665140588,0.702060768086058,0.383488261510373,0.0490742072441102,0.77951458333541,0.676698370396686,"greenyellow",0.746949807843066,2.55436243444035e-07,4.38081075797983e-05,TRUE,TRUE
"K09464","blue",0.0165768484286768,0.92470032575994,0.975523076551505,0.083946106471102,0.631623292996182,0.498926853486873,-0.348655433636743,0.0401042285246162,0.0715921513656794,0.0525657575662727,0.764256095841458,0.744922708456456,0.0237388615019437,0.892327677072963,0.617224546790252,-0.0486731718965525,0.781272472511052,0.996847020865946,0.45673339840959,0.0058147598509198,0.0141831856016299,0.156639079265693,0.368866238194634,0.28755679306285,-0.123600756275923,0.479320901294086,0.58861903854255,"blue",0.45673339840959,0.0058147598509198,0.0141831856016299,TRUE,FALSE
"K09467","blue",-0.142109329562465,0.415448922239214,0.959128489173492,0.0298633063130172,0.86477799915923,0.557454307322846,-0.0449375107524977,0.797697430573661,0.489157133488483,-0.265896618006239,0.122617816399139,0.37390939546343,-0.196553302558303,0.257770412435101,0.4036975304816,0.0620234176009771,0.723376015629591,0.99203460882552,0.798991722342112,8.73137284146032e-09,4.98607362759014e-07,0.135902094178529,0.436315530540478,0.304613409577368,-0.118974364237768,0.49604649400256,0.590236164318044,"blue",0.798991722342112,8.73137284146032e-09,4.98607362759014e-07,TRUE,TRUE
"K09471","black",0.365222516392067,0.0309774509892306,0.587018926596502,0.238925853041026,0.166884273779815,0.299625735070718,0.400390349983271,0.0171543030428915,0.0382798997387249,0.14121662491317,0.41841477347344,0.623532878117405,-0.0821223640236075,0.63907570200118,0.559782687126969,0.0829371141012424,0.635742014174223,0.987736935152345,-0.282296381102649,0.100373205915304,0.137241204844432,0.189396579166648,0.27584879533536,0.253866445061253,0.106091147929651,0.54413952571573,0.607183963179069,"black",0.400390349983271,0.0171543030428915,0.0382798997387249,TRUE,FALSE
"K09487","blue",0.0760422105101945,0.664169907760833,0.959685422460598,0.210491069071531,0.224857978010462,0.330415150718754,0.134555497550105,0.440917100796505,0.34889467378476,-0.108458931903483,0.53513767504034,0.687443415443762,-0.163806665176067,0.347078705257344,0.446507140154431,0.0845302852956584,0.629243631861671,0.987136244631723,0.716520154882151,1.29239687740269e-06,1.4657910363473e-05,0.273979128451601,0.11123604605331,0.198424065142425,0.0718819545815312,0.681551673669152,0.651962259880433,"blue",0.716520154882151,1.29239687740269e-06,1.4657910363473e-05,TRUE,TRUE
"K09489","blue",-0.168040981743929,0.334582871446256,0.908112075249253,0.0883004060385199,0.613975037455294,0.49074435910948,-0.108442582084548,0.535199587397734,0.389357718270923,-0.111481687646282,0.523750843140212,0.67792372210244,-0.232056531529548,0.179790053071576,0.347774268090989,0.101826090966554,0.56053328529992,0.986815669978367,0.760890935338821,1.12426874130052e-07,2.37267021968862e-06,0.0988014546329496,0.572295661446877,0.346162212911082,-0.133097200369441,0.445930142886659,0.578551019825083,"blue",0.760890935338821,1.12426874130052e-07,2.37267021968862e-06,TRUE,TRUE
"K09490","blue",0.0634957741137177,0.717075836342707,0.959685422460598,0.107210683367449,0.53987433571122,0.463823860397753,0.00949247189107547,0.956839686597185,0.534981507038745,-0.0761636468234845,0.66366506544482,0.728939106604285,-0.116721761744289,0.504296341550319,0.506994560426029,0.0853767701061441,0.625801973734783,0.987136244631723,0.643007549863632,3.10405692892282e-05,0.000179368208728933,0.213144753237603,0.218932149883286,0.234530940105001,-0.0310392283521335,0.859505211765055,0.684590622335635,"blue",0.643007549863632,3.10405692892282e-05,0.000179368208728933,TRUE,FALSE
"K09493","pink",-0.0413522882446703,0.813541777383215,0.967562416164654,0.308182865465584,0.0716800992657231,0.201930141697847,0.386460613184363,0.0218360473368344,0.0459259982679747,-0.298613018733351,0.0814272977240345,0.333493348702007,-0.184235217927212,0.28938640761326,0.418979027964797,-0.0846578178509951,0.628724612953504,0.987136244631723,0.550342460306727,0.000614154960416342,0.00215240142023179,0.491272773131175,0.00272776024617118,0.0202363055704257,0.262013421111751,0.128385017451338,0.331399090676487,"pink",0.491272773131175,0.00272776024617118,0.0202363055704257,TRUE,FALSE
"K09494","black",0.114016329902062,0.514295020832477,0.959685422460598,0.457020576740898,0.0057800832641827,0.0443193697834065,0.445620966722313,0.00730117183748583,0.0208934206979048,0.248851513449886,0.149429738714184,0.409183975256781,0.117509651827721,0.501402977681048,0.506025151396998,-0.0694326030217095,0.69186181176188,0.988692296438592,0.0929546223298904,0.595344400486125,0.436776539524858,0.535323921367138,0.000920794000203564,0.00812136037102521,0.491569104978161,0.00270918022010319,0.0415791301854884,"black",0.445620966722313,0.00730117183748583,0.0208934206979048,TRUE,FALSE
"K09495","black",-0.128718556490153,0.461166593208459,0.959685422460598,0.214692424305619,0.215525939193446,0.324176086355878,0.606825774289315,0.000111227085965516,0.00124759164114577,0.0914251181261839,0.601439786590958,0.709356048577995,0.289434784395003,0.0917100023666769,0.250095210806343,-0.0964463525416857,0.581530994248864,0.986815669978367,0.0781196884019723,0.655553482474545,0.455325175346318,0.22924249238299,0.185275968177639,0.22587214229023,0.398245134289247,0.0178151333694902,0.118039042172305,"black",0.606825774289315,0.000111227085965516,0.00124759164114577,TRUE,FALSE
"K09496","black",0.0513346585295439,0.769626509796361,0.964756824700076,0.150765548014685,0.387310573612282,0.407121925370028,0.486384503227878,0.00305066867954026,0.0109539363685962,0.0164423295465447,0.925309660044967,0.778710702184942,0.177210708248999,0.308484681568683,0.428259998674353,0.267103248713765,0.120865689866079,0.845956886737543,0.136367082039078,0.43473273460344,0.36571401961128,0.164777953811107,0.344187624303951,0.276456888263185,0.244118057058962,0.157580011491044,0.3683862938911,"black",0.486384503227878,0.00305066867954026,0.0109539363685962,TRUE,FALSE
"K09497","tan",0.0137895603125517,0.937334095389323,0.97737664699741,0.170467011262252,0.327549744919624,0.380591881800355,0.356531785180506,0.0355260446796681,0.0653973893219061,-0.0823435374971303,0.63817004185736,0.721239805256568,0.182907062229618,0.292937839661269,0.418979027964797,-0.0261630298480764,0.881406362327535,0.996847020865946,0.0983724166457436,0.573973137807366,0.428620847309196,0.174332849110363,0.316533266634045,0.263102393347153,0.662895650726216,1.43111594361248e-05,0.000985100456488104,"tan",0.662895650726216,1.43111594361248e-05,0.000985100456488104,TRUE,FALSE
"K09498","black",0.295469405227007,0.0848435031284615,0.724709891041615,0.123705473061598,0.478945753420626,0.43931647926707,0.387377018657015,0.0214985135108704,0.0454183997088602,0.24811117220159,0.150683826487741,0.409389993644655,0.0254566804720791,0.88458646395605,0.61676224783151,-0.326186587205312,0.0558331156515717,0.713069239808012,-0.164702887628326,0.344410537741232,0.314887674491479,0.169036283919424,0.331686314184616,0.270991428460238,0.37549335076262,0.0262280280585862,0.147045443395827,"black",0.387377018657015,0.0214985135108704,0.0454183997088602,TRUE,FALSE
"K09499","tan",-0.110179817696559,0.528640467542437,0.959685422460598,0.208334158823541,0.22975428013342,0.333090835576205,0.341083471577444,0.0449442346744883,0.0767733873768837,0.105956447589759,0.544653779820931,0.692647174787696,0.196951125771607,0.256789046224421,0.4036975304816,-0.302618783139386,0.0772295527621548,0.758525048392902,0.0186202637001676,0.915449583366675,0.536961203563936,0.243087778050903,0.159395745586414,0.219260737743892,0.839845731522356,2.84398103957369e-10,8.80937120974998e-08,"tan",0.839845731522356,2.84398103957369e-10,8.80937120974998e-08,TRUE,TRUE
"K09502","pink",-0.157937012383871,0.364861915034478,0.928495886570852,0.121870617453956,0.485541200438948,0.442493732459266,0.281660889924634,0.10117359049595,0.130880583214975,-0.179304326324563,0.302711275195727,0.546322653064322,-0.40890084177771,0.0147310684582046,0.0859320452818963,0.127843891040052,0.464243061716573,0.986815669978367,0.200872254732591,0.247248616674515,0.256987541282092,0.533111298420747,0.000975867279991387,0.00841999318453883,-0.0939470728535765,0.591403726453462,0.620457965466294,"pink",0.533111298420747,0.000975867279991387,0.00841999318453883,TRUE,FALSE
"K09510","black",-0.0391454201211721,0.823331433172856,0.967562416164654,0.438878437717559,0.00835280969083347,0.0587456491044385,0.425164952251254,0.0108946539989654,0.0276567676580168,-0.164488599408077,0.345047362429043,0.582304475001764,-0.322009612153944,0.0592352773585871,0.194791454930501,0.0392649587858454,0.822800474001117,0.996847020865946,0.301655596526424,0.0782232047898741,0.114364859471442,0.106627131032871,0.54209555261194,0.334455705135644,0.03574726362773,0.838456550826031,0.681270456641967,"black",0.425164952251254,0.0108946539989654,0.0276567676580168,TRUE,FALSE
"K09512","black",0.0328063929154694,0.851592609938317,0.967562416164654,0.139839120184117,0.423014525574142,0.418136370369957,0.435618728462441,0.00890588080290018,0.0242369698385644,0.0888698931620668,0.611682280416235,0.71424958128257,0.480759386282236,0.00346291487168292,0.0397762969610817,0.166079797072555,0.340335702707338,0.96645390586248,-0.0488661429147297,0.780426474124991,0.498768818176667,0.226023545600468,0.191694782878209,0.227521512131305,0.216745009318632,0.211064896385346,0.422502480022842,"black",0.435618728462441,0.00890588080290018,0.0242369698385644,TRUE,FALSE
"K09540","blue",-0.247425563327003,0.151852008041537,0.783893789195236,0.0526192829617093,0.764022845556499,0.531475803361912,-0.101121221758346,0.563264414032809,0.398737795649615,-0.278299171007466,0.105488471412699,0.356484726146892,-0.3409765838074,0.0450157747578576,0.171534669582929,-0.117408874985941,0.501772591592371,0.986815669978367,0.761236318561366,1.10087480935653e-07,2.37267021968862e-06,0.121814136485925,0.485744963974147,0.320954522475232,-0.0440151653342803,0.801766277697011,0.677848190020748,"blue",0.761236318561366,1.10087480935653e-07,2.37267021968862e-06,TRUE,TRUE
"K09565","blue",0.119045216558553,0.495788126127401,0.959685422460598,0.0859534532871311,0.62346172107028,0.49530467347584,0.103341447682061,0.554682598021833,0.396397722979056,-0.0715171091400503,0.683083894094995,0.731064640794532,-0.0223636484376055,0.898532059111385,0.619031313635149,0.0145689916381261,0.933799567503659,0.996847020865946,0.722467243579284,9.57223399722013e-07,1.17628156414128e-05,0.251758256903082,0.144579330271998,0.211279655629895,-0.0107518725542903,0.951119888292027,0.70286888108067,"blue",0.722467243579284,9.57223399722013e-07,1.17628156414128e-05,TRUE,TRUE
"K09578","magenta",-0.243815018155629,0.158112519882166,0.783893789195236,0.0307425060397068,0.860835148397015,0.556319284504441,-0.0940882873340279,0.590843943553813,0.413304314238316,0.300837351762008,0.0790751014242434,0.332317780513632,0.601138283727378,0.000134054054274619,0.00483672967797693,0.142776586443768,0.413239837911575,0.986815669978367,-0.116635423910412,0.504613909187342,0.397692850493732,0.00331700805089066,0.984912083820516,0.454007381820881,-0.0528422472407729,0.76305144291951,0.675291667722317,"magenta",0.601138283727378,0.000134054054274619,0.00483672967797693,TRUE,FALSE
"K09580","blue",0.1079991316926,0.536880126661212,0.959685422460598,0.00933434537492499,0.957558002675933,0.576030942032327,-0.0950493741754218,0.587040327290801,0.411530647090264,0.00524005559998111,0.976166835496446,0.78572953888437,0.0327673967717457,0.851767067136615,0.60595028676556,0.0800133943276162,0.64773713745798,0.988692296438592,0.738659594887573,4.06056465772161e-07,6.25706916903562e-06,0.135509290741958,0.437655078352052,0.305280117882413,-0.0962735187185273,0.582211356147618,0.618494199236361,"blue",0.738659594887573,4.06056465772161e-07,6.25706916903562e-06,TRUE,TRUE
"K09584","blue",0.134622283437581,0.440688257859003,0.959685422460598,0.0964990804779364,0.581323500860987,0.480411995763127,-0.0702462178745945,0.688430879519736,0.450843695473842,-0.287403112039479,0.094115074619776,0.349172567568205,-0.123173070287682,0.480854672911488,0.499402541960882,0.155469499868964,0.37249680456693,0.982362580947701,0.526860447634303,0.0011474744370611,0.00365112610192062,0.272452037944863,0.11332313595347,0.199943014273937,-0.0464813673624951,0.790898606538041,0.676698370396686,"blue",0.526860447634303,0.0011474744370611,0.00365112610192062,TRUE,FALSE
"K09667","black",0.0345703970495598,0.843708343562811,0.967562416164654,0.168674355767741,0.332737814194297,0.38214966304228,0.39371591819595,0.0192803777744879,0.0417508947488714,0.307327983934015,0.0725118605400394,0.317853261668912,0.13413508738731,0.442359133435226,0.484151730764853,0.0255278358335697,0.88426602959029,0.996847020865946,-0.148990262649725,0.392989117710816,0.34308427447933,0.0887430198204134,0.612192759881238,0.358110580043293,0.157867347239479,0.365076182579184,0.532697464080098,"black",0.39371591819595,0.0192803777744879,0.0417508947488714,TRUE,FALSE
"K09680","tan",-0.110240846308113,0.528410759303086,0.959685422460598,0.266780488176864,0.121332523398384,0.254073512210931,0.346484124705846,0.0414468719004553,0.0730227002121516,0.330060615056383,0.0528181950341469,0.294816438851513,0.329394393006845,0.053327226841904,0.189222867627892,-0.0474273565921108,0.786740117129976,0.996847020865946,-0.10449289839028,0.550256059568769,0.420031522874779,0.242280406919879,0.16082914473368,0.219734085522005,0.724869316060621,8.46072738836177e-07,0.00010483007760101,"tan",0.724869316060621,8.46072738836177e-07,0.00010483007760101,TRUE,TRUE
"K09831","magenta",-0.18338781138963,0.291649129117973,0.883994324068164,0.0838350460681649,0.632076112291577,0.498926853486873,-0.132697316264951,0.447310172299318,0.350552159371969,0.497091081305916,0.00238255239425877,0.050291091853702,0.758726644242975,1.28159936100646e-07,3.56982197785292e-05,0.0671836603153183,0.701376627026799,0.988692296438592,0.0386435504590705,0.825561444863274,0.511779304572526,0.438599214719336,0.00839900914793909,0.0469513971755178,0.088729770550761,0.612246079157032,0.629606584192914,"magenta",0.758726644242975,1.28159936100646e-07,3.56982197785292e-05,TRUE,TRUE
"K09885","pink",0.0870244938912587,0.619124923340398,0.959685422460598,0.427413953465046,0.0104376986115384,0.0673687963358567,0.432035210116914,0.0095495750821562,0.0251902188137931,0.0245646845217708,0.88860490616798,0.774815156413682,-0.15673353238034,0.368573959418845,0.453263469233794,-0.115477938022944,0.508881060501419,0.986815669978367,0.36213218053519,0.0325368737752154,0.0587108843234141,0.614093517254051,8.71635956754905e-05,0.001331290132293,0.235168536575356,0.173858441900987,0.381263772452913,"pink",0.614093517254051,8.71635956754905e-05,0.001331290132293,TRUE,FALSE
"K10117","black",0.185782200393957,0.285284859979185,0.882304538169711,0.278263283161482,0.105535273822922,0.240231940731604,0.554241127469456,0.000551135031387313,0.0034930328280298,0.136880020013178,0.432990392792277,0.632878935761358,0.135222545726416,0.438634366362152,0.483100017954221,-0.163286893528373,0.34863186213262,0.971182617121655,-0.28374989811207,0.0985606402416232,0.136289204270635,0.258342426821825,0.134019667910079,0.206955375143982,0.272399824362507,0.113395013232666,0.310151552452931,"black",0.554241127469456,0.000551135031387313,0.0034930328280298,TRUE,FALSE
"K10118","black",-0.00572252487668014,0.97397314826498,0.993070802163856,0.23764420488877,0.169240300610617,0.299625735070718,0.387929366435794,0.0212971707481335,0.0451686613447285,0.245622139383882,0.154956164055909,0.416869999774399,0.192967022357609,0.266729122848312,0.408219104391828,-0.0339147095886191,0.846637255582762,0.996847020865946,-0.323369540776824,0.0581100650218078,0.0920271477628636,0.222101116793397,0.199725199119404,0.229887898427283,0.297421136303874,0.0827097765861318,0.264877440581947,"black",0.387929366435794,0.0212971707481335,0.0451686613447285,TRUE,FALSE
"K10246","blue",-0.0882823596821163,0.614047751169726,0.959685422460598,0.258076244567991,0.134435212564176,0.266205443344356,0.0300340231915998,0.864012149595786,0.508260720616595,0.0848032874574098,0.628132809261915,0.718178159620376,0.0236861801986927,0.892565239536449,0.617224546790252,0.0946066983038752,0.588790926623447,0.986815669978367,0.71850752616448,1.17001069541968e-06,1.35218346465023e-05,0.280179020871202,0.103058789825446,0.193856960027668,0.0558560801028686,0.749956349990182,0.671394998876977,"blue",0.71850752616448,1.17001069541968e-06,1.35218346465023e-05,TRUE,TRUE
"K10249","black",0.151130314717957,0.386149746333008,0.939011135527,0.126688919267158,0.468322087032943,0.434964109162305,0.452150734037348,0.0063927905093569,0.0192261242141244,-0.100690159074647,0.564937645197715,0.702817026561333,-0.396323146961765,0.0184251304658587,0.0996546617643491,-0.100610656134791,0.565246495972174,0.986815669978367,-0.0636614349530363,0.716368116240107,0.478625363327435,0.189319910391532,0.276046821073569,0.253866445061253,0.377442058107191,0.0253984626790545,0.145091010337255,"black",0.452150734037348,0.0063927905093569,0.0192261242141244,TRUE,FALSE
"K10256","blue",0.311498214257932,0.0685247105522788,0.715381466187344,0.111030255881756,0.525443842985518,0.456814013179582,-0.0422572420782598,0.809535336124592,0.49225609387366,-0.201877289154417,0.244841915026019,0.497229678641811,-0.216451087248495,0.211699762277592,0.372112286087138,0.0435055543651684,0.804016590846089,0.996847020865946,0.59110363107504,0.000184769105503837,0.000812314075880661,0.147110644413131,0.399053499691884,0.291928076339919,-0.0246510304095937,0.88821579690556,0.689389407735893,"blue",0.59110363107504,0.000184769105503837,0.000812314075880661,TRUE,FALSE
"K10259","blue",-0.314626635463721,0.0656480623356032,0.693707878217075,0.122155989665524,0.48451235253798,0.442346711655038,-0.476152393761437,0.00383572128810599,0.0129365934630221,0.196683034012906,0.257450113502976,0.507794483800782,0.17590825937144,0.312111141794486,0.428259998674353,0.0327510385211211,0.851840251165573,0.996847020865946,0.459002879407295,0.00554553343385906,0.0136292295893976,0.0272328494164271,0.876593344196369,0.426505098190843,-0.0171303876730677,0.922193389247583,0.696726744618399,"blue",0.459002879407295,0.00554553343385906,0.0136292295893976,TRUE,FALSE
"K10273","black",-0.0917595709044998,0.60010463118107,0.959685422460598,0.331006218717512,0.0521023554518606,0.175938764108385,0.485265806132287,0.00312907381431377,0.011192904552252,0.411648876365793,0.0140128902472461,0.146651905800022,0.0316114410339478,0.856941578164253,0.608530765144584,0.135056104904452,0.439203343377817,0.986815669978367,-0.0893848334023547,0.609612247835987,0.441584753699629,0.21908016217502,0.206067645995654,0.233013728114356,0.21843288700141,0.207444533699689,0.419310144637565,"black",0.485265806132287,0.00312907381431377,0.011192904552252,TRUE,FALSE
"K10278","black",-0.15154467401916,0.38483355730324,0.939011135527,0.322419320209618,0.0588944830983501,0.183775082006566,0.668431705367132,1.14188982307425e-05,0.000307455243778436,0.21177330938002,0.221981163803352,0.473660438117747,0.141050397318916,0.418968344501969,0.473913683384729,0.0780434864701212,0.655868770318081,0.988692296438592,0.230156680904868,0.183480984755916,0.212555388282081,0.318578586787593,0.0621508246272301,0.165791408060253,0.522148932382337,0.00129386140660156,0.026645970434848,"black",0.668431705367132,1.14188982307425e-05,0.000307455243778436,TRUE,FALSE
"K10279","black",0.248567973201368,0.149909136107051,0.783893789195236,0.154473459212503,0.375605262874567,0.401391528223746,0.45461400480529,0.00607624799663793,0.0185698301072879,-0.0878673678863589,0.615720864296035,0.717134376268294,-0.240729545444799,0.163608539154523,0.335965170414894,0.2993794156823,0.0806108099186914,0.759231160810284,-0.243718359436703,0.158282644317943,0.192038818946811,0.211450674450213,0.222702643659474,0.23508035749594,-0.0795866050852632,0.649495534167352,0.640469696950189,"black",0.45461400480529,0.00607624799663793,0.0185698301072879,TRUE,FALSE
"K10359","greenyellow",-0.234805770026671,0.174542617875038,0.812230028079032,-0.0286151326071872,0.870381044154686,0.55859449235658,-0.137958163755979,0.429340758878625,0.344399241605378,0.513120698801587,0.00162084845233821,0.0390148117977458,0.128467145591294,0.46204976851135,0.492544170599615,-0.476382465580001,0.00381631118836808,0.246223890106539,-0.00372204073813911,0.983069980347599,0.555610681629802,-0.0767114090618866,0.661389687502608,0.372875264833726,0.459235389379095,0.00551856653462252,0.0639029210659146,"greenyellow",0.513120698801587,0.00162084845233821,0.0390148117977458,TRUE,FALSE
"K10362","black",0.389474606854138,0.0207421979607762,0.512339273119295,0.171208537647411,0.325418439835028,0.379988906120553,0.477923946548671,0.00368844418821499,0.0125821403517303,0.193146778329297,0.266275281745899,0.517168731223661,-0.0661435998499681,0.705792163469178,0.577793929789741,0.229616579710324,0.184539967039559,0.897287153931499,0.0204168196888292,0.907325369385369,0.534803856238819,0.250504755182957,0.146656707265115,0.212368000420481,0.24237298285922,0.160664316535716,0.372873147289952,"black",0.477923946548671,0.00368844418821499,0.0125821403517303,TRUE,FALSE
"K10365","black",0.0942529838701534,0.590191370161726,0.959685422460598,0.20232970862396,0.243763665495046,0.342888952048976,0.579984053831925,0.000260481427521734,0.00217685368216572,0.206116282993225,0.2348638749543,0.487041504678899,0.16250509124362,0.350975922855488,0.447757808169976,-0.0196432290409239,0.91082254181077,0.996847020865946,0.00567956511485317,0.97416846996532,0.554344977795304,0.172593686883378,0.321460328899146,0.265806111566597,0.146606019257533,0.400690714446085,0.552239912883846,"black",0.579984053831925,0.000260481427521734,0.00217685368216572,TRUE,FALSE
"K10392","black",0.103383388811021,0.554521072191386,0.959685422460598,0.254268808515631,0.140483499790304,0.269604342924281,0.628865827243465,5.21047136961774e-05,0.000781029402254664,0.281700877535487,0.101123084665618,0.356484726146892,0.0214880555326604,0.902485473182183,0.619031313635149,0.0900463453996988,0.606957372511822,0.986815669978367,-0.0242655512022186,0.889953118506485,0.533673475767999,0.228828104460019,0.18609367338,0.22587214229023,0.113278744994936,0.51703791855032,0.598383005344419,"black",0.628865827243465,5.21047136961774e-05,0.000781029402254664,TRUE,FALSE
"K10395","black",0.0539407295053768,0.758270835212631,0.964756824700076,0.366929520077355,0.0301426456346599,0.133648674031665,0.613273996237784,8.96198829039063e-05,0.00113534642248241,0.279306639848969,0.104180999185734,0.356484726146892,0.189117286478103,0.276570617966932,0.413163315274298,-0.0512521410209624,0.769986855506176,0.996847020865946,-0.250999791203813,0.145833718787581,0.180809507635605,0.30920307784006,0.0706972546942575,0.17193690262625,0.351093599575719,0.0386387266609639,0.182030961326835,"black",0.613273996237784,8.96198829039063e-05,0.00113534642248241,TRUE,FALSE
"K10396","black",0.475296927478361,0.00390864489597875,0.283529916548953,0.171697934621741,0.324016532182885,0.3793675126541,0.414398308951849,0.0133240606571552,0.0321803499600048,-0.106632926280842,0.542073472393392,0.690741690076504,-0.0552749518182307,0.752476133502724,0.584189083452236,0.194536042044177,0.262784821458782,0.927759326165238,-0.184149481972624,0.289614823230667,0.281540562385788,0.155630004897099,0.37199732449684,0.287656872811676,0.0554797056435146,0.751588028396187,0.672369935094466,"black",0.414398308951849,0.0133240606571552,0.0321803499600048,TRUE,FALSE
"K10439","black",0.0286916300007669,0.870037466377444,0.967562416164654,0.255284254428999,0.138851256240558,0.269604342924281,0.552170464434206,0.000583852069320854,0.00365137800791385,0.116751510391253,0.50418694343269,0.667377545696716,0.0634480538959324,0.717279745026166,0.581346948482174,-0.309220925210124,0.0706801553105832,0.755138466897456,-0.305181285618061,0.0746337228850993,0.110955031099068,0.239861894099381,0.165178486908968,0.220062252876744,0.475056489461152,0.00392935568570199,0.0547027981240277,"black",0.552170464434206,0.000583852069320854,0.00365137800791385,TRUE,FALSE
"K10473","black",0.164869673497793,0.343915376547551,0.917762421640375,0.463545701753592,0.00503868847781266,0.0405494369038527,0.416220715263965,0.0128833895970943,0.0314376514163834,0.141173205237194,0.418559330013834,0.623532878117405,0.0695621245058613,0.691315226664839,0.57524097497404,0.131515333603475,0.451402789411723,0.986815669978367,0.473003688016698,0.00411008113364599,0.0106400630717803,0.513396595915647,0.0016098727589831,0.0129928428359118,0.189398888494932,0.275842832066875,0.48002064344229,"black",0.416220715263965,0.0128833895970943,0.0314376514163834,TRUE,FALSE
"K10474","red",0.266034922804907,0.122416031825706,0.763998858849709,0.572172443153756,0.000329143713923431,0.00486460516935538,0.354804504906365,0.0364917681312311,0.0663515672426493,0.219766179730945,0.204615269174082,0.45707224998987,0.0961204639576031,0.582814153421662,0.537548214573387,-0.0373260845609926,0.831421831185487,0.996847020865946,0.0759046867814395,0.664741805177438,0.458326968514513,0.202689498020051,0.242908454962794,0.246473946060293,0.191269451813234,0.271040103329847,0.475671420251214,"red",0.572172443153756,0.000329143713923431,0.00486460516935538,TRUE,FALSE
"K10477","black",0.448048472704871,0.0069513572346212,0.390366518170724,0.246093787353266,0.154139935885994,0.287894689377313,0.406351829766138,0.0154246358206345,0.0357013129282101,-0.0231907163674129,0.894799944386324,0.774815156413682,0.128637257606346,0.461452087634353,0.492544170599615,0.150490709598119,0.388186553620851,0.984821788630755,-0.0808937792258604,0.64411582421026,0.451130398725248,0.362791786359445,0.0321987581053228,0.124250811071145,0.308096714684434,0.0717635808269078,0.249035896882104,"black",0.406351829766138,0.0154246358206345,0.0357013129282101,TRUE,FALSE
"K10494","blue",-0.275908080950522,0.108641240186816,0.753642932271469,-0.213988856492844,0.217069853491217,0.325059994515482,-0.313181455118232,0.0669649058594307,0.0977403524952098,-0.167644712363824,0.335740419791072,0.575829287565576,-0.0173300092293849,0.921289498214856,0.622743870219203,0.0368228284084864,0.833662808075052,0.996847020865946,0.40773074442769,0.0150461182984988,0.0312775456492109,0.173926003464169,0.317681606765641,0.263229992953134,0.0991608871057819,0.570892044773948,0.617918435341833,"blue",0.40773074442769,0.0150461182984988,0.0312775456492109,TRUE,FALSE
"K10523","blue",-0.244151475404093,0.15752136727144,0.783893789195236,-0.0111571131584238,0.949279911078662,0.574121355423963,0.183128786171321,0.292343027635826,0.269865909130812,0.0711404704321503,0.684666949289603,0.731064640794532,0.0380009958336969,0.828418535629719,0.596641917754182,0.00281414815397133,0.987199214728395,0.998168111332726,0.423371936744407,0.0112710001708187,0.0245882443570041,0.207320980605509,0.23207902726339,0.241306278184314,0.1282176825152,0.462926990495805,0.584089259324263,"blue",0.423371936744407,0.0112710001708187,0.0245882443570041,TRUE,FALSE
"K10543","black",-0.02143925749079,0.902705871334567,0.973554656411546,0.223268751068402,0.197310599164343,0.312174711337857,0.499988010256542,0.002225362359762,0.00947758110775457,0.183215221020404,0.292111361239761,0.539516215490273,0.191463522276647,0.270544970001229,0.409716034096198,-0.0900322322218911,0.607013962099793,0.986815669978367,0.0504955544231401,0.773292992906371,0.496497834702281,0.563436017955101,0.000424669505938963,0.00455541731052117,0.252305096479865,0.143679843801475,0.352519117641012,"black",0.499988010256542,0.002225362359762,0.00947758110775457,TRUE,FALSE
"K10573","pink",-0.0319236043922006,0.855543625275945,0.967562416164654,0.196834189797981,0.257077251515608,0.345627919343656,0.468561293161372,0.00452595244114609,0.0147891448399038,-0.118732075209775,0.496930535109038,0.664523409050362,-0.207675364880061,0.231264085483443,0.383034173355235,0.0806756238328249,0.645012422812815,0.988692296438592,0.255631444201493,0.138296385886898,0.173682640053584,0.641430724836417,3.2928492045473e-05,0.000622345226704817,0.464810882517411,0.00490484749096991,0.0598644404890046,"pink",0.641430724836417,3.2928492045473e-05,0.000622345226704817,TRUE,FALSE
"K10577","pink",0.0788145495742893,0.652681179263242,0.959685422460598,0.260755921651019,0.130295034392612,0.262596220145793,0.442546150366033,0.00776578939344831,0.021761389710312,0.231222612645288,0.181403613257956,0.441217904773621,-0.0333862001791223,0.848999545356275,0.605420561702959,0.132717469597697,0.447240566298549,0.986815669978367,0.0439456438875009,0.802073174886295,0.504957344258582,0.706346573742425,2.1234797231015e-06,8.42804669733599e-05,0.0706405521807504,0.686770203507086,0.651962259880433,"pink",0.706346573742425,2.1234797231015e-06,8.42804669733599e-05,TRUE,TRUE
"K10580","magenta",0.0804920044104011,0.645767463531915,0.959685422460598,0.158034611800192,0.36456185670717,0.394667574922662,0.125915176839957,0.471065269041009,0.36244067809247,0.388377592088327,0.0211349358114212,0.183529468761493,0.568153959293788,0.000370400339366567,0.0100656491226146,0.0056851919795766,0.974142886666877,0.996847020865946,-0.073033371584709,0.6767243673632,0.462827637555592,0.0880227770489103,0.615094080920015,0.359278229321121,0.075415350275287,0.666778236583189,0.64537235486545,"magenta",0.568153959293788,0.000370400339366567,0.0100656491226146,TRUE,FALSE
"K10591","blue",0.0268197434584546,0.878451363060158,0.96985564641893,-0.0507752772847558,0.772070197441871,0.533073895575751,-0.0686826589279829,0.695029604153625,0.452653851615193,-0.16054515771156,0.356894094207474,0.590514404875821,-0.200589719946864,0.247928022279961,0.396411529881818,0.0423120853864522,0.8092926838843,0.996847020865946,0.75961243780314,1.21490699915973e-07,2.45712285632922e-06,0.151850528344758,0.383863708635083,0.288510649517686,-0.0958702587306579,0.58380016971058,0.618494199236361,"blue",0.75961243780314,1.21490699915973e-07,2.45712285632922e-06,TRUE,TRUE
"K10592","blue",0.251264608380707,0.145394851535312,0.783893789195236,0.0256341753916386,0.883787183689813,0.56294697510837,-0.108131458805561,0.536378383231857,0.389357718270923,-0.129335176798133,0.459004297007075,0.649242555120247,-0.139791651585062,0.423173533843059,0.474336322164192,0.114394439657804,0.512891726617205,0.986815669978367,0.470822177342638,0.0043099745499093,0.0111278672437432,-0.317933771372691,0.0627111874675364,0.165932929386874,-0.296181107515791,0.084060572912491,0.267254761450534,"blue",0.470822177342638,0.0043099745499093,0.0111278672437432,TRUE,FALSE
"K10597","tan",0.0179354650482669,0.918548577840643,0.975443604208019,0.114354622097679,0.513039413470188,0.449864929841235,0.26573032906856,0.122860757351772,0.148177527912809,0.0899039791782579,0.607528321109272,0.712430703267261,-0.0875345830592022,0.617063923585813,0.549380536028176,-0.262101890501277,0.128251426918671,0.847452040016384,0.196379921738421,0.258198890308081,0.261919304428663,0.0818883132519092,0.640034651295653,0.364955489256036,0.701220638755046,2.70604782347994e-06,0.000226415044385461,"tan",0.701220638755046,2.70604782347994e-06,0.000226415044385461,TRUE,TRUE
"K10601","magenta",0.111763957937936,0.522693605285729,0.959685422460598,0.288826958485984,0.0924245485133336,0.226028084858531,0.378607952565751,0.0249125755041091,0.0503997740399458,0.210506736057093,0.224822675262824,0.4767577834614,0.559629138356173,0.000473500227803161,0.0112247480709201,0.345265127135939,0.0422164095482617,0.630501784404964,-0.0832094928323618,0.634629094431056,0.449701655432563,0.262315675653356,0.127929032499427,0.203925984059529,0.328245153694014,0.0542144873205143,0.215773800716138,"magenta",0.559629138356173,0.000473500227803161,0.0112247480709201,TRUE,FALSE
"K10621","black",0.0395225323925129,0.821656663340206,0.967562416164654,0.301994821048248,0.0778721249977692,0.208433812720198,0.4601662757219,0.00541172757645998,0.0170005091677472,0.399783820482078,0.0173390303127816,0.16294232592113,0.271941193307556,0.114027837501811,0.277395670366249,0.00795882894741774,0.963807842011128,0.996847020865946,-0.179553681492386,0.302028246000724,0.286835193922295,0.220274396288872,0.203543905605246,0.231405748870302,0.266601495091636,0.121591993955849,0.320879348521753,"black",0.4601662757219,0.00541172757645998,0.0170005091677472,TRUE,FALSE
"K10632","black",0.104765625440537,0.549210046910537,0.959685422460598,0.166890100941143,0.337951515500834,0.382360881826994,0.405944382434499,0.015537999052245,0.0357013129282101,0.0470328831237057,0.788473491512901,0.744922708456456,-0.311801417320621,0.0682416594627817,0.210924004070295,0.0735532340534851,0.674548978316769,0.988692296438592,-0.181518067929163,0.296681668207913,0.284038906764246,0.131402703454566,0.451793822767078,0.310503939777387,0.241633008975497,0.161985220166352,0.373779989138978,"black",0.405944382434499,0.015537999052245,0.0357013129282101,TRUE,FALSE
"K10643","red",0.264556706408476,0.124585573963143,0.763998858849709,0.551377921450635,0.000596823252971506,0.00753103522234485,0.374576449572428,0.0266260060563665,0.052602822644809,-0.249468017410643,0.14839123242893,0.409183975256781,-0.343501243199034,0.0433502895251908,0.168767442807313,0.159503554802437,0.360063540367507,0.981034169908892,-0.068863084252358,0.694267014271333,0.469307025578369,0.220485872197343,0.203099245930177,0.231320734133384,-0.203657025119167,0.240618653668555,0.4493099705397,"red",0.551377921450635,0.000596823252971506,0.00753103522234485,TRUE,FALSE
"K10661","blue",-0.254258466386898,0.140500195954892,0.783573301412066,-0.129179478409156,0.459549771058075,0.432724686613827,0.0277498065370929,0.874269150383182,0.5104375567385,0.062710862093086,0.720432202265411,0.738348922132822,-0.185057040607407,0.287202799997875,0.418841377401227,0.255313911856984,0.138803794685653,0.868400636065839,0.443132338580091,0.00767531573100092,0.0176986128303142,0.263033911556656,0.126850311662688,0.203925984059529,-0.319598080665037,0.061272923358735,0.228135063960257,"blue",0.443132338580091,0.00767531573100092,0.0176986128303142,TRUE,FALSE
"K10688","black",-0.113384947874493,0.516642531247799,0.959685422460598,0.321874421711279,0.0593480702322937,0.183775082006566,0.658210042997278,1.72625544961849e-05,0.000397605263435438,0.332053011816747,0.0513189590278325,0.292161346303188,0.413524654990145,0.0135397791776142,0.0826228966910859,0.0960306966614434,0.583167825842002,0.986815669978367,0.128964966631168,0.460301858721231,0.379334648657112,0.292533593995648,0.0881327194249199,0.187323938488218,0.273500824906574,0.111886612187602,0.308752148502579,"black",0.658210042997278,1.72625544961849e-05,0.000397605263435438,TRUE,FALSE
"K10804","magenta",-0.329448473194472,0.053285761336777,0.650275768102696,-0.0946300586477709,0.588698488735912,0.482903945489353,-0.293466861098337,0.0870766526709696,0.118147192285402,0.296267803287649,0.0839655828272124,0.33918723676185,0.481684408514424,0.00339197478538013,0.0393673018573181,0.191757890800358,0.269795074895629,0.930619645693408,0.181100132367745,0.297814097759384,0.284561813178064,0.254342138391134,0.14036515896233,0.211025146235695,-0.0716183103268618,0.682658760158246,0.651962259880433,"magenta",0.481684408514424,0.00339197478538013,0.0393673018573181,TRUE,FALSE
"K10843","red",-0.0218472884807254,0.900863205992407,0.973554656411546,0.509481670792188,0.00177187969353131,0.0180694674662906,0.243120632986957,0.159337611040596,0.176194095193147,0.187555061928462,0.280630761237346,0.529442847854465,-0.0598537294075728,0.732692630139612,0.58161678693012,-0.0563476403401399,0.747826918942361,0.996847020865946,0.372346229165859,0.0276148188311316,0.0514552331210971,0.425185618042811,0.0108903791866463,0.0565251195961541,0.162793950124779,0.350108736298869,0.527929035126237,"red",0.509481670792188,0.00177187969353131,0.0180694674662906,TRUE,FALSE
"K10908","black",0.00422851505137829,0.980766638879585,0.994984518517273,0.17336734992257,0.319262668433317,0.375526132225312,0.609310398635516,0.000102401580524706,0.00120695333011651,-0.0593200811539555,0.734989935644197,0.738772468073264,0.0470366293875777,0.788457025165824,0.586657423878522,0.426636354500595,0.0105938179613288,0.399110576673538,0.049076573176936,0.779504215740461,0.498507586327186,0.250006905257047,0.147487785270365,0.212368000420481,-0.00814770932329503,0.962949505370005,0.706530454120102,"black",0.609310398635516,0.000102401580524706,0.00120695333011651,TRUE,FALSE
"K10944","black",0.295708482743452,0.0845798737067745,0.724709891041615,0.339765965774451,0.0458324503581476,0.168056696736656,0.599929384786611,0.000139416494312483,0.00143105804556245,0.2989689221751,0.0810473406410762,0.332931021780522,0.211789207872219,0.221945652739714,0.378693394395879,0.0364642666389544,0.835260255076894,0.996847020865946,-0.315497005974364,0.0648648589315355,0.100111485933074,0.333196517221791,0.0504739598597841,0.150059994857154,0.368635131752174,0.0293270209284032,0.153230876816347,"black",0.599929384786611,0.000139416494312483,0.00143105804556245,TRUE,FALSE
"K10956","blue",0.0523539253348147,0.765179407678926,0.964756824700076,0.197355389824179,0.255794328665967,0.345627919343656,0.0704109440169897,0.687736986892408,0.450701828235528,-0.067669735153249,0.69931629811686,0.732482809858693,-0.000729516815205555,0.996681502175502,0.641154623651573,-0.0276202964616497,0.874851319957952,0.996847020865946,0.429284110671838,0.0100701957207853,0.0225774604494045,0.175776632354923,0.312479120600917,0.262219845864461,0.105666735674447,0.545760611150539,0.607554482477458,"blue",0.429284110671838,0.0100701957207853,0.0225774604494045,TRUE,FALSE
"K10967","blue",0.230152984890446,0.183488216951087,0.824980724999754,0.275110634101509,0.109708362897785,0.244278575579189,0.0777938055586787,0.656902242320255,0.441067707346483,0.0937279906263383,0.592272641597605,0.709356048577995,0.0334084243443858,0.848900183330687,0.605420561702959,0.0899841973668861,0.607206584225559,0.986815669978367,0.515616256143734,0.00152391683615371,0.004637625327393,0.280439303135363,0.102725750985947,0.193689482876945,0.203557123472392,0.240854412524109,0.4493099705397,"blue",0.515616256143734,0.00152391683615371,0.004637625327393,TRUE,FALSE
"K11086","magenta",0.0105698361096546,0.951946498262506,0.983734813052429,0.0787318239541879,0.653022880468968,0.505270694979863,0.0860150025677583,0.623212159835711,0.428331589432561,0.318168398908574,0.062506830330482,0.305209251791892,0.514883775258915,0.0015518255722419,0.0239144721979007,-0.092810550849012,0.595917406385209,0.986815669978367,-0.174038128456422,0.317364869322221,0.297388500139604,0.0254465464133702,0.884632102189298,0.428893364709803,0.449157121894059,0.0067964320144819,0.070628736052291,"magenta",0.514883775258915,0.0015518255722419,0.0239144721979007,TRUE,FALSE
"K11129","black",-0.0794926546641743,0.649882866067911,0.959685422460598,0.0889269439970082,0.611452792921588,0.490318206130585,0.450357112646618,0.0066320849889898,0.0196331651104879,-0.13731642767462,0.431511047425368,0.632878935761358,0.0493237531670033,0.778421271372624,0.584863953082124,0.0487917322465379,0.780752666366926,0.996847020865946,0.102568116558206,0.557664815781681,0.422447890713187,0.190021165105525,0.274239012477212,0.253866445061253,0.0997521469240202,0.568586528425834,0.617918435341833,"black",0.450357112646618,0.0066320849889898,0.0196331651104879,TRUE,FALSE
"K11131","blue",-0.0404328014323652,0.81761733025697,0.967562416164654,-0.000230067866010284,0.99895344207638,0.588207089623895,-0.084131273562977,0.630868616446382,0.431601505755483,-0.318165987148435,0.0625089282635103,0.305209251791892,-0.282662589820104,0.0999141666444022,0.256502503941849,0.189959943568357,0.274396531284629,0.930619645693408,0.611062879091869,9.65608705788347e-05,0.000485700934115691,-0.195550024062752,0.26025634456591,0.251267886003059,-0.0470357452044408,0.788460911500707,0.676698370396686,"blue",0.611062879091869,9.65608705788347e-05,0.000485700934115691,TRUE,FALSE
"K11150","black",0.217964810101828,0.208444186742809,0.829981387866013,0.336777001114224,0.0478998141475798,0.171316245496626,0.576480765961036,0.000289508822335297,0.00231691827114889,0.296158868436051,0.0840849529996969,0.33918723676185,0.259826824632189,0.131719689034807,0.298226289596009,-0.107514103240393,0.5387211264007,0.986815669978367,-0.186482396589626,0.283440800853423,0.278503397086092,0.336415155838262,0.0481550801158998,0.148750470139885,0.423006005442637,0.0113491444904547,0.0892670218281932,"black",0.576480765961036,0.000289508822335297,0.00231691827114889,TRUE,FALSE
"K11155","pink",0.2802438026927,0.102975823152387,0.744258866934882,0.0498859371735897,0.775959762688621,0.533734212700639,0.129145854844547,0.459667613355787,0.355807414753614,0.26675005067872,0.121376616799509,0.37390939546343,-0.111173927044814,0.524904745022196,0.514953604143553,0.129502929604821,0.458416978931396,0.986815669978367,0.0992851048209948,0.570407327004168,0.426614368087614,0.494771232334717,0.00251532964157995,0.0190157920850388,-0.0725048073457029,0.678938809975421,0.651962259880433,"pink",0.494771232334717,0.00251532964157995,0.0190157920850388,TRUE,FALSE
"K11209","blue",-0.293115322840366,0.087473297096851,0.724709891041615,-0.156202922355154,0.3702176787851,0.399040320706992,-0.294523809541082,0.0858924206942066,0.117044908632839,0.230911105601673,0.182008973274468,0.441217904773621,0.140739087105495,0.420006174175127,0.474058929180041,0.122572235060364,0.483013692712004,0.986815669978367,0.497847017516007,0.00234062801979444,0.00664402669485019,0.141575678470075,0.41722045605919,0.296470432819968,0.106797743685562,0.541445688047085,0.606017944304385,"blue",0.497847017516007,0.00234062801979444,0.00664402669485019,TRUE,FALSE
"K11215","blue",-0.0014051043500177,0.993608370788491,0.997950730917429,0.0184033924743273,0.916430884075639,0.568471931261517,0.0727484606078161,0.677917684394723,0.448398119151884,-0.0795618356552811,0.64959764298952,0.724390960641225,-0.071191566721577,0.684452108141389,0.573474890726554,-0.0507011501257337,0.772394188422315,0.996847020865946,0.669561683789022,1.08983418773982e-05,8.07588099844333e-05,0.0699754163824095,0.689572147584113,0.379939399946547,0.0676744903104491,0.699296152795448,0.655720195284918,"blue",0.669561683789022,1.08983418773982e-05,8.07588099844333e-05,TRUE,FALSE
"K11227","blue",-0.0287610255644739,0.869725805752685,0.967562416164654,0.167168080062235,0.337135970185959,0.382360881826994,0.263167207023372,0.126650859748344,0.150822409243456,-0.241277524870064,0.162622555352733,0.424777414826299,-0.269396811045241,0.117586854141334,0.281747510176005,0.0947726813144985,0.588134263375928,0.986815669978367,0.484013441535757,0.00321891891642197,0.00872875061247877,0.280944365732019,0.102081838062665,0.192933659287588,-0.173965357039463,0.317570415914598,0.50188264771663,"blue",0.484013441535757,0.00321891891642197,0.00872875061247877,TRUE,FALSE
"K11230","blue",-0.0522815519820531,0.765494933988886,0.964756824700076,0.0367783575815504,0.833860896912181,0.549026839681023,0.0928189065694788,0.59588416718645,0.416213414770865,-0.344987287250318,0.0423934090965402,0.262003642370201,-0.270964783343909,0.115383924793927,0.277681739655413,0.186624469726306,0.283067574311015,0.933073612568139,0.387570729475156,0.0214277225854278,0.0419391296778283,-0.194311017439268,0.263348130654673,0.251746533237719,-0.254693083805374,0.139799810252025,0.345049236002507,"blue",0.387570729475156,0.0214277225854278,0.0419391296778283,TRUE,FALSE
"K11232","black",0.475088951416028,0.00392655395105301,0.283529916548953,0.645158361646614,2.86233251284337e-05,0.000711946483799355,0.502807024586028,0.00208117281840628,0.0091094489339682,0.321844029615739,0.0593734505216076,0.305100548816712,0.156004600517139,0.370833151592389,0.454409210380271,0.039720987214326,0.820775628706906,0.996847020865946,-0.0469888781171708,0.788666918086401,0.501696606324131,0.340108727450187,0.0456000271410399,0.145956093474035,0.275590297100703,0.109065547819189,0.303715339896768,"black",0.502807024586028,0.00208117281840628,0.0091094489339682,TRUE,FALSE
"K11236","magenta",-0.14493792071363,0.406130035767528,0.953690178841635,-0.14368940737863,0.410228539361945,0.413386681750955,-0.36383467386659,0.0316700327405016,0.0607875064376046,0.207201654948287,0.232353865383125,0.484276671359527,0.628439955894498,5.29029323572109e-05,0.00218691207693617,0.229326995187506,0.185109531710481,0.897287153931499,-0.0950897233868739,0.58688087729786,0.432931458665511,-0.168987479738912,0.331827984026995,0.270991428460238,-0.20563335527628,0.235986547485705,0.445041060996304,"magenta",0.628439955894498,5.29029323572109e-05,0.00218691207693617,TRUE,FALSE
"K11237","blue",-0.0594639127706814,0.734370530489334,0.959685422460598,0.182746841183432,0.293368141600979,0.359584320205698,-0.00776894440415757,0.96467078225114,0.534981507038745,-0.0433755583340554,0.80459086926263,0.748927154611302,0.0783005484582607,0.654805402831162,0.566875875755204,0.160528781050557,0.356943795922928,0.981034169908892,0.389918707133962,0.0205849415626881,0.0406198546873888,0.183130601546951,0.292338160778518,0.256700012858295,-0.295511786320674,0.0847967235819525,0.267463973060939,"blue",0.389918707133962,0.0205849415626881,0.0406198546873888,TRUE,FALSE
"K11238","pink",-0.0869991942226973,0.619227220426144,0.959685422460598,-0.0224832799999613,0.89799209159962,0.564705624398355,-0.107854221855131,0.537429837941728,0.389799887484828,-0.00628578083150254,0.971412379508129,0.78572953888437,0.194434395515037,0.263039177195536,0.404589021531104,0.428356411802035,0.0102510999941057,0.399110576673538,0.180934099110403,0.298264741434487,0.284712175360554,0.478952370663839,0.00360521520010108,0.0253620608396063,-0.13564442922742,0.437193971366946,0.576881720418271,"pink",0.478952370663839,0.00360521520010108,0.0253620608396063,TRUE,FALSE
"K11244","blue",-0.161095473399718,0.35522635290723,0.922524216421848,0.118221998152145,0.4987942694597,0.445416677321991,-0.0611192340311041,0.727253906475598,0.465237346879853,0.0639344688834691,0.715202194425668,0.737246541883234,-0.00541764584278708,0.975359348845568,0.637576988926266,-0.3061761150017,0.0736444689928362,0.755138466897456,0.446232158998138,0.00721170807063349,0.0169516962418456,0.14878113803862,0.393661189376648,0.290955874059109,0.154833694316556,0.374479276807071,0.534547459157243,"blue",0.446232158998138,0.00721170807063349,0.0169516962418456,TRUE,FALSE
"K11246","blue",-0.108434557688571,0.53522997488219,0.959685422460598,0.161632324933734,0.353603942751866,0.389260224699824,0.0746551132304334,0.669946698191153,0.446164425430459,0.00253665201032977,0.988461379779344,0.788976772325742,-0.100107363188266,0.567203467774474,0.531097090995297,-0.0419521127832677,0.810885687983303,0.996847020865946,0.749711738359499,2.18025018671074e-07,3.88284047468037e-06,0.107897409312027,0.537265979366606,0.334092770885465,0.108775300914931,0.533940349323624,0.603538738173244,"blue",0.749711738359499,2.18025018671074e-07,3.88284047468037e-06,TRUE,TRUE
"K11252","black",0.079080722389903,0.651582214478948,0.959685422460598,0.312861637705496,0.0672591051930492,0.194306577541009,0.450790170663313,0.00657361701171425,0.0196331651104879,0.21382614712807,0.217427981518084,0.4697508020333,0.239277744966294,0.166241531710851,0.335965170414894,-0.00963097789102648,0.956210527429939,0.996847020865946,0.164249121297579,0.345759893498666,0.314887674491479,0.425163658724601,0.0108949216180648,0.0565251195961541,0.274152052655113,0.11100154469897,0.308254090297794,"black",0.450790170663313,0.00657361701171425,0.0196331651104879,TRUE,FALSE
"K11253","black",0.186612279213595,0.28309958636237,0.882304538169711,0.387141869074992,0.0215847088316382,0.112881482817957,0.48710788820111,0.003000883544673,0.0108995034478733,0.155361526263847,0.372833033504798,0.601807256419782,0.161087127058853,0.355251611556054,0.447757808169976,-0.124958218955406,0.47446967203302,0.986815669978367,0.23742807327852,0.169639943070833,0.201819457472887,0.450782155578468,0.00657469511684724,0.0392403423824745,0.288172735090274,0.0931983938068965,0.279599622949849,"black",0.48710788820111,0.003000883544673,0.0108995034478733,TRUE,FALSE
"K11254","blue",0.265735466386179,0.122853246589907,0.763998858849709,0.0944149307758021,0.589550000445468,0.482905792769245,0.224437117103895,0.194914955592573,0.203389019691799,0.0281579337535813,0.872434975834307,0.772923770976823,0.0549889428700313,0.753717199970939,0.584189083452236,-0.0765723975168452,0.661966853334888,0.988692296438592,0.463382929957577,0.00505613417454668,0.0126506237639607,0.282493406576983,0.100126037485638,0.192109096086842,0.0855568479408852,0.62507080774325,0.633468771707241,"blue",0.463382929957577,0.00505613417454668,0.0126506237639607,TRUE,FALSE
"K11262","blue",0.285885944526818,0.0959423083559068,0.726061224370246,0.0292566096321009,0.86750066466872,0.557799031294123,-0.0722255703127359,0.68010975486633,0.44850460347943,-0.0426922844770852,0.807610988677045,0.750211445247396,0.073126900759652,0.676332799655067,0.573246252196243,0.0600709870051835,0.731758009165377,0.992474492474258,0.597363689593073,0.000151440015268379,0.000686992421939657,0.134602409130005,0.440756350711961,0.306366507182866,-0.0289174089256127,0.869023547292721,0.685637078290536,"blue",0.597363689593073,0.000151440015268379,0.000686992421939657,TRUE,FALSE
"K11275","blue",-0.292767983503203,0.0878665675497122,0.724709891041615,-0.0426229032805604,0.807917812319281,0.542394613760413,-0.0882878857925629,0.614025484572143,0.425423483755437,0.290940165815021,0.0899585362985907,0.344635514024571,0.300063358164385,0.0798875322944858,0.233619074198196,0.22876790836244,0.186212668652866,0.898904052299212,0.420689911909176,0.0118544555255026,0.0256306928219354,0.290043080164898,0.0909991493666197,0.188111314791489,-0.175931769711463,0.31204544455208,0.496316363989682,"blue",0.420689911909176,0.0118544555255026,0.0256306928219354,TRUE,FALSE
"K11279","blue",0.0184751915317703,0.916105993589999,0.975443604208019,-0.0864169878448736,0.621583263090247,0.49522261015925,-0.251327417927165,0.145290902302987,0.166308861808125,-0.29240759048878,0.0882760537300354,0.344635514024571,-0.254799895424766,0.139628076271331,0.307235600877229,0.115382215171567,0.509234754831923,0.986815669978367,0.412222853429926,0.0138666665224558,0.0292643791431265,-0.252319366945314,0.143656425494831,0.211279655629895,-0.0270571091447539,0.877383689214702,0.686565775131939,"blue",0.412222853429926,0.0138666665224558,0.0292643791431265,TRUE,FALSE
"K11338","pink",-0.0984160534092248,0.573802422961627,0.959685422460598,0.297094375838244,0.0830640864747266,0.213818652241937,0.468379383668652,0.00454372907609067,0.0147960349796394,0.189880187044201,0.274601827725621,0.523278496618447,-0.0276660530172516,0.87464562914723,0.613671423497533,0.0922345545513731,0.598210669438237,0.986815669978367,0.0797615996859471,0.648774320191713,0.45282091016201,0.750838103263869,2.04270152360774e-07,1.80165326880857e-05,0.215174617678806,0.214472177455491,0.425234949756092,"pink",0.750838103263869,2.04270152360774e-07,1.80165326880857e-05,TRUE,TRUE
"K11352","black",0.0677638840545035,0.698917471944589,0.959685422460598,0.0869760390206733,0.619320852706,0.494192296974901,0.489000666558217,0.00287394597350185,0.0106850313829634,-0.0601755120140191,0.731308487889232,0.738772468073264,-0.0729048679874789,0.677262494356005,0.573246252196243,-0.36657170218829,0.0303160909740103,0.583295008472933,-0.0110827790625378,0.949617402745692,0.547645434717638,0.123309283306971,0.480365907986229,0.319972955707941,0.346089262796205,0.0416948929697756,0.187786895789503,"black",0.489000666558217,0.00287394597350185,0.0106850313829634,TRUE,FALSE
"K11359","pink",0.114186672120373,0.513662587205542,0.959685422460598,0.163614567795698,0.347652231575904,0.388190669861859,0.241086825764398,0.162965195647298,0.177708372430012,0.147453912435811,0.397941992833152,0.615367734449513,-0.0558003370809663,0.75019794296529,0.584189083452236,0.168720981553836,0.332602238504765,0.96387906242267,0.1908408526079,0.272135688059984,0.270715957744425,0.544503443353762,0.000720503818105079,0.00672862262328025,0.269347061847689,0.117657260966241,0.315707334664,"pink",0.544503443353762,0.000720503818105079,0.00672862262328025,TRUE,FALSE
"K11370","tan",-0.0406897754993161,0.816477834597944,0.967562416164654,0.0308057340551744,0.860551722944712,0.556319284504441,0.0764247658332903,0.662580019147067,0.443447530116064,0.378406312408384,0.0249960559257649,0.20847378931756,0.0484949813257692,0.782053891707486,0.584863953082124,-0.268316504835653,0.119122846724223,0.841256960012149,0.237521879626079,0.1694664057821,0.201819457472887,0.399345749486874,0.0174734830071859,0.0779234711565813,0.50497347672633,0.00197597823981144,0.0345785592563684,"tan",0.50497347672633,0.00197597823981144,0.0345785592563684,TRUE,FALSE
"K11397","blue",-0.126833780846079,0.467809442366032,0.959685422460598,0.12866999826788,0.461337102084197,0.432724686613827,-0.376703844849087,0.0257101360841324,0.0513303415004672,0.0391836734990742,0.823161513368731,0.754008730515398,-0.446649258528363,0.00715119461075265,0.0599075038195609,-0.215625773030277,0.21348945744816,0.91433593416675,0.502603515908001,0.00209130141929308,0.00604230202731894,0.183727544664971,0.290740624739636,0.255863297323002,-0.113098909198203,0.51770777767426,0.598383005344419,"blue",0.502603515908001,0.00209130141929308,0.00604230202731894,TRUE,FALSE
"K11407","tan",0.0336531127445508,0.847806357602987,0.967562416164654,0.273568079459569,0.111794963173671,0.246769444893055,0.573893333011461,0.000312766402542598,0.00246132956165887,0.069962219943429,0.689627780005087,0.731064640794532,-0.0142657719790081,0.93517444927543,0.627297154115151,-0.291753030477911,0.089023528595394,0.780747621875373,-0.162982510886087,0.349543355830689,0.317528165916994,0.281977210327925,0.10077458942215,0.192294347084661,0.69771451143208,3.18496671566944e-06,0.000246639777996165,"tan",0.69771451143208,3.18496671566944e-06,0.000246639777996165,TRUE,FALSE
"K11422","magenta",-0.083780865997731,0.632297064922661,0.959685422460598,0.170423628735561,0.327674702483363,0.380591881800355,0.192035382422665,0.269089419464229,0.254113384611402,0.196323981358887,0.25833723678811,0.508529548707294,0.633971460173098,4.33461820895258e-05,0.00195227459122005,-0.0995413925116591,0.569407842179472,0.986815669978367,-0.22233098000883,0.199248236003708,0.225258703002446,0.161966870948236,0.352595179822435,0.280449480752028,0.297202624712485,0.0829465814146145,0.264877440581947,"magenta",0.633971460173098,4.33461820895258e-05,0.00195227459122005,TRUE,FALSE
"K11426","black",-0.0973925377994018,0.577812627315912,0.959685422460598,0.341095985609339,0.0449358650023244,0.166413408879794,0.611385845644762,9.55177849528815e-05,0.00115643322033745,0.0991827938146297,0.570806547642404,0.702817026561333,-0.184376474115739,0.289010328804611,0.418979027964797,0.180559726212988,0.299282448657646,0.944607285615407,0.0674580167330174,0.700213451978498,0.470914936763677,0.324703594662461,0.0570227815126711,0.159381851817076,0.381533055911106,0.0237272274306263,0.141331149054971,"black",0.611385845644762,9.55177849528815e-05,0.00115643322033745,TRUE,FALSE
"K11498","black",-0.0710053602110207,0.685235155397154,0.959685422460598,0.0682939755601398,0.696673421697278,0.516323546297094,0.400444745656374,0.0171378167926414,0.0382798997387249,-0.460945438913713,0.00532367523475765,0.0869549338733779,-0.543635990131344,0.000737620636573381,0.0141696568547603,0.146710758788942,0.400350579559315,0.986815669978367,0.0405512453575101,0.817092070594267,0.510154399959678,0.0703770557047661,0.687879717599958,0.379939399946547,0.140913879168546,0.419423284306023,0.565454044246765,"black",0.400444745656374,0.0171378167926414,0.0382798997387249,TRUE,FALSE
"K11518","black",-0.0920288331322932,0.599030650525846,0.959685422460598,0.198000631724922,0.254211966165742,0.345627919343656,0.434610827408683,0.00908307747250305,0.0243407390210664,0.0865259069281297,0.621142212640319,0.718137557689137,-0.0178411428985139,0.918975517719615,0.621676728453899,-0.207716370076859,0.231169915260916,0.91433593416675,-0.271293790625089,0.114925638880598,0.152624630252745,0.211626534612481,0.222309184991407,0.23508035749594,0.352829266723213,0.0376221508724471,0.178293900635366,"black",0.434610827408683,0.00908307747250305,0.0243407390210664,TRUE,FALSE
"K11527","black",0.0420175870723087,0.810595885682857,0.967562416164654,0.385464895878071,0.0222077651689508,0.113611770628081,0.606537249695263,0.000112295011265961,0.00124759164114577,0.316625510305332,0.0638603386318316,0.307431467694222,0.127469236483921,0.465564162115164,0.494962763228865,-0.193144947721733,0.266279901038894,0.930619645693408,0.00450953265713067,0.979488693141633,0.555094774647964,0.330447092055823,0.0525246836644843,0.154017786037807,0.60092811457236,0.000134972814079273,0.00576668873135191,"black",0.606537249695263,0.000112295011265961,0.00124759164114577,TRUE,FALSE
"K11584","blue",-0.0363863709129215,0.835607378288232,0.967562416164654,0.218354652772632,0.207611384119635,0.31694640043322,-0.334978979126694,0.0491790047839159,0.0797972032165898,-0.0499977770543284,0.775470329579131,0.744922708456456,-0.0183632303000972,0.916612623584036,0.620832151358727,0.0398425329828294,0.820236136064945,0.996847020865946,0.458602417468359,0.0055922454515284,0.0137093263246983,0.302406132374106,0.0774480815777955,0.176660815631565,-0.0563636353256539,0.747757659643853,0.670880852883072,"blue",0.458602417468359,0.0055922454515284,0.0137093263246983,TRUE,FALSE
"K11593","tan",0.120259010146135,0.491372605215131,0.959685422460598,0.173700767620805,0.318318463452924,0.375281231230416,0.263652246186633,0.125927053328813,0.150393836974252,0.367653368626562,0.0297942595640015,0.223379579222902,0.0253103379596751,0.885245545610158,0.616807762408189,-0.252325965075734,0.143645598687945,0.879295897864799,-0.0252190708692662,0.885656622877098,0.53336610385177,0.117337963007138,0.502032754135971,0.324520769083737,0.756485570220474,1.46567035147111e-07,2.59427773303283e-05,"tan",0.756485570220474,1.46567035147111e-07,2.59427773303283e-05,TRUE,TRUE
"K11594","blue",0.0902706974497182,0.606058090461552,0.959685422460598,0.0793449516250136,0.65049198776942,0.504460680378525,0.0660681867699213,0.7061126964878,0.457088105486286,-0.135580980967936,0.437410430397275,0.636547189174393,-0.187661418747851,0.28035312714107,0.414274619351365,0.0164966139797203,0.925063761142878,0.996847020865946,0.583732995809426,0.000232324201222758,0.000959735734409826,0.146893517081075,0.39975748024555,0.291928076339919,-0.0493713559738241,0.778212761120375,0.676698370396686,"blue",0.583732995809426,0.000232324201222758,0.000959735734409826,TRUE,FALSE
"K11661","red",0.136141333091014,0.435500777735604,0.959685422460598,0.540987675542027,0.000792125822712632,0.00917957599374219,0.292856416624651,0.087766311517396,0.118912083306378,0.230080885269972,0.183629338536997,0.442783842437403,0.111048384636179,0.525375803488438,0.514953604143553,0.283022105301052,0.0994650718976376,0.800985638655871,0.105937466940568,0.54472626196537,0.416717526571434,0.190560640813598,0.272853525668551,0.253866445061253,0.00966493205263511,0.956056295670894,0.703845851247279,"red",0.540987675542027,0.000792125822712632,0.00917957599374219,TRUE,FALSE
"K11665","blue",-0.103011176219222,0.555955322545107,0.959685422460598,0.192631462190793,0.267577689624431,0.350309233846632,-0.257851900088344,0.134786180140292,0.157141634322295,-0.0483751079804869,0.782579690461074,0.744922708456456,-0.0557056187349687,0.750608510475833,0.584189083452236,-0.0362113474908816,0.836387438583224,0.996847020865946,0.497526466041272,0.00235832658535313,0.00667474842983774,0.295918891822888,0.0843483800174648,0.183000076891662,-0.0598619321971947,0.732657335661845,0.667560919780254,"blue",0.497526466041272,0.00235832658535313,0.00667474842983774,TRUE,FALSE
"K11673","magenta",-0.103116989721553,0.5555474147786,0.959685422460598,0.142960997848068,0.412630480275188,0.414578127450657,0.123306841972375,0.480374665806,0.365249322038338,0.281284599150058,0.101649798553029,0.356484726146892,0.497002018830883,0.00238753469830192,0.0308039126849488,-0.00946374953028603,0.956970160244491,0.996847020865946,-0.218225883043257,0.207886213884198,0.230118307662356,0.105386534657984,0.546832117532355,0.335450581204291,0.55253507373004,0.000577969129200241,0.0150620639597978,"magenta",0.497002018830883,0.00238753469830192,0.0308039126849488,TRUE,FALSE
"K11675","red",0.287919772156909,0.0934989353921919,0.724709891041615,0.54181995799652,0.000774624912103942,0.0090799473387487,0.456598189487795,0.0058311480369327,0.0181138765036557,0.0518202002769926,0.767507160695339,0.744922708456456,-0.110201956820383,0.528557131529659,0.514953604143553,0.020087943917441,0.908811913036894,0.996847020865946,0.0794880495774673,0.649901853902519,0.452920245968527,0.27152074881865,0.114610297508354,0.199960777268049,0.215619495269573,0.213503110557253,0.425234949756092,"red",0.54181995799652,0.000774624912103942,0.0090799473387487,TRUE,FALSE
"K11718","magenta",0.12607507081782,0.470497698053129,0.959685422460598,0.269263922310893,0.117774993384794,0.252854450092971,0.323689816430282,0.0578475469536922,0.0879679084281681,0.217368123868019,0.209723326689187,0.459741285729768,0.719626898801071,1.10584502004938e-06,0.000154013413894469,0.0674568811606125,0.700218265027831,0.988692296438592,-0.290629541256492,0.0903178197259541,0.126521777781713,0.25548377853025,0.13853218216071,0.209183154818832,0.156646243879958,0.36884406296217,0.533261439534563,"magenta",0.719626898801071,1.10584502004938e-06,0.000154013413894469,TRUE,TRUE
"K11726","blue",0.0365008463014756,0.835097257332852,0.967562416164654,0.0498386295890771,0.776166815448394,0.533734212700639,-0.326757690001626,0.055380265481913,0.0864431486912737,-0.130433090497956,0.455167703795145,0.648727251841805,-0.0579071862180381,0.741083196678124,0.583526939041646,-0.0559899323198855,0.749376323513051,0.996847020865946,0.653992853970171,2.03801138457283e-05,0.000132783897614608,0.0311620205795768,0.858954956704826,0.421927511644657,-0.363054645114576,0.032064818462935,0.16199450225733,"blue",0.653992853970171,2.03801138457283e-05,0.000132783897614608,TRUE,FALSE
"K11754","black",0.0648299787494082,0.711382605710433,0.959685422460598,0.297225911045625,0.08292132069908,0.213818652241937,0.559360654814118,0.000477125301125414,0.00328884040168295,0.324574934156368,0.0571269343006863,0.300985921933202,0.241258329604748,0.162657021138367,0.335965170414894,0.0567671366739641,0.746011116984115,0.996847020865946,-0.193715049563397,0.264843867329579,0.266986135335751,0.28227578727805,0.100399067612566,0.192109096086842,0.39942785854046,0.0174482159609982,0.118039042172305,"black",0.559360654814118,0.000477125301125414,0.00328884040168295,TRUE,FALSE
"K11765","black",-0.0583971449031518,0.738968421388295,0.96071438429551,0.310592273635664,0.0693759233644517,0.198732959919858,0.749683909628218,2.18375391048075e-07,4.1244363933411e-05,0.290926529394373,0.0899742857874456,0.344635514024571,0.109051307040441,0.532896835522892,0.514953604143553,-0.0350727891879104,0.841465583280826,0.996847020865946,-0.0567124143095649,0.746247908263546,0.487713880630673,0.349014286251022,0.0398857556049274,0.134728282089929,0.230573861934367,0.182665957358413,0.387108645618052,"black",0.749683909628218,2.18375391048075e-07,4.1244363933411e-05,TRUE,TRUE
"K11771","blue",-0.280379762678189,0.102801862655077,0.744258866934882,0.165280932552201,0.342696265997312,0.385312597189325,0.0170238343842134,0.922675904315942,0.522464771386841,-0.0146267291008766,0.933537791107041,0.778710702184942,-0.0640691952530317,0.714627113018804,0.581346948482174,-0.00558072427862098,0.974617867252243,0.996847020865946,0.718853770815883,1.14980778280282e-06,1.34484498151309e-05,0.337383532418971,0.0474743657567992,0.148365958071222,0.166378464083326,0.339455730383247,0.521826713632912,"blue",0.718853770815883,1.14980778280282e-06,1.34484498151309e-05,TRUE,TRUE
"K11786","blue",0.0248657176992688,0.887248441255481,0.973283070635005,0.056676685484056,0.746402524193416,0.525482590523844,-0.0953727013419505,0.58576315725885,0.411273462085703,-0.338723043599663,0.0465455027099994,0.277659060925018,-0.218498583451374,0.207304494324304,0.37065250807918,-0.0205503095849334,0.906722072877497,0.996847020865946,0.624422389218791,6.09944991370905e-05,0.00031664609605096,0.159968362506396,0.358647121552031,0.283827380840926,-0.0710542421899184,0.685029562583228,0.651962259880433,"blue",0.624422389218791,6.09944991370905e-05,0.00031664609605096,TRUE,FALSE
"K11805","red",0.00272622944201209,0.987599101538337,0.996802121704099,0.592779231631734,0.000175259072422536,0.00295138219781029,0.247589696754666,0.151571750826418,0.170858720506611,0.47126262950371,0.00426895215935265,0.0780947763938994,0.0785573753802105,0.653743674201642,0.566396810468421,-0.17395834629277,0.317590222521449,0.954589382312911,0.118336780112605,0.498374567094852,0.395275165068762,0.231526821600677,0.180813812431671,0.223914585769835,0.429267815914238,0.0100733497104382,0.0862582717546901,"red",0.592779231631734,0.000175259072422536,0.00295138219781029,TRUE,FALSE
"K11824","pink",0.268214563840888,0.119268558173631,0.763998858849709,0.16706671331438,0.337433223774431,0.382360881826994,0.0514796927265069,0.76899327497167,0.477712187860409,-0.180177616832618,0.300323462721485,0.5457095700111,-0.178838304295993,0.30399041846708,0.426573292345125,0.0500344349057357,0.775309926176303,0.996847020865946,0.28335278750467,0.099053352078463,0.136289204270635,0.522081261914978,0.00129607834742607,0.0108297008583812,0.0105457469798221,0.952055888394872,0.702989263585978,"pink",0.522081261914978,0.00129607834742607,0.0108297008583812,TRUE,FALSE
"K11825","tan",0.367640961847365,0.0298002029828795,0.582168624195705,0.221772090345941,0.200409307611051,0.312248013527323,0.361602199526725,0.0328106392860973,0.061973429507301,0.495102835490469,0.00249596375588851,0.0518867298661508,0.16560975505131,0.341723423080228,0.443753435494985,0.036075728827582,0.836991981740857,0.996847020865946,-0.0116923890772037,0.9468499110665,0.546487492091184,0.200819240550785,0.247376003934449,0.247983501298541,0.519142515463415,0.00139563539045828,0.027447932031498,"tan",0.519142515463415,0.00139563539045828,0.027447932031498,TRUE,FALSE
"K11841","black",0.0580194693293468,0.740598391307145,0.961391020326055,0.201826750125051,0.244962562373994,0.343146409778706,0.44829300706366,0.00691692801169658,0.0201604009238248,-0.0613654169623385,0.726197404507882,0.738772468073264,-0.109114190354474,0.532659226306183,0.514953604143553,-0.141815987118034,0.416422190882001,0.986815669978367,0.0426720000014926,0.807700689555179,0.507458040918346,0.481097031540609,0.00343687307509903,0.0245781576518792,0.45798114744977,0.00566538333194043,0.0646143217941772,"black",0.44829300706366,0.00691692801169658,0.0201604009238248,TRUE,FALSE
"K11843","pink",-0.220702834023499,0.202643752849384,0.829981387866013,0.127146713822355,0.46670302967112,0.43434289275582,0.140115449343727,0.422089552737101,0.340391437439991,0.159231624648487,0.360893749885619,0.592290878882472,-0.0163676696611698,0.925647867262114,0.623983590631829,0.221862913342495,0.200220306582682,0.904298900430545,0.126502728409437,0.468981425607985,0.383234215999637,0.464930521532323,0.00489235124210305,0.0315733983109867,-0.0710147969729867,0.685195463568627,0.651962259880433,"pink",0.464930521532323,0.00489235124210305,0.0315733983109867,TRUE,FALSE
"K11888","black",-0.0365739787005405,0.834771402086511,0.967562416164654,0.16330285440745,0.348584106014801,0.388505892006415,0.445097501213513,0.00737854748563381,0.0210471773427073,0.0953833857335724,0.585720973998927,0.70824503170088,-0.301802750920396,0.0780707570503438,0.228906993973421,0.196139101618967,0.258794812526815,0.922938068757764,0.190827852743167,0.272168963401582,0.270715957744425,0.179760548200182,0.301462343336698,0.260137888192138,0.444478178668972,0.00747099669337702,0.071784019723499,"black",0.445097501213513,0.00737854748563381,0.0210471773427073,TRUE,FALSE
"K11903","black",0.0489602082350646,0.780014175009949,0.964756824700076,0.404166161929412,0.0160409648426319,0.0962260565000793,0.719604966235753,1.10707065503216e-06,0.000116161911165403,0.190774345784925,0.272305951427889,0.521802399928394,0.160896487036045,0.355828842402075,0.447757808169976,0.0153341581384585,0.930330936995598,0.996847020865946,-0.0614930867688019,0.725649700835749,0.481031304716306,0.346872392824419,0.0412041553924086,0.137427254363915,0.424199995406192,0.0110958488579681,0.0886966137160699,"black",0.719604966235753,1.10707065503216e-06,0.000116161911165403,TRUE,TRUE
"K11982","black",-0.234160909187103,0.175763550615728,0.812261955245484,0.0320255762954013,0.855087060666453,0.554361082975275,0.450118445996788,0.00666449790240492,0.0196674645607539,-0.240713599070222,0.163637295785171,0.424777414826299,-0.327887831821565,0.0544927353239715,0.190926300048849,0.0643514536130152,0.713422790472274,0.988692296438592,0.235271988206111,0.173663683202641,0.205098396606912,0.0550832012374333,0.753308121438335,0.396137593802755,0.10153855204067,0.561646661941264,0.614682605259838,"black",0.450118445996788,0.00666449790240492,0.0196674645607539,TRUE,FALSE
"K12041","pink",0.216593005211033,0.211393058135058,0.829981387866013,0.272719766697348,0.112955117810337,0.247225246732317,0.476318603938616,0.00382169035316379,0.0129354699614902,0.0305517990171704,0.861690113741483,0.769700654519404,0.188061934237555,0.279309217710625,0.414274619351365,0.117631512990431,0.500956217668506,0.986815669978367,0.216870451726491,0.210794343437223,0.232278022117125,0.655869680369513,1.89345749731874e-05,0.000399212172441504,0.407935300550295,0.0149906368611537,0.107986593721062,"pink",0.655869680369513,1.89345749731874e-05,0.000399212172441504,TRUE,FALSE
"K12160","black",0.0179253584744154,0.918594323178008,0.975443604208019,0.239594802838389,0.165663937171381,0.299543566981463,0.412710194330182,0.0137435239636675,0.032708545717646,-0.0532473447054339,0.76128744030153,0.744922708456456,0.140423872070422,0.421058487802928,0.474058929180041,0.196615564546149,0.257616658561611,0.922938068757764,-0.0903500135648367,0.60574029962655,0.440156881052643,0.27682705228227,0.10742122916763,0.196838629881251,0.289071322389439,0.0921367692695876,0.277705366411912,"black",0.412710194330182,0.0137435239636675,0.032708545717646,TRUE,FALSE
"K12200","black",-0.105667872621609,0.545756265416658,0.959685422460598,0.155369086627526,0.372809484757536,0.399511568138821,0.448904845062467,0.00683142332707412,0.0200972708238456,-0.076524128291232,0.662167308483361,0.728939106604285,-0.42219884585938,0.0115231351529441,0.0768791286949475,-0.210123383497881,0.225687576190323,0.91433593416675,-0.283077374932689,0.0993961673238675,0.136289204270635,0.17714469168868,0.308667852078138,0.261493332344937,0.284422268942835,0.0977306588679622,0.285976556137588,"black",0.448904845062467,0.00683142332707412,0.0200972708238456,TRUE,FALSE
"K12349","black",0.119011832124542,0.495909856233988,0.959685422460598,0.275229381610952,0.109548959438616,0.244278575579189,0.621328463406025,6.79688706215189e-05,0.00094391320114713,0.0849510442706634,0.627531934010116,0.718178159620376,-0.104122483006949,0.55167824094355,0.524193500905758,-0.142790995723882,0.413192206480941,0.986815669978367,-0.182711912285682,0.293462003001338,0.282550870893317,0.317400249667947,0.06317783778852,0.166060608916454,0.447888241072734,0.00697399653355445,0.0713704184788565,"black",0.621328463406025,6.79688706215189e-05,0.00094391320114713,TRUE,FALSE
"K12368","black",0.409945418769141,0.014454515839884,0.471503811839649,0.305074678640944,0.0747403434292331,0.204891183801082,0.646018281119452,2.77055587127271e-05,0.00056877434622312,0.211099907378658,0.22348884718826,0.475398822795747,0.106215349962776,0.543665555791695,0.520394989866167,0.149833537732752,0.390285788577779,0.984821788630755,-0.216308695455878,0.212007798542486,0.232822338204593,0.330372403585312,0.0525813045143045,0.154017786037807,0.295280947597712,0.0850517605958968,0.267463973060939,"black",0.646018281119452,2.77055587127271e-05,0.00056877434622312,TRUE,FALSE
"K12379","tan",0.043139423054592,0.805634292004799,0.967562416164654,0.168354291679549,0.333669395915058,0.382360881826994,0.455965228492011,0.00590839581425713,0.0182769271574299,-0.128339120490499,0.462499850542655,0.649552406772992,0.128774973418295,0.460968531210882,0.492544170599615,0.202391683989577,0.243616207971611,0.91433593416675,0.214052250633676,0.216930430758225,0.236356662954021,0.22950563336185,0.184758033733371,0.225863519902419,0.568091689560792,0.000371074338848579,0.0112138636439309,"tan",0.568091689560792,0.000371074338848579,0.0112138636439309,TRUE,FALSE
"K12391","tan",-0.0839381494578731,0.631655731223318,0.959685422460598,0.230610472425607,0.182594555485831,0.308768814550151,0.41466914968724,0.0132577769079171,0.0321023642910084,0.10539030869393,0.546817678783624,0.693389478717288,0.36184360950374,0.0326857049522135,0.147439948642971,-0.371826876355492,0.0278493662069592,0.580428003501843,-0.291168010103631,0.0896956986996365,0.126345135354085,0.24554430496666,0.155091163652361,0.217675864964651,0.543937563303608,0.000731629540032038,0.0164818800035498,"tan",0.543937563303608,0.000731629540032038,0.0164818800035498,TRUE,FALSE
"K12392","black",0.164624715452229,0.344642767970735,0.917762421640375,0.220644577419813,0.202765987921689,0.312795258337797,0.395866709018985,0.0185725265626557,0.0405055012421904,0.375914984937847,0.026046671302065,0.212922429301616,0.101037766549774,0.563588179319234,0.529457926777684,0.172310993000744,0.32226569088735,0.958457967185116,-0.0822887767744052,0.63839422792317,0.449985544511381,0.180609524114333,0.29914694920103,0.259237553984228,0.248696609455995,0.149691505137871,0.359596542448734,"black",0.395866709018985,0.0185725265626557,0.0405055012421904,TRUE,FALSE
"K12393","red",0.0237767247704016,0.892156941138219,0.973539962800205,0.621332593442449,6.79591003858145e-05,0.00130762397327381,0.356028216830312,0.0358054180151373,0.0656557003429837,0.396496549725929,0.0183693904901013,0.16914939127484,0.273535628156618,0.111839178106876,0.274621217767088,-0.0140848810575433,0.935994746801629,0.996847020865946,0.0156422994862234,0.92893443245229,0.53993950691406,0.613373973583478,8.9316929415031e-05,0.00133772463594335,0.337091351672738,0.047678934754028,0.200935845536235,"red",0.621332593442449,6.79591003858145e-05,0.00130762397327381,TRUE,FALSE
"K12394","black",-0.101226309585889,0.562856846506823,0.959685422460598,0.229403788202319,0.184958371925016,0.308768814550151,0.610841917852899,9.72804002497518e-05,0.00116286467120053,0.0722811983124683,0.679876427147159,0.731064640794532,-0.156107537286202,0.370513621630165,0.454409210380271,0.391350581033938,0.0200846474477321,0.50179546255137,0.257590080288643,0.135196628032078,0.170895141081795,0.230716959115398,0.182386985412177,0.224565680222003,0.230347845206644,0.183107197551881,0.387156009766933,"black",0.610841917852899,9.72804002497518e-05,0.00116286467120053,TRUE,FALSE
"K12396","black",0.0550462444597117,0.75346850489846,0.964756824700076,0.310928365966591,0.0690591735841513,0.198382859704853,0.504030203586147,0.00202119399360543,0.00891918443614066,0.152187056437155,0.382798245334795,0.607337852230175,0.0908849835950232,0.603598730478579,0.544473814625772,-0.181699288465362,0.296191491703201,0.944607285615407,-0.0959227755867256,0.583593148272195,0.43181867892704,0.319533332594161,0.0613283860681323,0.165201521908904,0.430597048807081,0.00981880506627533,0.0862582717546901,"black",0.504030203586147,0.00202119399360543,0.00891918443614066,TRUE,FALSE
"K12404","blue",0.0537457124353705,0.759118914118657,0.964756824700076,0.366946934300708,0.0301342252156374,0.133648674031665,0.0656924719454697,0.707710361202164,0.457442231898083,0.0138895202835341,0.936880734448267,0.780552673013094,0.0691520205662201,0.693046404202227,0.576251122415206,0.313532228588817,0.0666433926530186,0.755138466897456,0.576293449213632,0.000291139173291578,0.00116791262616559,0.37129179402198,0.0280927274152463,0.111499448728153,0.0430310918376267,0.806113091141993,0.677972138696915,"blue",0.576293449213632,0.000291139173291578,0.00116791262616559,TRUE,FALSE
"K12405","blue",-0.137678796730895,0.430284806256907,0.959685422460598,0.0621909811398769,0.722658103923806,0.521906039866975,0.00735245422433306,0.966563680537717,0.535220314813247,-0.102000974887296,0.559856618040572,0.700771366410448,-0.184589413099091,0.288443996374785,0.418979027964797,-0.0963660272023178,0.581847151570174,0.986815669978367,0.87032629414962,1.10793321453968e-11,5.37784971514287e-09,0.18859481440629,0.277924223750355,0.253866445061253,-0.0364826656673371,0.835178268782176,0.681270456641967,"blue",0.87032629414962,1.10793321453968e-11,5.37784971514287e-09,TRUE,TRUE
"K12426","black",0.0834663999521512,0.633580111849895,0.959685422460598,0.297443030963372,0.0826860777896273,0.213818652241937,0.502754022747422,0.00208380657459567,0.0091094489339682,0.161759382998257,0.35322061744974,0.589584520080006,0.428155567535493,0.010290626281034,0.0759310013558937,0.248721262113303,0.14964982323573,0.88110903560902,-0.296289484253673,0.0839418405670893,0.120369066936523,0.287832534317244,0.0936027531423862,0.189544578285884,0.301401759847125,0.0784867152485917,0.260924419174544,"black",0.502754022747422,0.00208380657459567,0.0091094489339682,TRUE,FALSE
"K12443","pink",-0.116770670065859,0.504116491681539,0.959685422460598,0.240095742835782,0.164754295471298,0.298958945676955,0.195137470323872,0.261283148768378,0.249485912985775,0.458373768871149,0.00561906769744693,0.0884923841435243,0.289161133491696,0.0920311743715545,0.250095210806343,-0.101175828206842,0.563052614096142,0.986815669978367,0.0656222613284032,0.708009056544403,0.474019148582337,0.662238027732445,1.46956452699891e-05,0.00036454193332858,0.261445853475486,0.129244510205897,0.331634991494616,"pink",0.662238027732445,1.46956452699891e-05,0.00036454193332858,TRUE,FALSE
"K12451","black",0.239235357188437,0.16631886018944,0.797907897281593,0.141271545125945,0.418231968506504,0.417479743080767,0.5727366456683,0.000323692012687094,0.00252625701045317,-0.0681857674977392,0.697131296858076,0.732374753169008,-0.082144860986432,0.638983558058834,0.559782687126969,-0.221347035761015,0.201295489227093,0.904298900430545,-0.108697727278352,0.534233813961644,0.412299363491245,0.160933652762574,0.355716265631018,0.282366086676015,0.398267968331545,0.0178079890174349,0.118039042172305,"black",0.5727366456683,0.000323692012687094,0.00252625701045317,TRUE,FALSE
"K12472","magenta",0.0752014389981339,0.66766919067711,0.959685422460598,-0.00688741270629232,0.96867745076386,0.580063668266512,-0.0359806165401885,0.837416015664852,0.500104226040343,-0.0456199731264848,0.794690171039977,0.744922708456456,0.587714118001603,0.000205431839164434,0.0063623438799983,0.0634503946656953,0.717269742459203,0.988692296438592,-0.158126309564214,0.364280076376029,0.326838518517748,0.00321523684537556,0.985374955413162,0.454007381820881,-0.0614467665985023,0.725848398988335,0.665917539432804,"magenta",0.587714118001603,0.000205431839164434,0.0063623438799983,TRUE,FALSE
"K12581","pink",0.0412320766930224,0.814074334518707,0.967562416164654,0.203127541930091,0.241869953762681,0.34257885037626,0.355278563759044,0.0362246227646009,0.0661144259216493,-0.0383954362752523,0.826664414605268,0.756640478662467,-0.0876972860965619,0.616407130602763,0.549380536028176,-0.351771642742672,0.0382389817818358,0.616906073954451,-0.00772467896831383,0.964871954547877,0.551990669666231,0.678317588405369,7.5400794776231e-06,0.000221677170827247,0.465137305144025,0.00487081749226525,0.0598644404890046,"pink",0.678317588405369,7.5400794776231e-06,0.000221677170827247,TRUE,FALSE
"K12599","black",0.063082774383977,0.718841221466352,0.959685422460598,0.261155578066511,0.129685730717143,0.262152376053406,0.679925390355191,7.03743980650973e-06,0.000235494290235435,0.210045236908736,0.225864164191096,0.477490345974242,0.147847345990043,0.396670240269446,0.462223592180585,-0.0824931959232879,0.637557513086112,0.987736935152345,-0.0674428676824087,0.700277661183289,0.470914936763677,0.307758983935433,0.0720915803109041,0.17193690262625,0.185493389474099,0.286047729964367,0.486171148807925,"black",0.679925390355191,7.03743980650973e-06,0.000235494290235435,TRUE,FALSE
"K12606","tan",-0.111569221159775,0.523422876233356,0.959685422460598,0.146761855940925,0.400184704926477,0.411811010297114,0.216654251036447,0.211260792202268,0.215758824283096,0.451968848850594,0.00641671423404872,0.0964785697768888,-0.0548561207667277,0.754293755871842,0.584189083452236,-0.312454300455715,0.067635281321491,0.755138466897456,-0.257867446302053,0.134761837675696,0.170681049583166,0.0835971631410267,0.633046459530755,0.36334753206375,0.535371454055647,0.000919641635696758,0.0199118649888493,"tan",0.535371454055647,0.000919641635696758,0.0199118649888493,TRUE,FALSE
"K12609","red",0.409569319950097,0.0145535811344613,0.471503811839649,0.459824564816127,0.00545073752201735,0.0427585569073042,-0.0258382268478968,0.882868455679178,0.514015327109069,-0.0953401143045432,0.585891823097047,0.70824503170088,0.115560625364557,0.508575631026859,0.508726651488646,0.258412210489983,0.13391088355396,0.853102756060396,0.0586448270931962,0.737900082644617,0.484344597728916,0.00981947118303336,0.955354344425284,0.446617367702595,-0.244868726603578,0.15626649699826,0.366006172878713,"red",0.459824564816127,0.00545073752201735,0.0427585569073042,TRUE,FALSE
"K12614","blue",0.102678968745028,0.557236877003886,0.959685422460598,0.184731581088238,0.288066283916168,0.357816526568752,0.137843832074003,0.429726973876223,0.344399241605378,-0.0380728704286479,0.828098840149257,0.756943467644306,-0.091857228871263,0.599715016121388,0.543242926123689,-0.0204605135485642,0.907127892982071,0.996847020865946,0.751268460761008,1.99228941291474e-07,3.64923332824874e-06,0.220166486559497,0.203771062141645,0.231405748870302,0.0872427886447934,0.618242559225988,0.630984101539322,"blue",0.751268460761008,1.99228941291474e-07,3.64923332824874e-06,TRUE,TRUE
"K12617","black",-0.0169810317560614,0.922869739048575,0.975523076551505,0.169861108502458,0.32929763756181,0.381607643872383,0.543237612343483,0.000745601412713411,0.00437332512486844,0.0547534513362815,0.754739514192413,0.744922708456456,-0.134902233884275,0.439729709986373,0.483154635989524,0.0121298600563766,0.944864266744428,0.996847020865946,0.199556872633141,0.250422284840867,0.258294410921398,0.171900016933053,0.323438751096828,0.266444142419768,0.100189189107328,0.566885090518585,0.617433995774728,"black",0.543237612343483,0.000745601412713411,0.00437332512486844,TRUE,FALSE
"K12761","black",-0.110557405944104,0.527220025275012,0.959685422460598,0.273186094848826,0.112316251815463,0.247225246732317,0.544295978583358,0.000724565253595549,0.00427649964205159,0.0910751267576209,0.602838340152541,0.709356048577995,-0.0198083562951203,0.910075910220722,0.619031313635149,-0.187273508425339,0.281366588505546,0.933073612568139,-0.225613956834801,0.192522579404703,0.219881059557381,0.230528689649998,0.182754084597025,0.224565680222003,0.467737699633308,0.00460691823642034,0.059014022824623,"black",0.544295978583358,0.000724565253595549,0.00427649964205159,TRUE,FALSE
"K12763","blue",-0.316064359769014,0.0643582955277177,0.688474852774906,0.016677904582166,0.924242596313614,0.569507050071346,-0.156166515978202,0.370330617113878,0.308939977800583,-0.151233181273156,0.385822752175189,0.609158094485815,-0.142803398458601,0.413151210386168,0.470197814010798,-0.119848241494094,0.492864635056653,0.986815669978367,0.792454499684436,1.40476557378298e-08,6.81865841882e-07,0.144083171247426,0.408933404449789,0.295406261290554,-0.0702914647252895,0.688240256680257,0.651962259880433,"blue",0.792454499684436,1.40476557378298e-08,6.81865841882e-07,TRUE,TRUE
"K12765","blue",-0.406485785547157,0.0153875175015347,0.471503811839649,-0.161415802691737,0.354257752758913,0.389260224699824,0.017181523330562,0.921961836629308,0.522464771386841,-0.0854971073831266,0.625313332032976,0.718178159620376,-0.294304305156299,0.0861373322937258,0.242967726457344,-0.135097981463274,0.43906015055158,0.986815669978367,0.56669076699402,0.000386529361628987,0.00146007256722287,0.209799520200331,0.226420023412018,0.237739774293454,0.121251597797062,0.487776812467966,0.590236164318044,"blue",0.56669076699402,0.000386529361628987,0.00146007256722287,TRUE,FALSE
"K12767","blue",-0.328945704388512,0.0536722467547286,0.650275768102696,-0.0358750285554839,0.837886805574879,0.550205615129048,-0.111908669461093,0.522151996788136,0.384027953921186,-0.217573382152791,0.209282696327947,0.459741285729768,-0.209808490437017,0.226399714629995,0.382196061755254,0.109384829992061,0.531637178546868,0.986815669978367,0.720585549843723,1.05347265055556e-06,1.27837524846993e-05,0.154103382808197,0.376764083839667,0.287791990709941,-0.0325807126049887,0.852602332506062,0.683305996820181,"blue",0.720585549843723,1.05347265055556e-06,1.27837524846993e-05,TRUE,TRUE
"K12769","blue",-0.0431215412204883,0.805713320826897,0.967562416164654,-0.0310149879376477,0.859613845320194,0.55623499823109,-0.326000444200226,0.0559813496732306,0.0866792965581017,-0.320134825822026,0.0608146750470414,0.305209251791892,-0.07186746111686,0.681612517201855,0.573474890726554,0.0289478600022584,0.868886814481782,0.996847020865946,0.569737000669546,0.000353627857596034,0.00136229450309862,0.061008344822059,0.727729952808871,0.388811600187648,-0.326860347189558,0.0552991748439431,0.216139537077707,"blue",0.569737000669546,0.000353627857596034,0.00136229450309862,TRUE,FALSE
"K12772","blue",-0.00866002473706334,0.960621578855682,0.987588537000498,0.14053650391176,0.420682308429847,0.418027409421704,0.180087278080098,0.300569916506718,0.27379925676396,-0.0656046835640737,0.708083843913457,0.733767820101142,-0.063673074057823,0.716318401517197,0.581346948482174,-0.0201816531008161,0.908388309111962,0.996847020865946,0.466746972864691,0.00470596845399805,0.011928210997299,0.269540422234784,0.117383787379526,0.200384430943262,0.10883420056908,0.533717581095901,0.603538738173244,"blue",0.466746972864691,0.00470596845399805,0.011928210997299,TRUE,FALSE
"K12812","blue",-0.0725197223254014,0.678876286666781,0.959685422460598,-0.0457166054757845,0.794264596149552,0.539989192725521,0.0588245662234124,0.737125107840137,0.467193504677145,-0.187542334151875,0.280663997780996,0.529442847854465,-0.227788997302765,0.188155305493279,0.35441765113589,0.0947249048399274,0.588323243935771,0.986815669978367,0.771005815402817,5.98356483486425e-08,1.70846528740734e-06,0.188108463021065,0.279188108044396,0.253866445061253,0.0406557790353504,0.816628563346408,0.679264331444427,"blue",0.771005815402817,5.98356483486425e-08,1.70846528740734e-06,TRUE,TRUE
"K12823","blue",0.368861336821486,0.0292202223103163,0.582168624195705,0.22246515986544,0.198970181760445,0.312248013527323,0.394636105570129,0.0189748299171916,0.0411926331119824,-0.0606802207038133,0.729139172978298,0.738772468073264,-0.0755750081289402,0.666113543367978,0.571537400479175,0.0877243019834297,0.616298102297438,0.987018841867651,0.518236360543389,0.00142765961521402,0.00439986342551935,0.231733185649421,0.180414487264035,0.223853447194547,0.0534708291086709,0.760314779925032,0.675291667722317,"blue",0.518236360543389,0.00142765961521402,0.00439986342551935,TRUE,FALSE
"K12831","red",0.319713691677504,0.0611739903360543,0.683964679047626,0.549889533522459,0.000621875380813806,0.00764075710835348,0.455460613125117,0.00597060827651523,0.0183658537718318,-0.160058672337167,0.358372306614658,0.59103951209419,-0.185762265823897,0.285337473294183,0.418841377401227,0.068911480716123,0.694062510810031,0.988692296438592,-0.055260232157501,0.752539991037554,0.489522183452337,0.241652970310362,0.161949485566115,0.219796069216181,-0.0806754256213576,0.64501323766783,0.639615306795632,"red",0.549889533522459,0.000621875380813806,0.00764075710835348,TRUE,FALSE
"K12833","blue",-0.0420724401522331,0.810353114036404,0.967562416164654,0.184543593216936,0.288565798627265,0.357971839803202,-0.269558316759889,0.11735850285625,0.143372542092069,-0.152303169370098,0.382431027928548,0.607337852230175,-0.112834987684815,0.518691617214139,0.51324544864767,0.0151010672365549,0.931387447134583,0.996847020865946,0.56812665904178,0.000370695699382884,0.00141006381820853,0.110262337155269,0.52832988051494,0.333748376436174,0.129908830523843,0.456997546549208,0.581933802797383,"blue",0.56812665904178,0.000370695699382884,0.00141006381820853,TRUE,FALSE
"K12837","black",0.317905466221571,0.0627358764027426,0.688444603003289,0.27676436085733,0.107504126950324,0.242012644382478,0.507714354770685,0.00184957682892229,0.00828277432061401,0.118805700800235,0.496661812414202,0.664523409050362,0.11420062175894,0.51361081315509,0.510940588502545,0.0313584849352196,0.858074698973959,0.996847020865946,-0.103187792738546,0.555274549203672,0.421795546028181,0.192875164698081,0.266961237406976,0.251746533237719,0.160015477895464,0.358503732552474,0.530681868426646,"black",0.507714354770685,0.00184957682892229,0.00828277432061401,TRUE,FALSE
"K12844","pink",-0.0859706298953201,0.623392071662832,0.959685422460598,0.343649546371275,0.043254020903081,0.165039931162943,0.468776475808464,0.00450500183305724,0.0147717994655785,0.0949290076806509,0.587516099211327,0.708388427363858,0.175326608229188,0.313739273949311,0.428909382397065,0.144286122411946,0.408266782058229,0.986815669978367,0.0974644953571423,0.577530282058137,0.430138921055325,0.753330165471457,1.76627487808663e-07,1.75257703086318e-05,0.42228154276799,0.011505205950989,0.0892670218281932,"pink",0.753330165471457,1.76627487808663e-07,1.75257703086318e-05,TRUE,TRUE
"K12845","blue",-0.167951719556231,0.334843402241357,0.908112075249253,0.0907250232738615,0.604238736612945,0.487883730115728,0.0584932935020342,0.738553642114771,0.467193504677145,-0.320285588564123,0.0606864490071611,0.305209251791892,-0.255351969484547,0.138742907528928,0.307235600877229,0.0991027016639143,0.57111915815964,0.986815669978367,0.737691682549294,4.28156346069562e-07,6.49452640040069e-06,0.231698046870679,0.180482438461759,0.223853447194547,0.0176164810202527,0.919992517001475,0.695902830318948,"blue",0.737691682549294,4.28156346069562e-07,6.49452640040069e-06,TRUE,TRUE
"K12852","tan",0.229463287326595,0.184841313421851,0.824980724999754,0.643530400601099,3.04365398979416e-05,0.000739021564661531,0.484649653548717,0.00317300074517088,0.01130720377979,0.256069608364335,0.137598450166629,0.399129991480263,0.0840347221217965,0.631262080734125,0.556102916484327,-0.455920397571738,0.0059139002467781,0.341626304255548,0.0201915084499365,0.908343760335584,0.534847742592058,0.332013410633743,0.051348423549461,0.151857297584286,0.715590793061524,1.3535581292181e-06,0.000152462287557616,"tan",0.715590793061524,1.3535581292181e-06,0.000152462287557616,TRUE,TRUE
"K12854","blue",-0.0390246090333606,0.823868122492715,0.967562416164654,-0.056632306063066,0.746594588997841,0.525482590523844,-8.18221661611394e-05,0.999627798274201,0.544716688578544,-0.296388876854027,0.0838330646500392,0.33918723676185,-0.19605217841923,0.259010131671733,0.403832603359633,0.215825843916142,0.21305465046446,0.91433593416675,0.658497962689632,1.70663942376988e-05,0.000115054697974353,0.109024640383923,0.532997612879705,0.333931554884722,-0.0460957789089838,0.792595257967344,0.676698370396686,"blue",0.658497962689632,1.70663942376988e-05,0.000115054697974353,TRUE,FALSE
"K12856","blue",-0.0488548247073543,0.780476087100976,0.964756824700076,0.224945440037308,0.193879056922894,0.310874360839603,0.324629887456308,0.0570824302605708,0.087367158219435,-0.139203151245097,0.425147636352944,0.629286594035905,-0.122796241786707,0.482208168484092,0.499402541960882,0.100077490727654,0.567319719172932,0.986815669978367,0.574539672556505,0.0003068056825883,0.0012156887282602,0.28444295580386,0.0977052075134455,0.191029521777356,0.133910790978958,0.443129535181164,0.57733566336873,"blue",0.574539672556505,0.0003068056825883,0.0012156887282602,TRUE,FALSE
"K12858","black",0.262662946787304,0.127406618700269,0.763998858849709,0.318393572956795,0.0623112012289808,0.183775082006566,0.636594823513634,3.93843800328315e-05,0.000700127155173309,0.217997443991543,0.208374384068803,0.459741285729768,0.113158755867606,0.51748481102077,0.512962437035979,0.196125939149039,0.258827409934376,0.922938068757764,-0.0725975730533531,0.678549972126704,0.463241346907348,0.360586920874325,0.0333403400624325,0.124250811071145,0.299356876217359,0.0806347316985647,0.262575927368012,"black",0.636594823513634,3.93843800328315e-05,0.000700127155173309,TRUE,FALSE
"K12859","tan",-0.184992426110478,0.287374097475303,0.883190741752674,0.196000620914954,0.259137901673423,0.345627919343656,0.366623423173444,0.0302909697968896,0.0588583153719975,0.209790162868724,0.226441209904909,0.477973777795306,-0.0194370519038304,0.911754887975816,0.619424701654425,-0.195286817888062,0.260911129915572,0.925971231397162,-0.0717031150188175,0.68230257983804,0.464496625179172,0.208791475937155,0.228710154069103,0.23868563603693,0.702231658587775,2.58072707199758e-06,0.000226415044385461,"tan",0.702231658587775,2.58072707199758e-06,0.000226415044385461,TRUE,TRUE
"K12872","black",0.186869549245807,0.282424496420625,0.882304538169711,0.13367889386713,0.443926811760581,0.426684743350818,0.507690110697061,0.00185066309547202,0.00828277432061401,-0.0873120577865453,0.617962677681068,0.717973679961062,-0.0463185751430959,0.791614803806245,0.586698055232708,0.163955136911624,0.346635821419236,0.971182617121655,0.0566426283292557,0.746549915059515,0.487713880630673,0.154878289088824,0.374340025628061,0.287656872811676,0.057640775015204,0.742233873732172,0.670640068304698,"black",0.507690110697061,0.00185066309547202,0.00828277432061401,TRUE,FALSE
"K12874","black",0.291236388145586,0.0896169339899841,0.724709891041615,0.370142978797309,0.0286211268643385,0.129148513566832,0.667111535407394,1.20556394305452e-05,0.000307455243778436,0.212417076853298,0.220546338695271,0.472067154569119,0.134332056264315,0.44168319798303,0.483887266516448,-0.0428022229607564,0.807124866835759,0.996847020865946,-0.156243180900674,0.37009281418034,0.330526423113168,0.296144939093607,0.0841002261313955,0.183000076891662,0.334908811957434,0.0492294734128316,0.204685525181067,"black",0.667111535407394,1.20556394305452e-05,0.000307455243778436,TRUE,FALSE
"K12881","blue",-0.206757845658992,0.233378006715069,0.859271445104109,0.0266716355451779,0.879117661275175,0.561375185216056,-0.0419726150502194,0.810794938188333,0.49225609387366,-0.192219038106696,0.268623051923765,0.517636922606518,-0.209817731581574,0.22637879380364,0.382196061755254,0.15648377410822,0.369347118311055,0.981034169908892,0.821651318403448,1.4539379343797e-09,1.94520567415744e-07,0.0801826752258865,0.647040208410622,0.367394718373645,-0.10142520856279,0.562085818128446,0.614682605259838,"blue",0.821651318403448,1.4539379343797e-09,1.94520567415744e-07,TRUE,TRUE
"K12891","black",-0.0534382951249455,0.76045635357529,0.964756824700076,0.180079931058192,0.300589965618826,0.363628593902657,0.568276601606014,0.000369076062955559,0.00276615335147531,0.207213944402786,0.232325549392859,0.484276671359527,0.151744439998755,0.384199947700522,0.458235152620233,-0.0596387315143824,0.733617902400187,0.992474492474258,0.0806606459043803,0.645073998801854,0.451175123590876,0.195122431571706,0.261320629074571,0.251741777237692,0.0396599677139364,0.821046500165397,0.680008538586227,"black",0.568276601606014,0.000369076062955559,0.00276615335147531,TRUE,FALSE
"K12893","black",0.199405060913358,0.25079030413473,0.864780203455952,0.227702799072866,0.188327045259118,0.308768814550151,0.521723589435661,0.00130785158314059,0.00656948812822908,0.118508036969456,0.497748696394198,0.664969381946169,-0.0718125804354514,0.681842924075402,0.573474890726554,0.120956431496158,0.488844678298787,0.986815669978367,-0.205738824757371,0.23574105188057,0.248485277268096,0.222695907881648,0.198492646798569,0.229887898427283,0.144019887260681,0.409141396124892,0.555240134294434,"black",0.521723589435661,0.00130785158314059,0.00656948812822908,TRUE,FALSE
"K12898","black",-0.111632732265135,0.523184978407907,0.959685422460598,0.138971206134388,0.425927094484436,0.418963507930322,0.518894721590634,0.00140432928889514,0.0068494424824925,0.0234264878392354,0.893736437131454,0.774815156413682,0.274327073020792,0.110764579891712,0.273746481011172,0.226202862946012,0.191333161720846,0.903148161180248,0.050817987531125,0.771883539010784,0.495920875587331,0.226621225740714,0.190491330190889,0.227385297256733,0.00426128413012521,0.980617616889843,0.711200269959224,"black",0.518894721590634,0.00140432928889514,0.0068494424824925,TRUE,FALSE
"K13024","black",0.117192516426101,0.502566582848517,0.959685422460598,0.272708077801673,0.112971166514674,0.247225246732317,0.434468097724047,0.00910841132469214,0.0243407390210664,0.128634172456899,0.461462923498976,0.649552406772992,0.154203298804258,0.376451009631301,0.454671506089314,0.0173304429689397,0.921287534337267,0.996847020865946,-0.202524258214975,0.243300975799697,0.253699285934384,0.241164625643955,0.16282534538686,0.219796069216181,0.106911703459556,0.541011821374778,0.606017944304385,"black",0.434468097724047,0.00910841132469214,0.0243407390210664,TRUE,FALSE
"K13025","blue",-0.0267790617840855,0.878634370962332,0.96985564641893,0.198318714950836,0.253434308622431,0.345627919343656,0.298338400053759,0.0817214173469771,0.112826393868937,-0.0899436122188604,0.607369352942999,0.712430703267261,-0.10054694537634,0.565494053577051,0.530354025932468,0.168835955851943,0.332268068484783,0.96387906242267,0.530138842896476,0.00105441968281319,0.00345817421539789,0.326903087661607,0.055265441259421,0.157238267237475,0.113629809623393,0.515731494640588,0.598383005344419,"blue",0.530138842896476,0.00105441968281319,0.00345817421539789,TRUE,FALSE
"K13094","blue",-0.0148466389241278,0.932540803004858,0.975947866009485,0.212518948727901,0.22031986990596,0.326570048481022,0.0970405286305675,0.579194723985794,0.407401149570616,-0.222727698651972,0.198426918221839,0.456789685643803,-0.477581266484352,0.00371654417696998,0.0414088879513475,-0.139824927920627,0.423062062710447,0.986815669978367,0.393271755317783,0.0194293222652517,0.0386511931384467,-0.0575640754143157,0.742565254875755,0.393225616670558,0.0484497120147373,0.782252444695688,0.676698370396686,"blue",0.393271755317783,0.0194293222652517,0.0386511931384467,TRUE,FALSE
"K13095","blue",0.153143774409039,0.379778688372439,0.939011135527,0.0054698935845566,0.975121787674717,0.581872617348136,0.0505105007350997,0.773227642197383,0.478734527927646,-0.12667697419603,0.468364372187352,0.650241652102726,-0.201951729344156,0.244664282990337,0.392794476144562,0.0678456886920211,0.698571001900746,0.988692296438592,0.615793294619911,8.2261160630619e-05,0.000418106135409236,-0.21176693076155,0.221995412253183,0.23508035749594,-0.0203433607517671,0.907657382729045,0.693344859381033,"blue",0.615793294619911,8.2261160630619e-05,0.000418106135409236,TRUE,FALSE
"K13126","blue",-0.0230139734873319,0.895597306536892,0.973554656411546,0.139913159270872,0.422766579246184,0.418136370369957,0.276555019575998,0.107781291993129,0.136988935365017,-0.0772701943391985,0.659071590567583,0.728939106604285,-0.153617898596342,0.378287466382503,0.455161199939361,0.064263088898411,0.71379974650592,0.988692296438592,0.67434411860964,8.9255782092743e-06,6.97238363884592e-05,0.243782291050183,0.158170106518428,0.218906037748896,0.163681394058705,0.347452649785364,0.527617076337425,"blue",0.67434411860964,8.9255782092743e-06,6.97238363884592e-05,TRUE,FALSE
"K13178","black",0.218855741719551,0.20654431573633,0.829981387866013,0.298576592247484,0.0814662637046245,0.213817793277435,0.562736543122893,0.000433290420553463,0.00309981713980348,0.125300753895377,0.473249616222513,0.651917881228698,0.0732240505114671,0.67592616246855,0.573246252196243,-0.26047666070206,0.130722042353818,0.847452040016384,-0.325462148853326,0.0564117775729938,0.0903695741542641,0.27974350124815,0.103617880166328,0.194412809714777,0.560147606899577,0.000466569064103413,0.0131383693986445,"black",0.562736543122893,0.000433290420553463,0.00309981713980348,TRUE,FALSE
"K13179","black",0.137629302393866,0.430452179097915,0.959685422460598,0.364527780702732,0.0313225825047614,0.136822129076016,0.67929159549719,7.23181754617724e-06,0.000235494290235435,0.220063212020677,0.20398862604095,0.45707224998987,0.0246277493877565,0.888320708017941,0.617224546790252,0.196131555209218,0.258813501194492,0.922938068757764,-0.136514582277551,0.434231312429726,0.365609022762216,0.350244644591937,0.0391440000423541,0.133357698807355,0.300521515304881,0.0794058452114278,0.262575927368012,"black",0.67929159549719,7.23181754617724e-06,0.000235494290235435,TRUE,FALSE
"K13201","blue",-0.0374547976548411,0.830848886718211,0.967562416164654,0.0796385717102558,0.649281328780084,0.50402304964274,0.0731010684230742,0.676440940552819,0.448391500662244,-0.112284067779706,0.520748285970106,0.677640425017917,-0.137053246956189,0.432402849183123,0.47842442599846,-0.0638038588073965,0.715759852594257,0.988692296438592,0.709868174876047,1.79236081845752e-06,1.87097320604338e-05,0.197851547344545,0.254576995680331,0.249674260930414,0.0736428902925891,0.674174069087827,0.649545055088638,"blue",0.709868174876047,1.79236081845752e-06,1.87097320604338e-05,TRUE,TRUE
"K13281","blue",-0.112190312949712,0.521098685613141,0.959685422460598,0.262687353002343,0.127369963070948,0.259262926836976,0.216888398674417,0.21075565520772,0.215629638517356,-0.281552173079565,0.101311000745404,0.356484726146892,-0.262949714476258,0.126976417038096,0.294737977407414,0.0999022856271874,0.568001764792592,0.986815669978367,0.456950773585301,0.00578849555570017,0.0141546870709027,-0.0230473493275615,0.895446726227092,0.4315516003937,0.110967384461113,0.525679840642253,0.598790306312237,"blue",0.456950773585301,0.00578849555570017,0.0141546870709027,TRUE,FALSE
"K13289","blue",0.0608120665378574,0.728572819231257,0.959685422460598,0.0500937302597367,0.775050487432363,0.533734212700639,-0.0816302127385704,0.641092802017072,0.435149935482182,-0.0871785995848971,0.618501961901342,0.717973679961062,-0.124043591821771,0.477735487663859,0.497925153711804,0.0950696307090685,0.586960276143965,0.986815669978367,0.604038520693743,0.000121936213587826,0.000586642496321407,0.167149592099863,0.337190173359612,0.273272085512579,-0.120924142340098,0.488961568302505,0.590236164318044,"blue",0.604038520693743,0.000121936213587826,0.000586642496321407,TRUE,FALSE
"K13291","red",0.265120728427324,0.123754424232011,0.763998858849709,0.741083537497466,3.55228160709729e-07,2.85705087301184e-05,0.270964830376985,0.115383859182105,0.142620718786556,0.252112089847112,0.143996848358053,0.404642734064679,0.122537037111014,0.483140327242477,0.499402541960882,-0.35752406112234,0.034980731699359,0.613224682780658,-0.0296804875681447,0.865598272986678,0.526182669841673,0.205064385154155,0.237313882737112,0.243226349477733,0.400728159941212,0.01705213377102,0.116728891525902,"red",0.741083537497466,3.55228160709729e-07,2.85705087301184e-05,TRUE,TRUE
"K13303","blue",0.0748157756000072,0.669276631859557,0.959685422460598,0.105613286951824,0.545964925766617,0.465289571636054,-0.00195496717883885,0.991107204208473,0.542118201619119,-0.237911546064941,0.168746900278171,0.43034373974372,-0.151636024748039,0.384543739207532,0.458235152620233,0.263446377674264,0.126233887223399,0.845956886737543,0.534986408705629,0.00092901326380445,0.00306760657017884,0.215191076804162,0.214436271127742,0.2338397366362,-0.0791123875450342,0.651451524495975,0.640469696950189,"blue",0.534986408705629,0.00092901326380445,0.00306760657017884,TRUE,FALSE
"K13333","blue",-0.360783616145904,0.0332371771613863,0.587018926596502,-0.194852438166183,0.261994122802244,0.346087067700693,-0.119620562015616,0.493692628566645,0.370306923180936,0.133964930338569,0.442943513169937,0.639855416991044,-0.0289257319526426,0.868986174486619,0.611477719559093,-0.166215588643177,0.339935442918203,0.96645390586248,0.45595248268861,0.00590996032223264,0.0143792668882092,0.299074709175738,0.080934669052687,0.179456990006032,-0.00340476206389514,0.984512968527416,0.711200269959224,"blue",0.45595248268861,0.00590996032223264,0.0143792668882092,TRUE,FALSE
"K13335","red",0.104174425945479,0.551478706240455,0.959685422460598,0.625314698385046,5.91066719910301e-05,0.00120552889734187,0.402723286827988,0.0164590412695447,0.037273433319875,0.0803650358434607,0.646289760371914,0.723857615303313,0.0594367077331012,0.734487675279248,0.58161678693012,-0.304868002363489,0.0749473839044214,0.755138466897456,0.0434155650358308,0.804414122483222,0.506102911353531,0.256500692078847,0.136914323234064,0.208575066718367,0.483734151172011,0.0032392580935772,0.0475834536594929,"red",0.625314698385046,5.91066719910301e-05,0.00120552889734187,TRUE,FALSE
"K13339","pink",0.0564203039800341,0.747512296417571,0.964756824700076,0.148911291924688,0.393242830956017,0.408454441630602,0.190862063005316,0.272081402179655,0.256486102791469,0.408118521644643,0.0149410880477323,0.150303129176865,0.50990947541507,0.00175350755509482,0.0260495752373775,0.203912630011649,0.240016155170461,0.91433593416675,0.00240364324632149,0.989066367554295,0.557150535893055,0.452698351243873,0.0063212226617606,0.0383035126730817,0.172853031196483,0.3207225905131,0.504932150164147,"pink",0.452698351243873,0.0063212226617606,0.0383035126730817,TRUE,FALSE
"K13341","black",0.0430463258935306,0.806045755915556,0.967562416164654,0.202327018759321,0.243770066823385,0.342888952048976,0.536960340870317,0.000881846667188305,0.00503634804209893,-0.160434854926426,0.35722893369463,0.590514404875821,-0.425611747862993,0.0108025485433919,0.076332700345836,-0.114115988507232,0.513924969080798,0.986815669978367,-0.125914186159765,0.471068786752171,0.383970308069695,0.14980633482285,0.390372825681609,0.289985217568749,0.239802068257387,0.165287134198485,0.374537150519397,"black",0.536960340870317,0.000881846667188305,0.00503634804209893,TRUE,FALSE
"K13352","greenyellow",-0.128394646587584,0.462304615664177,0.959685422460598,0.150535786235018,0.388042804048689,0.407121925370028,0.0788352377448785,0.652595736876,0.439255775393542,0.642086923860091,3.21305593226564e-05,0.00186468715053428,0.367177931901049,0.0300227115839224,0.141141859969148,-0.0955307417098996,0.585139332154915,0.986815669978367,-0.19680876188388,0.257139950543602,0.261391378767126,0.0859707803357043,0.623391461656492,0.360674591718344,0.0793730344932348,0.650376157932555,0.640469696950189,"greenyellow",0.642086923860091,3.21305593226564e-05,0.00186468715053428,TRUE,FALSE
"K13354","pink",-0.109012745950288,0.533042566720782,0.959685422460598,0.0734433015449474,0.675008780578445,0.508594896416512,0.160189788936198,0.35797354061931,0.302641634007581,0.00450354187801628,0.979515936084513,0.786146406627457,0.223905102928902,0.196003273714214,0.359181544809555,-0.190001445823533,0.274289742401384,0.930619645693408,-0.0468602877243775,0.789232215831847,0.501696606324131,0.573727317276896,0.000314314022607248,0.00372389789556076,0.18024136874134,0.300149618027683,0.491233509225611,"pink",0.573727317276896,0.000314314022607248,0.00372389789556076,TRUE,FALSE
"K13421","red",0.298772120695656,0.0812572729024577,0.724709891041615,0.673504074400603,9.24662666694413e-06,0.000285746227821248,0.446411998373317,0.00718556318257944,0.0207512364413552,-0.156337610748265,0.369800031531208,0.600862841638594,0.274699935805831,0.11026102121918,0.273608722045755,0.175113042725362,0.314338412167664,0.954589382312911,-0.101277241588829,0.562659363142046,0.42387187912235,0.338868749218361,0.0464453512213651,0.147247915536495,0.0821837093987448,0.638824453721595,0.637999483251891,"red",0.673504074400603,9.24662666694413e-06,0.000285746227821248,TRUE,FALSE
"K13431","black",0.0931042831931468,0.594749418364276,0.959685422460598,0.28636822557468,0.095358551390609,0.227497043742613,0.494879039036586,0.0025090193242183,0.00997110904821873,0.167496450233212,0.336174141738822,0.575829287565576,0.160900643928027,0.355816249912367,0.447757808169976,0.121454560963032,0.487043220452647,0.986815669978367,-0.0968989440506325,0.579751045840802,0.430758329028276,0.279567768956498,0.103844122989795,0.194412809714777,0.250096817904428,0.147337437571669,0.357420109987092,"black",0.494879039036586,0.0025090193242183,0.00997110904821873,TRUE,FALSE
"K13449","red",0.15989026398777,0.358884879047667,0.925517106234533,0.828997707434007,7.69847519157684e-10,2.61694492242878e-07,0.404555886370759,0.0159295803780146,0.0364237958344615,0.276477537138021,0.107884014376579,0.36190597352031,0.165271166587616,0.342725185035365,0.44419404616305,-0.0942099673730795,0.590361782917137,0.986815669978367,0.161691973793787,0.353423955089974,0.320056220491418,0.265123680145259,0.123750085426993,0.203925984059529,0.271947335296924,0.114019345238082,0.310488380009076,"red",0.828997707434007,7.69847519157684e-10,2.61694492242878e-07,TRUE,TRUE
"K13519","pink",-0.0535419306338259,0.760005403880378,0.964756824700076,0.21740371405183,0.209646878958563,0.318881894124628,0.420784616791695,0.0118334267034019,0.029407482514642,-0.10588914194961,0.544910823116689,0.692647174787696,-0.207545363900567,0.231562810182792,0.383034173355235,-0.0118524001641066,0.94612359692787,0.996847020865946,0.142078281459959,0.41555187475717,0.354932267172962,0.764118187489826,9.22448843376234e-08,1.04605148713484e-05,0.349749518883509,0.0394411457694677,0.1823446115589,"pink",0.764118187489826,9.22448843376234e-08,1.04605148713484e-05,TRUE,TRUE
"K13524","blue",-0.205116640674796,0.237191767883332,0.860556400398395,-0.43246810023781,0.00946977532305939,0.0631916029450054,-0.205226519697848,0.236935131995972,0.233638981967687,-0.327697749040137,0.054641215707187,0.30071633664482,-0.397236725092168,0.0181330423054441,0.0991877005843745,0.00883576350236801,0.959823106616987,0.996847020865946,0.407924224494696,0.014993636596644,0.0312353329024179,-0.121071232324626,0.488429204029566,0.320954522475232,-0.163386982007198,0.348332455598908,0.527617076337425,"blue",0.407924224494696,0.014993636596644,0.0312353329024179,TRUE,FALSE
"K13525","blue",0.141052454134693,0.418961492385651,0.959128489173492,0.0677305187761495,0.699058802253737,0.516836601699421,0.037401348018544,0.83108679829898,0.498623306867726,-0.155582866224323,0.372143975556162,0.601402548130919,-0.216407191092131,0.211794689953572,0.372112286087138,0.0839275744538811,0.631698843217877,0.987136244631723,0.762441104496935,1.02273512368909e-07,2.36395364313032e-06,0.165118045364597,0.343178803107102,0.276001926305705,-0.0194683409776452,0.911613389299847,0.694226755943615,"blue",0.762441104496935,1.02273512368909e-07,2.36395364313032e-06,TRUE,TRUE
"K13577","red",0.379549087152067,0.0245259776727516,0.53801923173264,0.76274195011316,1.00403699213454e-07,1.4392901526001e-05,0.427498812109173,0.0104207801597876,0.0270352113660369,0.0072362412591594,0.96709188713372,0.78572953888437,-0.0301310560897234,0.863576906517544,0.610106020201995,-0.481286430746659,0.00342233966966596,0.246223890106539,-0.0550562263442292,0.75342518493809,0.489522183452337,0.272478121834805,0.113287241661921,0.199943014273937,0.421847901718133,0.01159948523865,0.0892670218281932,"red",0.76274195011316,1.00403699213454e-07,1.4392901526001e-05,TRUE,TRUE
"K13868","greenyellow",-0.267905584513838,0.119711017697843,0.763998858849709,-0.0930964578798723,0.594780521758159,0.484840191090929,-0.172515620133858,0.321682606609352,0.284704334265134,0.610901685547522,9.7085300793173e-05,0.00391774824509192,0.491277633647379,0.00272745459875933,0.0333527806988512,-0.0907400857942897,0.604178458617771,0.986815669978367,0.188528360734072,0.278096697829476,0.274363167847854,-0.155379214584983,0.372777939939072,0.287656872811676,0.057221611045649,0.744045428970712,0.670640068304698,"greenyellow",0.610901685547522,9.7085300793173e-05,0.00391774824509192,TRUE,FALSE
"K13925","red",-0.0275324229757782,0.875246362868119,0.96920252194917,0.486580431843216,0.0030371140061022,0.0276537603202996,0.102781527978454,0.556841088598679,0.3968682119806,0.506548530476859,0.0019024486878976,0.0442407928667823,0.350940163918754,0.038729653792463,0.160627079805101,-0.201918010694305,0.244744733035638,0.91433593416675,0.0787143394047734,0.653095109931047,0.454819140667897,0.075732179333575,0.665459446855046,0.374509525050889,0.138520283235657,0.427444707195944,0.57131866804498,"red",0.486580431843216,0.0030371140061022,0.0276537603202996,TRUE,FALSE
"K13943","magenta",-0.0467415224824552,0.789754415139778,0.966049697701213,0.0294487258870938,0.866638343114966,0.557596136264296,-0.14984551038053,0.390247485042886,0.319903176770062,0.44636340643302,0.0071926194274074,0.101736620888007,0.710807753915402,1.71238499150388e-06,0.000190790031993009,0.158646102648963,0.36268524662968,0.981034169908892,-0.144619566706647,0.407172877485629,0.351962826750902,-0.00662781616054399,0.96985749663588,0.449952561097931,0.121274666221099,0.487693405103039,0.590236164318044,"magenta",0.710807753915402,1.71238499150388e-06,0.000190790031993009,TRUE,TRUE
"K13948","black",0.0887214895132824,0.61227940568078,0.959685422460598,0.267268927841772,0.120626576516808,0.254073512210931,0.492621855830379,0.00264406094781711,0.0102199493976993,0.220271245545492,0.203550535619002,0.45707224998987,-0.0762437319484924,0.663332210410777,0.571537400479175,0.0309981417542051,0.859689343079677,0.996847020865946,-0.197422607294322,0.255629183694974,0.261004224841906,0.260144046154,0.131231980992154,0.205061808400218,0.174759795602525,0.315330987982533,0.499618031362008,"black",0.492621855830379,0.00264406094781711,0.0102199493976993,TRUE,FALSE
"K13979","black",0.430750268442908,0.00978981823402859,0.428183493718167,0.56722206118421,0.000380601915309195,0.00541876982153049,0.686860836550828,5.20023285608625e-06,0.000235494290235435,0.112015669236224,0.521751708193668,0.677640425017917,0.0679031507443549,0.698327666660426,0.577196414146322,-0.0119763672979933,0.945560920986668,0.996847020865946,0.0993012774983996,0.570344232345181,0.426614368087614,0.36074024881335,0.0332599000870792,0.124250811071145,0.198192311979461,0.253743152281061,0.461663377247384,"black",0.686860836550828,5.20023285608625e-06,0.000235494290235435,TRUE,FALSE
"K13984","black",-0.098685420991167,0.572749116997423,0.959685422460598,0.339069764393801,0.0463074664104551,0.168056696736656,0.547631600096068,0.00066166146315339,0.00397985369915276,0.0497171097606959,0.77669874503945,0.744922708456456,0.386394170039324,0.0218606898822298,0.11235849891372,0.179694411818719,0.30164319214736,0.944607285615407,-0.00662970776466673,0.969848897756007,0.552534704652621,0.304618637519202,0.0751977823550028,0.174028238224158,0.308645890950233,0.0712327186350427,0.248746998715896,"black",0.547631600096068,0.00066166146315339,0.00397985369915276,TRUE,FALSE
"K13993","blue",-0.00568130700607017,0.974160550219547,0.993070802163856,0.16629805153618,0.339692515464178,0.383202796748012,0.248783090725014,0.14954532259841,0.170024845069865,-0.270079990985238,0.116623180412161,0.372544544368397,-0.316385043359566,0.064073352721426,0.202624492775562,-0.064425165687556,0.713108392339587,0.988692296438592,0.585859419779903,0.000217592601334682,0.000910502650611336,0.258482224134541,0.133801806159371,0.206955375143982,0.180428149464737,0.299640655201618,0.491233509225611,"blue",0.585859419779903,0.000217592601334682,0.000910502650611336,TRUE,FALSE
"K14007","blue",-0.216674854022244,0.211216311009272,0.829981387866013,0.0626745274242582,0.720587698162309,0.521906039866975,0.0971989948592976,0.578572353470855,0.407401149570616,-0.1830107827901,0.292659495320008,0.539516215490273,-0.45216079634165,0.00639146923042978,0.0565567833709842,-0.252769854889644,0.14291859405053,0.879295897864799,0.473874260767231,0.00403257788055399,0.0104954002862867,-0.139694509762035,0.423499039336924,0.298819350645446,0.017086825127483,0.922390654242889,0.696726744618399,"blue",0.473874260767231,0.00403257788055399,0.0104954002862867,TRUE,FALSE
"K14206","black",-0.0381797709259996,0.82762340102918,0.967562416164654,0.210966762827702,0.22378777028825,0.32995412632965,0.432659932375881,0.00943459433291758,0.0250267325315997,-0.0534332999284471,0.760478091160767,0.744922708456456,-0.243596989902773,0.158496448219439,0.333194583639586,0.147610302746058,0.397436189316019,0.986815669978367,-0.0998302472702715,0.568282307174087,0.426009654684972,0.23536759818011,0.173483825522275,0.221863862010585,0.125572009526641,0.47228461536029,0.586876837233418,"black",0.432659932375881,0.00943459433291758,0.0250267325315997,TRUE,FALSE
"K14209","blue",0.0489725368067391,0.779960141833637,0.964756824700076,0.359983021566527,0.03365870685993,0.141254494600144,0.0241238630246929,0.890591822048864,0.516918492262658,0.113136971383666,0.517565966499313,0.677589066122927,-0.162980501964338,0.349549376465864,0.447681555536512,-0.0467026128864034,0.789925516477205,0.996847020865946,0.461037310169518,0.00531337471104088,0.0131922466366371,-0.0222311681754742,0.899130072627466,0.43256102916432,-0.102142500546031,0.559309298503883,0.613813312042946,"blue",0.461037310169518,0.00531337471104088,0.0131922466366371,TRUE,FALSE
"K14262","greenyellow",-0.148758203469894,0.393734935429315,0.939011135527,0.123487722030068,0.479726018052372,0.43931647926707,0.0815477322857485,0.641431099085892,0.435149935482182,0.627088679759532,5.55092622083417e-05,0.0026262098048,0.298499252839914,0.0815490427103681,0.236614802856989,-0.273639664079547,0.11169747555357,0.813326576194694,-0.292593768685898,0.0880643313378038,0.124805735932028,0.04848202709302,0.78211070810174,0.402095994217959,0.407602589241863,0.0150809653997998,0.108009323452437,"greenyellow",0.627088679759532,5.55092622083417e-05,0.0026262098048,TRUE,FALSE
"K14273","black",-0.156380131472831,0.369668239551898,0.929394372104073,-0.0116218597911173,0.947170067405438,0.573243557104163,0.440278985473831,0.00812433448613933,0.022499058006432,-0.312835769262183,0.0672829457827464,0.314171748140669,-0.467694433245277,0.0046112060102286,0.0480158935883747,-0.0910157057516165,0.603075923024068,0.986815669978367,0.0400182916599164,0.819456157699888,0.510418937128261,0.0739570225944848,0.672861093200005,0.376300090585277,0.1129740762209,0.518173011900663,0.598383005344419,"black",0.440278985473831,0.00812433448613933,0.022499058006432,TRUE,FALSE
"K14288","red",0.198639855713301,0.252650780200755,0.864780203455952,0.457238718481619,0.00575386171367336,0.0443193697834065,-0.10598138781082,0.544558546575011,0.391661399454161,0.0756466317695582,0.665815438506592,0.728939106604285,0.496197467446617,0.00243295618461068,0.0308039126849488,0.184289524239931,0.289241785950753,0.937304618994439,0.0155235731940503,0.929472478581834,0.53993950691406,0.0463239901970753,0.79159097781158,0.40362495369038,-0.0821558686716862,0.638938474286283,0.637999483251891,"red",0.457238718481619,0.00575386171367336,0.0443193697834065,TRUE,FALSE
"K14290","blue",-0.12841031050611,0.462249547814388,0.959685422460598,0.120196495355681,0.491599527569385,0.444036991225787,-0.14380686472356,0.409841965483938,0.332787978703154,-0.0268035975103551,0.878523995418524,0.774258371572228,0.00115579725992431,0.994742417602256,0.641154623651573,-0.0262090734000595,0.881199129399476,0.996847020865946,0.702339415569909,2.567687765247e-06,2.54355545794366e-05,0.234479017940192,0.175160509699126,0.222111312092311,-0.130994864820285,0.45321129859572,0.581301986714088,"blue",0.702339415569909,2.567687765247e-06,2.54355545794366e-05,TRUE,TRUE
"K14293","blue",-0.227339990336149,0.189051107542123,0.824980724999754,0.131000286279782,0.453192440193075,0.430719027064747,-0.244306924934882,0.157248783769133,0.174497276901827,-0.191054147538567,0.271590103035427,0.521158540701751,0.0209270399049394,0.905019749350017,0.619031313635149,0.130173293223932,0.456073991030498,0.986815669978367,0.516088228544265,0.00150616820048609,0.00459802606951653,0.179929149253746,0.301001618173382,0.260137888192138,-0.334485553725339,0.049534786756632,0.205266139619304,"blue",0.516088228544265,0.00150616820048609,0.00459802606951653,TRUE,FALSE
"K14319","pink",-0.182553448899453,0.293888069229444,0.883994324068164,0.18442042785428,0.288893370982841,0.357971839803202,0.232264021110727,0.179390164197266,0.190344152583246,0.166993313480455,0.337648565837278,0.576619325804196,-0.130432495445311,0.455169778495011,0.490183207645207,-0.0268299831277729,0.878405300533268,0.996847020865946,0.204879658174034,0.237745906944417,0.249784883798707,0.673687139410059,9.17578077695289e-06,0.000258612609344911,0.166661362188204,0.338623503147089,0.52119401895956,"pink",0.673687139410059,9.17578077695289e-06,0.000258612609344911,TRUE,FALSE
"K14326","blue",-0.0262023132549481,0.88122955499108,0.970248296568959,-0.0334476360885345,0.8487248771191,0.551714239690781,-0.116059057375202,0.506736472514812,0.377095596318886,-0.321567137279635,0.0596050776686331,0.3051479280745,-0.423920024053828,0.0111548087870898,0.076332700345836,-0.106846510560929,0.541260002939765,0.986815669978367,0.628871534823816,5.20940901020647e-05,0.000277870308961621,0.111810920512326,0.522517809377769,0.331817964614682,-0.0613195200299964,0.726394335066109,0.665917539432804,"blue",0.628871534823816,5.20940901020647e-05,0.000277870308961621,TRUE,FALSE
"K14376","black",0.137849270381261,0.429708598793236,0.959685422460598,0.138862215241031,0.426293635932905,0.418963507930322,0.544314165846889,0.000724208401853965,0.00427649964205159,-0.0861348194689924,0.622726461731821,0.718137557689137,0.132488632676826,0.4480312732837,0.487486553543765,0.148636441232451,0.394126595201983,0.986815669978367,-0.062923415248223,0.719522792305921,0.479496681116778,0.214776898754866,0.21534107640366,0.2338397366362,-0.051505152493386,0.768882130055068,0.675291667722317,"black",0.544314165846889,0.000724208401853965,0.00427649964205159,TRUE,FALSE
"K14416","black",0.136102038312749,0.435634542676712,0.959685422460598,0.336380937881762,0.0481792756692027,0.171316245496626,0.566168858694575,0.000392431983226061,0.00289524516161217,0.24568185379624,0.154852650332365,0.416869999774399,0.174203422732753,0.316898296318763,0.431277026290526,-0.0436797877127665,0.803247045198201,0.996847020865946,-0.185295438783538,0.286571358709382,0.280546544035341,0.270539300901253,0.115978624601865,0.200237100559851,0.446366679068472,0.00719214400780838,0.071784019723499,"black",0.566168858694575,0.000392431983226061,0.00289524516161217,TRUE,FALSE
"K14430","black",-0.110305504943758,0.528167440764255,0.959685422460598,0.289685186413264,0.0914168696839877,0.225729030772108,0.564718860823515,0.000409254431635473,0.00297290449446904,0.374051293033548,0.0268561793612584,0.215481544429087,0.295763993953238,0.084518752305824,0.241458633403184,-0.0824330803293566,0.637803528567529,0.987736935152345,0.181815985870664,0.295876115090085,0.284038906764246,0.661224005253765,1.53069140032782e-05,0.00036819892227824,0.302788957269704,0.0770550200449307,0.259436647961235,"black",0.564718860823515,0.000409254431635473,0.00297290449446904,TRUE,FALSE
"K14454","blue",-0.423577920427532,0.0112272132184275,0.442199102443973,-0.177165599834641,0.308609832612551,0.367660621325939,-0.137736836549273,0.430088581440274,0.344399241605378,0.0475774827605689,0.786080704880739,0.744922708456456,0.0543254630910167,0.756598542235578,0.584189083452236,0.0195339743251647,0.911316584097179,0.996847020865946,0.467082622192949,0.00467220729923765,0.011873638316914,0.235356967339582,0.17350381727489,0.221863862010585,0.108592275195037,0.534632868543152,0.603538738173244,"blue",0.467082622192949,0.00467220729923765,0.011873638316914,TRUE,FALSE
"K14455","blue",-0.18416476124186,0.289574108102288,0.88350691785434,0.263395174099073,0.126310289032211,0.258654779975928,0.154492700639191,0.37554506962901,0.311638224676054,0.112551084570076,0.519750971147287,0.677640425017917,-0.00318294681007218,0.985521816606061,0.641154623651573,-0.127357568865616,0.465958307560358,0.986815669978367,0.631470537250758,4.74547488152815e-05,0.000258812204348861,0.270105711590748,0.116587015577039,0.200237100559851,0.192548976864737,0.267786549725558,0.474667819376933,"blue",0.631470537250758,4.74547488152815e-05,0.000258812204348861,TRUE,FALSE
"K14521","black",0.384517639552382,0.0225662462576832,0.512339273119295,0.714602389558051,1.42150370252077e-06,7.24818253735938e-05,0.680332991977282,6.91495973922203e-06,0.000235494290235435,0.231086505890192,0.181667937647744,0.441217904773621,0.112400363626755,0.520313802351128,0.513821801065459,-0.0394856397589712,0.821820470839323,0.996847020865946,0.0282271518924192,0.872123965490184,0.528165188751351,0.395861089547404,0.0185743473523618,0.0804475985585737,0.324780466925948,0.0569606240713549,0.219178056944401,"black",0.680332991977282,6.91495973922203e-06,0.000235494290235435,TRUE,FALSE
"K14537","black",0.0638219213880932,0.715682723228589,0.959685422460598,0.0617582323339243,0.724512653669711,0.521906039866975,0.519586999313908,0.00138015903746791,0.00682380621895382,-0.183340700253314,0.291775255779976,0.539516215490273,-0.38242853642569,0.023373818668731,0.118798718955232,0.156377800668831,0.369675463102417,0.981034169908892,0.0351565934932352,0.84109158609773,0.517441628116499,0.152487264344796,0.381849233627354,0.288003449984143,0.109362624816963,0.531720998805748,0.603308409314504,"black",0.519586999313908,0.00138015903746791,0.00682380621895382,TRUE,FALSE
"K14539","black",0.296397527687386,0.0838236022711658,0.724709891041615,0.182213793598495,0.294802644878916,0.360145344225173,0.482727885954234,0.00331346714218362,0.0117633752358469,-0.0466974934801311,0.789948029310415,0.744922708456456,0.139528078284901,0.424057047165205,0.474788116507974,0.393669598314327,0.0192958660032539,0.50179546255137,-0.144383778278355,0.407946237379081,0.351962826750902,0.242637943410988,0.160193236430456,0.219260737743892,0.0358490165835224,0.838002794832262,0.681270456641967,"black",0.482727885954234,0.00331346714218362,0.0117633752358469,TRUE,FALSE
"K14550","black",0.317506631983448,0.0630845716439959,0.688444603003289,0.298292527872129,0.0817706269567653,0.213817793277435,0.625075851106836,5.96067561266275e-05,0.000865990344839612,0.0838196261979517,0.632138993127659,0.719001026825841,0.0178972312997517,0.918721636427914,0.621676728453899,0.157128130598274,0.36735438908066,0.981034169908892,-0.21095774696069,0.223808021681109,0.240876363434141,0.342316187181003,0.0441257647944932,0.144739040848611,0.179594468290644,0.301916616687812,0.491631811673748,"black",0.625075851106836,5.96067561266275e-05,0.000865990344839612,TRUE,FALSE
"K14563","blue",-0.147001311472404,0.399407895158755,0.94430270437943,0.0294819603608355,0.866489184169557,0.557596136264296,-0.141416723377247,0.417748950700907,0.337756288703666,-0.284003693563691,0.098246724347076,0.356484726146892,-0.159864976242533,0.358961883481969,0.449884305113028,-0.166230676140847,0.339890988719326,0.96645390586248,0.48443200754541,0.00318864474675597,0.00867087639472277,-0.180785393682498,0.298668722806074,0.259237553984228,-0.0119751604685732,0.945566398555083,0.701310453877193,"blue",0.48443200754541,0.00318864474675597,0.00867087639472277,TRUE,FALSE
"K14564","blue",-0.16405255108233,0.346345426285519,0.917762421640375,0.0678204876273369,0.698677730472559,0.516836601699421,0.00199531483072981,0.990923677435681,0.542118201619119,-0.134293327983083,0.441816056743156,0.639561645803717,-0.206008140257134,0.235114962761924,0.385380587359609,0.0285960101753179,0.870466933639144,0.996847020865946,0.565223855334608,0.000403324188121245,0.00150593419679198,0.236657573049466,0.17107014167888,0.221863862010585,0.0482857489626707,0.782971706306807,0.676698370396686,"blue",0.565223855334608,0.000403324188121245,0.00150593419679198,TRUE,FALSE
"K14565","blue",-0.150837683013329,0.387080851608665,0.939011135527,-0.0382610837057192,0.827261803409355,0.5471037873014,0.328409850233923,0.0540866186149477,0.084844610215998,-0.0771154672455249,0.659713157839547,0.728939106604285,-0.0399211209868144,0.819887358775816,0.592796757950777,0.281906196988312,0.100864060169066,0.800985638655871,0.51999525974012,0.0013660770403603,0.00425055532480762,0.0465941184926399,0.790402661501376,0.40362495369038,0.216897757609277,0.210735482098345,0.422502480022842,"blue",0.51999525974012,0.0013660770403603,0.00425055532480762,TRUE,FALSE
"K14617","blue",0.117955377280318,0.499769864606536,0.959685422460598,0.126692379980407,0.468309836599815,0.434964109162305,0.167766244531156,0.335385149289538,0.289770777029913,0.0125211214190021,0.943088640396924,0.781252870351798,-0.0683082438342471,0.696613054312265,0.576496301670941,0.0152023293986918,0.930928450981368,0.996847020865946,0.52891333707826,0.00108839531844049,0.00352200919479302,-0.120134803952103,0.491823513697233,0.321852804611959,0.171864534439164,0.3235401540447,0.507433694747784,"blue",0.52891333707826,0.00108839531844049,0.00352200919479302,TRUE,FALSE
"K14640","blue",-0.0192757374780759,0.912484442959909,0.975443604208019,0.284468706617577,0.0976735329588416,0.230038285997976,-0.303946853430237,0.0758755920835549,0.107083283935023,0.166647319134586,0.338664785396287,0.577213023856175,0.30338962494702,0.0764414170343582,0.226113480504456,-0.0680620715665329,0.697654836788062,0.988692296438592,0.445010721473265,0.0073914422793824,0.0172075171041169,0.292432073684511,0.0882481890444726,0.187323938488218,-0.284734167974446,0.0973474605603041,0.285976556137588,"blue",0.445010721473265,0.0073914422793824,0.0172075171041169,TRUE,FALSE
"K14647","red",0.139105217010282,0.425476650170206,0.959685422460598,0.699445822373665,2.9395709665305e-06,0.000136261257000097,0.0452683407393474,0.796239273056577,0.48858023461375,0.00662943669539887,0.969850129986184,0.78572953888437,0.294534092493274,0.0858809606795028,0.242967726457344,-0.013049167783446,0.940692684084392,0.996847020865946,0.480382379075441,0.00349219466795556,0.00935139370726818,0.428253690559227,0.0102712994792583,0.0555684005067834,0.155018137551007,0.373903534350766,0.534547459157243,"red",0.699445822373665,2.9395709665305e-06,0.000136261257000097,TRUE,FALSE
"K14675","tan",-0.0724495735356721,0.679170367394254,0.959685422460598,0.330437679656625,0.0525318164663268,0.175953413930749,0.510120220906755,0.00174451858039921,0.00803623553954241,0.215299524311794,0.214199791315483,0.465748693635457,0.285463149478225,0.096456303061612,0.254666857669352,0.070400006814252,0.687783051015838,0.988692296438592,-0.0365408544462576,0.834918990122471,0.514949553838878,0.289265060816148,0.0919090981356038,0.18895625259695,0.505473825125532,0.0019523551834622,0.0345785592563684,"tan",0.505473825125532,0.0019523551834622,0.0345785592563684,TRUE,FALSE
"K14676","tan",-0.0339733500107659,0.846375229846634,0.967562416164654,-0.0340125432041648,0.846200110101435,0.551714239690781,-0.0478857301929885,0.784727221960074,0.484224402874106,0.437916495761988,0.00851288840286705,0.108147166686836,-0.15602520677914,0.370769173850226,0.454409210380271,-0.606860794571254,0.000111098087365869,0.032088830900842,-0.0965210455713928,0.581237074232263,0.431318770323261,-0.082394895055756,0.637959816745229,0.364585917415114,0.500263262158856,0.00221090929481744,0.0362417895738016,"tan",0.500263262158856,0.00221090929481744,0.0362417895738016,TRUE,FALSE
"K14708","blue",0.0185514754933807,0.915760823572296,0.975443604208019,-0.00923946365676884,0.957989034524089,0.576030942032327,-0.366665988979545,0.0302703081359405,0.0588583153719975,0.0694967501812752,0.691591089396673,0.731064640794532,0.0482350588980678,0.783194105762457,0.584863953082124,-0.141377950122149,0.417877921241947,0.986815669978367,0.622031196573831,6.63245475559923e-05,0.000340672883900251,0.0153954836274056,0.930052991857195,0.440771046604517,-0.0852803742916781,0.626193511819077,0.633877521261433,"blue",0.622031196573831,6.63245475559923e-05,0.000340672883900251,TRUE,FALSE
"K14729","blue",-0.386488767212251,0.0218256124770025,0.512339273119295,-0.340942293623142,0.0450387445956787,0.166413408879794,-0.242761654355795,0.159973628909659,0.176338652195681,-0.250484715494887,0.146690094080153,0.408240257374605,-0.218537461973591,0.207221651195631,0.37065250807918,0.121374024277827,0.487334244983536,0.986815669978367,0.592456928484453,0.00017705352040018,0.000793980421455505,0.121226066400463,0.487869133639363,0.320954522475232,-0.283954640701862,0.0983073376751312,0.285976556137588,"blue",0.592456928484453,0.00017705352040018,0.000793980421455505,TRUE,FALSE
"K14753","blue",0.0466512958902997,0.790151192975145,0.966049697701213,0.218441577508935,0.207426005149816,0.31694640043322,0.207922106815853,0.230697824053434,0.229808495704028,0.0232881054887014,0.894360623989486,0.774815156413682,-0.0468863829553096,0.789117489710102,0.586657423878522,-0.0127776968601836,0.941924392974913,0.996847020865946,0.642475666035949,3.16661462631915e-05,0.000181900370596481,0.338701802466298,0.0465601173729824,0.147247915536495,0.12693958609153,0.467435200015145,0.584421203816824,"blue",0.642475666035949,3.16661462631915e-05,0.000181900370596481,TRUE,FALSE
"K14754","blue",-0.151981053021015,0.383450256220939,0.939011135527,0.0395568812877445,0.821504156995378,0.545773579630434,-0.0351910337685681,0.840937897867272,0.501079463166664,-0.0979831440411671,0.57549705634871,0.703213697786638,-0.445946587982685,0.0072533913420447,0.0600185782941605,-0.0882009973868132,0.614375627087232,0.987018841867651,0.635538768622224,4.09380744312954e-05,0.000225808257037888,0.21246827601992,0.2204324992302,0.234870332437571,0.00150898416814989,0.993135846313465,0.711864207514975,"blue",0.635538768622224,4.09380744312954e-05,0.000225808257037888,TRUE,FALSE
"K14758","blue",0.354047707646042,0.0369215597224574,0.587018926596502,0.192311542251851,0.26838835135652,0.350309233846632,0.273024740624741,0.112536997721577,0.140411057865239,0.00933671794609183,0.957547224631317,0.784312715309577,-0.0245190606779224,0.888810515882134,0.617224546790252,-0.0841313859756571,0.630868158402857,0.987136244631723,0.541119549007784,0.000789329737485606,0.00269814447003596,0.334833172226844,0.049283924651897,0.148750470139885,0.0887115227127324,0.612319517468403,0.629606584192914,"blue",0.541119549007784,0.000789329737485606,0.00269814447003596,TRUE,FALSE
"K14766","black",0.301795315723438,0.0780784541649792,0.724709891041615,0.621839187299405,6.67702308370935e-05,0.00130762397327381,0.567778621525963,0.000374479527160766,0.00278455164911435,0.0287129113732951,0.869941888105717,0.772489019108601,-0.109986516601454,0.529368361772683,0.514953604143553,0.118817753898051,0.496617827399142,0.986815669978367,-0.0624177635456939,0.721686844855934,0.480196037604041,0.347332297379783,0.0409181436258149,0.13704916283663,0.0611371853646523,0.727176851005532,0.665917539432804,"black",0.567778621525963,0.000374479527160766,0.00278455164911435,TRUE,FALSE
"K14768","black",0.031334933215093,0.858180213501876,0.967562416164654,0.237023537059322,0.1703897713481,0.299625735070718,0.426395050644105,0.0106426654524072,0.0271631170721304,-0.0666973869065663,0.703439895188433,0.732829902047553,0.209578536272805,0.226920726525424,0.382496067072219,0.29042576925588,0.0905541096347086,0.780747621875373,-0.256962942449898,0.1361835187653,0.171754436225109,0.259674652956093,0.131954118194874,0.205277755761991,0.0432457298719475,0.805164507802651,0.677848190020748,"black",0.426395050644105,0.0106426654524072,0.0271631170721304,TRUE,FALSE
"K14777","black",-0.0566613311933734,0.746468972636436,0.964756824700076,0.334415797557661,0.0495852497518147,0.173173237436118,0.557407852522729,0.000504242792162616,0.00335869760981291,0.202118166671687,0.244267435962824,0.497229678641811,-0.011656828958835,0.947011329478592,0.629182131238569,0.0869442479500262,0.619449415289841,0.987136244631723,-0.368661488222496,0.0293145607438858,0.054103171246349,0.317691797631004,0.0629224944190315,0.165938914923693,0.155504164076794,0.37238889851288,0.533871267674404,"black",0.557407852522729,0.000504242792162616,0.00335869760981291,TRUE,FALSE
"K14787","black",0.299545571356978,0.0804346336847245,0.724709891041615,0.156905131075149,0.368043310644337,0.397406660845352,0.465258781080437,0.00485820554406822,0.0156048455241732,0.0135415273035317,0.938459113865367,0.780552673013094,-0.0931006472775559,0.594763870006161,0.541258498178183,-0.171886579449629,0.323477150820677,0.959363167692283,-0.183635094504041,0.290987672141472,0.282205574230489,0.198625245650972,0.252686391257055,0.249017357275649,0.345695580941539,0.0419433640250387,0.187786895789503,"black",0.465258781080437,0.00485820554406822,0.0156048455241732,TRUE,FALSE
"K14792","black",0.341452014417581,0.0446982692781949,0.619696805272895,0.257514124822881,0.135315873528194,0.266567491954285,0.595674843233727,0.000159853731074543,0.00158902266242913,0.0985790709829874,0.573164872030486,0.702817026561333,-0.0999755870578012,0.567716368448896,0.531097090995297,0.154367274288992,0.375937544969495,0.982362580947701,-0.193597527532235,0.265139477156203,0.267000082575203,0.307493999768977,0.072349747953133,0.17194888590466,0.119785041098863,0.493094402403191,0.590236164318044,"black",0.595674843233727,0.000159853731074543,0.00158902266242913,TRUE,FALSE
"K14802","blue",0.0910721072785677,0.602850411959665,0.959685422460598,0.0471615751333755,0.787907889689122,0.537459048717112,-0.0874672593157899,0.617335778843052,0.426532675843572,-0.237671743086692,0.169189428964726,0.430671785370065,-0.236179742963641,0.171961401466704,0.340044345538819,0.0911740689581858,0.60244282896043,0.986815669978367,0.796025992465499,1.08566064125524e-08,5.85526645839897e-07,0.224556982055496,0.194670337708975,0.227918143654566,-0.0960379307305396,0.583139320938889,0.618494199236361,"blue",0.796025992465499,1.08566064125524e-08,5.85526645839897e-07,TRUE,TRUE
"K14810","black",-0.0912729370777423,0.60204772529029,0.959685422460598,0.229996412297055,0.18379477616728,0.308768814550151,0.542274359439221,0.000765215026411918,0.00446066279692724,0.139058925208459,0.425632218582853,0.629286594035905,0.540118907083297,0.000810766085559468,0.0147430940146831,0.224916594884563,0.193937736381653,0.903148161180248,0.0849518095968277,0.627528822309119,0.447555197690609,0.285078514754645,0.0969257283685464,0.191029521777356,0.20136157268868,0.246074907498483,0.453119000652868,"black",0.542274359439221,0.000765215026411918,0.00446066279692724,TRUE,FALSE
"K14818","blue",-0.483433950899246,0.00326124438412244,0.271739177226197,-0.221555988450133,0.200859510994795,0.312248013527323,-0.0358963441904178,0.837791760127188,0.500104226040343,-0.299576065691588,0.0804023327031444,0.332336875424664,-0.181869068281571,0.295732729982597,0.419743523394768,0.0642610438107995,0.713808471457546,0.988692296438592,0.581589838844898,0.000248067734333003,0.00101185527053871,0.15286551820581,0.380655466261306,0.288003449984143,0.11502955308219,0.510538894084983,0.597162064790709,"blue",0.581589838844898,0.000248067734333003,0.00101185527053871,TRUE,FALSE
"K14826","black",-0.048401045568257,0.782465912747518,0.964756824700076,0.22661463729951,0.190504567292928,0.310874360839603,0.62963056210565,5.06985975365513e-05,0.000772209562298457,-0.0542069298835961,0.757113646282709,0.744922708456456,-0.0230155426835621,0.895590226782897,0.618627534855122,0.167544317896973,0.336034073426579,0.96645390586248,0.30188886687349,0.0779816504290091,0.114356145391677,0.564792972774712,0.000408379291415748,0.00444068187254204,0.131153043667677,0.452661251357376,0.581198134519533,"black",0.62963056210565,5.06985975365513e-05,0.000772209562298457,TRUE,FALSE
"K14842","tan",0.0205317379605584,0.906806002726671,0.97366468570342,0.254520954687402,0.140076889160445,0.269604342924281,0.453362543190013,0.00623534306775575,0.0188889970338065,0.0987849367210225,0.572360202958734,0.702817026561333,0.163929633805856,0.346711871502528,0.446507140154431,-0.391841880809559,0.0199153367749738,0.50179546255137,-0.0978799619584934,0.575901297446815,0.429730160380119,0.281598376115824,0.101252586133187,0.192743117940008,0.860809122765085,3.3105818619802e-11,2.05093804330148e-08,"tan",0.860809122765085,3.3105818619802e-11,2.05093804330148e-08,TRUE,TRUE
"K14950","blue",-0.0601144271526955,0.731571179368864,0.959685422460598,0.0633772890789345,0.717582158749678,0.521906039866975,-0.0668153532984126,0.702939169306017,0.455918576350667,-0.270799503230987,0.115614665775921,0.372544544368397,-0.287371047540374,0.0941534149528185,0.253477850589944,0.125937532942139,0.470985890579991,0.986815669978367,0.587196786244961,0.000208761132159968,0.000881143988280709,0.094436938391533,0.589462865797796,0.350496750624785,-0.0962185385934451,0.582427860210001,0.618494199236361,"blue",0.587196786244961,0.000208761132159968,0.000881143988280709,TRUE,FALSE
"K14963","black",-0.115515120737556,0.508743704110497,0.959685422460598,0.292921489259139,0.0876925953164986,0.218650632482688,0.452278848287188,0.0063759853407547,0.0192261242141244,0.15519768435617,0.373343578185268,0.601923205545896,0.0697875292657306,0.690364376741875,0.574879110749477,0.173770658467334,0.318120761076473,0.954589382312911,-0.410233990172527,0.0143788903656725,0.0301487601293081,0.255433273524984,0.138612897570576,0.209183154818832,0.174081043181606,0.317243693485578,0.50188264771663,"black",0.452278848287188,0.0063759853407547,0.0192261242141244,TRUE,FALSE
"K14994","pink",0.20144082889226,0.24588514964184,0.864780203455952,0.257292899000347,0.135663626183249,0.266567491954285,0.564769448859128,0.00040865688955952,0.00297290449446904,-0.0355496750170989,0.839337821480396,0.760629000025755,-0.136740449471629,0.43346410237522,0.479122838386379,-0.0781083706247865,0.655600306426617,0.988692296438592,0.0863866059367046,0.621706312917004,0.446409739054783,0.644046129499043,2.98511807739815e-05,0.000577944943436872,0.413176909871854,0.0136264573998048,0.101098496510942,"pink",0.644046129499043,2.98511807739815e-05,0.000577944943436872,TRUE,FALSE
"K15026","blue",-0.140302064250952,0.421465525868561,0.959685422460598,-0.0597684787019982,0.73305947373551,0.523420252125698,-0.108579341926164,0.534681820836031,0.389357718270923,-0.332538499012365,0.050958836987839,0.291319950372635,-0.175960475203152,0.31196524177506,0.428259998674353,0.243253037868713,0.159103484753198,0.88110903560902,0.741130075063631,3.5431220409966e-07,5.63873067521526e-06,0.155120405256962,0.373584529318806,0.287656872811676,-0.196150013917017,0.258767789821092,0.466693427530716,"blue",0.741130075063631,3.5431220409966e-07,5.63873067521526e-06,TRUE,TRUE
"K15029","blue",0.178474530933942,0.304991284064761,0.885854951027726,0.0926258419708733,0.596652387209165,0.484840191090929,-0.075680265851648,0.665675467415898,0.443946071795705,-0.195438682972066,0.260533198434825,0.511384848764705,-0.15545551179725,0.372540353203452,0.454671506089314,0.186870468868417,0.282422085151619,0.933073612568139,0.728631503238369,6.95547988351337e-07,9.24973549524276e-06,0.152838657696448,0.380740165716109,0.288003449984143,-0.271989086854316,0.113961629744661,0.310488380009076,"blue",0.728631503238369,6.95547988351337e-07,9.24973549524276e-06,TRUE,TRUE
"K15030","pink",-0.111242499037781,0.524647537264065,0.959685422460598,-0.029509024465103,0.866367721679711,0.557596136264296,0.000369940748798071,0.998317173707223,0.544319467893025,-0.201285753127756,0.246256528828509,0.498333428518635,-0.239576613342141,0.16569703457905,0.335965170414894,-0.152809996613065,0.380830555107571,0.982362580947701,0.258564036540546,0.133674430002044,0.170078288951942,0.601409859978115,0.000132875166335135,0.00185045179531381,0.168127578464415,0.334330239495308,0.51696147180271,"pink",0.601409859978115,0.000132875166335135,0.00185045179531381,TRUE,FALSE
"K15040","blue",-0.0876160095784341,0.616735187773499,0.959685422460598,0.0570668197217151,0.7447147529667,0.525482590523844,-0.169749207772784,0.329621075205382,0.288218686872791,0.0206492432639867,0.906274983421401,0.775167937993012,-0.0449341847322726,0.797712093680163,0.587009013872708,-0.132981172983522,0.446330323550751,0.986815669978367,0.521268276965601,0.00132297476555855,0.00412967853724441,0.128056436939325,0.46349447175829,0.313706164372976,-0.00466771547922565,0.978769368410067,0.7106658401631,"blue",0.521268276965601,0.00132297476555855,0.00412967853724441,TRUE,FALSE
"K15042","blue",0.00142408879924322,0.993522014900168,0.997950730917429,0.0859721046109374,0.623386091990004,0.49530467347584,-0.0596811182686236,0.733435456065838,0.466933579948424,-0.143379743071457,0.411248691993783,0.621642369847027,-0.0539165392437278,0.758376017369846,0.584258398378374,-0.0407986062901223,0.81599535948048,0.996847020865946,0.5833163919992,0.000235312687170626,0.000963878010113194,0.0242783475692674,0.889895438248408,0.43020419238865,-0.0394782726922521,0.821853182343173,0.680221956459959,"blue",0.5833163919992,0.000235312687170626,0.000963878010113194,TRUE,FALSE
"K15046","black",0.0286213032271297,0.870353328777285,0.967562416164654,0.229341394860619,0.185081180679501,0.308768814550151,0.463569978394611,0.00503609098523423,0.016121389496509,0.187442885293293,0.280923780271496,0.529442847854465,0.182268806800672,0.294654389827875,0.419743523394768,-0.105915444747656,0.544810364697783,0.986815669978367,-0.254793333723917,0.139638621847019,0.174465520401731,0.189814371781508,0.274771314124598,0.253866445061253,0.292883589911292,0.0877355230229602,0.271576004167193,"black",0.463569978394611,0.00503609098523423,0.016121389496509,TRUE,FALSE
"K15083","pink",-0.0264891765436153,0.879938608139097,0.970059547013394,0.118356201808775,0.498303569025877,0.445368478243607,0.187175032308181,0.281624245823355,0.263056964966761,0.00547054514110471,0.975118825176451,0.78572953888437,0.382705719471519,0.0232653131341498,0.118798718955232,0.189194874925155,0.276369970156823,0.930619645693408,-0.00326931822954048,0.985128984101818,0.556019118763008,0.471024251240571,0.00429111189412307,0.0291133906647304,0.0269809298855442,0.877726321391492,0.686565775131939,"pink",0.471024251240571,0.00429111189412307,0.0291133906647304,TRUE,FALSE
"K15100","black",-0.069381195191089,0.692078797033683,0.959685422460598,0.1549970488278,0.373969336672865,0.400178927410128,0.461734734663567,0.00523573805719575,0.0165362733014354,0.107924626135962,0.53716272765713,0.687500544394389,-0.0714097310445458,0.683535081319217,0.573474890726554,0.0494494197660186,0.777870858348254,0.996847020865946,-0.107057635492873,0.540456472207076,0.415329661924265,0.162494595241214,0.351007457449655,0.280028396381061,-0.0296568195031088,0.86570447732334,0.685637078290536,"black",0.461734734663567,0.00523573805719575,0.0165362733014354,TRUE,FALSE
"K15102","blue",0.120892771293781,0.48907514840897,0.959685422460598,0.155975728849591,0.370922802525663,0.399040320706992,0.0399687517693645,0.819675987634852,0.494605327292444,-0.0268214974526177,0.878443472796709,0.774258371572228,-0.163711086490434,0.347363993355724,0.446507140154431,0.0970925864407646,0.578990235715597,0.986815669978367,0.491269735524619,0.0027279512773596,0.0075234843331316,0.142339501421095,0.414686142777918,0.2962881448948,-0.0151597621111272,0.931121395230211,0.699300102510737,"blue",0.491269735524619,0.0027279512773596,0.0075234843331316,TRUE,FALSE
"K15105","black",0.19912011978745,0.251482024963354,0.864780203455952,0.145183808257011,0.405325616681629,0.41199668491348,0.535019171909152,0.00092821257032313,0.0051511041895426,0.0227775525224793,0.896664059014935,0.774815156413682,-0.0139555555109037,0.936581247330235,0.627420736570808,0.366676688286116,0.0302651164536376,0.583295008472933,0.0557451032382361,0.750437352183338,0.489413364816306,0.218800201980035,0.206662400063665,0.233305281407532,-0.0864886942632428,0.621292884797446,0.632249985635362,"black",0.535019171909152,0.00092821257032313,0.0051511041895426,TRUE,FALSE
"K15109","black",0.0817281716355385,0.640691111793323,0.959685422460598,0.327243045201751,0.0549977064451205,0.179189007314413,0.523638283676339,0.001245906181948,0.00635981571204794,0.299561031072033,0.0804182567978666,0.332336875424664,0.144741519321369,0.406773213835763,0.466753286880174,-0.172251388344317,0.322435657743175,0.958457967185116,0.00367611573791435,0.983278844775511,0.555610681629802,0.33761074230673,0.0473157726319149,0.148365958071222,0.64474419164446,2.90751027469159e-05,0.00180123122830382,"black",0.523638283676339,0.001245906181948,0.00635981571204794,TRUE,FALSE
"K15113","red",0.189360937895892,0.275940840727217,0.877847133809312,0.612413461617337,9.22659742204195e-05,0.00171076361397754,0.275110979563436,0.109707898905598,0.138144566877896,-0.262493269118529,0.127661673495176,0.38160126786948,0.303717433934301,0.0761081549620057,0.226113480504456,-0.0446710657439403,0.798872296446569,0.996847020865946,0.103032937839013,0.555871420792101,0.421918799453626,0.192470419867188,0.267985562263798,0.251746533237719,0.118491168473199,0.497810325826196,0.590236164318044,"red",0.612413461617337,9.22659742204195e-05,0.00171076361397754,TRUE,FALSE
"K15115","greenyellow",0.192739684069803,0.267303824312399,0.875685307246478,0.160922539371923,0.355749926379625,0.389260224699824,0.201517120988221,0.245702580992948,0.239674891730277,0.698868940876199,3.01934926633862e-06,0.000318663236237211,0.302766039673158,0.0770785067432609,0.227193426027219,-0.114991354453476,0.51068025193598,0.986815669978367,-0.0189698908520245,0.913867846887695,0.536961203563936,0.151707750940177,0.384316270905769,0.288510649517686,0.357797825845941,0.0348314874157535,0.170821812089129,"greenyellow",0.698868940876199,3.01934926633862e-06,0.000318663236237211,TRUE,FALSE
"K15117","pink",-0.0968701683961283,0.579864141931307,0.959685422460598,0.307681295051804,0.0721671960518676,0.202185297124598,0.3760429036838,0.0259918546312659,0.051674297209097,0.0958395660608869,0.583921175311095,0.707733510024328,0.463371555038857,0.00505735526875548,0.0512253631531595,0.192813534230319,0.267117045301616,0.930619645693408,0.106862070946821,0.541200761485732,0.415329661924265,0.709036094132469,1.86602424604514e-06,8.22912364755465e-05,0.207896434440492,0.230756697135648,0.440155966485959,"pink",0.709036094132469,1.86602424604514e-06,8.22912364755465e-05,TRUE,TRUE
"K15176","pink",0.1040755877896,0.551858414277107,0.959685422460598,0.567043960249096,0.000382579836655035,0.00541876982153049,0.536812480517926,0.000885304973243146,0.00503634804209893,0.0837260086532281,0.63252081145949,0.719001026825841,-0.120659973153323,0.48991842652941,0.502629780906885,0.0994287017277186,0.569847221676364,0.986815669978367,0.236148097523076,0.172020544033574,0.20340528592111,0.707112243088987,2.04706422637003e-06,8.42804669733599e-05,0.329552485458486,0.0532060830429127,0.214036961377093,"pink",0.707112243088987,2.04706422637003e-06,8.42804669733599e-05,TRUE,TRUE
"K15192","blue",-0.0677000484198045,0.699187878797844,0.959685422460598,0.119137235559478,0.495452674776718,0.445298828421416,-0.322242567795562,0.0590413145105537,0.0893516028272597,0.0800986322693202,0.647386176206546,0.724390960641225,0.282185449092001,0.100512574027915,0.25656684259951,0.0685078791023362,0.69576861337046,0.988692296438592,0.417049323767875,0.0126871289297793,0.0273093828904819,0.241134775301884,0.162878993076814,0.219796069216181,-0.0115270543481442,0.947600434260415,0.701371319552831,"blue",0.417049323767875,0.0126871289297793,0.0273093828904819,TRUE,FALSE
"K15278","pink",-0.145226388617439,0.405186407687601,0.95276532499676,0.39287516448836,0.0195631227926868,0.106118585903621,0.184988446342936,0.287384650262003,0.267379708018939,-0.172019961312034,0.323096116676229,0.561845227666202,0.00550448566490334,0.974964504806772,0.637576988926266,0.305945012836486,0.0738733592063621,0.755138466897456,0.362683213171658,0.0322542147866403,0.0584439470423645,0.493316847434299,0.0026018223908136,0.0194841108697734,-0.162163657944536,0.35200261634623,0.528841729921654,"pink",0.493316847434299,0.0026018223908136,0.0194841108697734,TRUE,FALSE
"K15280","blue",0.069489749714786,0.691620631868549,0.959685422460598,0.155361549500663,0.372832961126258,0.399511568138821,-0.00781615450997556,0.964456229731782,0.534981507038745,-0.252547605563822,0.143282257622152,0.404642734064679,-0.0930793836832453,0.594848389291632,0.541258498178183,0.105942826458469,0.54470579490259,0.986815669978367,0.592157409243721,0.000178735854043469,0.000795345889099234,-0.125963763399118,0.470892764656683,0.317580892764603,-0.0772579110875285,0.659122513651668,0.643350563606172,"blue",0.592157409243721,0.000178735854043469,0.000795345889099234,TRUE,FALSE
"K15283","pink",0.199815889580993,0.249795211087609,0.864780203455952,0.55910883463802,0.000480547780589191,0.00644813477123733,0.298566484615756,0.0814770785528101,0.112653752801712,0.223826031141087,0.196165389136016,0.454634761239323,0.0127397868244469,0.942096407740315,0.628221557303005,-0.010957302823969,0.950187109498934,0.996847020865946,0.283232625731499,0.099202810637797,0.136289204270635,0.615233338982605,8.38480233805478e-05,0.00133116421850909,0.262839166435376,0.127142130551875,0.329564021325319,"pink",0.615233338982605,8.38480233805478e-05,0.00133116421850909,TRUE,FALSE
"K15287","pink",0.29396353395713,0.0865186124442954,0.724709891041615,0.550970975674093,0.000603582337295393,0.00753103522234485,0.320524425815633,0.0604837515816127,0.0903758847046201,-0.00391690162432887,0.98218377600568,0.787598187097327,0.237999497550661,0.168584803748739,0.336533737189832,-0.123070301938165,0.481223601248827,0.986815669978367,0.1498616097029,0.390195982665238,0.341875602001183,0.577258098755763,0.000282829869935507,0.00340165409161003,0.201342218136573,0.246121261683531,0.453119000652868,"pink",0.577258098755763,0.000282829869935507,0.00340165409161003,TRUE,FALSE
"K15292","red",0.286124637413367,0.095653052563717,0.726061224370246,0.663664563731455,1.3873206814394e-05,0.000404221992692665,0.530955273565092,0.00103230744075122,0.00557059939939297,0.237005869100443,0.170422573684603,0.43086298224811,0.0225026655689847,0.897904597374375,0.619031313635149,-0.0454626309912343,0.795383240272878,0.996847020865946,-0.18668195710795,0.282916645078858,0.278270021675009,0.350561134331006,0.0389550127418958,0.133285890051556,0.222404346070606,0.199096169633099,0.411140121384267,"red",0.663664563731455,1.3873206814394e-05,0.000404221992692665,TRUE,FALSE
"K15306","greenyellow",-0.0175647210039075,0.920226841967527,0.975523076551505,0.0392508635696143,0.822863077209012,0.545807510517318,-0.0203971763292589,0.907414150230904,0.519340895133203,0.705639058833282,2.19640083223319e-06,0.000263182387691605,0.131733163075781,0.450647039669207,0.488023294433498,-0.0362556964720854,0.836189765467163,0.996847020865946,-0.0938126074419787,0.591936971561382,0.435669878556227,-0.0512414132319687,0.770033706169205,0.397948920153276,0.0180465017059502,0.918046010105582,0.695279386128876,"greenyellow",0.705639058833282,2.19640083223319e-06,0.000263182387691605,TRUE,TRUE
"K15321","blue",-0.230756994617166,0.182308989049818,0.824980724999754,-0.0142730666838932,0.93514137088603,0.571441316234437,-0.213546270821404,0.218044944887394,0.220331860012656,-0.0507356975073756,0.772243185881551,0.744922708456456,0.116971794948019,0.503377237424868,0.506994560426029,-0.0315039972873119,0.857422839893012,0.996847020865946,0.781821436385828,2.94010967720431e-08,1.14169105375986e-06,0.143508795147729,0.410823370686345,0.295657186416551,-0.0873932613696241,0.617634642422928,0.630883329253579,"blue",0.781821436385828,2.94010967720431e-08,1.14169105375986e-06,TRUE,TRUE
"K15371","blue",-0.199249052899249,0.251168870907146,0.864780203455952,0.142298942823079,0.414820494849013,0.416329545386789,-0.0833055955551081,0.634236613418833,0.432325073344513,-0.325537184825247,0.0563516207748611,0.300839771137528,-0.284941522276194,0.0970933401153074,0.255742756735284,-0.00428062779657113,0.980529649151322,0.996983881657156,0.626333913547839,5.70149566024824e-05,0.000299186604390678,-0.205558538080865,0.236160799948112,0.242974692647391,-0.107944792578375,0.537086228919523,0.603538738173244,"blue",0.626333913547839,5.70149566024824e-05,0.000299186604390678,TRUE,FALSE
"K15388","magenta",-0.105345117852999,0.546990582233186,0.959685422460598,0.242751054147385,0.159992437536724,0.29345112984017,0.256690819411976,0.136613388936164,0.158489238599792,0.292272069189662,0.0884304148677932,0.344635514024571,0.546221644111976,0.00068763458055114,0.0136811923839076,0.109009436618875,0.533055074338285,0.986815669978367,-0.164285608376783,0.345651273985514,0.314887674491479,0.196869397787227,0.256990453916303,0.249997487107942,0.259601101313609,0.132067539151439,0.333947511002756,"magenta",0.546221644111976,0.00068763458055114,0.0136811923839076,TRUE,FALSE
"K15389","blue",-0.239019698746213,0.16671268765773,0.797907897281593,-0.293724384695975,0.0867869654946152,0.218650632482688,-0.159637364997695,0.359655434692427,0.303791587030331,-0.36653261618646,0.0303350865866604,0.223766081102129,-0.263784262206977,0.125730583619066,0.292935415808542,0.0949660025287477,0.587369851785467,0.986815669978367,0.601435836536819,0.000132762893534066,0.000622632002071329,0.170905104716415,0.326289528675036,0.2675694893863,-0.0459571036256775,0.793205681095116,0.676698370396686,"blue",0.601435836536819,0.000132762893534066,0.000622632002071329,TRUE,FALSE
"K15409","black",0.0240388664142368,0.89097500323682,0.973539962800205,0.221628615856009,0.200708128448725,0.312248013527323,0.52997030261964,0.00105903608640328,0.00567232140997593,-0.0220643954802686,0.899882959198874,0.774815156413682,-0.123388104863337,0.480083195365792,0.499402541960882,-0.0971353201325583,0.578822397684197,0.986815669978367,-0.0780847943825278,0.655697850294154,0.455325175346318,0.17674259382723,0.309784999325702,0.261880765951706,0.392062128474828,0.0198398220294674,0.126710979310854,"black",0.52997030261964,0.00105903608640328,0.00567232140997593,TRUE,FALSE
"K15414","pink",-0.162794890063787,0.350105916614973,0.920688245058797,0.267811156522394,0.119846483215563,0.253565041961424,0.401830377162834,0.016722305619544,0.0376888644410842,0.0449269970866901,0.797743781396664,0.744922708456456,0.199640839350151,0.250218888739251,0.397134161738236,0.134295402430307,0.44180893972442,0.986815669978367,0.143171115822779,0.411936798840897,0.35327201705894,0.632110270804327,4.6371606722732e-05,0.000800208431140277,0.171561547573899,0.324406843618971,0.508149765223324,"pink",0.632110270804327,4.6371606722732e-05,0.000800208431140277,TRUE,FALSE
"K15415","blue",-0.0362181587352904,0.836357078735306,0.967562416164654,0.29233224914591,0.0883618432533877,0.218715052490095,0.0633617911529981,0.71764839483391,0.461339712882857,0.197631098904878,0.255117395295955,0.505819932184998,0.00773820254208071,0.964810493988812,0.634958638756363,-0.448740174068099,0.0068543466646266,0.349370081464644,0.528680999325371,0.00109494428754902,0.00353142999652213,0.358521723134117,0.0344393472719962,0.12644414041369,0.263681524822825,0.125883460425723,0.329055031927792,"blue",0.528680999325371,0.00109494428754902,0.00353142999652213,TRUE,FALSE
"K15449","red",0.29408631573767,0.086381085586264,0.724709891041615,0.715374497677255,1.36816745481123e-06,7.24818253735938e-05,0.241323074549493,0.162540790298679,0.177708372430012,-0.0758546972639862,0.664949734549719,0.728939106604285,0.294589838168814,0.0858188544464525,0.242967726457344,-0.23419542164487,0.175698053803344,0.897287153931499,0.00170795133429816,0.992230798754862,0.557674918078011,0.213291876354236,0.218606775813086,0.234530940105001,0.236018349072692,0.172263184308595,0.38111432777522,"red",0.715374497677255,1.36816745481123e-06,7.24818253735938e-05,TRUE,TRUE
"K15458","pink",0.0719393751156379,0.681310641811078,0.959685422460598,0.0602076213975521,0.731170415614412,0.523186007623551,0.332576238820618,0.0509309273042763,0.0819359325981393,0.00514564822645136,0.976596106754619,0.78572953888437,0.0932215615618236,0.59428335513346,0.541258498178183,0.189339861370329,0.275995281324183,0.930619645693408,0.212525784364323,0.220304679472665,0.238427504960855,0.55563579105543,0.000530026336674017,0.00525915866738538,-0.0943847800888592,0.589669385110033,0.619687849156482,"pink",0.55563579105543,0.000530026336674017,0.00525915866738538,TRUE,FALSE
"K15502","red",0.0163835711773985,0.925575832757045,0.975523076551505,0.572182645882676,0.000329044406016052,0.00486460516935538,0.21288568012612,0.219505915915756,0.221463061696485,0.284629307218383,0.0974761641921075,0.354747253606344,0.17804278104535,0.306181879456172,0.428259998674353,-0.274272073973142,0.110839003512611,0.813326576194694,0.283530918326894,0.0988321063575358,0.136289204270635,0.517489203017487,0.00145454850393548,0.0119032425796903,0.139887163824313,0.422853625035352,0.568247249585707,"red",0.572182645882676,0.000329044406016052,0.00486460516935538,TRUE,FALSE
"K15562","black",0.268622671122776,0.118686021445322,0.763998858849709,0.347401414043622,0.0408752993823153,0.161566889167786,0.615381971481333,8.34241483204136e-05,0.00111684025989386,0.538949168647937,0.000836476189072132,0.02441842713635,0.310949926915587,0.0690388922274373,0.211244986851847,-0.048650467329264,0.781372027170301,0.996847020865946,-0.175499923923554,0.31325357993282,0.294753714106314,0.356997216183902,0.0352694086852532,0.128425272375282,0.370268637503893,0.028562935424507,0.151855323560812,"black",0.615381971481333,8.34241483204136e-05,0.00111684025989386,TRUE,FALSE
"K15633","black",0.150046441146718,0.389604981803187,0.939011135527,0.149227136529246,0.392228668655504,0.408454441630602,0.499704182705449,0.00224035206432547,0.00947758110775457,0.410379345186545,0.0143409235611967,0.146836587839122,0.25176091853045,0.144574942267854,0.313389308889583,-0.100171072280285,0.566955574413021,0.986815669978367,0.0545027561583505,0.755828280828466,0.489819871014966,0.213514614947761,0.218114803009382,0.234530940105001,0.114937078048199,0.510881140760099,0.597162064790709,"black",0.499704182705449,0.00224035206432547,0.00947758110775457,TRUE,FALSE
"K15730","blue",-0.356676868433261,0.0354458841779223,0.587018926596502,0.0164070277451223,0.92546957462875,0.569574791285544,-0.210203472034129,0.225506697517471,0.226275274859718,-0.091354477702654,0.601721950813494,0.709356048577995,-0.109414472754593,0.531525292783264,0.514953604143553,-0.0208536928117119,0.905351148952534,0.996847020865946,0.79387908392234,1.2683140836874e-08,6.48034741307782e-07,0.177766936445837,0.306944085653001,0.261129671426753,0.0160244027569134,0.927203020874295,0.697948233462699,"blue",0.79387908392234,1.2683140836874e-08,6.48034741307782e-07,TRUE,TRUE
"K15731","blue",0.025828858619739,0.882910632217031,0.971174014068707,0.110283312663991,0.528250946954206,0.458041606225231,-0.167132655662589,0.337239832446496,0.29110687477363,-0.311208094451574,0.068796408554274,0.314171748140669,-0.122952227639589,0.481647657795471,0.499402541960882,0.0164850224570404,0.925116268122341,0.996847020865946,0.482777785337078,0.00330975273697305,0.00895006473386788,-0.253896396546692,0.141085633266286,0.211115137808993,-0.198496597242792,0.253000107197984,0.460988400621702,"blue",0.482777785337078,0.00330975273697305,0.00895006473386788,TRUE,FALSE
"K15877","black",-0.0993734266538094,0.570062794635641,0.959685422460598,0.342307665536982,0.0441313813331472,0.165882281115737,0.679518044588755,7.16181380781549e-06,0.000235494290235435,0.443450307904633,0.0076266174155486,0.101810659104965,0.208054300806877,0.230394831842411,0.383034173355235,-0.0401508798629262,0.818867873074837,0.996847020865946,0.144380132779511,0.407958200759201,0.351962826750902,0.27794463301313,0.105951524223518,0.195558282066979,0.297857841032922,0.0822380778689678,0.264877440581947,"black",0.679518044588755,7.16181380781549e-06,0.000235494290235435,TRUE,FALSE
"K15920","greenyellow",0.191812723369568,0.269655540932425,0.876581591114525,0.243930061639821,0.157910209455799,0.290677601065607,0.201992766552989,0.244566395322428,0.239331789546437,0.704653065986157,2.30184516633546e-06,0.000263182387691605,0.412618224841585,0.0137666923110344,0.0826228966910859,-0.150325386863292,0.388714033218651,0.984821788630755,-0.298908731418828,0.0811115027667651,0.117701339414426,0.140208336527612,0.421778880117471,0.298401349615636,0.248456237858113,0.150098360260978,0.359596542448734,"greenyellow",0.704653065986157,2.30184516633546e-06,0.000263182387691605,TRUE,TRUE
"K15977","black",-0.0679036582724517,0.698325517556823,0.959685422460598,0.18494896245194,0.287489359605602,0.357816526568752,0.499369685897614,0.00225813087521911,0.00947758110775457,-0.00286669353000415,0.986960220387727,0.788768170889162,-0.113164114004314,0.517464850888537,0.512962437035979,0.173908543387174,0.317730946818315,0.954589382312911,-0.00214827372787706,0.990227927361949,0.557277034726975,0.187825977097166,0.279923914380007,0.253866445061253,0.326842761953309,0.0553130590163031,0.216139537077707,"black",0.499369685897614,0.00225813087521911,0.00947758110775457,TRUE,FALSE
"K15979","black",-0.0945539583732179,0.588999644300252,0.959685422460598,0.210774151126283,0.224220685535095,0.32995412632965,0.637994895062205,3.7406764020862e-05,0.000679325184316005,-0.094100734558597,0.59079461313873,0.70896761911325,-0.0634010968974896,0.717480411229,0.581346948482174,0.116504526806455,0.505095566345232,0.986815669978367,0.0639036445532259,0.715333790201294,0.478263457331838,0.274357187807717,0.110723845103998,0.198277514596183,0.30551368526498,0.074302041403894,0.253910467211463,"black",0.637994895062205,3.7406764020862e-05,0.000679325184316005,TRUE,FALSE
"K16055","blue",-0.153687271488318,0.378069562576787,0.938674143188497,-0.0227159043274172,0.896942250532522,0.564705624398355,-0.210061079820433,0.225828356333848,0.226275274859718,-0.221086284243526,0.201840467974616,0.45707224998987,-0.0163460494941584,0.925745808416612,0.623983590631829,0.118689046188145,0.497087618983271,0.986815669978367,0.735477354720384,4.82930671597552e-07,7.10339439839187e-06,0.186235564391578,0.284089985256591,0.25401360189902,-0.125317903007303,0.473188577072823,0.586876837233418,"blue",0.735477354720384,4.82930671597552e-07,7.10339439839187e-06,TRUE,TRUE
"K16185","black",0.0431919256048069,0.805402267762232,0.967562416164654,0.293644760993662,0.0868764545068509,0.218650632482688,0.556145538767129,0.00052249218462714,0.00340284929443143,0.127054025091025,0.467030597572359,0.650241652102726,0.0907335005606511,0.604204811439112,0.544473814625772,-0.355812525218097,0.0359256261576314,0.613224682780658,-0.15393955412088,0.377277751755081,0.334176353973807,0.251306572590256,0.145325395128367,0.211279655629895,0.503593120261795,0.00204245055222277,0.0345785592563684,"black",0.556145538767129,0.00052249218462714,0.00340284929443143,TRUE,FALSE
"K16186","black",-0.186578829320521,0.283187437151527,0.882304538169711,0.155841388746477,0.371340117750287,0.399040320706992,0.481895700636247,0.00337594884655951,0.0118957542149841,0.241977969048243,0.161368473820058,0.424777414826299,0.0469762841326331,0.788722277967761,0.586657423878522,-0.395274963873804,0.0187650799830556,0.50179546255137,0.232751009208789,0.178454083406107,0.208724520818778,0.151192278201862,0.385952756313294,0.289026119578875,0.551484260194377,0.000595068141211323,0.0150620639597978,"black",0.481895700636247,0.00337594884655951,0.0118957542149841,TRUE,FALSE
"K16230","blue",0.0365200208593677,0.835011818847018,0.967562416164654,-0.134621323815401,0.44069154556024,0.426388252124667,-0.283483095616304,0.0988914671353767,0.129722298403905,-0.0671798679928611,0.701392709829726,0.732482809858693,-0.11510210630734,0.510270457337602,0.509893911050946,0.210060178551959,0.225830393260586,0.91433593416675,0.669379196782501,1.09809209951881e-05,8.07588099844333e-05,0.069737569797179,0.690575086177889,0.380149528790734,-0.149119433044317,0.392574329419312,0.546847121105204,"blue",0.669379196782501,1.09809209951881e-05,8.07588099844333e-05,TRUE,FALSE
"K16261","blue",0.20451053002991,0.238610779377989,0.860556400398395,0.110464869132669,0.527567965920557,0.457879998851454,0.0949490644099777,0.587436809283936,0.411530647090264,-0.123410501939114,0.480002878611471,0.655952044997442,-0.0799338625538503,0.648064671319803,0.565014534720186,-0.0736341894753699,0.674210449308242,0.988692296438592,0.644383388707035,2.94739182482416e-05,0.000172367293188134,0.238023453268476,0.168540672147708,0.221863862010585,-0.0346760582735724,0.84323655367077,0.681270456641967,"blue",0.644383388707035,2.94739182482416e-05,0.000172367293188134,TRUE,FALSE
"K16275","black",-0.135838180463066,0.436533337007613,0.959685422460598,0.209013698365638,0.228203950704401,0.333090835576205,0.704548347477853,2.31331161704824e-06,0.000181836131157097,-0.091998293689986,0.599152418513421,0.709356048577995,-0.212476320336142,0.220414616642869,0.377831101669231,0.069029754807903,0.693562822781094,0.988692296438592,0.173564014190248,0.318705524024958,0.298282575090803,0.23542184157121,0.173381844049615,0.221863862010585,0.338000926367019,0.047044414422444,0.199532217791783,"black",0.704548347477853,2.31331161704824e-06,0.000181836131157097,TRUE,TRUE
"K16340","black",0.0776573917199653,0.657467147190488,0.959685422460598,0.208724864987498,0.228862036415711,0.333090835576205,0.40018750030362,0.0172158997622595,0.0382798997387249,0.427852146525384,0.0103505849349881,0.126796957301666,0.0594939362937846,0.734241256154637,0.58161678693012,-0.0245231435142924,0.888792115764601,0.996847020865946,0.0159581941876614,0.927503006191381,0.53993950691406,0.147415084662483,0.398067628403188,0.291928076339919,0.0660167012040668,0.706331557435932,0.658014061532435,"black",0.40018750030362,0.0172158997622595,0.0382798997387249,TRUE,FALSE
"K16342","tan",-0.18391378153934,0.290243367023341,0.883992539633479,0.0623775235910385,0.721859152535814,0.521906039866975,0.0904372116969598,0.605391010548484,0.420833293265045,0.0214618851374819,0.902603671845168,0.774815156413682,0.11784833788645,0.500161805099419,0.505230173116146,-0.188503143036763,0.278162166106443,0.932408189289102,0.0126944287669162,0.942302220891383,0.544834491827449,0.0636007134078512,0.716627497973038,0.387532733115965,0.700945838110861,2.74105868898656e-06,0.000226415044385461,"tan",0.700945838110861,2.74105868898656e-06,0.000226415044385461,TRUE,TRUE
"K16559","blue",-0.262715816125021,0.127327224266137,0.763998858849709,-0.0912852088692188,0.601998691674637,0.486845974420283,-0.141116363607306,0.418748614449673,0.337985789040062,-0.165681561756243,0.34151120265932,0.579062460420339,-0.180858725875857,0.298469461005399,0.422551295019901,0.0517354406218461,0.767877010529882,0.996847020865946,0.722877559308856,9.3733653317529e-07,1.17452831969816e-05,0.0199061673203917,0.90963368818617,0.435954613046942,-0.0892796187619579,0.610034963708744,0.628823067287145,"blue",0.722877559308856,9.3733653317529e-07,1.17452831969816e-05,TRUE,TRUE
"K16675","black",0.247124575518238,0.152366920950192,0.783893789195236,0.0648212800610081,0.711419674902468,0.521906039866975,0.576497502946083,0.000289363545788506,0.00231691827114889,0.0167610582303851,0.923865973418917,0.778710702184942,-0.109969281192197,0.529433286992245,0.514953604143553,-0.206597006499208,0.233749914040617,0.91433593416675,0.07173819632373,0.6821552578311,0.464496625179172,0.176192417007216,0.311317674716713,0.262219845864461,0.30529783728424,0.0745172919938787,0.253910467211463,"black",0.576497502946083,0.000289363545788506,0.00231691827114889,TRUE,FALSE
"K16794","black",0.343941055679119,0.0430652943337174,0.611738976068297,0.342533612264964,0.043982656363908,0.165882281115737,0.591056178530233,0.000185045029099839,0.00176120447495537,0.198812436061588,0.252230379442607,0.503536784436068,0.171611153017461,0.324264849362846,0.435287352801921,0.0747772856505838,0.66943713707416,0.988692296438592,-0.339942945080678,0.0457123239620887,0.0779053108502842,0.308426779322231,0.0714441540535097,0.17193690262625,0.337798791305397,0.047184835440317,0.199532217791783,"black",0.591056178530233,0.000185045029099839,0.00176120447495537,TRUE,FALSE
"K16815","red",0.135785786810602,0.436711929720637,0.959685422460598,0.600730302785827,0.000135842712050242,0.00238846824926957,0.235267434100683,0.173672253518196,0.185527842231053,-0.286041058967423,0.0957542597937219,0.3522177455041,-0.0888303549807533,0.611841344436586,0.54867139449349,-0.152131007085724,0.382975580077955,0.982362580947701,0.243510260345635,0.158649358204654,0.192038818946811,0.184757321652526,0.287997930313139,0.254912501123918,0.431813287942589,0.00959070576200825,0.0848790943252496,"red",0.600730302785827,0.000135842712050242,0.00238846824926957,TRUE,FALSE
"K16833","tan",0.170087392362279,0.328644186646736,0.906816557290941,0.121331773360054,0.487486957216052,0.443245232462339,0.216395152122595,0.211820729964399,0.215787691755927,0.278727645075904,0.104930897845016,0.356484726146892,-0.00166986405442871,0.992404046734955,0.641154623651573,-0.430209078712483,0.00989252932895306,0.399110576673538,-0.293415274366974,0.0871347717218566,0.124031557754952,0.0614711814838078,0.725743665041799,0.388811600187648,0.563736256652577,0.000421016163133975,0.0124201741108781,"tan",0.563736256652577,0.000421016163133975,0.0124201741108781,TRUE,FALSE
"K16946","black",-0.181571480896293,0.296537139763411,0.883994324068164,0.0222562251542146,0.899016961678135,0.564881774937856,0.444531955700763,0.00746293007668636,0.0211639174082094,-0.377860825615206,0.025223049208038,0.20847378931756,-0.564118261563397,0.00041640831716256,0.0107895966054389,0.0776094661252797,0.65766565673093,0.988692296438592,0.119481290338325,0.494199462506171,0.393404595122486,0.0451947634770251,0.796563511776596,0.40462933259452,0.0141340628442359,0.935771712587209,0.699300102510737,"black",0.444531955700763,0.00746293007668636,0.0211639174082094,TRUE,FALSE
"K17080","red",0.0163045936163876,0.925933609991246,0.975523076551505,0.641134315310524,3.32947671468718e-05,0.000771674995197166,0.415200250700778,0.0131286053311344,0.0319534522555516,0.319805171409188,0.0610957968599088,0.305209251791892,0.0327543255987961,0.851825545241844,0.60595028676556,-0.0122652430486539,0.94424984026368,0.996847020865946,0.101191842361005,0.562990507559748,0.42387187912235,0.230650312850312,0.182516876658917,0.224565680222003,0.0549331520813173,0.753959361416731,0.673518737124292,"red",0.641134315310524,3.32947671468718e-05,0.000771674995197166,TRUE,FALSE
"K17086","red",0.462047297757253,0.00520126206143073,0.340678016246012,0.610094033543861,9.97517061673184e-05,0.00181653356992826,0.270485078395549,0.116054576490804,0.142786755019733,0.0402469857488075,0.818441518715762,0.754008730515398,0.363785357196313,0.0316948744841918,0.144728305719329,-0.11766805394659,0.500822292647639,0.986815669978367,-0.022495407106961,0.897937357352889,0.533675247094465,0.212039114302488,0.221387968565882,0.23508035749594,0.125118581378506,0.473898281175812,0.587169297748341,"red",0.610094033543861,9.97517061673184e-05,0.00181653356992826,TRUE,FALSE
"K17100","blue",0.0368916323515117,0.833356350752781,0.967562416164654,-0.0439224568278495,0.802175538893035,0.541138752213498,-0.223198732044804,0.197454817488084,0.205358557261998,-0.0286015592223729,0.870442009630284,0.772489019108601,-0.0573026205205427,0.74369521415952,0.583526939041646,-0.0339411906896333,0.846518926838379,0.996847020865946,0.699018205535806,2.99851964543418e-06,2.90322647971346e-05,0.0192840585336999,0.912446808718644,0.436586176996945,-0.153960873375642,0.377210884142078,0.53597673142278,"blue",0.699018205535806,2.99851964543418e-06,2.90322647971346e-05,TRUE,FALSE
"K17255","blue",0.0189177747625168,0.914103603054934,0.975443604208019,0.108440689829412,0.535206753080232,0.461368524182032,-0.0184820167305213,0.916075110284125,0.5217680432412,0.0674583642182345,0.700211979187437,0.732482809858693,0.0418575850855104,0.811304130082719,0.589267644241188,-0.045532439065604,0.795075726815069,0.996847020865946,0.711363535083621,1.66662828354932e-06,1.77378974408575e-05,0.258883776269977,0.133177475700224,0.206476023915755,0.10877770576237,0.533931252916173,0.603538738173244,"blue",0.711363535083621,1.66662828354932e-06,1.77378974408575e-05,TRUE,TRUE
"K17256","red",0.129852995820342,0.457192660281584,0.959685422460598,0.706482983277802,2.10967765895315e-06,0.000102449049049526,0.385164261623698,0.0223210225594854,0.0464053842257555,0.281872809898633,0.100906145904013,0.356484726146892,0.119190935378756,0.495256967794242,0.503930614646845,-0.353800959667124,0.0370625751763691,0.613224682780658,0.0332957043337651,0.849404166863735,0.520139633982049,0.252966618581524,0.142597196400232,0.211279655629895,0.395121935183371,0.0188151454195658,0.121418414055856,"red",0.706482983277802,2.10967765895315e-06,0.000102449049049526,TRUE,TRUE
"K17266","black",0.247621365609479,0.151517719638904,0.783893789195236,0.325611170825137,0.0562923556128955,0.181092841323791,0.562817479870509,0.00043228498722045,0.00309981713980348,0.112633582077218,0.519443030896822,0.677640425017917,0.326072011314144,0.0559243206369018,0.191881196171427,0.174362806526754,0.316448813286613,0.954589382312911,-0.310936161155816,0.0690518404827644,0.104091308109573,0.306437549782191,0.0733862034829893,0.173012900083898,0.297329558293898,0.0828089575948985,0.264877440581947,"black",0.562817479870509,0.00043228498722045,0.00309981713980348,TRUE,FALSE
"K17267","blue",-0.218292950058002,0.207743043182801,0.829981387866013,0.0731364030246378,0.676293022297322,0.508949010200636,-0.354721049788432,0.036538962673871,0.0663515672426493,-0.0722937694062341,0.679823702630588,0.731064640794532,-0.0513705279174605,0.769469886554588,0.584258398378374,-0.0193284836027656,0.912245887410367,0.996847020865946,0.544304469757492,0.00072439862916092,0.00248494201633343,0.186938800867165,0.282242954513373,0.25401360189902,-0.114509239256199,0.512466043041462,0.598383005344419,"blue",0.544304469757492,0.00072439862916092,0.00248494201633343,TRUE,FALSE
"K17275","blue",-0.0908977597559208,0.603547625202772,0.959685422460598,0.014140421322993,0.935742877907375,0.571441316234437,-0.412990311499519,0.0136731608417355,0.0326966137810555,-0.287499040061171,0.0940004423265631,0.349172567568205,-0.145884965532998,0.403036779348817,0.466629531504427,0.151612052867421,0.384619779750244,0.984558461310447,0.64484680530241,2.89625739895156e-05,0.000171442457479244,0.0626328466594368,0.720766086496647,0.387975480896721,-0.444788278399586,0.00742458361790716,0.071784019723499,"blue",0.64484680530241,2.89625739895156e-05,0.000171442457479244,TRUE,FALSE
"K17279","blue",-0.111613963288645,0.523255277117424,0.959685422460598,0.208516507698576,0.229337562390288,0.333090835576205,-0.0861515754618929,0.62265855094804,0.428262786463141,0.133888888850505,0.443204802655908,0.639855416991044,0.0636579956774926,0.71638280681883,0.581346948482174,0.0619088079549964,0.723867184666281,0.99203460882552,0.427431378067342,0.0104342227314728,0.0231701532383917,0.296155893514997,0.084088214737058,0.183000076891662,0.00216162226981808,0.990167210405326,0.711421830891961,"blue",0.427431378067342,0.0104342227314728,0.0231701532383917,TRUE,FALSE
"K17286","blue",-0.11640953339544,0.505445254623068,0.959685422460598,-0.00213431073295766,0.99029143926696,0.586106094961808,-0.0108751216983628,0.950560254218655,0.533050657050329,-0.00131495504523499,0.994018440177119,0.790220194191785,0.0238701327105972,0.891735759342029,0.617224546790252,-0.0236187296794036,0.892869416113782,0.996847020865946,0.70239419587899,2.56108209539728e-06,2.54355545794366e-05,0.235616812669027,0.173015637159908,0.221863862010585,-0.0535343473237668,0.760038398538402,0.675291667722317,"blue",0.70239419587899,2.56108209539728e-06,2.54355545794366e-05,TRUE,TRUE
"K17301","blue",-0.00879803866349516,0.959994506886487,0.987588537000498,0.268385883306123,0.11902375529364,0.253565041961424,0.0868924048212133,0.619659091887063,0.426821502642032,0.0994171499293331,0.569892270660468,0.702817026561333,-0.210904364658008,0.223927954333227,0.381491470619346,-0.0798713288858285,0.648322247904533,0.988692296438592,0.552500161901465,0.000578530142879702,0.00205725638910459,0.320025777933526,0.0609075552808009,0.165201521908904,0.112577367702614,0.519652853775138,0.598383005344419,"blue",0.552500161901465,0.000578530142879702,0.00205725638910459,TRUE,FALSE
"K17338","pink",0.0730071142201223,0.676834311006439,0.959685422460598,0.689055676692414,4.71734971991408e-06,0.000168225262620172,0.347186261635268,0.0410087880157744,0.072385915448488,0.108567413927645,0.5347269701023,0.687443415443762,0.4037569077481,0.0161586328168792,0.0915244719291194,0.0239564092190738,0.891346759457372,0.996847020865946,0.234465099919732,0.175186863345817,0.206096350511939,0.740779528830515,3.6126541063676e-07,2.0483641058284e-05,0.280130755086797,0.103120637199794,0.293720687664119,"pink",0.740779528830515,3.6126541063676e-07,2.0483641058284e-05,TRUE,TRUE
"K17417","black",0.0859578992791736,0.623443692714536,0.959685422460598,0.289044200358056,0.0921686760820158,0.226028084858531,0.502564480273191,0.00209324913522092,0.0091094489339682,0.4017102609323,0.0167579880001642,0.161918134663007,0.149610142788039,0.391000885218619,0.461487576886171,-0.198597198555714,0.252754763535633,0.922938068757764,-0.0517671519872518,0.767738631676545,0.493584510231995,0.319911681574659,0.0610048554034398,0.165201521908904,0.549984540663147,0.000620248830918634,0.0150620639597978,"black",0.502564480273191,0.00209324913522092,0.0091094489339682,TRUE,FALSE
"K17439","black",-0.0939473404966925,0.591402665279842,0.959685422460598,0.249513174143808,0.148315372669499,0.27957608866773,0.585035510357361,0.000223198332400947,0.00195163280250556,-0.192526397252243,0.267843741913094,0.517589093288563,-0.381918440875529,0.0235745941463174,0.118851924718589,0.0247370356930607,0.887828248081031,0.996847020865946,-0.107524696682719,0.538680885147422,0.414484408296547,0.209584446220311,0.226907326035528,0.237936708261675,0.286648589374099,0.0950204456751512,0.283635409720664,"black",0.585035510357361,0.000223198332400947,0.00195163280250556,TRUE,FALSE
"K17450","blue",0.189941419931112,0.274444202941747,0.877847133809312,0.182183121697855,0.294885323262193,0.360145344225173,0.208223458539604,0.230007511383371,0.229605243401796,-0.0945000979858843,0.589212829775706,0.708388427363858,-0.0455697103028865,0.794911554698323,0.587009013872708,-0.123333741153099,0.480278174733292,0.986815669978367,0.494240407393475,0.0025466029581756,0.00712454017074521,0.231733870292032,0.180413163485523,0.223853447194547,0.0241529059947941,0.890460896294555,0.689536439014593,"blue",0.494240407393475,0.0025466029581756,0.00712454017074521,TRUE,FALSE
"K17496","black",0.428042014417501,0.0103130307761993,0.428183493718167,0.575090880544833,0.000301802584462435,0.00459366451184996,0.438999567597246,0.00833283537286649,0.0230089931463681,0.0463404391134662,0.791518604455849,0.744922708456456,0.370481610935055,0.0284645311868315,0.136113870113382,0.0298341117091396,0.8649089806356,0.996847020865946,-0.229499991471871,0.184769127808296,0.21328410361912,0.304624968319743,0.0751914172666768,0.174028238224158,0.23086236977573,0.182103812028892,0.387108645618052,"black",0.438999567597246,0.00833283537286649,0.0230089931463681,TRUE,FALSE
"K17497","black",0.292302296543743,0.088395967417871,0.724709891041615,0.267105822767056,0.120861972208463,0.254073512210931,0.459042201897728,0.0055409647973741,0.0173264411200007,0.137080692937889,0.432309799518346,0.632878935761358,0.517400341636802,0.00145777587780611,0.0228763471806473,0.126451052283503,0.469164507756021,0.986815669978367,-0.231386988627318,0.181084751974903,0.211038628729675,0.265174631716204,0.123675208264098,0.203925984059529,0.263000951497913,0.126899666200282,0.329564021325319,"black",0.459042201897728,0.0055409647973741,0.0173264411200007,TRUE,FALSE
"K17499","greenyellow",0.0580746964521568,0.740359972901415,0.961391020326055,0.225453866876602,0.192846808122958,0.310874360839603,0.20104709798339,0.246828798054764,0.240053209856475,0.558324231071069,0.000491351621659073,0.0160511097637933,0.272664387759622,0.1130311675555,0.276784066142546,0.132217216754927,0.448970085823301,0.986815669978367,-3.69042530823026e-05,0.999832125844261,0.560084558596413,0.106610092557269,0.542160472633893,0.334455705135644,0.176903045200013,0.309338912784511,0.495396536199973,"greenyellow",0.558324231071069,0.000491351621659073,0.0160511097637933,TRUE,FALSE
"K17550","black",-0.00403712053683403,0.981637044954257,0.994984518517273,0.15827827380465,0.363813387671267,0.394667574922662,0.427574815952335,0.0104056468597959,0.0270352113660369,-0.00371278151229565,0.983112090719479,0.787882108021254,0.41631494831044,0.0128609417101966,0.0812533680882176,-0.0205630850918094,0.906664337720155,0.996847020865946,-0.042551242755003,0.808234745394898,0.507458040918346,0.197644090958981,0.255085525952238,0.249674260930414,0.119699663638537,0.493404882158969,0.590236164318044,"black",0.427574815952335,0.0104056468597959,0.0270352113660369,TRUE,FALSE
"K17615","pink",-0.151186313386665,0.385971716694709,0.939011135527,0.319839902325581,0.061066130843849,0.183775082006566,0.336959977896655,0.0477711454441344,0.0785931474358288,0.597156745979591,0.000152449182656506,0.00550431734825386,0.326013679579061,0.055970799438063,0.191881196171427,0.0248221469639693,0.887444752947945,0.996847020865946,0.127284045012459,0.466217916066135,0.382458299407639,0.561005960722447,0.000455292225886363,0.00474711085334644,0.362116760038372,0.0325448129107262,0.162196761444757,"pink",0.561005960722447,0.000455292225886363,0.00474711085334644,TRUE,FALSE
"K17678","red",0.0643586806764508,0.713391963411217,0.959685422460598,0.656737004936041,1.82985268274829e-05,0.000504342451931283,0.186832739896187,0.282521022205691,0.263633852104778,0.344416180477885,0.0427591155184402,0.262035177835413,-0.00533869348920446,0.975718335076021,0.637576988926266,-0.227572266003714,0.188587326832784,0.903148161180248,0.151168365029048,0.386028772481218,0.340065955610294,0.186398108627674,0.283662375733308,0.25401360189902,0.42703933399801,0.0105126660123524,0.0873580824187519,"red",0.656737004936041,1.82985268274829e-05,0.000504342451931283,TRUE,FALSE
"K17679","blue",0.0640379624935657,0.714760416746582,0.959685422460598,0.106400312566654,0.54296007954382,0.465289571636054,0.14665192114492,0.400541630645857,0.32692280881713,-0.0594669568008721,0.734357423273421,0.738772468073264,-0.059519857882244,0.734129649578457,0.58161678693012,0.440388210512117,0.00810674266684613,0.37970229842282,0.38611994993614,0.0219626373076652,0.0427276511454349,-0.0391187462240276,0.823449922113596,0.412138152950466,-0.429556816770588,0.0100175354052748,0.0862582717546901,"blue",0.38611994993614,0.0219626373076652,0.0427276511454349,TRUE,FALSE
"K17710","blue",-0.256869821192676,0.136330509311085,0.779754065101263,-0.0864241859129086,0.621554111658917,0.49522261015925,-0.293884118125279,0.0866076552129034,0.117679928327618,-0.0843185323059233,0.630105788262978,0.719001026825841,-0.00433833215479377,0.980267232722553,0.639082155260169,-0.00541686003402892,0.975362921793917,0.996847020865946,0.672480606361964,9.65195833040276e-06,7.32032804929904e-05,0.0417235883265588,0.811897376425099,0.409194125739335,-0.180180858623523,0.30031462115721,0.491233509225611,"blue",0.672480606361964,9.65195833040276e-06,7.32032804929904e-05,TRUE,FALSE
"K17713","black",0.226343122404096,0.191050640648376,0.824980724999754,0.328101264476468,0.0543263981820304,0.178140081180219,0.529033719896699,0.00108501565145214,0.00575634638719964,0.234575728683829,0.174977466675869,0.434124521455948,0.220301193220576,0.203487523693869,0.367457309483807,-0.186571603570512,0.283206416740243,0.933073612568139,-0.314811605066243,0.0654809984663735,0.100582700078068,0.284686108649824,0.0974064313595924,0.191029521777356,0.352692288322111,0.0377015818527324,0.178293900635366,"black",0.529033719896699,0.00108501565145214,0.00575634638719964,TRUE,FALSE
"K17732","blue",0.0727110463983271,0.678074446862401,0.959685422460598,0.0670834057939929,0.701801837791934,0.517262505325404,-0.0694553906325547,0.6917656361558,0.452087038978502,-0.240862854590886,0.163368280404946,0.424777414826299,-0.326032265259988,0.0559559870152006,0.191881196171427,0.113369875889562,0.516698634293436,0.986815669978367,0.688738714944253,4.78445823907105e-06,4.34084287102534e-05,0.119067356214981,0.495707406392219,0.322603291171565,-0.183575627438063,0.291146652505331,0.490131022917609,"blue",0.688738714944253,4.78445823907105e-06,4.34084287102534e-05,TRUE,FALSE
"K17738","blue",0.0243199933705957,0.889707721586499,0.973539962800205,0.0279983734526528,0.873151982371524,0.559316850420167,0.0125802287308419,0.942820422226784,0.5296539148697,-0.319755890788603,0.0611379102900366,0.305209251791892,-0.244188211187429,0.157456919639013,0.332275022899578,-0.0356949965102893,0.838689650151741,0.996847020865946,0.748073630451705,2.39553956175731e-07,4.07993803260112e-06,0.177915813696686,0.306532563399607,0.261129671426753,-0.000655675405736175,0.997017397663722,0.713235669297815,"blue",0.748073630451705,2.39553956175731e-07,4.07993803260112e-06,TRUE,TRUE
"K17739","blue",0.177669990684838,0.307212247875167,0.885854951027726,0.0827414767402419,0.636541858797556,0.499722540753725,-0.116606622623046,0.50471986838236,0.377080649267481,0.0154310572326628,0.929891765550597,0.778710702184942,0.128618040143045,0.46151958667934,0.492544170599615,-0.11931414315403,0.494808090538206,0.986815669978367,0.539366797821482,0.000827215433839609,0.00279809082268053,0.211544129059227,0.222493494946556,0.23508035749594,0.0900625816908644,0.606892272659598,0.628622968406479,"blue",0.539366797821482,0.000827215433839609,0.00279809082268053,TRUE,FALSE
"K17740","blue",-0.354935981601613,0.0364175174724577,0.587018926596502,0.139678589954099,0.423552397190511,0.418136370369957,-0.0687348022418094,0.694809183731909,0.452653851615193,0.0858983140078283,0.623685326965721,0.718137557689137,0.194636548243581,0.26253347851532,0.404576510000587,-0.171563612294509,0.324400932641476,0.959363167692283,0.603820303584233,0.000122812494735911,0.000586642496321407,0.201925610749844,0.244726598355727,0.246632574281306,0.119085703932388,0.495640516888078,0.590236164318044,"blue",0.603820303584233,0.000122812494735911,0.000586642496321407,TRUE,FALSE
"K17742","blue",0.178578471252095,0.304705095962211,0.885854951027726,-0.0186003070472175,0.915539878282445,0.568471931261517,-0.0130486026415773,0.940695248087835,0.528774602525846,0.0107805173404349,0.950989819621499,0.783098105772477,-0.152998400113618,0.380236611091561,0.456718230665084,0.0755818007892343,0.66608526946624,0.988692296438592,0.647661567047925,2.60254839254915e-05,0.000157907917506235,0.119883795457405,0.492735401377769,0.322144687203483,0.0429323238510586,0.806549683413043,0.677972138696915,"blue",0.647661567047925,2.60254839254915e-05,0.000157907917506235,TRUE,FALSE
"K17743","blue",-0.199959289834589,0.249448492876578,0.864780203455952,-0.0096681324192951,0.956041758559345,0.575878714366777,-0.330783941801107,0.0522699236235973,0.082960601045437,0.149381433424689,0.391733779074308,0.611454447784909,0.108436221176766,0.535223675371462,0.515859876722605,-0.0192719686251425,0.912501488685784,0.996847020865946,0.671729992699485,9.9594309230414e-06,7.49496982233167e-05,0.206983624457958,0.232856615240801,0.241306278184314,-0.202027960670319,0.244482466296448,0.452117295074102,"blue",0.671729992699485,9.9594309230414e-06,7.49496982233167e-05,TRUE,FALSE
"K17775","blue",-0.224162262280254,0.195476685093796,0.824980724999754,-0.178140837187893,0.305911221918504,0.36705525492831,0.107651615757508,0.538198870142231,0.390058085655837,-0.225040258289405,0.193686256513173,0.454634761239323,-0.371136265629991,0.0281637902577977,0.135256263143721,0.173577042200903,0.318668637487483,0.954589382312911,0.650498861413503,2.33405220705257e-05,0.000146185380619731,0.118173583123587,0.498971353617081,0.323324475079053,0.0593386218856618,0.734910081478787,0.667560919780254,"blue",0.650498861413503,2.33405220705257e-05,0.000146185380619731,TRUE,FALSE
"K17794","red",0.120357721219615,0.491014403277414,0.959685422460598,0.696516722112789,3.3655377342682e-06,0.000149223681637046,0.321579858959157,0.0595944200340526,0.0898407984708233,0.300767149145643,0.0791485250624172,0.332317780513632,-0.0592635172885399,0.735233570755191,0.58161678693012,0.0493726665601013,0.778207020693644,0.996847020865946,0.0392049177961315,0.823067150560282,0.511297991783912,0.260230147566975,0.131099836177724,0.205061808400218,0.19229276786941,0.268435974658861,0.475139222884234,"red",0.696516722112789,3.3655377342682e-06,0.000149223681637046,TRUE,FALSE
"K17795","black",-0.104623057447319,0.549756733051963,0.959685422460598,0.552297917039533,0.000581789621409411,0.00753103522234485,0.508313418698374,0.0018229122374651,0.00823664585425017,-0.0737165506268021,0.67386610654123,0.730300955421961,-0.0726141873197029,0.678480340182737,0.573246252196243,-0.00868105144200314,0.960526041644701,0.996847020865946,0.191874787843353,0.26949766071804,0.269910413590049,0.227087051022296,0.189557058360874,0.227385297256733,0.354280354860296,0.0367890021069897,0.177363026069622,"black",0.508313418698374,0.0018229122374651,0.00823664585425017,TRUE,FALSE
"K17862","blue",-0.273486274451112,0.111906447794225,0.763519189084221,-0.076235003628629,0.663368484548833,0.506503042677879,-0.331552459019249,0.05169238022255,0.0823195060342123,0.103004141823616,0.555982444862162,0.699485085099976,0.0661838528979811,0.705621093747672,0.577793929789741,0.0360358727485423,0.837169664434068,0.996847020865946,0.49866683392328,0.00229588993602011,0.0065701413932099,0.134872522930548,0.439831385866085,0.3062381720055,-0.181488618527921,0.296761373617306,0.491233509225611,"blue",0.49866683392328,0.00229588993602011,0.0065701413932099,TRUE,FALSE
"K17893","magenta",0.00794018396745674,0.963892573323505,0.990046896351755,0.1271188749253,0.466801401336702,0.43434289275582,0.069223178468945,0.692745914424874,0.452101929996029,0.278769099183565,0.104877072174241,0.356484726146892,0.686942153932465,5.18156746491706e-06,0.000412370310294216,0.113053011993492,0.517878805871695,0.986815669978367,-0.0845177010006323,0.629294855609119,0.447555197690609,0.0829712054007298,0.6356026765744,0.364003829058206,0.00356849173071905,0.983768317223138,0.711200269959224,"magenta",0.686942153932465,5.18156746491706e-06,0.000412370310294216,TRUE,FALSE
"K17903","blue",-0.00088199828261503,0.995987884576322,0.998326713831497,-0.0334218080640253,0.848840347159929,0.551714239690781,-0.312193104057036,0.0678773634013109,0.0985306638668738,-0.131478714829488,0.451529903735596,0.646670381564353,-0.209103341519789,0.227999966986912,0.382602801846198,-0.0465876544536409,0.790431091918467,0.996847020865946,0.677582836239688,7.78048471215384e-06,6.2423247481796e-05,0.145655381172437,0.403785413257262,0.293670970211345,-0.265471077905469,0.123240227015809,0.323510734987674,"blue",0.677582836239688,7.78048471215384e-06,6.2423247481796e-05,TRUE,FALSE
"K17906","pink",0.150090046607552,0.38946562853555,0.939011135527,0.133803906950341,0.443496912059864,0.426684743350818,0.182701755794352,0.293489299265976,0.270395416103498,-0.0602334026051738,0.731059560886139,0.738772468073264,0.351050670618199,0.0386641492427659,0.160627079805101,0.133915870866311,0.443112078955801,0.986815669978367,0.0245413179519383,0.888710209725012,0.533673475767999,0.578125295132196,0.000275541410756075,0.00336497879348016,0.0192847899858692,0.912443500535866,0.694432098329314,"pink",0.578125295132196,0.000275541410756075,0.00336497879348016,TRUE,FALSE
"K17908","black",0.123330983840705,0.480288065129808,0.959685422460598,0.254498782909593,0.14011260868292,0.269604342924281,0.501672906556422,0.00213816874982796,0.00919897361012455,0.24467555113231,0.156603754244615,0.418023802495889,-0.014143491442023,0.935728955439487,0.627297154115151,-0.363223941889626,0.0319787946109504,0.589566500646565,-0.312261586067151,0.0678138272724355,0.10302496429436,0.252129123318809,0.143968851105559,0.211279655629895,0.425172147501374,0.0108931654676948,0.0886966137160699,"black",0.501672906556422,0.00213816874982796,0.00919897361012455,TRUE,FALSE
"K17918","magenta",-0.211197987058199,0.223268822593523,0.846044842055179,0.126021088841283,0.470689276025409,0.435575888928217,0.056722313614666,0.746205070900065,0.469158060586522,0.454990555996039,0.00602906547293871,0.0929441274754308,0.612455401955382,9.21353987024749e-05,0.00353983313117546,-0.190202277418947,0.273773367932414,0.930619645693408,-0.165427733701618,0.342261736739804,0.314644037763593,0.0693051118360269,0.692399978487661,0.380362776756744,0.161563278150858,0.353812357196257,0.528841729921654,"magenta",0.612455401955382,9.21353987024749e-05,0.00353983313117546,TRUE,FALSE
"K17944","black",-0.10030200823943,0.566446255497227,0.959685422460598,0.256542308724261,0.136848410589667,0.267350116193806,0.395413419485346,0.0187198781027354,0.0407327944767025,0.244929180154067,0.156161061601487,0.418023802495889,0.290383009392802,0.0906037532486401,0.249872862268989,0.108350315163824,0.535549041895914,0.986815669978367,-0.360374337549626,0.0334521294927464,0.0602504200668213,0.253203873276128,0.142210363928619,0.211279655629895,0.107953996251711,0.537051317735242,0.603538738173244,"black",0.395413419485346,0.0187198781027354,0.0407327944767025,TRUE,FALSE
"K17964","pink",-0.106857195797283,0.541219321808018,0.959685422460598,0.100139071330697,0.567080084562751,0.474372092177916,0.130882606499303,0.45360188109928,0.353429784643743,0.0463649098233236,0.791410939295432,0.744922708456456,-0.170452981074164,0.327590153771664,0.435321894085766,-0.0795933267019468,0.649467826241354,0.988692296438592,0.0856879773752608,0.624538607108602,0.44705934914295,0.571677845467127,0.000333990029205922,0.00386092987366348,0.127902746831239,0.464035706475629,0.584298143879495,"pink",0.571677845467127,0.000333990029205922,0.00386092987366348,TRUE,FALSE
"K17974","blue",0.0525572895370741,0.764292999264238,0.964756824700076,0.0288198856551465,0.869461475843295,0.55835571850117,-0.260084456794548,0.131323493871214,0.154715072247363,-0.262552021782386,0.12757331528517,0.38160126786948,-0.0963424174021651,0.581940093364335,0.537548214573387,0.0421606401290724,0.809962790427892,0.996847020865946,0.607827049954808,0.000107591455283988,0.00053019622442112,0.122605144880833,0.482895305922608,0.320643867835355,-0.2305645937857,0.182684036268573,0.387108645618052,"blue",0.607827049954808,0.000107591455283988,0.00053019622442112,TRUE,FALSE
"K17978","blue",-0.271323383330461,0.114884485179898,0.763998858849709,0.053233795629151,0.761346420877074,0.530700023415906,0.00376760390154821,0.982862762627738,0.5408597084159,-0.192377421776074,0.268221284425101,0.517589667966431,-0.227961475007598,0.18781199498884,0.35441765113589,0.0898729102698641,0.607652950911364,0.986815669978367,0.645498403798969,2.82571682005438e-05,0.000168293021386529,0.0786701061114627,0.653277853504757,0.36935130550018,-0.085505698948683,0.625278451112371,0.633468771707241,"blue",0.645498403798969,2.82571682005438e-05,0.000168293021386529,TRUE,FALSE
"K17987","blue",-0.223274488728434,0.197298784554589,0.824980724999754,-0.0186082577665132,0.915503904714234,0.568471931261517,-0.165965997233061,0.340671361295137,0.293532363008473,-0.290407412772072,0.090575418703775,0.344635514024571,-0.169971373681785,0.328979119212809,0.435321894085766,-0.0665419797950194,0.704099731022862,0.988692296438592,0.559824480407267,0.000470878119601245,0.00171207318067748,0.0613303270235804,0.726347963806846,0.388811600187648,-0.0413422888917815,0.813586073045619,0.679264331444427,"blue",0.559824480407267,0.000470878119601245,0.00171207318067748,TRUE,FALSE
"K18009","pink",0.0206787258533542,0.906141754640406,0.973554656411546,0.0582105721429512,0.739773491652808,0.525329794728703,0.248445012264358,0.150117380436774,0.170387829252908,-0.000720305240808879,0.996723404464829,0.790220194191785,-0.0521583146050637,0.766032297708704,0.584258398378374,0.133368995007914,0.444993481497642,0.986815669978367,0.20766823238028,0.23128046823309,0.24618931200456,0.45102237810126,0.0065424486257275,0.0392403423824745,0.437970495066729,0.00850383350646,0.0780475339914731,"pink",0.45102237810126,0.0065424486257275,0.0392403423824745,TRUE,FALSE
"K18103","red",0.393469217257701,0.0193629879649313,0.512339273119295,0.524025554726113,0.00123369570921506,0.0132432803080891,0.4977269071131,0.00234724603237701,0.00967952509882693,0.0397552588847149,0.820623502387796,0.754008730515398,-0.0687516410681312,0.694738007833984,0.576382030968839,-0.105001933055182,0.548304473824194,0.986815669978367,0.0346768189710336,0.843233157260738,0.518430591506592,0.213830467332217,0.217418467390282,0.234530940105001,0.122548863040355,0.483097778215087,0.589141393352906,"red",0.524025554726113,0.00123369570921506,0.0132432803080891,TRUE,FALSE
"K18106","red",0.143689600538147,0.410227903468603,0.957890339843897,0.752816150360355,1.8203011854216e-07,1.85632654231017e-05,0.260757803815072,0.130292159948591,0.154186486238924,0.6885107668555,4.83325737689688e-06,0.000442089932158157,0.444712220910544,0.00743594437463464,0.0604741584191109,-0.210592689366375,0.22462906205621,0.91433593416675,-0.0538716351570858,0.758571277026908,0.490074443374735,0.262263698210801,0.12800736069301,0.203925984059529,0.308923380131824,0.0709656530473886,0.248746998715896,"red",0.752816150360355,1.8203011854216e-07,1.85632654231017e-05,TRUE,TRUE
"K18118","blue",-0.161352346785866,0.354449501948598,0.922524216421848,0.0989347279916902,0.571775034446759,0.475205765533216,0.11030107285286,0.528184117538905,0.386358093703736,-0.316696331815865,0.0637977088679185,0.307431467694222,-0.4645682237059,0.00493027764441877,0.0503963573837351,-0.0693963574019974,0.692014796952027,0.988692296438592,0.546013482450565,0.000691544698684407,0.00239765835548752,-0.134768949894256,0.440185930800337,0.3062381720055,-0.0118013781315087,0.9463551889174,0.701310453877193,"blue",0.546013482450565,0.000691544698684407,0.00239765835548752,TRUE,FALSE
"K18123","pink",0.172063798093353,0.322970948381291,0.898096141570912,0.284030864996985,0.0982131615752498,0.230245715349683,0.468792226479452,0.0045034716112401,0.0147717994655785,0.341783988421538,0.0444776377954144,0.267650973984197,0.157189197626959,0.367165865944564,0.453130894068741,-0.0854545244150139,0.625486226551787,0.987136244631723,0.0404174911030621,0.817685232213176,0.510154399959678,0.775702613062371,4.41600321553663e-08,7.0108098346743e-06,0.297855996270434,0.08224006607169,0.264877440581947,"pink",0.775702613062371,4.41600321553663e-08,7.0108098346743e-06,TRUE,TRUE
"K18159","black",0.0525156424195467,0.764474503609292,0.964756824700076,0.183014731152134,0.29264890284886,0.359584320205698,0.654770077202509,1.97697735834264e-05,0.000424306747370457,-0.116940133782093,0.503493574925772,0.667377545696716,-0.0992229785743807,0.570649730363323,0.531512802614814,-0.156375031033158,0.369684046774294,0.981034169908892,0.0453482661875993,0.795887097298713,0.502834674528356,0.240095710568672,0.164754353948421,0.220062252876744,0.497764142695309,0.00234519262938783,0.0377368808625344,"black",0.654770077202509,1.97697735834264e-05,0.000424306747370457,TRUE,FALSE
"K18278","red",0.134532041262994,0.440997489557499,0.959685422460598,0.544190843896847,0.000726631150273267,0.00861641648840287,0.235694610235539,0.172869666935017,0.184879607584798,0.278396825660031,0.105361196568148,0.356484726146892,-0.0588373228974822,0.737070115020404,0.58161678693012,0.0950767673855294,0.586932074089492,0.986815669978367,0.205862936563568,0.235452384314657,0.248485277268096,0.0960807354124297,0.582970667369844,0.348955856907617,0.0477852735295344,0.78516824889663,0.676698370396686,"red",0.544190843896847,0.000726631150273267,0.00861641648840287,TRUE,FALSE
"K18369","blue",0.216927503098927,0.210671374777658,0.829981387866013,0.270575557914938,0.115927858567534,0.251536537359374,0.352905034995616,0.0375782727454852,0.067982515475422,0.0534222190613438,0.760526312389311,0.744922708456456,-0.291805480167097,0.0889634550775085,0.246569784897069,0.117631163586951,0.500957498342721,0.986815669978367,0.416251251456539,0.0128761117491426,0.0275330269213945,0.0189553839310391,0.913933470735003,0.43683994044951,-0.0223884234650312,0.898420231173252,0.691403943683685,"blue",0.416251251456539,0.0128761117491426,0.0275330269213945,TRUE,FALSE
"K18418","black",-0.099805525043435,0.568378598675046,0.959685422460598,0.145429390299124,0.404523104224672,0.41199668491348,0.608615851926932,0.000104802926678918,0.00120695333011651,0.0934413279607326,0.593410434450246,0.709356048577995,-0.157186436693354,0.367174388122119,0.453130894068741,-0.318960344220427,0.0618209328714236,0.754476596240684,-0.0239413055468558,0.891414856459805,0.533675247094465,0.203244470607661,0.241593247365974,0.246181914246454,0.371012214569159,0.0282205765402886,0.151367315052338,"black",0.608615851926932,0.000104802926678918,0.00120695333011651,TRUE,FALSE
"K18423","red",0.354970155732071,0.0363982379541482,0.587018926596502,0.741631226277197,3.44585061709613e-07,2.85705087301184e-05,0.258636812301306,0.133561198468361,0.156621140949023,0.497278901139116,0.00237207516588683,0.050291091853702,0.327489274425364,0.0548044323464038,0.191416454959577,-0.233038374382803,0.177903343383742,0.897287153931499,-0.0823774472379174,0.638031233877819,0.449985544511381,0.230842781990766,0.182141939236457,0.224565680222003,0.212924233387573,0.219420467355964,0.430919096093739,"red",0.741631226277197,3.44585061709613e-07,2.85705087301184e-05,TRUE,TRUE
"K18442","blue",-0.0371423863026441,0.832239680714398,0.967562416164654,0.116642720496926,0.50458706700916,0.447844462658869,-0.32119940001012,0.0599138031313311,0.0899512414535996,0.152898383056753,0.380551848284632,0.607337852230175,0.23380765912047,0.176434937741174,0.345482926900792,-0.0398407231300075,0.820244168677311,0.996847020865946,0.46115598695195,0.00530009417493632,0.0131922466366371,0.259550256154077,0.132145987470739,0.205277755761991,0.0847668872386542,0.628280872324587,0.634952990843569,"blue",0.46115598695195,0.00530009417493632,0.0131922466366371,TRUE,FALSE
"K18443","magenta",0.0932817877368145,0.594044078735009,0.959685422460598,0.375357699280389,0.0262865963207407,0.12468293542155,-0.224575205579058,0.194633166341043,0.203319642043251,0.25482207050157,0.139592442130941,0.399841946544366,0.562495393960251,0.000436298429247089,0.0108891775865137,-0.0586579939778974,0.737843302821422,0.995858601082183,0.0205874741391084,0.906554119878525,0.534673894467861,-0.0289768939829514,0.86875644826206,0.425425812398735,-0.21367266117397,0.217766179752729,0.429644240184839,"magenta",0.562495393960251,0.000436298429247089,0.0108891775865137,TRUE,FALSE
"K18466","black",-0.0149348947129095,0.932140712879554,0.975947866009485,0.238235242919737,0.168150869533234,0.299625735070718,0.548931474578591,0.000638490188997854,0.00386509834676804,0.290383460783694,0.0906032290810137,0.344635514024571,0.176753059419713,0.309755890562597,0.428259998674353,0.106174552201002,0.543821223356619,0.986815669978367,-0.0581967343347685,0.739833213293412,0.484957679268992,0.19775887670685,0.254804072661127,0.249674260930414,0.223887297635946,0.196039770505932,0.406182498587411,"black",0.548931474578591,0.000638490188997854,0.00386509834676804,TRUE,FALSE
"K18468","greenyellow",-0.222918156571187,0.198033457357125,0.824980724999754,0.0199333335626215,0.909510869229987,0.567953092972429,-0.119346148631606,0.494691520385971,0.370761678799755,0.516927557493498,0.00147505298866436,0.0374779496423975,0.472789084764518,0.00412938307169224,0.0446685871850342,-0.154844018902827,0.37444703464268,0.982362580947701,-0.00982092249191462,0.955347752411916,0.549416870818029,-0.0723956419253768,0.679396493449585,0.378447539734727,0.317316957835612,0.0632509361536278,0.232020084738314,"greenyellow",0.516927557493498,0.00147505298866436,0.0374779496423975,TRUE,FALSE
"K18534","greenyellow",0.193319420564239,0.265839878546109,0.874194515218989,0.0412053365906264,0.814192808766077,0.543750097255929,0.0314759703524097,0.85754838638133,0.506455263826621,0.601052228327928,0.000134429566788563,0.00512335276081813,0.226985951500388,0.189759552186064,0.354549881981108,-0.0232825289523304,0.894385778801682,0.996847020865946,-0.0797489548531397,0.648826423453909,0.45282091016201,0.0258719251518083,0.88271674574761,0.42829881892627,0.150329587395411,0.388700625828022,0.546590122608535,"greenyellow",0.601052228327928,0.000134429566788563,0.00512335276081813,TRUE,FALSE
"K18561","blue",-0.0449901317915657,0.797465454305072,0.967562416164654,0.0602461701346819,0.731004664702982,0.523186007623551,0.0723827176737193,0.679450686722942,0.44850460347943,-0.125397346506738,0.472905866266147,0.651917881228698,-0.233160835873783,0.177669010987082,0.346145665860524,0.0528930456068851,0.762830176156462,0.996847020865946,0.815541922594132,2.41441910428568e-09,2.35939362902309e-07,0.20874141501749,0.228824293625142,0.23868563603693,-0.0277980520536149,0.874052295248041,0.685932086710212,"blue",0.815541922594132,2.41441910428568e-09,2.35939362902309e-07,TRUE,TRUE
"K18584","black",-0.157295775158409,0.366836982793601,0.929394372104073,0.00863201105161772,0.960748863040184,0.576670350576611,0.453320965729741,0.00624068947491587,0.0188889970338065,-0.293426542199233,0.0871220745202333,0.344418250070075,-0.0150781437771887,0.931491356491166,0.626340636087269,0.307198394716583,0.0726385998775448,0.755138466897456,0.198902001382642,0.252012384306918,0.258929438871698,0.0623430542383403,0.722006761174056,0.38829671606555,0.119402311272894,0.494486999005804,0.590236164318044,"black",0.453320965729741,0.00624068947491587,0.0188889970338065,TRUE,FALSE
"K18624","black",-0.117158188286865,0.502692618239869,0.959685422460598,0.233316173454443,0.177372084984358,0.304515882329877,0.448532193258331,0.00688339314622998,0.020124772135428,0.133340009650428,0.445093320126003,0.641469614709762,-0.019082251411171,0.913359589031912,0.619759093816838,0.0828415605690756,0.636132625093159,0.987736935152345,-0.331990769502893,0.0513652753260954,0.0853850522112916,0.2360757601099,0.172155790849369,0.221863862010585,0.0679983009692164,0.697924797892312,0.655720195284918,"black",0.448532193258331,0.00688339314622998,0.020124772135428,TRUE,FALSE
"K18674","black",0.119164068339671,0.49535487879036,0.959685422460598,0.292439830060539,0.0882393628092182,0.218715052490095,0.40607098563263,0.0155026999038221,0.0357013129282101,0.540904368078047,0.000793896684676965,0.0236792595529896,0.628390826645791,5.29957226996929e-05,0.00218691207693617,0.199874194463703,0.249654200763805,0.920533467922712,-0.1844519971344,0.288809386109192,0.281399061619764,0.311359497116425,0.0686545144315677,0.169774663392371,0.367946009217717,0.0296543527467442,0.153733584589084,"black",0.40607098563263,0.0155026999038221,0.0357013129282101,TRUE,FALSE
"K18693","blue",0.172476407550591,0.321794291816529,0.898018530946931,0.194999067968606,0.261628215616795,0.346051968165214,0.190153952549339,0.273897562011303,0.257791236278282,-0.259268635566786,0.132581119604578,0.392707837902353,-0.176718238411573,0.309852747600589,0.428259998674353,-0.125699152120845,0.471832657476888,0.986815669978367,0.450252755703737,0.00664624086828798,0.0159705468299599,-0.0630054248994662,0.719172014639218,0.387975480896721,0.111959038768013,0.521963545310728,0.598790306312237,"blue",0.450252755703737,0.00664624086828798,0.0159705468299599,TRUE,FALSE
"K18732","black",0.207096201967734,0.232596934387232,0.859271445104109,0.360620388871352,0.033322768321948,0.140587659441836,0.588425048719372,0.000200934160315735,0.00182683335584224,0.14374325479146,0.410051291905192,0.621622602878048,0.428416696450688,0.0102392611007602,0.0759310013558937,0.270083625026985,0.116618070204742,0.830651926778595,-0.206281150653884,0.234481430722297,0.248485277268096,0.341924989493138,0.0443841932941835,0.144884220338027,0.280800519458188,0.102264917332065,0.292628742206252,"black",0.588425048719372,0.000200934160315735,0.00182683335584224,TRUE,FALSE
"K18738","blue",0.14941767631309,0.391617586601301,0.939011135527,0.184037877909398,0.28991232942736,0.358180090897171,0.238362855092549,0.167916308907249,0.181224013820207,-0.16690894922065,0.337896179567729,0.576619325804196,-0.192103176477806,0.268917204408844,0.409716034096198,-0.213936335646813,0.21718540913801,0.91433593416675,0.420992081257064,0.0117874702757899,0.0255427511144386,-0.0832749061622216,0.63436193744403,0.363576792577688,0.182052133013571,0.29523857971182,0.491015317066339,"blue",0.420992081257064,0.0117874702757899,0.0255427511144386,TRUE,FALSE
"K18748","blue",-0.0511393408329932,0.770479519272375,0.964756824700076,0.0432769113112496,0.805026725520647,0.541887069596149,0.01680903229511,0.923648694727441,0.522464771386841,-0.10382835838405,0.552808735171059,0.696480527005977,-0.19487623338692,0.261934720135742,0.404527796971786,0.075454709446667,0.666614351895153,0.988692296438592,0.598376295237659,0.000146587866360097,0.00067764744300695,0.17405771669049,0.317309555564816,0.263196447815112,-0.0516265198568738,0.768352361683672,0.675291667722317,"blue",0.598376295237659,0.000146587866360097,0.00067764744300695,TRUE,FALSE
"K18749","red",0.148298494208356,0.395214811264112,0.939011135527,0.579109613911962,0.000267472170134818,0.00419639506090066,0.337196925944137,0.0476049360545943,0.0785931474358288,0.0597287966994021,0.733230249799005,0.738772468073264,-0.0155344047825457,0.929423390499341,0.625496363198677,-0.165648680149012,0.341608372296299,0.96645390586248,0.213313243779287,0.218559547677399,0.237864704381808,0.20188152298029,0.244831809794123,0.246632574281306,0.241625355385915,0.161998923057909,0.373779989138978,"red",0.579109613911962,0.000267472170134818,0.00419639506090066,TRUE,FALSE
"K18752","tan",-0.0223980313945032,0.898376864031778,0.973554656411546,0.111382612425493,0.524122175253719,0.456443221831184,0.168031601430734,0.33461024403712,0.289770777029913,0.17765183017268,0.307262498218695,0.549637245687963,-0.087466597051978,0.617338453332276,0.549380536028176,-0.427544083827622,0.0104117637574849,0.399110576673538,0.222275024818707,0.199364269122203,0.225258703002446,0.370720042304115,0.0283546946341331,0.111760526026773,0.612816570222721,9.10178124982211e-05,0.00451091444472607,"tan",0.612816570222721,9.10178124982211e-05,0.00451091444472607,TRUE,FALSE
"K18802","black",-0.0782952546390309,0.654827294619699,0.959685422460598,0.330315717940231,0.0526243100017039,0.175953413930749,0.478652531320348,0.00362931096414283,0.0125254073806061,0.394890625821197,0.0188910328314625,0.17279310352433,0.0125965616572345,0.942746307483379,0.628221557303005,-0.140743774005485,0.419990538560406,0.986815669978367,-0.063413275596278,0.717428364948137,0.478723568529403,0.319456576006617,0.0613941865215551,0.165201521908904,0.457821572504988,0.00568430120733093,0.0646143217941772,"black",0.478652531320348,0.00362931096414283,0.0125254073806061,TRUE,FALSE
"K19030","tan",0.080132862170641,0.647245258020322,0.959685422460598,0.12050937471743,0.49046434508918,0.444036991225787,0.180589905546769,0.299200326412632,0.273522250087131,0.375671234021433,0.0261513889790165,0.212922429301616,0.0422550570345236,0.80954500413376,0.588908621420592,-0.431744642422237,0.00960345885579464,0.399110576673538,-0.272909936901,0.112694257166257,0.150337310765275,0.0523741574028822,0.76509120851905,0.397948920153276,0.611617707205849,9.47752032092389e-05,0.00451647469857322,"tan",0.611617707205849,9.47752032092389e-05,0.00451647469857322,TRUE,FALSE
"K19069","blue",-0.0802398980006446,0.646804689094422,0.959685422460598,0.0604740830198475,0.730024935438852,0.523171306502498,-0.236355297038316,0.171633569716869,0.183974336710049,-0.0337905090660822,0.847192279947484,0.763595008394571,0.0988087682596381,0.572267085490706,0.532226160734327,-0.0758166436344446,0.665108033561246,0.988692296438592,0.412573274822268,0.0137780277802165,0.0291665231318825,0.147822453109221,0.396750635763643,0.291928076339919,0.0473192298076426,0.78721514222936,0.676698370396686,"blue",0.412573274822268,0.0137780277802165,0.0291665231318825,TRUE,FALSE
"K19245","blue",-0.214044883007634,0.216946631221982,0.831788743158617,-0.0394268003026803,0.822081740062217,0.5458017309082,-0.296932595987725,0.0832399395259853,0.113758701889154,0.279185392575543,0.104337698411853,0.356484726146892,0.219308814960877,0.205582771008813,0.368849656592628,-0.116652903263653,0.504549608550801,0.986815669978367,0.462053124078776,0.0052006212734943,0.0129786852968641,-0.222067429053268,0.199795167489878,0.229887898427283,0.0197492795600707,0.910343020126381,0.694226755943615,"blue",0.462053124078776,0.0052006212734943,0.0129786852968641,TRUE,FALSE
"K19267","blue",-0.0892240709106157,0.610258185739842,0.959685422460598,0.371737486773265,0.0278899005530293,0.127542000649321,-0.10674428695468,0.541649265124951,0.391109432145774,-0.108332913364261,0.535614962279617,0.687443415443762,-0.257537962328721,0.135278441743416,0.30144831163842,0.000699775440188054,0.996816791967609,0.998168111332726,0.65788563803756,1.74860220302887e-05,0.000117070667363272,0.276012684011159,0.108501846086876,0.196838629881251,0.131682739638812,0.450821920751795,0.580746145744648,"blue",0.65788563803756,1.74860220302887e-05,0.000117070667363272,TRUE,FALSE
"K19327","blue",0.00658549412604297,0.970049885590831,0.993070802163856,0.381044845200632,0.0239217579270294,0.117308778006578,0.42559451721369,0.0108060883128462,0.0275058786008168,-0.143781772642554,0.409924530815638,0.621622602878048,-0.354520727857975,0.0366524487116341,0.157066626080239,-0.240984041678637,0.16315008903441,0.88110903560902,0.480201366808892,0.00350632889268924,0.00935139370726818,0.0807412227378508,0.644742765513687,0.366352266074253,0.25784434316527,0.134798014039676,0.338777672453734,"blue",0.480201366808892,0.00350632889268924,0.00935139370726818,TRUE,FALSE
"K19356","blue",-0.235687729223465,0.172882574117793,0.811939026954295,-0.0759510304975743,0.66454906234065,0.506503042677879,-0.302347984084041,0.0775079207389118,0.108275527825656,0.159763920204274,0.359269710975847,0.59103951209419,0.260953489741794,0.129993564057481,0.296187864175904,-0.184514430783078,0.288643337869622,0.937304618994439,0.447363607867359,0.00704856476185934,0.0166488387713218,0.125299930593455,0.473252546720119,0.318006566148947,-0.119911798587493,0.492633626116093,0.590236164318044,"blue",0.447363607867359,0.00704856476185934,0.0166488387713218,TRUE,FALSE
"K19357","magenta",-0.164171331640836,0.345991537176717,0.917762421640375,0.00336766392450127,0.984681694665082,0.584133415910857,-0.257317668048276,0.135624658157808,0.157729725062484,0.541268678442164,0.000786178297857987,0.0236792595529896,0.851327960059025,9.11921323620603e-11,5.08020974757205e-08,0.128103810404922,0.463327709134036,0.986815669978367,-0.109447699241979,0.531399893885273,0.411057723405341,-0.0518971108518628,0.767171604114444,0.397948920153276,0.00952996438661379,0.956669375563252,0.703878970132171,"magenta",0.851327960059025,9.11921323620603e-11,5.08020974757205e-08,TRUE,TRUE
"K19383","magenta",0.0370244774267577,0.832764718338722,0.967562416164654,0.457457533098627,0.00572766206307334,0.0443193697834065,-0.0643453314511506,0.713448904921484,0.459011267732327,0.206672019459959,0.233576412249797,0.48556459110904,0.796290958126878,1.06488853034671e-08,3.95491508007604e-06,0.207484021176671,0.231703858188004,0.91433593416675,0.0213415171502282,0.903147340671384,0.533675247094465,0.109520821766469,0.53112397517378,0.333748376436174,0.0463891385261673,0.791304342645683,0.676698370396686,"magenta",0.796290958126878,1.06488853034671e-08,3.95491508007604e-06,TRUE,TRUE
"K19485","red",0.0616335246098877,0.725047376810188,0.959685422460598,0.64265896224946,3.14492850533272e-05,0.000745853348511309,0.325892018006958,0.0560678382396743,0.0866792965581017,0.242412373372647,0.160594220043088,0.424545765932646,0.396572564114181,0.0183450002161894,0.0996546617643491,-0.0603784643721551,0.730435920314946,0.992474492474258,0.0705814115619408,0.687019173127693,0.466399305452077,0.258015917482187,0.134529522782256,0.206955375143982,0.186154494563041,0.284303413292506,0.486171148807925,"red",0.64265896224946,3.14492850533272e-05,0.000745853348511309,TRUE,FALSE
"K19668","blue",-0.279612782383878,0.103786135779159,0.744258866934882,0.101311829273029,0.562525271304218,0.472535535227098,-0.122625959770725,0.482820436095216,0.365930425488487,0.152015277157474,0.383341890255896,0.607337852230175,0.289840242613967,0.091235713770468,0.250095210806343,-0.241280728330432,0.162616803936604,0.88110903560902,0.539044264622217,0.000834359455645636,0.0028124562761858,0.187273330872382,0.28136705292571,0.253866445061253,0.0699521986363995,0.68967002804476,0.651962259880433,"blue",0.539044264622217,0.000834359455645636,0.0028124562761858,TRUE,FALSE
"K19691","blue",-0.0686294002409001,0.695254764868806,0.959685422460598,-0.0216359417149371,0.901817583637444,0.565252209295638,-0.129188889893612,0.459516789017437,0.355807414753614,-0.248608162500436,0.149841117849293,0.409183975256781,-0.179026849699133,0.303472484833561,0.426573292345125,0.0452711530311693,0.796226880573856,0.996847020865946,0.852809728914431,7.82012453140599e-11,2.53056495534203e-08,0.153816421944307,0.377664090842828,0.287980959371007,-0.0790202843844919,0.651831685518795,0.640469696950189,"blue",0.852809728914431,7.82012453140599e-11,2.53056495534203e-08,TRUE,TRUE
"K19717","blue",-0.286725896997773,0.0949273775340142,0.724709891041615,0.225922834862347,0.191898091756238,0.310874360839603,0.237116043412646,0.170218097675995,0.182872236607032,-0.251396169668191,0.145177181022248,0.405675545114235,-0.345836477614387,0.0418543006171063,0.165372577401803,-0.133475526314312,0.444626644349584,0.986815669978367,0.603478129499002,0.000124197932955637,0.000588146588006021,0.309040206101332,0.0708534499549368,0.17193690262625,0.124614334354777,0.475696190513321,0.587723756532828,"blue",0.603478129499002,0.000124197932955637,0.000588146588006021,TRUE,FALSE
"K19788","blue",-0.12469326172672,0.475414537107369,0.959685422460598,0.195891812638647,0.259407687398297,0.345627919343656,-0.171603633378464,0.324286371646074,0.284872910212172,-0.218578291112989,0.207134676317251,0.458792070196697,-0.0422081157148978,0.809752708778002,0.588908621420592,0.0128095846732343,0.941779705723931,0.996847020865946,0.388115336836666,0.0212297338387032,0.0416355614579438,0.264068968647184,0.125307651307879,0.203925984059529,-0.185940790742872,0.284866515293832,0.486171148807925,"blue",0.388115336836666,0.0212297338387032,0.0416355614579438,TRUE,FALSE
"K19799","red",0.0738031534408168,0.673504100135834,0.959685422460598,0.500204862901407,0.00221396888124262,0.0216340058164926,0.0584760879291755,0.738627860594277,0.467193504677145,0.188005860202587,0.279455217950027,0.52885446801892,0.0293406366624439,0.867123487395288,0.611401232938833,-0.155847831755013,0.371320096794577,0.981815327372048,0.258581458261316,0.133647317166478,0.170078288951942,0.463076618409856,0.0050891054650511,0.03231768538442,-0.0893435644790343,0.609778037233474,0.628823067287145,"red",0.500204862901407,0.00221396888124262,0.0216340058164926,TRUE,FALSE
"K19800","blue",-0.0865269266691285,0.621138083974984,0.959685422460598,-0.0243766912114928,0.889452167983833,0.563889143766521,-0.143621495924265,0.410452142787719,0.332997111192338,-0.158749708621791,0.362367861779465,0.592658115692002,-0.0857236635375725,0.624393803912472,0.553889603408765,-0.071217203445426,0.684344324296668,0.988692296438592,0.585985166873111,0.000216748210037991,0.000910502650611336,0.187385320680592,0.281074222931477,0.253866445061253,-0.307898481758179,0.0719559603152197,0.249035896882104,"blue",0.585985166873111,0.000216748210037991,0.000910502650611336,TRUE,FALSE
"K19806","blue",0.0886872033671456,0.612417396298521,0.959685422460598,0.221740156184794,0.200475791529094,0.312248013527323,0.0600906446563826,0.731673462568884,0.466544596856534,-0.378012855522562,0.0251596147386798,0.20847378931756,-0.238483042285587,0.167695610273544,0.335965170414894,-0.0637802797500043,0.715860542134184,0.988692296438592,0.412646152561536,0.0137596534702672,0.0291665231318825,-0.0888064989810054,0.611937326724788,0.358110580043293,0.0129678113051398,0.941061797937439,0.700673489640648,"blue",0.412646152561536,0.0137596534702672,0.0291665231318825,TRUE,FALSE
"K19809","greenyellow",-0.109660966797103,0.530595349185978,0.959685422460598,0.264880281396471,0.124108243800568,0.256444008610409,0.189834901558181,0.27471843886754,0.258138431643032,0.709679030857688,1.80886795408882e-06,0.000248181169162032,0.58320070368,0.000236148645246929,0.0069239851843005,0.109309173568677,0.531922793161086,0.986815669978367,-0.0628941613717948,0.719647932758404,0.479496681116778,0.159190830734186,0.361018393427749,0.284582813889441,0.276259717692703,0.108173184544673,0.302547866229254,"greenyellow",0.709679030857688,1.80886795408882e-06,0.000248181169162032,TRUE,TRUE
"K19838","blue",-0.195976701031902,0.259197194155702,0.872803806508114,0.0259566543320055,0.882335312696707,0.56263033113268,-0.142332591730932,0.414709029684667,0.33616189652232,-0.201916328727377,0.244748746539943,0.497229678641811,-0.281909159029391,0.100860327044368,0.25656684259951,-0.110601314834992,0.527054965855839,0.986815669978367,0.467345749235438,0.00464588711643339,0.0118377387918108,0.121726384480498,0.486061629968617,0.320954522475232,-0.163625614972185,0.347619233534472,0.527617076337425,"blue",0.467345749235438,0.00464588711643339,0.0118377387918108,TRUE,FALSE
"K19841","black",0.111044432702838,0.525390635225244,0.959685422460598,0.293233208950002,0.0873401303237874,0.218650632482688,0.498254331650867,0.00231830634136747,0.00964441489169128,0.267299259456814,0.120582839232401,0.37390939546343,0.207183067715056,0.232396696450258,0.383034173355235,0.00789276933277283,0.964108048848643,0.996847020865946,-0.0499653388926142,0.775612276546823,0.497107331896422,0.237558475953678,0.169398738749253,0.221863862010585,0.327387063992036,0.054884595297473,0.215882837537768,"black",0.498254331650867,0.00231830634136747,0.00964441489169128,TRUE,FALSE
"K19845","black",-0.0185790663618445,0.915635984011643,0.975443604208019,0.228039657074456,0.187656521772824,0.308768814550151,0.477734232452884,0.00370397803230912,0.0125821403517303,0.46985652584983,0.00440110629242952,0.0786809478235017,0.283637038216882,0.0987004800571962,0.256502503941849,-0.259272802227995,0.132574673992127,0.850933000105025,0.081074399249062,0.643373865991295,0.451130398725248,0.248036491345105,0.150810754245101,0.215699003858505,0.444459753103946,0.00747376226317841,0.071784019723499,"black",0.477734232452884,0.00370397803230912,0.0125821403517303,TRUE,FALSE
"K19850","blue",-0.127896385905373,0.464058114326556,0.959685422460598,0.0363985008588434,0.835553322147931,0.549026839681023,-0.216393568262406,0.211824155981345,0.215787691755927,-0.0837802886528933,0.63229941957073,0.719001026825841,-0.169198677913236,0.331215181845186,0.435693512195059,-0.0839339432341441,0.631672878940851,0.987136244631723,0.811468328019184,3.35154107435742e-09,2.95785538095752e-07,0.147528158408938,0.397701817559751,0.291928076339919,-0.124045049249908,0.477730274385851,0.588386891409268,"blue",0.811468328019184,3.35154107435742e-09,2.95785538095752e-07,TRUE,TRUE
"K19881","black",-0.0643443723542941,0.713452996035756,0.959685422460598,0.421042299793279,0.0117763688438633,0.0745927547286966,0.590806998141921,0.000186500010791749,0.00176120447495537,0.342335256361157,0.0441131985539642,0.266627323309687,0.454075687656487,0.00614425046475356,0.0562092193806018,0.154229220166177,0.376369813320268,0.982362580947701,-0.0447993521336235,0.798306574492935,0.50356572364818,0.328799206890847,0.0537852802853399,0.155459791043582,0.356618066263783,0.0354783554380953,0.172188118308187,"black",0.590806998141921,0.000186500010791749,0.00176120447495537,TRUE,FALSE
"K19932","blue",0.0517764544140132,0.767698040025494,0.964756824700076,0.289298362730653,0.0918700069374628,0.226028084858531,-0.0936049400676941,0.592760924656343,0.414338354341572,0.170570868607887,0.327250717583128,0.567630973582783,0.197150649508097,0.256297785724291,0.4036975304816,-0.0477642134939607,0.785260715449104,0.996847020865946,0.489059191538559,0.0028700966756589,0.00784861900535084,0.342340926578519,0.044109462540135,0.144739040848611,0.163927473856898,0.346718312920503,0.527617076337425,"blue",0.489059191538559,0.0028700966756589,0.00784861900535084,TRUE,FALSE
"K19940","pink",0.180878069813401,0.298416912832377,0.883994324068164,0.626587314677224,5.65053837654345e-05,0.00117599336461527,0.455851690434298,0.0059223447994546,0.0182769271574299,0.0318576283381197,0.855839048204041,0.768476700472685,-0.171301842673295,0.325150872011439,0.435321894085766,-0.0944844903017917,0.589274613089904,0.986815669978367,0.191546341211314,0.270333853604456,0.269910413590049,0.669917976763775,1.07387373502055e-05,0.00027497951220631,0.31376389875969,0.0664317130748758,0.238162124714082,"pink",0.669917976763775,1.07387373502055e-05,0.00027497951220631,TRUE,FALSE
"K19984","black",-0.0916046865119894,0.600722779936329,0.959685422460598,0.252914682311308,0.142681978674673,0.27096048448174,0.393452587221619,0.0193685672845537,0.0417508947488714,0.318843000482138,0.0619221868211963,0.305209251791892,0.0511935366118728,0.770242803873682,0.584258398378374,0.0131421737413733,0.940270731500515,0.996847020865946,-0.273480830841901,0.111913869361421,0.149854910975786,0.233834800307353,0.176383288644697,0.222949551261367,-0.0351431788754889,0.841151449809176,0.681270456641967,"black",0.393452587221619,0.0193685672845537,0.0417508947488714,TRUE,FALSE
"K20032","black",0.215143250744973,0.214540617288587,0.829981387866013,0.197546414322232,0.255325190187297,0.345627919343656,0.515479532589971,0.00152909253329987,0.0072562395258777,0.10116559308991,0.563092309861185,0.702342375826855,-0.0203291413039356,0.907721652337527,0.619031313635149,-0.313157994163174,0.0669864531485287,0.755138466897456,-0.169171516833404,0.331293951958214,0.305719290360055,0.247563065036182,0.151617198835025,0.216073787235816,0.464129485546131,0.00497654513389656,0.0598644404890046,"black",0.515479532589971,0.00152909253329987,0.0072562395258777,TRUE,FALSE
"K20047","black",-0.168357740605835,0.333659348891932,0.908112075249253,0.22566759789058,0.192414026179053,0.310874360839603,0.487553434935155,0.00297057274270485,0.0108995034478733,0.447788093952389,0.00698817845919705,0.101736620888007,0.0188247476876802,0.914524445061861,0.619794579124299,0.178979395974796,0.303602787369241,0.944607285615407,0.101980379377466,0.559936287311253,0.423481109556219,0.453192093527631,0.0062572860324151,0.0382077502362359,0.122840528450532,0.48204899693453,0.58861903854255,"black",0.487553434935155,0.00297057274270485,0.0108995034478733,TRUE,FALSE
"K20048","red",0.131104448699307,0.452830196025928,0.959685422460598,0.81526109983385,2.47026099553487e-09,6.2978740677231e-07,0.669585779406201,1.08874804198154e-05,0.000302398330339212,0.281232604722459,0.101715732757181,0.356484726146892,0.227528493649896,0.188674665066666,0.35441765113589,-0.0691870729775001,0.692898377059068,0.988692296438592,0.0613056766307661,0.726453736503375,0.481031304716306,0.427694396124152,0.0103818747138676,0.0556830324826903,0.451155039609696,0.00652469886895908,0.0691289739062545,"red",0.81526109983385,2.47026099553487e-09,6.2978740677231e-07,TRUE,TRUE
"K20059","blue",-0.0450483811047001,0.797208686067324,0.967562416164654,0.155322717472325,0.372953927556119,0.399511568138821,0.315081260306569,0.0652380458466159,0.0959614572706799,-0.343685478277349,0.0432307222228241,0.263616102134236,-0.325085692706619,0.0567143545189771,0.19324110359598,-0.0881682378883918,0.614507662939018,0.987018841867651,0.480218833371089,0.00350496286829117,0.00935139370726818,-0.00123242882027884,0.99439383517355,0.456510280579185,0.0894227039362685,0.609460127582105,0.628823067287145,"blue",0.480218833371089,0.00350496286829117,0.00935139370726818,TRUE,FALSE
"K20061","blue",0.226837533490126,0.19005709621145,0.824980724999754,0.133772283593823,0.443605638212425,0.426684743350818,-0.0276848289793554,0.874561227340843,0.5104375567385,-0.182608489298186,0.293740035300195,0.539516215490273,-0.460949962096433,0.0053231676975035,0.0524863017272241,-0.21976578075385,0.204616111784984,0.904298900430545,0.572981067009175,0.000321355354667641,0.00126302998971593,0.205373934367862,0.236591121093807,0.242974692647391,-0.0413877005330661,0.81338491072947,0.679264331444427,"blue",0.572981067009175,0.000321355354667641,0.00126302998971593,TRUE,FALSE
"K20062","pink",-0.00517768995321004,0.9764504119765,0.993651534912081,0.325910334261204,0.0560532204290935,0.180894186141859,0.139269927622584,0.424923379834377,0.34209248519432,-0.301631884010551,0.0782477918786348,0.332317780513632,-0.455334763348528,0.00598621127072335,0.0559499415444461,-0.248656295056346,0.149759685596634,0.88110903560902,0.469585434496807,0.00442698742155661,0.0113996630027537,0.448999860010875,0.00681822648909822,0.0400386402541461,0.0208504042553852,0.905366007800376,0.693255459289025,"pink",0.448999860010875,0.00681822648909822,0.0400386402541461,TRUE,FALSE
"K20120","pink",0.108226034533037,0.536019919311663,0.959685422460598,0.629223864830175,5.14420668188301e-05,0.00114043805296896,0.42261921428414,0.0114322414006147,0.0287892955116453,0.00283768092934382,0.987092179481137,0.788768170889162,0.321428940264131,0.0597209499041958,0.194791454930501,-0.0359363393205146,0.83761342975164,0.996847020865946,0.138350442614229,0.428017095498168,0.362261993575938,0.743546586758539,3.09625894879929e-07,2.04816452319832e-05,0.260932827570801,0.130025068392756,0.332172410146347,"pink",0.743546586758539,3.09625894879929e-07,2.04816452319832e-05,TRUE,TRUE
"K20167","blue",-0.184818100178863,0.287836575434329,0.883190741752674,-0.0796995973103875,0.64902981778652,0.50402304964274,0.184217210693675,0.289434372438786,0.26846943267079,0.0304030923658348,0.8623568930601,0.769795083345862,-0.176705735777142,0.30988752919515,0.428259998674353,-0.0890601788424596,0.610916996270356,0.987018841867651,0.491942867189057,0.00268590254402909,0.00742862112824652,-0.0848058558037505,0.628122362687101,0.362420257792239,0.272840380072255,0.112789617221359,0.309178220547851,"blue",0.491942867189057,0.00268590254402909,0.00742862112824652,TRUE,FALSE
"K20168","blue",-0.356951729952733,0.0352944228328239,0.587018926596502,-0.206438537886311,0.234116731553477,0.336764657227545,-0.109619822598401,0.530750518372208,0.387703190572473,0.0948691794738822,0.587752645096677,0.708388427363858,-0.0483009107247541,0.78290518831896,0.584863953082124,-0.052335769595525,0.765258557816643,0.996847020865946,0.453943493170097,0.00616104938122327,0.0149154167408209,0.248572775641026,0.149901007051314,0.214784826023278,-0.0535023232004428,0.76017773872245,0.675291667722317,"blue",0.453943493170097,0.00616104938122327,0.0149154167408209,TRUE,FALSE
"K20170","blue",0.118603004959302,0.497401800998517,0.959685422460598,0.34811275838755,0.0404364518402388,0.161080955802654,0.0515572034390073,0.768654915129936,0.477712187860409,-0.0951518577462253,0.586635375275455,0.708388427363858,-0.244182174408562,0.15746750898822,0.332275022899578,0.0416648883842986,0.812157292235387,0.996847020865946,0.383332106596723,0.0230216438326382,0.0439079967536052,-0.0638489412111262,0.715567350540603,0.387532733115965,-0.316104677022977,0.0643224169922367,0.233575616774645,"blue",0.383332106596723,0.0230216438326382,0.0439079967536052,TRUE,FALSE
"K20179","black",0.0434898650646078,0.804085895513164,0.967562416164654,0.137215571655673,0.431852683142217,0.421471114301513,0.413953408843051,0.013433548576951,0.0322796724163815,0.234523210412144,0.175076850349818,0.434124521455948,-0.0593461217653757,0.734877780583061,0.58161678693012,-0.0481803212598916,0.783434282665597,0.996847020865946,0.0961023758457146,0.582885410742704,0.431623983663193,0.106887300226938,0.541104715211387,0.334455705135644,0.375183573494949,0.0263619339546042,0.147130428068512,"black",0.413953408843051,0.013433548576951,0.0322796724163815,TRUE,FALSE
"K20221","blue",0.143551598962034,0.410682355743806,0.957890339843897,0.191716672282439,0.269899995897132,0.350309233846632,0.114140164217153,0.513835219891671,0.380877536835797,-0.221042378506046,0.201932333130708,0.45707224998987,-0.17499712960166,0.314663895879705,0.429646249178493,0.0793685542927098,0.650394636306257,0.988692296438592,0.508413281395385,0.00181850019963432,0.00539871840574369,-0.0717901056974026,0.68193728847223,0.378451765584515,0.0841748853655552,0.630690923303865,0.636804632216537,"blue",0.508413281395385,0.00181850019963432,0.00539871840574369,TRUE,FALSE
"K20223","blue",0.014088986326261,0.935976129657587,0.977127672464111,0.153921547421704,0.377334235001636,0.401391528223746,-0.28393987856871,0.0983255844275235,0.129722298403905,-0.0997050431247743,0.568770045912753,0.702817026561333,-0.389885968366144,0.0205965004565198,0.109799766822338,-0.237620139623185,0.169284765623575,0.892881260886835,0.50338619931878,0.00205258167726198,0.00600188181254653,0.174611384473218,0.315748587959469,0.262844456777147,0.0301586472893587,0.863453152823111,0.68477757879223,"blue",0.50338619931878,0.00205258167726198,0.00600188181254653,TRUE,FALSE
"K20316","black",0.021488108005211,0.902485236191831,0.973554656411546,0.139462398479582,0.424277369774039,0.418446993248483,0.412544810122911,0.0137852100536608,0.032708545717646,-0.0253324049737983,0.885146157708072,0.774258371572228,-0.316514205733202,0.0639588667117939,0.202624492775562,-0.241227830672698,0.162711793868433,0.88110903560902,-0.146833447432951,0.399952366624055,0.348223822623414,0.0731836583608943,0.676095219898628,0.377147971266176,0.133116593495203,0.4458632746432,0.578551019825083,"black",0.412544810122911,0.0137852100536608,0.032708545717646,TRUE,FALSE
"K20352","red",0.0341377030688466,0.845640929822939,0.967562416164654,0.561698420397451,0.000446372165232156,0.00615143597103519,0.0608146901811867,0.728561550605689,0.465237346879853,0.0581307420437705,0.740118045438155,0.742295550241748,0.227573011541332,0.188585839520562,0.35441765113589,0.0295979847464515,0.865968493134861,0.996847020865946,0.0260532860318612,0.881900328758013,0.531433636548621,0.126356827575451,0.469498431306761,0.316909774482643,-0.23138934671668,0.181080180573725,0.387108645618052,"red",0.561698420397451,0.000446372165232156,0.00615143597103519,TRUE,FALSE
"K20362","black",0.142836503883961,0.413041794710413,0.959128489173492,0.215845429243258,0.213012119151033,0.321818986375671,0.486621137999501,0.00303430446311672,0.0109539363685962,0.172211472376518,0.322549512097256,0.561606509633105,-0.239954328035515,0.16501072217886,0.335965170414894,-0.110086931139644,0.528990180317233,0.986815669978367,-0.0241298424831266,0.890564866408251,0.533673475767999,0.259641975279873,0.132004500204571,0.205277755761991,0.478983192170873,0.00360274619303893,0.0507258345821382,"black",0.486621137999501,0.00303430446311672,0.0109539363685962,TRUE,FALSE
"K20363","black",-0.0910192663807251,0.603061685437336,0.959685422460598,0.308899372067193,0.070988728294752,0.200536447329064,0.387832214620834,0.0213324707767993,0.0451686613447285,0.366013915876495,0.0305880969581464,0.224425815984749,0.215891631791244,0.212911809289831,0.372112286087138,0.197590333660997,0.255217409058462,0.922938068757764,-0.0822446616530163,0.638574854673776,0.449985544511381,0.197028791519861,0.256597746235131,0.249921742039477,0.158093584547539,0.364380622987178,0.532697464080098,"black",0.387832214620834,0.0213324707767993,0.0451686613447285,TRUE,FALSE
"K20368","pink",0.194309249160178,0.263352560372117,0.874194515218989,0.126359870711221,0.469487644760457,0.435269297763471,0.16787953409695,0.3350541820932,0.289770777029913,0.363117981707489,0.0320326134721123,0.226948682489197,0.173915817303812,0.317710391033111,0.431277026290526,0.0192020065322284,0.912817919420567,0.996847020865946,0.211349137741021,0.22293003194775,0.240464596215677,0.447219812341161,0.00706912176069956,0.0406626039327061,0.088156989764744,0.614553000800917,0.63022517701602,"pink",0.447219812341161,0.00706912176069956,0.0406626039327061,TRUE,FALSE
"K20404","black",-0.0268436006896763,0.87834404337116,0.96985564641893,0.00418256634856822,0.98097559813851,0.583998812349508,0.469919256773872,0.00439513602000964,0.01451233202453,-0.310828500933183,0.0691531727332821,0.314171748140669,-0.24004651443953,0.16484352857498,0.335965170414894,-0.0552948748483462,0.752389705035661,0.996847020865946,-0.0358880588926942,0.83782870362518,0.516416074342498,0.100271304306705,0.56656566985548,0.343573310567055,0.0987067556242152,0.572665729770307,0.618152877672231,"black",0.469919256773872,0.00439513602000964,0.01451233202453,TRUE,FALSE
"K20456","red",0.344780106356187,0.0425257840500393,0.611738976068297,0.58838248585133,0.000201200931535082,0.00321448779652444,0.177734018822218,0.307035122696046,0.277750662098995,0.294854027300808,0.0855249919652495,0.341111656784762,0.0300170842074801,0.864088133799183,0.610106020201995,-0.0647441241715948,0.711748500816335,0.988692296438592,0.0311976502826776,0.8587953055231,0.523358113172078,0.134216584017119,0.442079394120674,0.306748931413864,0.108764692652609,0.533980476284422,0.603538738173244,"red",0.58838248585133,0.000201200931535082,0.00321448779652444,TRUE,FALSE
"K20520","red",0.16937542967981,0.33070286451695,0.906816557290941,0.800595233000817,7.74952271182876e-09,1.58057851254668e-06,0.271440297099954,0.114722004763692,0.1419884795619,0.398455224932201,0.0177494901093174,0.164545544624572,0.576200922984966,0.000291947514339104,0.00813203162218191,-0.0176530648366676,0.919826900849281,0.996847020865946,-0.0149688242865748,0.931986904228716,0.540479755414879,0.300412563927678,0.07952018750636,0.178085995669144,0.301457761431216,0.0784285202916818,0.260924419174544,"red",0.800595233000817,7.74952271182876e-09,1.58057851254668e-06,TRUE,TRUE
"K20522","red",0.413636648665434,0.0135119629230821,0.471503811839649,0.693208279350034,3.91394902973851e-06,0.000153515750523998,0.194957094937841,0.261732922744426,0.249662939370684,0.268172069199555,0.119329338074015,0.37390939546343,0.183591677528614,0.291103738407017,0.418979027964797,-0.0695930247427576,0.691184849259756,0.988692296438592,0.0338746719052884,0.846816167125295,0.519646177232301,0.154010989839455,0.377053721839374,0.287791990709941,0.0769413490111505,0.660435414908963,0.643350563606172,"red",0.693208279350034,3.91394902973851e-06,0.000153515750523998,TRUE,FALSE
"K20523","blue",-0.145935987307205,0.402870514173818,0.951191554582052,-0.00338480680164804,0.984603727022342,0.584133415910857,-0.285986751086275,0.0958200663660404,0.127626585727914,-0.499720386825781,0.00223949391355736,0.050291091853702,-0.356946387333315,0.0352973618353556,0.154225552453001,0.185167381788146,0.286910429910594,0.937304618994439,0.588737533187581,0.000198985276207641,0.000850981581011974,0.0871052205446143,0.618798558939812,0.35985326947598,-0.154024567195978,0.377011150672696,0.53597673142278,"blue",0.588737533187581,0.000198985276207641,0.000850981581011974,TRUE,FALSE
"K20643","black",0.320014485956619,0.0609171794855996,0.683964679047626,0.225899671338523,0.191944874289111,0.310874360839603,0.43652545964483,0.0087489939191257,0.0238788240172625,-0.0408656374646558,0.815698225991705,0.754008730515398,0.216130368680501,0.212394008394483,0.372112286087138,-0.0687165600231252,0.694886294513209,0.988692296438592,-0.367302968971333,0.0299624913889849,0.0550895309647432,0.222402962007312,0.199099037642423,0.229887898427283,0.393514181233463,0.0193479094097499,0.12420953662457,"black",0.43652545964483,0.0087489939191257,0.0238788240172625,TRUE,FALSE
"K20692","blue",-0.333083218417835,0.0505571831848001,0.650275768102696,-0.202636805367463,0.24303357821006,0.342888952048976,-0.0164501755164961,0.925274118764479,0.522594771551114,-0.116961576977659,0.503414781408191,0.667377545696716,-0.226234244126247,0.191269925963735,0.355773941715789,-0.0883186398974019,0.613901571918707,0.987018841867651,0.412524826714379,0.0137902541925939,0.0291665231318825,0.210578038952546,0.224662054653742,0.236206359078665,-0.0855299678213341,0.62517992617245,0.633468771707241,"blue",0.412524826714379,0.0137902541925939,0.0291665231318825,TRUE,FALSE
"K20697","black",0.0394100567292866,0.822156091239762,0.967562416164654,0.268105362703155,0.119424794759567,0.253565041961424,0.385548121057871,0.0221764962419716,0.0462764012050152,0.363911238913538,0.031631497015299,0.226948682489197,0.286781566908695,0.0948604014744028,0.253477850589944,-0.153438817625223,0.378850309727724,0.982362580947701,-0.0805170932294263,0.645664278071754,0.451262857068129,0.178053541194579,0.30615217157458,0.261129671426753,0.205066427189336,0.237309109951827,0.446442586350493,"black",0.385548121057871,0.0221764962419716,0.0462764012050152,TRUE,FALSE
"K20705","pink",-0.0932807767394241,0.594048095043971,0.959685422460598,0.220944203895539,0.202137851660822,0.312479728926053,0.178453206963073,0.305050018267634,0.27699289862348,0.459435778574892,0.00549541563916814,0.0876726341773503,0.177126139269003,0.308719340234432,0.428259998674353,-0.121146728508751,0.488156075712832,0.986815669978367,0.027585180294137,0.875009184184845,0.528922626159863,0.618869586834936,7.40156481554276e-05,0.00119904719424959,0.453611028678665,0.00620347241620416,0.0691289739062545,"pink",0.618869586834936,7.40156481554276e-05,0.00119904719424959,TRUE,FALSE
"K20721","tan",-0.10360342294461,0.553674025134701,0.959685422460598,0.0459326525298763,0.793313322872146,0.539789906416515,0.209222646201477,0.227728680421313,0.22781203016401,-0.0717639833820298,0.68204697386742,0.731064640794532,-0.198039321715289,0.254117291450654,0.401421418286564,-0.412111080657979,0.0138950400963402,0.45434159409354,0.145481787086212,0.404351999526479,0.350482749729381,0.0101960912484877,0.953643791320195,0.446343431866217,0.573360082578192,0.000317761722401817,0.0100952058541754,"tan",0.573360082578192,0.000317761722401817,0.0100952058541754,TRUE,FALSE
"K20723","blue",-0.253864192527978,0.14113779098642,0.783573301412066,0.068973997917132,0.693798370392975,0.515316277213202,-0.065347928167096,0.709176555958263,0.45776329134338,-0.173410167187448,0.319141316579048,0.560017520764421,-0.207889418332267,0.230772788572038,0.383034173355235,0.140369718039466,0.42123942398926,0.986815669978367,0.82851384983882,8.03507325119177e-10,1.33749109456916e-07,0.225527671455112,0.19269728488615,0.227521512131305,-0.095176800394933,0.58653683595972,0.618494199236361,"blue",0.82851384983882,8.03507325119177e-10,1.33749109456916e-07,TRUE,TRUE
"K20737","greenyellow",-0.141352856276754,0.41796140221463,0.959128489173492,0.151565411906668,0.38476775338723,0.404935649817702,-0.00615047259578393,0.972027515819528,0.536801063474726,0.89366946176267,5.01782304669782e-13,6.8845776584337e-10,0.445452091205816,0.00732605785469328,0.0600185782941605,-0.181869744374933,0.295730904019408,0.944607285615407,-0.0390553246919352,0.823731664265839,0.511297991783912,0.0202569723130425,0.908047853399446,0.435794797623663,0.150250141260988,0.388954249985217,0.546590122608535,"greenyellow",0.89366946176267,5.01782304669782e-13,6.8845776584337e-10,TRUE,TRUE
"K20743","greenyellow",0.0283309812378009,0.87165747573419,0.968322054773944,0.131618746356937,0.451043918199157,0.429477565744176,0.0759394651716874,0.664597160381425,0.443540171913858,0.841139138438677,2.51326905366052e-10,1.72413373443398e-07,0.331608186531612,0.0516506995889923,0.18504190350518,0.060429623751702,0.730216019589256,0.992474492474258,0.0463134712947779,0.791637260679913,0.501953379685454,0.0550679105907325,0.753374477909013,0.396137593802755,0.157917317767952,0.364922481731464,0.532697464080098,"greenyellow",0.841139138438677,2.51326905366052e-10,1.72413373443398e-07,TRUE,TRUE
"K20844","black",0.1388965956282,0.4261779941501,0.959685422460598,0.561008604022557,0.000455257876522676,0.00619023772221938,0.556406990391965,0.000518664911754953,0.00340138110935094,0.114232753909962,0.513491564609307,0.673838136503963,0.326117347298239,0.055888218039257,0.191881196171427,0.129749701825441,0.457553737562445,0.986815669978367,0.0661385879090386,0.705813464497369,0.472976151580957,0.284866983689786,0.0971846316460172,0.191029521777356,0.341269790875526,0.0448197495642089,0.194499949978416,"black",0.556406990391965,0.000518664911754953,0.00340138110935094,TRUE,FALSE
"K20967","black",0.0551793937346727,0.752890716924265,0.964756824700076,0.280150237548425,0.103095669149556,0.23679284427554,0.446692805303328,0.0071449018979318,0.0206971043398866,0.212637763041047,0.220055937830949,0.471753443642766,-0.189180643012847,0.276406767541214,0.413163315274298,0.044250390086468,0.800728112302906,0.996847020865946,0.0110019435266577,0.949984422033259,0.547645434717638,0.236759755612878,0.170879977316498,0.221863862010585,0.2484116610993,0.150173899592932,0.359596542448734,"black",0.446692805303328,0.0071449018979318,0.0206971043398866,TRUE,FALSE
"K21157","blue",-0.0235983323302817,0.892961403480072,0.973539962800205,0.0617199097899681,0.724676959864301,0.521906039866975,-0.0442110850220394,0.800901562056255,0.489959708226109,-0.223030758745377,0.197801092324807,0.456789685643803,-0.286999848725563,0.0945981364843788,0.253477850589944,0.162775543019491,0.35016395777669,0.972490607094558,0.790263618167323,1.64129917673298e-08,7.24252738360303e-07,0.252159482426571,0.14391896089378,0.211279655629895,-0.181558081587223,0.296573392305032,0.491233509225611,"blue",0.790263618167323,1.64129917673298e-08,7.24252738360303e-07,TRUE,TRUE
"K21197","blue",-0.150152421110523,0.389266343895467,0.939011135527,-0.0539312420086333,0.75831208747721,0.530700023415906,-0.176810446442107,0.309596306219254,0.278817464776227,-0.138443676720014,0.427702829954524,0.630172149624081,-0.218055166111826,0.208250958175186,0.37065250807918,0.0409951011683031,0.81512441531003,0.996847020865946,0.748992788458796,2.27244709471585e-07,3.93940679063414e-06,0.0732322323589598,0.675891920036875,0.377147971266176,-0.0990081692827913,0.571488230816535,0.617918435341833,"blue",0.748992788458796,2.27244709471585e-07,3.93940679063414e-06,TRUE,TRUE
"K21293","blue",-0.325684440947404,0.0562337126642889,0.668512683941183,0.0180613141698777,0.917978969139754,0.568831643979555,-0.297078633224843,0.0830811859192046,0.113706296739,-0.121479510650879,0.486953081306232,0.660842436829494,-0.0737584138287731,0.673691106146212,0.573246252196243,-0.0148343246322972,0.932596628700534,0.996847020865946,0.592036018518991,0.00017942174675946,0.000795345889099234,0.17118312880718,0.325491327603766,0.267467553879662,-0.0167550143277278,0.923893347161754,0.696726744618399,"blue",0.592036018518991,0.00017942174675946,0.000795345889099234,TRUE,FALSE
"K21389","blue",0.0298135756135288,0.865001117869357,0.967562416164654,0.224115468732727,0.195572431172385,0.311629657976543,0.336141852804864,0.048348604823191,0.0789927124550581,-0.189903418283689,0.274542019275711,0.523278496618447,-0.443193564461461,0.00766591813773666,0.0613556030977822,0.186693546326247,0.282886224670262,0.933073612568139,0.512889243211011,0.00163010675063345,0.00491456687744721,0.0251104654062288,0.886145832365212,0.428893364709803,0.0678515446059723,0.698546202439446,0.655720195284918,"blue",0.512889243211011,0.00163010675063345,0.00491456687744721,TRUE,FALSE
"K21390","black",-0.120075399931742,0.492039244258268,0.959685422460598,0.31177185790384,0.068269213864685,0.19666757480255,0.579034930248901,0.000268076927284283,0.00220136732320909,0.0642436583618834,0.713882644391558,0.737181984893126,-0.179405783886084,0.302433246352105,0.425997760367519,0.211642415707725,0.222273676992834,0.91433593416675,0.131793910060057,0.450436402608912,0.373474518598608,0.291882703117948,0.088875064064694,0.187323938488218,0.368409827806319,0.029433712156104,0.153230876816347,"black",0.579034930248901,0.000268076927284283,0.00220136732320909,TRUE,FALSE
"K21397","black",0.216933072796409,0.21065937249096,0.829981387866013,0.292482066362272,0.0881913126415698,0.218715052490095,0.686131218402637,5.37047098432539e-06,0.000235494290235435,0.21315424334164,0.21891115178772,0.470080387563181,0.213149788783211,0.218921007908689,0.377723216248402,-0.122264625285088,0.484120986636291,0.986815669978367,-0.159306855513979,0.36066395367976,0.324493774841448,0.303120689057148,0.0767156730155839,0.176660815631565,0.312726479112259,0.067383741763262,0.239913167547396,"black",0.686131218402637,5.37047098432539e-06,0.000235494290235435,TRUE,FALSE
"K21421","blue",0.321318306331329,0.0598138400220522,0.683964679047626,0.274278540860326,0.110830250696436,0.245703649037753,0.031337696741996,0.858167832445086,0.506504336229207,-0.12828511683432,0.462689774448126,0.649552406772992,-0.239788139369968,0.16531243724607,0.335965170414894,0.210159150550483,0.225606784674683,0.91433593416675,0.72344324938935,9.10539715305015e-07,1.16308211122013e-05,0.178837176674942,0.303993517721944,0.260717675397843,-0.130431003469729,0.455174980412612,0.58141315421295,"blue",0.72344324938935,9.10539715305015e-07,1.16308211122013e-05,TRUE,TRUE
"K21451","blue",-0.201486964611757,0.24577473502198,0.864780203455952,-0.0665638392483459,0.704006906132719,0.517994098289167,-0.123457470591063,0.479834469956951,0.365249322038338,-0.152015549795963,0.383341027055887,0.607337852230175,-0.010433485375452,0.952565686167509,0.630991065211668,0.0269559825724277,0.877838531910258,0.996847020865946,0.778202850670738,3.74550335006326e-08,1.25382598753377e-06,0.154399228108452,0.37583753440061,0.287788217037811,-0.0627918876007587,0.720085489574618,0.663345795141952,"blue",0.778202850670738,3.74550335006326e-08,1.25382598753377e-06,TRUE,TRUE
"K21452","blue",0.0681576638747317,0.697250232674348,0.959685422460598,-0.021741864037153,0.901339253679373,0.565252209295638,-0.0711610673175331,0.684580344015867,0.44996462216073,-0.150670347449757,0.387613871832782,0.61060434109165,-0.145414631541685,0.404571307243855,0.466629531504427,-0.00934001034818417,0.957532268018826,0.996847020865946,0.674205826513507,8.97772323880525e-06,6.97238363884592e-05,0.232247753561783,0.17942149338921,0.223853447194547,-0.0141480240803021,0.935708400729694,0.699300102510737,"blue",0.674205826513507,8.97772323880525e-06,6.97238363884592e-05,TRUE,FALSE
"K21545","blue",-0.142195370634751,0.415163693427842,0.959128489173492,0.065981750505929,0.706480143207716,0.51943908063054,-0.243231101421392,0.159142256934445,0.176184379275814,0.0771845718489275,0.659426589922387,0.728939106604285,0.064182791670688,0.714142345149085,0.581346948482174,-0.235877480857765,0.172526895783537,0.897287153931499,0.560388301654177,0.000463382094953915,0.00169115216970933,0.0570101783314501,0.744959718632289,0.39423060981541,-0.0863056373124392,0.622034293359171,0.632249985635362,"blue",0.560388301654177,0.000463382094953915,0.00169115216970933,TRUE,FALSE
"K21546","blue",-0.389735576859414,0.0206496676882989,0.512339273119295,-0.166679137292459,0.338571254236802,0.382360881826994,-0.123328507598006,0.480296947428032,0.365249322038338,0.0658296380312123,0.707126942598806,0.733330084262853,0.126605549891264,0.468617253911261,0.495372543777117,0.381556516964806,0.0237179122796084,0.548041893074152,0.499390820382217,0.00225700392322084,0.00648247258538062,0.243247576425685,0.15911313709461,0.219260737743892,-0.321755652859412,0.059447302310964,0.224952633870352,"blue",0.499390820382217,0.00225700392322084,0.00648247258538062,TRUE,FALSE
"K21547","blue",0.190390337337402,0.273290406594941,0.877847133809312,0.111260160628777,0.524581300098364,0.456453262877386,-0.0760225865947228,0.664251503127556,0.443540171913858,-0.0755460580775119,0.666234050700858,0.728939106604285,-0.0034548726442344,0.984285061525813,0.641154623651573,-0.176252873080039,0.311149024138346,0.954589382312911,0.602167357871872,0.0001296359548892,0.000610918568894654,0.140349074841003,0.421308407252285,0.29833439328493,0.048718481909522,0.781073808039556,0.676698370396686,"blue",0.602167357871872,0.0001296359548892,0.000610918568894654,TRUE,FALSE
"K21573","red",0.194142435877803,0.263770664975297,0.874194515218989,0.461664147318353,0.00524355108605808,0.0414521361295914,0.426612005441811,0.0105987383386262,0.0271631170721304,-0.078459249270184,0.654149251130593,0.726727931155567,-0.0916693338889613,0.600464736742697,0.543480195578278,-0.284574037721671,0.0975440528453794,0.797376620665295,0.117670852665065,0.500812035905555,0.396237221840104,0.12726733613035,0.466276924848131,0.315271444985782,0.349928517741869,0.0393335110481993,0.1823446115589,"red",0.461664147318353,0.00524355108605808,0.0414521361295914,TRUE,FALSE
"K21632","pink",-0.0707496018172913,0.686311212350553,0.959685422460598,0.373914709579312,0.0269163107995706,0.125308086220508,0.489660344728364,0.0028308166491035,0.0106082102678556,0.235713147080229,0.172834899532068,0.434124521455948,0.128366071320001,0.462405083462463,0.492544170599615,-0.0244541645049754,0.889102991112172,0.996847020865946,0.0954848681993326,0.585320376117077,0.432437504890685,0.771251628425518,5.89022698162052e-08,7.79272931420614e-06,0.443672155974238,0.00759279703863863,0.0723663459538119,"pink",0.771251628425518,5.89022698162052e-08,7.79272931420614e-06,TRUE,TRUE
"K21642","black",0.0872860003969434,0.61806795620287,0.959685422460598,0.264630707328989,0.124476289328922,0.256444008610409,0.662827919963047,1.43503325046982e-05,0.000338791801097982,0.0204092724566944,0.907359480000874,0.775167937993012,0.224321701611189,0.195150696212701,0.35882126500014,0.180524567687966,0.299378138073361,0.944607285615407,0.023747886258261,0.892286981521873,0.533675247094465,0.266389804228212,0.121899397389711,0.203925984059529,0.268702392343027,0.118572475298223,0.31730805759042,"black",0.662827919963047,1.43503325046982e-05,0.000338791801097982,TRUE,FALSE
"K21777","pink",0.355793875775772,0.0359360351609674,0.587018926596502,0.474567979330593,0.00397172758525623,0.0340363996422517,0.33556742628313,0.0487573840669183,0.0792492541165882,0.0160129792158282,0.927254779250375,0.778710702184942,-0.106802962400497,0.541425815781099,0.518696733400035,-0.311415741371097,0.0686018609446791,0.755138466897456,0.0974012749968837,0.577778341215694,0.430138921055325,0.508062596559306,0.00183403518751732,0.0144143512420076,0.305208013158436,0.074607010527254,0.253910467211463,"pink",0.508062596559306,0.00183403518751732,0.0144143512420076,TRUE,FALSE
"K21797","red",0.0320395908684963,0.855024316033267,0.967562416164654,0.508756355296922,0.00180341400861094,0.0182089619154469,0.159491512030112,0.360100283030722,0.303895518168069,0.27872296347989,0.104936977930301,0.356484726146892,-0.0529359685837384,0.7626432273008,0.584258398378374,-0.0786524014654951,0.653351003296453,0.988692296438592,0.223929766590712,0.195952726673752,0.222750411723765,0.580320860330289,0.000257832661442756,0.00319791391091686,-0.09268342973589,0.59642319572557,0.623478930540152,"red",0.508756355296922,0.00180341400861094,0.0182089619154469,TRUE,FALSE
"K21802","tan",-0.0928892982661708,0.595604179819466,0.959685422460598,0.259032508252455,0.132946774803547,0.264940178540996,0.280187749283866,0.103047608313781,0.132578400620898,0.300515676067728,0.079411970139653,0.332317780513632,0.403673740242614,0.0161826331798192,0.0915244719291194,0.025561046392183,0.884116478459608,0.996847020865946,-0.0477882783390641,0.785155056164164,0.500144548985305,0.235546701062241,0.173147261610023,0.221863862010585,0.73708944856519,4.42458725311217e-07,6.09127854701964e-05,"tan",0.73708944856519,4.42458725311217e-07,6.09127854701964e-05,TRUE,TRUE
"K21842","pink",-0.161753969165082,0.353236945492722,0.92192714840194,0.00606607575500764,0.972411207554748,0.581476700297344,0.183334895084152,0.291790799887277,0.26961969789325,-0.143747139291754,0.410038507124166,0.621622602878048,0.096698764708416,0.580538009031146,0.537548214573387,-0.204902241718007,0.23769306201457,0.91433593416675,0.359616270865427,0.033853259257021,0.0608599795991307,0.569567089371324,0.000355395069245187,0.00403015889036881,0.366987454822127,0.0301146395090339,0.15481889619354,"pink",0.569567089371324,0.000355395069245187,0.00403015889036881,TRUE,FALSE
"K21890","blue",-0.228558924189389,0.186626203512208,0.824980724999754,-0.317959641442636,0.062688629212527,0.183775082006566,-0.0234589012816232,0.893590242250569,0.517022082398059,-0.227060685799923,0.189609851037603,0.449573894359009,-0.355980318174094,0.0358320843586063,0.154793593338566,0.148672135085221,0.39401175925282,0.986815669978367,0.529499963690717,0.00107201329084339,0.00349227938887799,-0.262311393101945,0.127935484811287,0.203925984059529,-0.0289097448046224,0.869057961666352,0.685637078290536,"blue",0.529499963690717,0.00107201329084339,0.00349227938887799,TRUE,FALSE
"K21989","blue",0.117004746673307,0.503256172202931,0.959685422460598,0.11897617274135,0.496039898317544,0.445298828421416,-0.112774042400139,0.518918938270243,0.382842787925975,-0.325087508119452,0.056712892295757,0.300985921933202,-0.258817489458471,0.133280389520332,0.298977512950851,-0.113712306948018,0.515424732907251,0.986815669978367,0.770211151698102,6.29471873792977e-08,1.74595626355355e-06,0.195807667236217,0.259616449677393,0.251267886003059,-0.0858267263012784,0.623975685390084,0.633468771707241,"blue",0.770211151698102,6.29471873792977e-08,1.74595626355355e-06,TRUE,TRUE
"K22032","magenta",-0.0345622364400503,0.843744783878944,0.967562416164654,0.124001332909634,0.477886662364857,0.439049061735321,0.0380622237570313,0.828146194429701,0.497855573552761,0.41088003366285,0.0142107881152582,0.146651905800022,0.706992522303435,2.05884430293977e-06,0.000208537944220511,0.281258322245248,0.101683116274836,0.800985638655871,-0.104770787105312,0.549190258973201,0.419801687156955,0.0971332301930837,0.578830605485746,0.348019668120324,0.237692427493925,0.169151225602918,0.376268757260519,"magenta",0.706992522303435,2.05884430293977e-06,0.000208537944220511,TRUE,TRUE
"K22068","blue",-0.448641554230662,0.0068681067416651,0.390366518170724,-0.148808258495463,0.393573993904134,0.408454441630602,0.108309786364847,0.535702576532118,0.389357718270923,0.0279909662355769,0.873185270156021,0.772923770976823,-0.20996814460991,0.226038461943715,0.382196061755254,0.269859560583502,0.116933464467482,0.830651926778595,0.411230564268064,0.0141202729520013,0.0297349519901099,0.156281030339619,0.369975444342013,0.28764443017638,0.0685519715098458,0.695582154529144,0.65489360187271,"blue",0.411230564268064,0.0141202729520013,0.0297349519901099,TRUE,FALSE
"K22133","black",0.0494290935988523,0.777959878681677,0.964756824700076,0.223447098926167,0.196943587912198,0.312174711337857,0.697319908417122,3.2434528072592e-06,0.000191433755626899,0.0466376267468809,0.79021130853076,0.744922708456456,0.117123464166048,0.502820123683393,0.506994560426029,0.38927831235945,0.0208120235451299,0.50179546255137,0.0913597010846416,0.601701084726364,0.438532358497817,0.334109215479454,0.0498075249354442,0.149196246664282,0.116703694266337,0.50436278899054,0.595855758530576,"black",0.697319908417122,3.2434528072592e-06,0.000191433755626899,TRUE,FALSE
"K22134","blue",0.595719428565744,0.00015962633270372,0.110447371171167,0.0449942643026541,0.797447237133457,0.540351772311281,-0.135821759544112,0.436589306196157,0.347650435757093,-0.00710515604312031,0.9676877070149,0.78572953888437,0.0203637834933904,0.90756507624297,0.619031313635149,0.0658782783868244,0.706920096369022,0.988692296438592,0.396045286789424,0.0185147422904543,0.0374456616781244,0.16050960367657,0.357002002839432,0.283103595908676,0.0375463244330333,0.830441522961614,0.681270456641967,"blue",0.396045286789424,0.0185147422904543,0.0374456616781244,TRUE,FALSE
"K22248","blue",0.134725802906534,0.440333675069246,0.959685422460598,0.174073526415819,0.317264916053684,0.375281231230416,-0.133739791088283,0.44371736776138,0.34889467378476,0.0676185194481599,0.699533287300375,0.732482809858693,0.161051965491833,0.355358033368835,0.447757808169976,-0.136384027775463,0.434675111928148,0.986815669978367,0.716425466978091,1.298510416112e-06,1.4657910363473e-05,0.146906529190183,0.399715271714123,0.291928076339919,0.0342108729163631,0.845314061146312,0.681385103798528,"blue",0.716425466978091,1.298510416112e-06,1.4657910363473e-05,TRUE,TRUE
"K22255","black",0.164185271009508,0.345950021298411,0.917762421640375,0.244005530602087,0.157777594651085,0.290677601065607,0.50987114241811,0.00175514693598628,0.00804594721099917,0.063626985733799,0.716515267727835,0.738045582868185,-0.052812914763526,0.763179217295375,0.584258398378374,-0.0879440758723309,0.615411458545249,0.987018841867651,-0.0214836721748317,0.902505270486412,0.533675247094465,0.14422041254864,0.408482547981024,0.295406261290554,0.36722452463895,0.0300002600661471,0.15481889619354,"black",0.50987114241811,0.00175514693598628,0.00804594721099917,TRUE,FALSE
"K22337","blue",-0.111015038154613,0.525500960349539,0.959685422460598,0.232166728747007,0.179577594461564,0.305728869028327,-0.0366817637728402,0.834291194630367,0.499277022998903,0.0477474788663512,0.785334192852087,0.744922708456456,0.11099804489619,0.525564745472519,0.514953604143553,0.19532366964301,0.260819387422526,0.925971231397162,0.680769315198036,6.78600331972069e-06,5.64339143956692e-05,0.278181174735602,0.105642412954192,0.195474373859249,-0.188055894309851,0.27932494152263,0.484718627846282,"blue",0.680769315198036,6.78600331972069e-06,5.64339143956692e-05,TRUE,FALSE
"K22381","black",0.00602767831355494,0.972585775125523,0.993070802163856,0.134738784751341,0.440289219677504,0.426388252124667,0.444956714560953,0.0073994770093227,0.0210471773427073,0.0378347014107848,0.829158310771494,0.757249903519875,-0.237858781218053,0.168844200561961,0.336533737189832,-0.191539901771799,0.270350264722552,0.930619645693408,-0.307376031054257,0.0724649139428836,0.108394727790868,0.178929957675304,0.303738577025096,0.260717675397843,0.422131289834997,0.0115377992532959,0.0892670218281932,"black",0.444956714560953,0.0073994770093227,0.0210471773427073,TRUE,FALSE
"K22386","black",0.069485802216091,0.691637290794239,0.959685422460598,0.276883498884846,0.107346630315469,0.242012644382478,0.599142205347109,0.000143010951261478,0.00145216934910141,-0.143871851457434,0.409628170894272,0.621622602878048,-0.116505015294165,0.505093768446032,0.506994560426029,0.0205100845872976,0.906903861028593,0.996847020865946,-0.15554522350599,0.372261108707893,0.33168031616904,0.297809429636254,0.0822902658232271,0.181449081887518,0.4526127232445,0.00633236780188725,0.0691289739062545,"black",0.599142205347109,0.000143010951261478,0.00145216934910141,TRUE,FALSE
"K22395","black",0.345781425141029,0.0418890821260737,0.611738976068297,0.4358959421814,0.00885766377695672,0.0602197647426344,0.426439526983836,0.0106336477169351,0.0271631170721304,-0.117000999534109,0.50326993851947,0.667377545696716,0.195559444626245,0.260232928887613,0.403832603359633,0.113480300755344,0.516287665235149,0.986815669978367,0.0597427921959377,0.733170017131621,0.483528370962631,0.184026657316695,0.289942251338432,0.255589704664293,0.113096079267534,0.517718322127587,0.598383005344419,"black",0.426439526983836,0.0106336477169351,0.0271631170721304,TRUE,FALSE
"K22432","black",0.205274183091299,0.236823866537944,0.860556400398395,0.296399445337417,0.0838215048356319,0.214698614476299,0.553055847289008,0.000569657694506055,0.00358635790063347,-0.0217316604832522,0.901385329975464,0.774815156413682,0.0154790274992882,0.929674359576736,0.625496363198677,0.282578196686654,0.100019810839486,0.800985638655871,-0.165093679928713,0.34325101886847,0.314887674491479,0.266921947338327,0.121127754805562,0.203925984059529,0.190754597870921,0.272356521224295,0.476631483585605,"black",0.553055847289008,0.000569657694506055,0.00358635790063347,TRUE,FALSE
"K22483","pink",0.00243561595311689,0.988920939759622,0.997555290223181,0.225016064449676,0.19373543873296,0.310874360839603,0.351580766465978,0.0383511736085598,0.0691159514057304,0.127775249199706,0.464484956374266,0.649627807374917,0.369705764234997,0.0288243561200328,0.136661448825471,0.242979245236785,0.159587895678397,0.88110903560902,0.241951837344491,0.161415134818272,0.194658533814007,0.536604103440694,0.000890199042884053,0.00801284096420673,0.206825204760856,0.233222371642937,0.440498641463807,"pink",0.536604103440694,0.000890199042884053,0.00801284096420673,TRUE,FALSE
"K22484","blue",-0.309360393170451,0.0705466438399133,0.724709891041615,-0.320696757682786,0.0603378288147441,0.183775082006566,-0.257340806818057,0.135588262423659,0.157729725062484,-0.102369871761234,0.558430508999778,0.700347812631094,-0.0383643370618411,0.826802686469581,0.596142228132787,0.14748047707715,0.397856050381915,0.986815669978367,0.444769292907555,0.00742741810251316,0.01724990331135,0.199668215394077,0.250152598389949,0.248523264466509,-0.183586169659052,0.291118464673966,0.490131022917609,"blue",0.444769292907555,0.00742741810251316,0.01724990331135,TRUE,FALSE
"K22534","blue",0.177294463265792,0.308252392362385,0.887377734159492,0.382172081622358,0.0234745826146028,0.116660397520389,-0.258121626515403,0.134364298433189,0.15694847700082,0.0405440216649644,0.817124103042542,0.754008730515398,0.0918690870544145,0.599667714292098,0.543242926123689,-0.13248133503667,0.448056501491088,0.986815669978367,0.394692445825175,0.0189562540560884,0.0380991317624796,0.327705463049697,0.0546351837647232,0.156004247449831,-0.0340913232199791,0.845848133756411,0.681385103798528,"blue",0.394692445825175,0.0189562540560884,0.0380991317624796,TRUE,FALSE
"K22684","blue",-0.272471405763799,0.113296482895197,0.763998858849709,0.0513931310508723,0.769371194856965,0.532640420272003,-0.246828485354837,0.152874690580971,0.17145668335888,-0.1588408537028,0.362088786645634,0.592658115692002,-0.143226263368246,0.411754844621278,0.469224368412517,-0.12557142159107,0.472286705841977,0.986815669978367,0.726979132960734,7.58342510655814e-07,9.948526415187e-06,0.300082218070427,0.0798676592034683,0.178085995669144,-0.0307446609741342,0.860825488421698,0.684590622335635,"blue",0.726979132960734,7.58342510655814e-07,9.948526415187e-06,TRUE,TRUE
"K22685","black",0.0319029889862804,0.855635933416433,0.967562416164654,0.28297161669489,0.0995280477270464,0.2317301257512,0.699785586068809,2.89349004438306e-06,0.000182163621788262,0.0918461432735874,0.599759237594257,0.709356048577995,-0.0211985812552594,0.903792998719467,0.619031313635149,-0.26082183949945,0.130194392499762,0.847452040016384,0.101375734623556,0.562277557501851,0.42387187912235,0.331862125938107,0.0514611084416531,0.151857297584286,0.690768300958376,4.36936549932443e-06,0.000318454697205166,"black",0.699785586068809,2.89349004438306e-06,0.000182163621788262,TRUE,FALSE
"K22686","greenyellow",0.131009813739245,0.453159300202287,0.959685422460598,0.0893748316159634,0.609652426198068,0.489927488089879,0.0495841844598315,0.777280714259637,0.480380596352208,0.802653785909732,6.63863512505971e-09,2.27709300622691e-06,0.322691844937231,0.0586686584882507,0.194791454930501,-0.0706223330433415,0.686846898807821,0.988692296438592,-0.00806863481393966,0.963308841894464,0.551990669666231,0.0238949286440151,0.89162395793414,0.430777465376006,0.0968656519220997,0.57988189378934,0.618494199236361,"greenyellow",0.802653785909732,6.63863512505971e-09,2.27709300622691e-06,TRUE,TRUE
"K22721","blue",-0.136553286023868,0.434099793127622,0.959685422460598,-0.402015711532847,0.0166673739533069,0.0982499185049601,-0.389935835133613,0.0205788964244865,0.0440670938887669,-0.0459162956752618,0.793385333230186,0.744922708456456,-0.0172457877596484,0.921670843221143,0.622743870219203,0.190112842004183,0.274003244300508,0.930619645693408,0.389914845922728,0.020586304538407,0.0406198546873888,0.144067127696188,0.408986128145485,0.295406261290554,-0.467605079156208,0.00462007205867736,0.059014022824623,"blue",0.389914845922728,0.020586304538407,0.0406198546873888,TRUE,FALSE
"K22723","blue",-0.0314176623670317,0.857809587664475,0.967562416164654,0.00201428982877182,0.990837367238562,0.586106094961808,-0.369086988197564,0.0291140032080236,0.0568051201635028,-0.129162383047477,0.459609684066457,0.649429335247447,-0.0199932467313864,0.909240008261223,0.619031313635149,-0.288732090103339,0.0925364571363489,0.784199551229544,0.498571324425328,0.00230106325778239,0.0065701413932099,0.110111064858587,0.528899307399039,0.333748376436174,0.0306832403416193,0.861100827916037,0.684590622335635,"blue",0.498571324425328,0.00230106325778239,0.0065701413932099,TRUE,FALSE
"K22733","blue",0.0650263290016413,0.710546038453192,0.959685422460598,0.0289002715510913,0.869100499955159,0.55835571850117,-0.350348771326375,0.0390817404926631,0.0702984116040832,-0.267684773866767,0.120027969708434,0.37390939546343,-0.190844131834609,0.272127294746797,0.410281499409031,0.222926076784001,0.198017107040479,0.904298900430545,0.43845008736588,0.00842377246744362,0.0191585923396078,0.0799701302972229,0.647915302650656,0.367413437254787,-0.29998843320609,0.0799665201968772,0.262575927368012,"blue",0.43845008736588,0.00842377246744362,0.0191585923396078,TRUE,FALSE
"K22740","magenta",-0.181153711626008,0.297668766803615,0.883994324068164,0.0644567543488864,0.712973674007305,0.521906039866975,-0.144887413712175,0.406295381475263,0.330476501768514,0.594661913261204,0.000165098846078294,0.00580819772181534,0.724508567062104,8.61972883524372e-07,0.000137198648034909,0.0634992150027372,0.717061134153151,0.988692296438592,-0.218471898675372,0.207361368036223,0.229799361844787,-0.00496015570432806,0.977439561800028,0.452412503623082,0.083599342042326,0.633037568847159,0.637999483251891,"magenta",0.724508567062104,8.61972883524372e-07,0.000137198648034909,TRUE,TRUE
"K22742","blue",-0.0132770087729184,0.939659035782682,0.978035500907741,0.121281212053839,0.487669738994992,0.443245232462339,-0.0796816055045004,0.649103965274581,0.43878197140244,0.0238067589449202,0.892021512140737,0.774815156413682,0.0216120462419142,0.901925496859573,0.619031313635149,-0.0122296825385184,0.944411226165649,0.996847020865946,0.735816446649266,4.74145723666582e-07,7.08147223064675e-06,0.227442282962026,0.188846762962338,0.227257813600601,0.0141597602167647,0.93565517962462,0.699300102510737,"blue",0.735816446649266,4.74145723666582e-07,7.08147223064675e-06,TRUE,TRUE
"K22746","black",0.0880556210880415,0.614961651327426,0.959685422460598,0.431806639900844,0.0095919402178752,0.0631916029450054,0.462636758112523,0.00513677582499753,0.0163429817532554,-0.266562232448903,0.121648964853483,0.37390939546343,-0.418085877101628,0.01244517257258,0.0801510263880473,-0.0694879363157277,0.691628284615952,0.988692296438592,0.208204838706066,0.230050123573675,0.24514845977879,0.163069044778422,0.349284077798541,0.279214746048908,0.108180638095916,0.536191967969844,0.603538738173244,"black",0.462636758112523,0.00513677582499753,0.0163429817532554,TRUE,FALSE
"K22747","pink",-0.149614798929233,0.390985972975495,0.939011135527,0.152158987101659,0.38288704800624,0.403789781265222,0.113570455314084,0.515952256225519,0.381847332038916,0.232017322613607,0.179865690234476,0.439110653985909,0.415954893024962,0.0129468910664778,0.0812533680882176,-0.0848748406112269,0.627841798242146,0.987136244631723,0.0524415232688349,0.764797556433178,0.492508845331021,0.672679523414962,9.57193679069872e-06,0.000258612609344911,0.406661056367635,0.0153390642582262,0.109023561054042,"pink",0.672679523414962,9.57193679069872e-06,0.000258612609344911,TRUE,FALSE
"K22754","black",0.344190072523479,0.0429046039105089,0.611738976068297,0.192647368451317,0.267537425858793,0.350309233846632,0.454092302693594,0.00614214185496055,0.018710658297696,0.0231795709777402,0.894850222983326,0.774815156413682,0.0480081967242168,0.784189656014486,0.585215162353362,-0.0265252451787715,0.879776312946268,0.996847020865946,-0.37556624443525,0.0261966002589819,0.0491902993087586,0.175439367062927,0.313423228743266,0.262219845864461,0.136757898596662,0.433404863520675,0.574526783943622,"black",0.454092302693594,0.00614214185496055,0.018710658297696,TRUE,FALSE
"K22831","magenta",-0.171448747324231,0.324729875009911,0.900410997427482,0.057901495314113,0.741107770935791,0.525329794728703,0.178186484669307,0.305785275974975,0.27739380584228,0.514614105131379,0.00156221284684938,0.0389708139567353,0.65832789994037,1.71820123113526e-05,0.000957190320766664,0.0309799206020989,0.859771004268058,0.996847020865946,0.0867770835735923,0.620125607934289,0.445934396581943,0.0701411947923346,0.688873409530494,0.379939399946547,0.0811945724958499,0.642880401230496,0.639615306795632,"magenta",0.65832789994037,1.71820123113526e-05,0.000957190320766664,TRUE,FALSE
"K22832","blue",0.0943333140127659,0.589873194743557,0.959685422460598,-0.0355122280548635,0.839504861446906,0.550820053139792,-0.0101254521760427,0.953964608338847,0.534325144125111,-0.175520236812066,0.313196686703883,0.558069637932347,-0.158480285861575,0.363193552375006,0.4525744174196,0.0215052746893468,0.902407703937129,0.996847020865946,0.805707892750581,5.25933418033688e-09,3.92746650351915e-07,0.166873251929912,0.338000986558625,0.273500277373079,-0.0598338525734055,0.732778157241266,0.667560919780254,"blue",0.805707892750581,5.25933418033688e-09,3.92746650351915e-07,TRUE,TRUE
"K22836","blue",0.123632423999061,0.479207435549395,0.959685422460598,0.269917845947143,0.116851360296356,0.251798643420596,0.17484311567406,0.315096693284566,0.281000058629688,-0.109142331737633,0.532552908588983,0.686080561041432,-0.132597054223636,0.447656546725673,0.487486553543765,-0.0759904968177878,0.664384939168921,0.988692296438592,0.749556825744036,2.19982008245717e-07,3.88284047468037e-06,0.291467367526638,0.0893512613090225,0.187378013155862,0.0201073503028099,0.908724186185208,0.693732071716134,"blue",0.749556825744036,2.19982008245717e-07,3.88284047468037e-06,TRUE,TRUE
"K22870","red",0.253666805442835,0.14145778848591,0.783573301412066,0.756636191314557,1.45257477092929e-07,1.6459138884155e-05,0.608694535537793,0.000104528364214645,0.00120695333011651,0.136837113085341,0.433135990686718,0.632878935761358,0.122216635238207,0.484293853304716,0.499402541960882,-0.0730230208687579,0.67676770662599,0.988692296438592,-0.0836075252924421,0.633004178760233,0.448877879367349,0.36115536953482,0.0330429109007341,0.124250811071145,0.308503103480284,0.0713704481969555,0.248746998715896,"red",0.756636191314557,1.45257477092929e-07,1.6459138884155e-05,TRUE,TRUE
"K22886","black",0.302197570965431,0.0776628742536427,0.724709891041615,0.137915141530456,0.429486066344553,0.420735804286912,0.396175352113581,0.0184727501649563,0.040397158031116,-0.0853120252771152,0.626064941557081,0.718178159620376,-0.104217653782574,0.551312675708007,0.524193500905758,-0.0256168965834433,0.883864987228946,0.996847020865946,-0.234658340892029,0.174821215590804,0.20596432319344,0.125578476249448,0.472261622403794,0.318006566148947,0.292644781142871,0.088006388023091,0.271576004167193,"black",0.396175352113581,0.0184727501649563,0.040397158031116,TRUE,FALSE
"K22913","greenyellow",0.121194959489386,0.487981627942561,0.959685422460598,0.38648869191963,0.0218256403775433,0.113559127255104,0.491901216116396,0.00268848789281085,0.0102787913594648,0.661852842378183,1.49251803844954e-05,0.00107777461163961,0.3245047853337,0.0571837844445587,0.193656136769833,0.0965615624486736,0.58107766645649,0.986815669978367,-0.10069365114126,0.564924081090654,0.424475520248682,0.266513324067236,0.121719959751503,0.203925984059529,0.383111117519625,0.0231073678508007,0.140345507703443,"greenyellow",0.661852842378183,1.49251803844954e-05,0.00107777461163961,TRUE,FALSE
"K22940","black",-0.078004463970126,0.65603024976295,0.959685422460598,0.339211562925027,0.0462103986025761,0.168056696736656,0.490534548026347,0.00277453027622718,0.0104605022390461,0.451571153400245,0.00646929153480028,0.0964785697768888,0.051219263652592,0.770130440887564,0.584258398378374,-0.179938262867859,0.300976726741116,0.944607285615407,-0.101564485336677,0.561546204057503,0.42387187912235,0.325694377339458,0.0562257636451744,0.158268710851352,0.452965108120245,0.00628661001539035,0.0691289739062545,"black",0.490534548026347,0.00277453027622718,0.0104605022390461,TRUE,FALSE
"K22943","black",0.254932606319616,0.139414916644042,0.783573301412066,0.297393254009613,0.0827399640016339,0.213818652241937,0.519168093584265,0.00139474067565284,0.0068494424824925,0.0445785283942706,0.799280433532755,0.744922708456456,0.0645877831907534,0.712414957516683,0.581346948482174,-0.0436037706259957,0.803582771563022,0.996847020865946,-0.330624573271996,0.052390331241841,0.086446166403262,0.284721353021707,0.0973631823813728,0.191029521777356,0.203516581836136,0.240950131361968,0.4493099705397,"black",0.519168093584265,0.00139474067565284,0.0068494424824925,TRUE,FALSE
"K22993","magenta",0.112497729938616,0.519950176963417,0.959685422460598,0.168665618142859,0.332763224726305,0.38214966304228,0.10231444755603,0.558644664488993,0.397671081772366,0.374974063167194,0.0264528168073291,0.213493651001675,0.492106535279415,0.00267576436347602,0.0331252850424194,0.261118627884469,0.129741975145763,0.847452040016384,-0.00504073816219642,0.977073141429497,0.554697284624392,0.0721435698935777,0.680453753106543,0.378451765584515,0.132339686113157,0.44854633939692,0.580350190481108,"magenta",0.492106535279415,0.00267576436347602,0.0331252850424194,TRUE,FALSE
"K23006","black",0.295313803130844,0.0850154248357691,0.724709891041615,0.19595513445213,0.259250660964122,0.345627919343656,0.513537594108363,0.00160428880635229,0.00746306861256265,0.216286939688323,0.212054889994489,0.462550982320471,-0.0496859949626164,0.776834960132089,0.584863953082124,0.0991671926810898,0.570867434885616,0.986815669978367,-0.135174755079028,0.438797697061887,0.367858550558483,0.265907739181651,0.122601581619648,0.203925984059529,0.124293064981918,0.476843544660281,0.588386891409268,"black",0.513537594108363,0.00160428880635229,0.00746306861256265,TRUE,FALSE
"K23039","black",-0.0806924011993268,0.64494345188345,0.959685422460598,0.184210576227672,0.289452045568963,0.358180090897171,0.526695385732171,0.00115234509929659,0.00604562176984493,-0.291272810878915,0.089575000302651,0.344635514024571,-0.448581077093486,0.00687655659877447,0.0586518930928742,0.230881274160057,0.182067020399486,0.897287153931499,0.0243865557522317,0.889407706757665,0.533673475767999,0.159734785594976,0.359358487479598,0.283838076790556,0.121446342681099,0.487072913644563,0.590236164318044,"black",0.526695385732171,0.00115234509929659,0.00604562176984493,TRUE,FALSE
"K23329","blue",-0.0240447931370305,0.890948283633532,0.973539962800205,0.0228491610138067,0.896340936220417,0.564705624398355,-0.155257706314652,0.373156497002255,0.309928462488955,-0.290640963966153,0.0903045881978121,0.344635514024571,-0.321105869761374,0.0599925256664923,0.194875523134941,0.203915319169699,0.240009821822933,0.91433593416675,0.561464562701682,0.000449367114074343,0.00164619200269697,-0.212928927367073,0.219410065283277,0.234537381665455,-0.16527933731492,0.342700989722701,0.525017329448606,"blue",0.561464562701682,0.000449367114074343,0.00164619200269697,TRUE,FALSE
"K23334","blue",-0.14830016940961,0.395209412716136,0.939011135527,0.0960669220943727,0.583025090479359,0.48103856661888,0.0119922474492845,0.945488844239426,0.530551402995312,-0.275806326473023,0.108776967851291,0.363775429614782,-0.286190471277686,0.0955733902052652,0.253888900912006,0.109842309617121,0.529911703722525,0.986815669978367,0.731714895372477,5.90953135593901e-07,8.19558721773894e-06,0.162930735272354,0.349698544722467,0.279264833944199,0.0134995206139759,0.938649657834555,0.700605663113628,"blue",0.731714895372477,5.90953135593901e-07,8.19558721773894e-06,TRUE,TRUE
"K23358","pink",0.0802104758956617,0.646925781317165,0.959685422460598,0.0945510549294643,0.589011135591633,0.482903945489353,0.329777171163952,0.0530342871157832,0.0836105022128811,-0.418386896557493,0.0123756417177294,0.141497394530367,-0.518077948740847,0.00143332381286173,0.0228139530929119,-0.0140605238514648,0.936105205936501,0.996847020865946,-0.0405784425667384,0.816971471010315,0.510154399959678,0.552505479471059,0.000578444661315822,0.00553213201642367,0.0535067603090154,0.76015843197337,0.675291667722317,"pink",0.552505479471059,0.000578444661315822,0.00553213201642367,TRUE,FALSE
"K23404","pink",-0.0950065018822894,0.587209768834263,0.959685422460598,0.247459926283016,0.151793302303375,0.284031972258282,0.283883105081318,0.0983957833990521,0.129722298403905,0.0930102735115669,0.595123126968734,0.709356048577995,0.303323108547017,0.0765091781961306,0.226113480504456,0.203919899133907,0.239999035618066,0.91433593416675,0.0223409707916773,0.898634421707354,0.533675247094465,0.741380882351027,3.49413040116792e-07,2.0483641058284e-05,0.0370251397885165,0.832761768702413,0.681270456641967,"pink",0.741380882351027,3.49413040116792e-07,2.0483641058284e-05,TRUE,TRUE
"K23451","black",0.00596155421976155,0.972886400233365,0.993070802163856,0.202047437730843,0.244436026746084,0.343146409778706,0.641457675576565,3.28953703388603e-05,0.000633971331112345,0.188439103902964,0.278328464616719,0.528179191974765,0.010745228899715,0.951150055611123,0.630991065211668,-0.0730184794752263,0.676786722120579,0.988692296438592,-0.034410836150104,0.844420903224285,0.518539268666822,0.253117850222424,0.142350531519258,0.211279655629895,0.096390453970571,0.581751000682106,0.618494199236361,"black",0.641457675576565,3.28953703388603e-05,0.000633971331112345,TRUE,FALSE
"K23464","black",0.131059284560756,0.452987243556593,0.959685422460598,0.378182529375521,0.0250889738567939,0.120686352135819,0.60347385581979,0.000124215325156755,0.00131299970347734,0.336617283728678,0.0480123537621737,0.283940258763695,0.292563892357031,0.0880982804611324,0.246167547270643,-0.0896991144487386,0.608350315879326,0.986815669978367,-0.287419216923634,0.0940958221059282,0.13068274260932,0.360711689617792,0.0332748710005748,0.124250811071145,0.445406107054099,0.00733284677358063,0.071784019723499,"black",0.60347385581979,0.000124215325156755,0.00131299970347734,TRUE,FALSE
"K23481","blue",0.0796364208066525,0.649290194213118,0.959685422460598,0.278373400804984,0.105391715952027,0.240231940731604,-0.168910388830343,0.332051841174322,0.289526201145295,0.0309067018104992,0.860099161134138,0.769557458719738,-0.109365822925823,0.531708926167114,0.514953604143553,0.0570288562095718,0.74487893684206,0.996847020865946,0.479097089525945,0.00359363497203523,0.00953186649038,0.169211524760137,0.331177928603033,0.270991428460238,-0.370341662020991,0.0285291630716531,0.151855323560812,"blue",0.479097089525945,0.00359363497203523,0.00953186649038,TRUE,FALSE
"K23490","blue",0.160797972321574,0.356127351867407,0.922524216421848,0.000178666899959651,0.999187260335914,0.588207089623895,-0.101500577305492,0.561793779732942,0.398593112322393,-0.235202562707578,0.173794366923718,0.434124521455948,-0.160570169379848,0.356818194034354,0.447757808169976,0.245849352108116,0.15456256267034,0.88110903560902,0.449600259155491,0.00673533959664162,0.0161049187935712,0.151637989807458,0.384537506285538,0.288510649517686,-0.251552140018904,0.144919433730484,0.354157851535777,"blue",0.449600259155491,0.00673533959664162,0.0161049187935712,TRUE,FALSE
"K23503","red",0.0709151248711855,0.68561473479196,0.959685422460598,0.551610594404318,0.000592988957032595,0.00753103522234485,0.314390630568308,0.065861707325936,0.0965779619324436,-0.232101467570951,0.179703395546515,0.439110653985909,0.0759837476271612,0.664413005014466,0.571537400479175,0.372140051998066,0.0277077363051904,0.580428003501843,-0.0445211619198292,0.799533475320961,0.50401215009665,0.253825997180993,0.141199670598377,0.211115137808993,-0.145696944396861,0.403649824126443,0.553071470625344,"red",0.551610594404318,0.000592988957032595,0.00753103522234485,TRUE,FALSE
"K23541","black",0.178356222070846,0.305317241285714,0.885854951027726,0.112604641099056,0.519551049292552,0.453624503605684,0.384704824964852,0.0224950299491231,0.0465582104235433,-0.227649052813126,0.188434184116213,0.449573894359009,-0.477092168785513,0.00375697172024542,0.0414448736853166,-0.180747127426104,0.298772735360113,0.944607285615407,-0.297468313762054,0.0826587181978657,0.119233605615563,0.109685355126053,0.53050338262302,0.333748376436174,0.115999585237203,0.506955742747078,0.596007003110193,"black",0.384704824964852,0.0224950299491231,0.0465582104235433,TRUE,FALSE
"K23544","blue",-0.0661154771348892,0.705911689419092,0.959685422460598,-0.317822779122686,0.062808043437124,0.183775082006566,-0.109532518431728,0.531079845699158,0.387703190572473,-0.0812634057354649,0.642597820469513,0.722502929316805,-0.323868541313438,0.0577014618921629,0.193705385118384,0.104481983912682,0.55029794023218,0.986815669978367,0.399000866018721,0.0175799466863295,0.0357038239299955,-0.246049050669552,0.154217222613323,0.217051396296877,-0.171323352787027,0.325089207517523,0.508336224334192,"blue",0.399000866018721,0.0175799466863295,0.0357038239299955,TRUE,FALSE
"K23552","black",0.0164657699072071,0.925203478511748,0.975523076551505,0.265206931402379,0.12362775891494,0.25624890383558,0.477815750171377,0.00369729640661008,0.0125821403517303,0.234384971763439,0.175338640168932,0.434124521455948,0.0423282038988253,0.809221371431156,0.588908621420592,0.141012548885414,0.419094444737325,0.986815669978367,0.211190213583447,0.223286255629184,0.240581525868416,0.191464620278455,0.270542170344875,0.253470011520192,0.31385599712326,0.0663477086262932,0.238162124714082,"black",0.477815750171377,0.00369729640661008,0.0125821403517303,TRUE,FALSE
"K23562","black",0.104258366775129,0.551156325686398,0.959685422460598,0.329104107183557,0.0535502402854596,0.176802845252186,0.702879952252273,2.50318308731213e-06,0.000181836131157097,0.359001163925987,0.0341816160980697,0.235322572568891,0.157968828431077,0.364764084048577,0.4525744174196,0.00479093298853676,0.978209057242172,0.996847020865946,0.110716712647213,0.526621289923605,0.409302640268471,0.25573926832528,0.138124395980157,0.209183154818832,0.273192727480427,0.112307184799276,0.308874014238677,"black",0.702879952252273,2.50318308731213e-06,0.000181836131157097,TRUE,TRUE
"K23612","magenta",-0.0926379299945239,0.596604275346039,0.959685422460598,0.31943335642866,0.0614141027445918,0.183775082006566,0.41795511880834,0.0124754783051688,0.0306801091193009,0.331675055365512,0.0516007213525126,0.292551526264588,0.587692083531608,0.000205572667531507,0.0063623438799983,0.0345366522028535,0.843859029581005,0.996847020865946,-0.197400429988405,0.255683662766863,0.261004224841906,0.321985800355512,0.0592551318390272,0.162834553317157,0.466211756864388,0.00476023837868878,0.0598644404890046,"magenta",0.587692083531608,0.000205572667531507,0.0063623438799983,TRUE,FALSE
"K23629","magenta",0.0625746439859304,0.721015210732674,0.959685422460598,0.193542842952307,0.265277102253417,0.349518305889748,0.198470548926788,0.253063658877665,0.244404410942801,0.422032724255016,0.0115592227833863,0.135551626659223,0.555329553483396,0.000534598816818686,0.0121558737619768,0.0789250043393932,0.652225050149527,0.988692296438592,-0.24475573660461,0.156463697831983,0.190820749537688,0.171895743350454,0.32345096322448,0.266444142419768,0.215297947687512,0.214203228005097,0.425234949756092,"magenta",0.555329553483396,0.000534598816818686,0.0121558737619768,TRUE,FALSE
"K23905","greenyellow",-0.114748352374673,0.511579962077625,0.959685422460598,0.337517617940362,0.0473807222434068,0.170736495724898,0.302979146166804,0.076860322794747,0.107849480832637,0.669884350564198,1.07537091505825e-05,0.000819686424376092,0.373673292877619,0.0270228665488258,0.130905486359506,-0.157256568055213,0.366957949985224,0.981034169908892,-0.162843977968167,0.349958678950014,0.317528165916994,0.237687292205436,0.169160709721599,0.221863862010585,0.516477019810942,0.00149168419612238,0.0288655307732896,"greenyellow",0.669884350564198,1.07537091505825e-05,0.000819686424376092,TRUE,FALSE
"K24034","blue",-0.179332634694165,0.302633684163023,0.885854951027726,0.237757709416694,0.169030692691461,0.299625735070718,0.0294737987110492,0.866525813879135,0.508260720616595,-0.0472182491152903,0.787658841151713,0.744922708456456,-0.0411631937632108,0.814379534295176,0.590346852003163,-0.0876601237878394,0.616557120117065,0.987018841867651,0.663587473000443,1.39165599252839e-05,9.78989159271574e-05,0.22190636665029,0.200129924931509,0.229902024519995,0.181217335646098,0.297496248664741,0.491233509225611,"blue",0.663587473000443,1.39165599252839e-05,9.78989159271574e-05,TRUE,FALSE
"K24113","blue",0.0693500992164875,0.69221006050194,0.959685422460598,0.165859577701289,0.340985434192322,0.383812179893913,-0.110485900594585,0.527488877310799,0.386289405552332,0.0810934582922582,0.643295594244992,0.722502929316805,0.000772135571020776,0.996487634949618,0.641154623651573,0.022532679182049,0.897769137200742,0.996847020865946,0.549685673059708,0.000625378299943954,0.00218385141615318,0.162145602428016,0.352056959907948,0.280449480752028,-0.326009215980865,0.0559743573018526,0.216448320921593,"blue",0.549685673059708,0.000625378299943954,0.00218385141615318,TRUE,FALSE
"K24137","blue",0.173122805219984,0.319956304069715,0.895938422156779,0.0820391216385911,0.639416695618983,0.500054687731966,-0.0195411982571187,0.911283916963771,0.520294361428217,0.0484213261954241,0.78237695292532,0.744922708456456,-0.0133940853037589,0.939127931215957,0.628221557303005,-0.164052072699874,0.346346851999635,0.971182617121655,0.675413332909711,8.5316244329836e-06,6.78886189115701e-05,0.181253371738629,0.297398564165325,0.258887739867039,0.0301285605767557,0.863588099698631,0.68477757879223,"blue",0.675413332909711,8.5316244329836e-06,6.78886189115701e-05,TRUE,FALSE
"K24139","blue",-0.0608523821705742,0.728399668574396,0.959685422460598,0.0826059046992884,0.637096369279051,0.499773127053328,-0.171652426850055,0.324146733542967,0.284872910212172,-0.142077460780514,0.415554596246116,0.622497537404795,-0.229569909541859,0.184631675801584,0.352247267278569,0.046429585128053,0.791126401988571,0.996847020865946,0.708092252191969,1.9529274280218e-06,1.99566469676277e-05,0.115529993377366,0.508688768391252,0.326430897950129,-0.171233645147066,0.325346426437604,0.508336224334192,"blue",0.708092252191969,1.9529274280218e-06,1.99566469676277e-05,TRUE,TRUE
"K24205","blue",-0.235976477892295,0.172341538942744,0.811939026954295,0.132286555887237,0.44873014443961,0.428401429417217,-0.00929010815365849,0.957758963541491,0.534981507038745,-0.183832695632422,0.290459801553834,0.539516215490273,-0.187179222114754,0.281613280317557,0.415227361092143,-0.135522776157801,0.437609052686177,0.986815669978367,0.665970898764741,1.26315914244612e-05,9.01662974706193e-05,0.189467840280984,0.275664819785863,0.253866445061253,0.0203519783774492,0.907618432732841,0.693344859381033,"blue",0.665970898764741,1.26315914244612e-05,9.01662974706193e-05,TRUE,FALSE
"K24279","black",0.10225564288675,0.558871923469237,0.959685422460598,0.0489775268967207,0.779938271752822,0.534166510522067,0.494631292174749,0.00252354148083688,0.00997110904821873,-0.153592572198341,0.37836703627033,0.606459061904639,-0.241858030809261,0.161582716627271,0.335965170414894,0.00550339378153812,0.974969469355177,0.996847020865946,0.480076298026071,0.0035161237657162,0.00935182484777271,0.39148167909929,0.0200393519998154,0.0855223331219403,0.363296672659612,0.0319418962834967,0.16199450225733,"black",0.494631292174749,0.00252354148083688,0.00997110904821873,TRUE,FALSE
"K24634","red",0.0218744119960088,0.900740734323198,0.973554656411546,0.592548786491199,0.000176540424242302,0.00295138219781029,0.116152915932534,0.506390518350972,0.377095596318886,0.4464723166812,0.0071768123411117,0.101736620888007,-0.0288570042496617,0.869294790170333,0.611477719559093,0.0556842816426021,0.750701007845806,0.996847020865946,0.129745828714274,0.457567279483508,0.377722376937431,0.106438969814388,0.542812689731465,0.334536061389447,-0.0611951230502811,0.72692817347575,0.665917539432804,"red",0.592548786491199,0.000176540424242302,0.00295138219781029,TRUE,FALSE
"K24660","black",0.00429829360482707,0.980449311879678,0.994984518517273,0.180126501205277,0.300462895839825,0.363628593902657,0.649604261812703,2.41586595049574e-05,0.000506980479797572,-0.198702614858958,0.252497846886985,0.503536784436068,-0.296885046268846,0.083291680229401,0.23917961673586,0.278196322540882,0.105622641162622,0.809929367853205,0.0689790307350422,0.693777107857751,0.469307025578369,0.203737290849672,0.240429346154884,0.245310811408065,-0.134160384197707,0.442272291136717,0.57733566336873,"black",0.649604261812703,2.41586595049574e-05,0.000506980479797572,TRUE,FALSE
"K24664","black",-0.101193876517116,0.562982618864777,0.959685422460598,-0.014851687845506,0.932517914281256,0.570469863008918,0.385489106345465,0.0221986651716512,0.0462764012050152,0.0315359085724373,0.857279897669055,0.768848755560916,-0.388770805565387,0.0209934589359335,0.110855134379549,-0.143887147195335,0.409577859883146,0.986815669978367,0.137032424082685,0.432473452009878,0.365078861555038,0.0847781783708139,0.628234942513467,0.362420257792239,0.226998968502076,0.189733471707356,0.397100516590979,"black",0.385489106345465,0.0221986651716512,0.0462764012050152,TRUE,FALSE
"K24701","blue",-0.1930799844132,0.266443861297049,0.874521234143534,-0.194441457899856,0.263021499361994,0.346994728988132,-0.133904293645901,0.443151862779684,0.34889467378476,-0.0336948825249297,0.847619662852329,0.763595008394571,0.0733726553920529,0.6753043253342,0.573246252196243,0.00137690190999438,0.993736657326044,0.998168111332726,0.512238726426746,0.00165637645423338,0.00497830615243717,0.217625735242393,0.209170411763755,0.2338397366362,-0.0045981280800265,0.979085809986643,0.7106658401631,"blue",0.512238726426746,0.00165637645423338,0.00497830615243717,TRUE,FALSE
"K24736","magenta",0.102595079355057,0.557560713349099,0.959685422460598,0.146601567678501,0.400705174329405,0.411923349346733,0.162897254020966,0.349798921469896,0.297863877646865,0.0463117342024153,0.791644903903867,0.744922708456456,0.489695157820887,0.00282855632368432,0.033887236265066,0.170954416485937,0.326147867236306,0.961100365505327,-0.247628374448296,0.151505763538725,0.185942106227904,0.121376718512196,0.487324507745567,0.320954522475232,0.38105324215746,0.0239184009983724,0.141331149054971,"magenta",0.489695157820887,0.00282855632368432,0.033887236265066,TRUE,FALSE
"K24766","blue",0.086738854732448,0.620280289582089,0.959685422460598,0.319163964392982,0.0616455425445008,0.183775082006566,0.223919795873868,0.195973160102251,0.204042308155118,-0.167596711107445,0.33588080371834,0.575829287565576,-0.507426185051582,0.00186252459055806,0.0266288445957904,0.119082908653674,0.495650707221767,0.986815669978367,0.467701872333614,0.00461046853860354,0.0117784065680138,-0.0306991769985639,0.8610293847222,0.42246523523121,-0.134644691305874,0.440611491482312,0.57733566336873,"blue",0.467701872333614,0.00461046853860354,0.0117784065680138,TRUE,FALSE
"K24814","red",0.220980481373726,0.202061891533161,0.829981387866013,0.69406235741536,3.76506994248425e-06,0.000153515750523998,0.574508304436809,0.000307092610976777,0.00243698762872819,0.0605514313459047,0.729692533537946,0.738772468073264,0.0626077531495544,0.720873490494859,0.58161678693012,-0.063427578298084,0.717367243231096,0.988692296438592,0.147879849907386,0.39656527784515,0.345584750419529,0.698236445941926,3.1090875687529e-06,0.000107303510121847,0.273873811880634,0.111379047724903,0.308254090297794,"red",0.69406235741536,3.76506994248425e-06,0.000153515750523998,TRUE,FALSE
"K24887","greenyellow",-0.124948817106641,0.474503183161739,0.959685422460598,0.2588270974061,0.133265469031858,0.264940178540996,0.247245021411548,0.152160717058438,0.171266137901195,0.721443208927423,1.00855405401041e-06,0.000153751241501082,0.421339991968578,0.0117107416434867,0.0776657224221066,-0.229199871345816,0.185359954476328,0.897287153931499,-0.123881931280525,0.478313937953276,0.38721557231496,0.194001944461443,0.264123134414566,0.251746533237719,0.47398124037367,0.0040231417680857,0.0550066359120518,"greenyellow",0.721443208927423,1.00855405401041e-06,0.000153751241501082,TRUE,TRUE
"K24900","black",0.0961049127475673,0.582875416495773,0.959685422460598,0.212038624828153,0.22138905992619,0.327203686352706,0.557247919994025,0.000506523181294028,0.00335869760981291,0.0985377750438764,0.573326347402293,0.702817026561333,0.349259472742707,0.0397370380992859,0.162746541966999,0.131818541430544,0.450351009748688,0.986815669978367,0.094665608324966,0.588557829396033,0.433838851260714,0.224255334448409,0.195286343971054,0.228052124882412,0.118885306635542,0.496371345844323,0.590236164318044,"black",0.557247919994025,0.000506523181294028,0.00335869760981291,TRUE,FALSE
"K24909","magenta",-0.0555218450693278,0.75140529052773,0.964756824700076,-0.058834699169766,0.737081425558453,0.525275271419121,-0.174436650960537,0.316240697697672,0.281470765714785,0.142842690994725,0.413021347705535,0.622036807553466,0.5902564374139,0.000189751158919,0.0063623438799983,0.0160137237265919,0.92725140597321,0.996847020865946,-0.16918644777379,0.331250649162419,0.305719290360055,-0.0675128933862425,0.699980874562002,0.382673482141813,0.299257780016116,0.0807399705561244,0.262575927368012,"magenta",0.5902564374139,0.000189751158919,0.0063623438799983,TRUE,FALSE
"K24976","black",-0.0328990815497825,0.851177976248616,0.967562416164654,0.102228625971474,0.558976348522899,0.47071757282418,0.41710067872283,0.0126750486970308,0.0310899358570468,-0.417899824600304,0.0124883125236992,0.141605574244534,-0.465683722303128,0.00481430833143162,0.0496665980562392,0.25057374501693,0.146541810197179,0.88110903560902,0.00679967076689153,0.969076291377774,0.55241873080465,0.109590763428211,0.530860123915252,0.333748376436174,0.0386182113199388,0.825674072756596,0.681109472201336,"black",0.41710067872283,0.0126750486970308,0.0310899358570468,TRUE,FALSE
"K24990","black",0.0113639822895449,0.948340729695829,0.981178796753953,0.350925975848646,0.0387380704981424,0.156764805107615,0.524886046746797,0.00120694109142823,0.00622824807931513,0.300253827131521,0.0796870070037409,0.332317780513632,0.135175062973386,0.438796644686564,0.483100017954221,0.0921699240610729,0.598468226525152,0.986815669978367,-0.214771358288198,0.215353197749761,0.235661180344503,0.290365741906481,0.0906238064792752,0.188111314791489,0.212480125865765,0.220406157262032,0.431816526820582,"black",0.524886046746797,0.00120694109142823,0.00622824807931513,TRUE,FALSE
"K24992","black",0.151103029482228,0.386236508228374,0.939011135527,0.244680109865454,0.156595789277634,0.290677601065607,0.51638652601382,0.00149504448109278,0.00713049767919369,0.133200546074997,0.445573865760362,0.641488345992882,0.28289193147921,0.0996275029982936,0.256502503941849,0.178987565888745,0.303580351187651,0.944607285615407,-0.0896522295296643,0.608538502333572,0.441197008820907,0.245206241770313,0.155678504309166,0.217675864964651,0.223940203319054,0.195931339822313,0.406182498587411,"black",0.51638652601382,0.00149504448109278,0.00713049767919369,TRUE,FALSE
"K25102","blue",-0.0854077224824789,0.625676273490187,0.959685422460598,-0.0605943311164934,0.729508194055382,0.523171306502498,0.145870479796038,0.403083991312713,0.328147031618734,-0.279909657408287,0.103404309689813,0.356484726146892,-0.125401104821166,0.472892493975315,0.495931318294449,0.0504521053709467,0.773482976660208,0.996847020865946,0.416745337004493,0.0127588348974088,0.027342479215946,-0.00734927830834606,0.966578115401125,0.449703513137843,0.0435615579250007,0.80376921716596,0.677848190020748,"blue",0.416745337004493,0.0127588348974088,0.027342479215946,TRUE,FALSE
"K25628","blue",-0.354204009371984,0.0368324595296342,0.587018926596502,-0.10103404586907,0.563602615727517,0.472688357304619,-0.058199879268508,0.73981964015972,0.467509384397729,0.180682080355029,0.298949594485184,0.545433852880745,0.144895482866021,0.406268962764604,0.466753286880174,0.0949500321674973,0.587432983584017,0.986815669978367,0.438431448069946,0.00842687198448952,0.0191585923396078,0.300730361526665,0.0791870216687341,0.178085995669144,0.0214317722479884,0.90273967934223,0.692429417343984,"blue",0.438431448069946,0.00842687198448952,0.0191585923396078,TRUE,FALSE
"K25639","blue",-0.137412565815709,0.43118553199709,0.959685422460598,0.120886171004103,0.489099046742905,0.443753332584085,-0.0660489568995181,0.706194438390043,0.457088105486286,-0.309002716346789,0.0708894410921813,0.317023684136291,-0.18237119033602,0.294378603376319,0.419743523394768,0.217007846319906,0.210498286747085,0.91433593416675,0.608668790569565,0.000104618128713086,0.000518174397778509,0.0862996026624998,0.622058740845339,0.360603637604838,-0.236130370675683,0.172053680305847,0.38111432777522,"blue",0.608668790569565,0.000104618128713086,0.000518174397778509,TRUE,FALSE
"K25880","magenta",-0.0599101456265028,0.732449896671739,0.959685422460598,-0.0155652804298952,0.929283465400257,0.57032998981766,-0.114517693419395,0.512434701459746,0.380436642011224,0.0625167679371705,0.721262964922202,0.738500503485472,0.666554836276749,1.2333687560324e-05,0.000763439639223555,0.477186564809665,0.00374913965781364,0.246223890106539,-0.0953580307676511,0.585821080637126,0.432478296670944,-0.00681142094996105,0.969022879201334,0.44982825508961,-0.159965441242445,0.358656013136388,0.530681868426646,"magenta",0.666554836276749,1.2333687560324e-05,0.000763439639223555,TRUE,FALSE
"K26041","black",0.352064940634292,0.0380671079489383,0.59432700968928,0.553755042988321,0.000558665518766999,0.00739898700442481,0.496191959465568,0.0024332697209071,0.0098481224579502,-0.123893908182676,0.478271069941717,0.654889988757418,-0.224145411629602,0.195511160082249,0.35886997933162,-0.121972115594419,0.48517514164092,0.986815669978367,0.261713244357729,0.128839059003778,0.165901053082934,0.175156944735453,0.314215190599769,0.262237044245435,0.207368591520353,0.231969428351675,0.440155966485959,"black",0.496191959465568,0.0024332697209071,0.0098481224579502,TRUE,FALSE
"K26141","tan",-0.0625789588110769,0.720996741066651,0.959685422460598,0.326572251854599,0.055526985662482,0.180337303842897,0.550528102390322,0.000611015210449808,0.00379611493100248,0.126091396592013,0.470439767196801,0.651316879069922,0.0345446582015193,0.843823278678949,0.604221504039833,-0.152898458532389,0.380551610340219,0.982362580947701,-0.223261568255507,0.197325390233256,0.224048443271498,0.286810369787424,0.0948257631178832,0.190562771901288,0.638473871316878,3.67511064945799e-05,0.00216834972810701,"tan",0.638473871316878,3.67511064945799e-05,0.00216834972810701,TRUE,FALSE
"K26151","blue",-0.287224075940972,0.0943293054314052,0.724709891041615,-0.0186959957627405,0.915106939180537,0.568471931261517,-0.155269218081288,0.373120622546527,0.309928462488955,0.172365839830636,0.322109340570296,0.561552736137183,0.253706209326149,0.141393865765392,0.308803494380137,-0.0880457381899736,0.615001498644322,0.987018841867651,0.385849053788445,0.0220637358541915,0.0428384866601366,0.177372014955165,0.308037406103453,0.261293077855177,0.0503085189353687,0.774110909525194,0.676402435208066,"blue",0.385849053788445,0.0220637358541915,0.0428384866601366,TRUE,FALSE
"K26216","blue",-0.291478059690747,0.0893389778360959,0.724709891041615,0.162474799232103,0.35106693800332,0.388724061451595,0.129232138764294,0.459365241932111,0.355807414753614,-0.218490315299313,0.207322115221712,0.458792070196697,-0.259694203074244,0.131923982874498,0.298226289596009,0.0442430681290727,0.80076042273971,0.996847020865946,0.605999057170199,0.000114311692905651,0.000557651218101776,-0.0841313670600483,0.630868235477535,0.362621702884857,0.11890987715262,0.49628171014841,0.590236164318044,"blue",0.605999057170199,0.000114311692905651,0.000557651218101776,TRUE,FALSE
"K26222","black",0.109639203814825,0.530677422279566,0.959685422460598,0.199667892147297,0.250153381055026,0.345627919343656,0.587515280329696,0.000206705796966168,0.00185906372296874,-0.0963636373792326,0.581856558991604,0.705854667158457,0.374462251757328,0.0266759196304691,0.130358339981034,0.24710681167915,0.15239734987335,0.88110903560902,0.0459471180444065,0.793249640458944,0.501953379685454,0.275921979735502,0.108622710879021,0.196838629881251,0.160624652604775,0.356652893328319,0.530681868426646,"black",0.587515280329696,0.000206705796966168,0.00185906372296874,TRUE,FALSE
"K26236","greenyellow",-0.0834526379746423,0.633636285875905,0.959685422460598,0.344045142167066,0.0429980684955897,0.165039931162943,0.393332691759764,0.0194088314425073,0.0417508947488714,0.622387392669381,6.55048569019791e-05,0.00289917058523721,0.278638858956089,0.105046251643118,0.26360391625924,-0.0877945606856238,0.616014596294712,0.987018841867651,-0.0921259159112731,0.598643629579255,0.43790964094404,0.30084223729293,0.0790699937030772,0.178085995669144,0.594699389235335,0.000164902074749276,0.0065908682662488,"greenyellow",0.622387392669381,6.55048569019791e-05,0.00289917058523721,TRUE,FALSE
"K26392","black",-0.0748299876056715,0.669217370653013,0.959685422460598,0.30665263143693,0.0731742592474143,0.203045634600891,0.487237769991224,0.002992019966791,0.0108995034478733,0.356769226992332,0.0353949314896522,0.235322572568891,0.196115665114188,0.258852855896983,0.403832603359633,0.00478679142983372,0.978227890127763,0.996847020865946,0.0570150034603381,0.744938849701958,0.487713880630673,0.217786677685078,0.208825490247666,0.2338397366362,0.327644681925313,0.0546827257040209,0.215773800716138,"black",0.487237769991224,0.002992019966791,0.0108995034478733,TRUE,FALSE
"K26403","pink",0.102191079387914,0.559121487570784,0.959685422460598,0.320080315261057,0.060861089768574,0.183775082006566,0.597410224402338,0.000151213913483633,0.00151912957442511,0.173977754101004,0.317535393899954,0.560017520764421,0.0302465147387452,0.863059065801572,0.610106020201995,-0.0656009040439943,0.708099924828155,0.988692296438592,-0.0223998824865543,0.898368508823549,0.533675247094465,0.703325760761176,2.45110096114261e-06,9.01775113298838e-05,0.469859103957297,0.00440086078896246,0.0586317541531897,"pink",0.703325760761176,2.45110096114261e-06,9.01775113298838e-05,TRUE,TRUE
"K26404","black",0.0149616347435417,0.932019495474015,0.975947866009485,0.187912798837776,0.279697631462693,0.354414593294725,0.523746193112015,0.00124249320700273,0.00635981571204794,-0.0245215219834401,0.888799423510402,0.774815156413682,-0.319177587147503,0.061633822476666,0.19789913522821,-0.0193217474665767,0.912276352597031,0.996847020865946,-0.048078573728429,0.783880781081119,0.499660695843383,0.257366303330978,0.135548166448537,0.2070922776937,0.442137384599594,0.00782941695295732,0.0734909220078959,"black",0.523746193112015,0.00124249320700273,0.00635981571204794,TRUE,FALSE
"K26600","black",-0.0978908018462334,0.575858823520047,0.959685422460598,0.279401425871741,0.104058622515905,0.237932811471597,0.522860712632304,0.0012707441625506,0.00645172872122061,0.116827701005666,0.503906813390554,0.667377545696716,-0.12076023832653,0.489555138771346,0.502629780906885,0.135250473716892,0.438538934281539,0.986815669978367,-0.156124075365307,0.370462300353098,0.330552311787508,0.251353217798209,0.145248219478611,0.211279655629895,0.040988963858565,0.815151615039842,0.679264331444427,"black",0.522860712632304,0.0012707441625506,0.00645172872122061,TRUE,FALSE
"K26679","black",0.151894609898474,0.383724045985211,0.939011135527,0.28411340112097,0.0981112646286521,0.230245715349683,0.560917194307881,0.000456447073523146,0.00321674435577644,0.0217528225933122,0.901289768364693,0.774815156413682,0.400574110308337,0.0170986621548479,0.095733364678929,0.309564843243435,0.0703512821609844,0.755138466897456,-0.108685743807518,0.534279154907361,0.412299363491245,0.301841520543958,0.0780306312430573,0.177479625593533,0.239014473322168,0.16672223842104,0.37558569975981,"black",0.560917194307881,0.000456447073523146,0.00321674435577644,TRUE,FALSE
"K26681","tan",0.10540056196881,0.546778452599422,0.959685422460598,0.023627124764747,0.892831556603566,0.564337494351547,0.232916210755818,0.178137324330209,0.189227426431914,-0.220770441441885,0.202501961918249,0.45707224998987,-0.0444868720901385,0.79968473631291,0.587009013872708,-0.213340491618811,0.21849933228105,0.91433593416675,0.0162368366750427,0.926240567944666,0.53993950691406,0.0937123009270871,0.59233489088432,0.351837370768015,0.550453684478439,0.000612272121452994,0.0150620639597978,"tan",0.550453684478439,0.000612272121452994,0.0150620639597978,TRUE,FALSE
"K26689","black",0.291436638335555,0.0893865711286644,0.724709891041615,0.178421754970642,0.305136661898493,0.366952339677472,0.437424910687661,0.00859569866547946,0.0236656251479387,0.0454188506544495,0.795576113704267,0.744922708456456,0.0588339533593328,0.737084640657049,0.58161678693012,-0.0731108910840779,0.676399819582143,0.988692296438592,-0.182802054394902,0.293219811110746,0.282550870893317,0.156551227612063,0.369138212578132,0.28755679306285,0.170864637605025,0.326405809917058,0.50934914720287,"black",0.437424910687661,0.00859569866547946,0.0236656251479387,TRUE,FALSE
"K26690","black",0.204408447323218,0.238850333867068,0.860556400398395,0.190431666439749,0.273184342813197,0.352264238369685,0.443609750114255,0.00760229772998032,0.0214945979470929,-0.0362672871192447,0.836138105041558,0.760080912255734,-0.0434618766189749,0.804209533091141,0.588041065260093,0.182584551045967,0.29380441257487,0.944607285615407,-0.00456492979693944,0.979236776890474,0.555094774647964,0.131249972972418,0.452324369561516,0.310573825724224,0.116412211388029,0.505435394772907,0.595855758530576,"black",0.443609750114255,0.00760229772998032,0.0214945979470929,TRUE,FALSE
"K26731","blue",-0.122649220227303,0.482736776836719,0.959685422460598,0.0968384846631261,0.579988678967189,0.479697618476858,-0.0575526033395876,0.742614823965976,0.468460236095482,0.142065035898051,0.415595800137777,0.622497537404795,-0.023840343887666,0.891870075706797,0.617224546790252,-0.406956754906096,0.0152576092643168,0.4617711087662,0.393407411959135,0.019383730189468,0.0386396754468756,0.254381639001234,0.140301442607173,0.211025146235695,0.239767501470825,0.165349932913564,0.374537150519397,"blue",0.393407411959135,0.019383730189468,0.0386396754468756,TRUE,FALSE
"K26751","red",0.0648790697903455,0.711173417957031,0.959685422460598,0.472683361077308,0.00413892090689922,0.0351736148461423,0.28321249217274,0.0992278697593788,0.129889513374282,0.121966517089416,0.485195329251889,0.659108934876324,0.00773521691451458,0.964824062747393,0.634958638756363,-0.092349835204556,0.597751387041137,0.986815669978367,0.289540062265043,0.0915866713895455,0.128114380242282,0.533983538662735,0.00095381909516397,0.00832019358136774,0.0400017833477225,0.819529410723316,0.680008538586227,"red",0.472683361077308,0.00413892090689922,0.0351736148461423,TRUE,FALSE
"K26935","blue",0.047275923650545,0.787405417033224,0.966049697701213,0.14634056661481,0.40155349599556,0.411923349346733,-0.101188795745191,0.563002322786827,0.398737795649615,-0.220964428966294,0.202095500653211,0.45707224998987,-0.150452881326696,0.388307211999151,0.460572046660149,-0.196917735146258,0.256871320327341,0.922938068757764,0.690269897266113,4.46813694883218e-06,4.09209479384905e-05,0.181670693289532,0.296268803338203,0.258745251708246,-0.0321108694343622,0.85470520836602,0.683664671183834,"blue",0.690269897266113,4.46813694883218e-06,4.09209479384905e-05,TRUE,FALSE
"K26979","black",0.0802574463182903,0.646732469929296,0.959685422460598,0.123516924931952,0.479621337268278,0.43931647926707,0.51716840719735,0.00146622919898991,0.00702856323987369,0.0617491514607397,0.724551586413963,0.738772468073264,-0.239921915768281,0.165069535508019,0.335965170414894,0.235381118887227,0.173458401622892,0.897287153931499,0.0903491742825179,0.60574366195317,0.440156881052643,0.190197958541552,0.273784465878769,0.253866445061253,-0.000962582035027016,0.995621321107477,0.712648418771079,"black",0.51716840719735,0.00146622919898991,0.00702856323987369,TRUE,FALSE
"K27053","black",0.159334751556867,0.360578766167472,0.92838488900383,0.210286624733046,0.225319002954925,0.330616206663677,0.434659030187602,0.00907453526120421,0.0243407390210664,0.0626770794694969,0.720576776206675,0.738348922132822,0.0907454240985428,0.60415709612599,0.544473814625772,-0.0280378641810093,0.872974515982166,0.996847020865946,-0.0171843781029973,0.921948909827034,0.53993950691406,0.152540248049712,0.381681885535427,0.288003449984143,0.193379650817027,0.265688088082267,0.474667819376933,"black",0.434659030187602,0.00907453526120421,0.0243407390210664,TRUE,FALSE
"K27165","black",0.100010033873796,0.567582273690406,0.959685422460598,0.124057805591127,0.47768464571603,0.439049061735321,0.603248813071834,0.000125134256763039,0.00131299970347734,0.125684325942161,0.471885348859928,0.65179529026173,-0.205969863231739,0.235203878475315,0.385380587359609,0.0644491572785298,0.71300607297505,0.988692296438592,0.174448677497972,0.316206811450976,0.296876456199859,0.245160671380229,0.155757799861767,0.217675864964651,0.144444231179374,0.4077478790455,0.554563828234838,"black",0.603248813071834,0.000125134256763039,0.00131299970347734,TRUE,FALSE
