"Gene","ModuleColor","GS.Rhizo","p.GS.Rhizo","q.GS.Rhizo","MM.red","p.MM.red","q.MM.red","MM.black","p.MM.black","q.MM.black","MM.greenyellow","p.MM.greenyellow","q.MM.greenyellow","MM.magenta","p.MM.magenta","q.MM.magenta","MM.grey","p.MM.grey","q.MM.grey","MM.blue","p.MM.blue","q.MM.blue","MM.pink","p.MM.pink","q.MM.pink","MM.tan","p.MM.tan","q.MM.tan","AssignedModule","MM.assigned","p.MM.assigned","q.MM.assigned","MM.assigned.significant","MM.assigned.sig.and.strong"
"K00006","blue",-0.0732872428200659,0.675661708450872,0.959685422460598,0.0481764289314342,0.783451362109803,0.535493667334807,-0.158773172147701,0.362296007044268,0.304931022227989,-0.161065566771724,0.355316864758533,0.590514404875821,-0.240125857151771,0.164699726315289,0.335965170414894,0.0493830174704025,0.77816168364745,0.996847020865946,0.838099310780673,3.35485622400908e-10,8.14214807890223e-08,0.113137619825814,0.517563550715264,0.330356952451941,-0.0569662313249514,0.745149799909957,0.670640068304698,"blue",0.838099310780673,3.35485622400908e-10,8.14214807890223e-08,TRUE,TRUE
"K00036","blue",-0.0763077027784833,0.663066376185144,0.959685422460598,0.0499270517204854,0.77577982754612,0.533734212700639,-0.0544992823170902,0.7558433709404,0.473370879085359,0.0212505607255208,0.903558194369849,0.774815156413682,-0.0304818825628992,0.862003597425282,0.610106020201995,0.149823168196517,0.390318965113465,0.984821788630755,0.713964842799062,1.46697205974963e-06,1.61831941798472e-05,0.160272578743429,0.357721888497424,0.283391359016613,-0.104914785393151,0.548638357378244,0.608570924990134,"blue",0.713964842799062,1.46697205974963e-06,1.61831941798472e-05,TRUE,TRUE
"K00164","blue",0.00058339466603054,0.997346194345831,0.998859272394696,0.0301562762789237,0.863463787295099,0.557319202413377,-0.224629151785665,0.194523158864773,0.203319642043251,-0.173428101956331,0.319090494764541,0.560017520764421,-0.238353131049138,0.167934174168445,0.335965170414894,0.115582878359885,0.508493448845029,0.986815669978367,0.755702326468589,1.53553776274217e-07,2.92290971190771e-06,0.112247547864135,0.520884761871591,0.331427111759237,-0.195875636839122,0.259447810472454,0.466774486017481,"blue",0.755702326468589,1.53553776274217e-07,2.92290971190771e-06,TRUE,TRUE
"K00310","pink",0.42052089458848,0.0118920636118604,0.457976583096759,0.535199205465503,0.000923823628980223,0.0104678545422635,0.422761109479245,0.0114016975256723,0.0287892955116453,0.130500207033939,0.454933729077313,0.648727251841805,0.0524006386273413,0.764975771336576,0.584258398378374,-0.0773644113404834,0.658681042154216,0.988692296438592,0.194775769924584,0.262185578665163,0.264856409549413,0.745207329060465,2.81984719641545e-07,2.03489357519182e-05,0.187802813329563,0.27998430599444,0.485183308867939,"pink",0.745207329060465,2.81984719641545e-07,2.03489357519182e-05,TRUE,TRUE
"K00410","black",0.387365972994847,0.0215025559516997,0.512339273119295,0.49431896624833,0.00254195343821465,0.0235660084189537,0.7087457027182,1.89237728823923e-06,0.000162459817474825,-0.00913654864720112,0.958456573518608,0.784312715309577,-0.0926508848123647,0.596552715402515,0.541258498178183,-0.119971568894678,0.492416431403758,0.986815669978367,0.0397074693033396,0.820835634263393,0.510806810000975,0.334167603103866,0.0497651320054822,0.149196246664282,0.451672264969277,0.00645588918969335,0.0691289739062545,"black",0.7087457027182,1.89237728823923e-06,0.000162459817474825,TRUE,TRUE
"K00698","blue",0.0493019330871785,0.778516852973066,0.964756824700076,0.150614351357,0.387792333516352,0.407121925370028,-0.00587505883246879,0.973279646476091,0.53717841174936,-0.0102277850261313,0.95349985201503,0.78321321054273,-0.0609271810941485,0.728078451462636,0.58161678693012,0.0304754291254973,0.862032533681662,0.996847020865946,0.77466059371849,4.72682049544014e-08,1.48024121131302e-06,0.179203760112035,0.302987021353858,0.260717675397843,-0.0377748718384652,0.829424503185616,0.681270456641967,"blue",0.77466059371849,4.72682049544014e-08,1.48024121131302e-06,TRUE,TRUE
"K00706","blue",0.229470212326069,0.184827692583505,0.824980724999754,0.191887561712016,0.269465173933664,0.350309233846632,0.176554970942957,0.310307141711945,0.278817464776227,-0.120477619089883,0.490579498883202,0.663140136436199,-0.134528470457154,0.44100972803041,0.483624985412653,0.00312881355056279,0.985768025964843,0.998168111332726,0.801573602727835,7.20171097710491e-09,4.36959092146814e-07,0.288771014777443,0.0924905282757533,0.18895625259695,0.0784215346977576,0.654305159724646,0.641476550306454,"blue",0.801573602727835,7.20171097710491e-09,4.36959092146814e-07,TRUE,TRUE
"K00728","blue",-0.1823440067884,0.294451810520042,0.883994324068164,0.128525831637539,0.461843531193407,0.432724686613827,-0.192252416101945,0.268538350122189,0.254113384611402,-0.166214234987762,0.339939431537775,0.578666662928835,-0.170665243026277,0.32697914024118,0.435321894085766,0.0340464172063128,0.846048762957769,0.996847020865946,0.75372685818454,1.72559292721124e-07,3.2215144483829e-06,0.0866278833819141,0.620729392918397,0.360447988870817,-0.129251701166816,0.459296702667462,0.583207322791197,"blue",0.75372685818454,1.72559292721124e-07,3.2215144483829e-06,TRUE,TRUE
"K00820","blue",0.178176045352078,0.305814076197711,0.885854951027726,-0.00889768707258661,0.959541764881671,0.57628500467606,-0.107163713496685,0.540052959578805,0.390530905883515,-0.082537180379137,0.637377536371905,0.721239805256568,-0.15031829510487,0.388736669525747,0.460572046660149,0.0984854188947868,0.573531099976078,0.986815669978367,0.779853712494768,3.35570382926201e-08,1.17323036228208e-06,0.142096869030463,0.41549023843703,0.296329215413772,-0.165245066613652,0.34280247974913,0.525017329448606,"blue",0.779853712494768,3.35570382926201e-08,1.17323036228208e-06,TRUE,TRUE
"K00866","black",0.26512145621902,0.123753354422031,0.763998858849709,0.678312176854405,7.54182508916716e-06,0.000248099497482764,0.72971189197663,6.57108227017959e-07,8.8648171810586e-05,0.198863534672264,0.25210599398246,0.503536784436068,0.105037740602946,0.548167314289356,0.523638602167146,-0.119688938013101,0.493443893534139,0.986815669978367,0.228586165451333,0.18657226225629,0.214599994255741,0.421438048750897,0.011689192534692,0.0594185884527682,0.449959443257112,0.00668616705835969,0.0702058693553962,"black",0.72971189197663,6.57108227017959e-07,8.8648171810586e-05,TRUE,TRUE
"K00869","black",0.0827396308029918,0.636549407661588,0.959685422460598,0.242976812347053,0.159592204860653,0.293244458665577,0.730771811217817,6.21299816275947e-07,8.8648171810586e-05,0.268963115967139,0.118201696362561,0.37390939546343,-0.0210619381263277,0.904410288346963,0.619031313635149,0.0848984725687824,0.6277456977561,0.987136244631723,0.0168391051389401,0.923512494984177,0.53993950691406,0.328453435922532,0.054052819322575,0.155459791043582,0.139388267852506,0.424526117281468,0.569622377119391,"black",0.730771811217817,6.21299816275947e-07,8.8648171810586e-05,TRUE,TRUE
"K00894","pink",-0.0928262033628256,0.595855141077193,0.959685422460598,0.296037868859449,0.0842176971203419,0.214711098016069,0.414699069574648,0.0132504715898745,0.0321023642910084,0.14389855895506,0.409540326404578,0.621622602878048,0.14833505175407,0.395097009607048,0.461967356464373,0.152727188526236,0.381091780267194,0.982362580947701,0.0878875410995592,0.615639488248688,0.444684789770773,0.702913203032542,2.49926389864713e-06,9.01775113298838e-05,0.182524568227396,0.293965764338012,0.491015317066339,"pink",0.702913203032542,2.49926389864713e-06,9.01775113298838e-05,TRUE,TRUE
"K00927","blue",-0.0428835368302827,0.806765361925606,0.967562416164654,0.017231223176029,0.921736791703841,0.569250833212173,-0.14607246124205,0.40242597788567,0.32789401609446,-0.305367892786438,0.0744473772013354,0.324265548447853,-0.194794500952878,0.262138795052317,0.404527796971786,0.179998009809279,0.300813576123259,0.944607285615407,0.820493296667367,1.60298862159842e-09,1.94520567415744e-07,0.123112215958457,0.481073116266726,0.319972955707941,-0.218614960922397,0.20705658324544,0.419310144637565,"blue",0.820493296667367,1.60298862159842e-09,1.94520567415744e-07,TRUE,TRUE
"K00972","greenyellow",-0.108795959828634,0.533862208797826,0.959685422460598,0.225733705732426,0.192280302991058,0.310874360839603,0.160811369183164,0.3560867491901,0.301857201234407,0.815195018274732,2.48357411966435e-09,1.13584176100415e-06,0.271519798389387,0.114611616703328,0.277603588055508,-0.0251648227633259,0.885900976377906,0.996847020865946,-0.254482492879759,0.140138856758128,0.174640991215204,0.125232215699256,0.473493606728962,0.318006566148947,0.123440639091467,0.479894816679999,0.58861903854255,"greenyellow",0.815195018274732,2.48357411966435e-09,1.13584176100415e-06,TRUE,TRUE
"K00988","tan",0.148034306425598,0.396066721704215,0.939011135527,0.533462311867743,0.000966940987779291,0.0107182347603036,0.582532532697363,0.00024102897253421,0.00206922388719253,0.0590344525301439,0.736220471130967,0.738926659929949,-0.0425696310545296,0.808153416580165,0.588908621420592,-0.211399407138423,0.222817435406477,0.91433593416675,0.119357533690441,0.494650057171344,0.393404595122486,0.329540450727708,0.0532152973559085,0.155301767967753,0.791350449034411,1.51971159423377e-08,3.76590515311538e-06,"tan",0.791350449034411,1.51971159423377e-08,3.76590515311538e-06,TRUE,TRUE
"K01055","pink",-0.0800552645405936,0.647564730453175,0.959685422460598,0.33463602414922,0.0494260733231713,0.173173237436118,0.486424453219139,0.00304790061163182,0.0109539363685962,0.165862206180845,0.340977674707242,0.579062460420339,0.322031003345851,0.059217445689559,0.194791454930501,0.0680423538497453,0.697738304222775,0.988692296438592,-0.0687638690000238,0.694686323296716,0.469307025578369,0.738378425230058,4.12365783833707e-07,2.18222825156557e-05,0.301958844037498,0.0779093012368647,0.260924419174544,"pink",0.738378425230058,4.12365783833707e-07,2.18222825156557e-05,TRUE,TRUE
"K01137","greenyellow",-0.0915358057273517,0.600997773557722,0.959685422460598,0.319644015568648,0.0612335998875854,0.183775082006566,0.343684328740923,0.0432314674394841,0.0751849762342339,0.759370128872334,1.23282575798447e-07,2.81911252189567e-05,0.3656023543467,0.0307900745499551,0.143946111608724,-0.100173980684694,0.566944258934935,0.986815669978367,-0.172356298771892,0.322136535606001,0.30069881703905,0.215221992245984,0.214368838864456,0.2338397366362,0.350574340493704,0.0389471429609224,0.1823446115589,"greenyellow",0.759370128872334,1.23282575798447e-07,2.81911252189567e-05,TRUE,TRUE
"K01254","tan",0.0777787803583267,0.656964454188765,0.959685422460598,0.229075493185614,0.18560519965555,0.308768814550151,0.30718674966157,0.0726499972993871,0.103479183454291,0.295658394443233,0.0846350533958425,0.33918723676185,0.0107764149068152,0.951008447650273,0.630991065211668,-0.225464800440713,0.192824652310698,0.903148161180248,-0.0737964981305895,0.673531917286027,0.461652573035911,0.179747965765717,0.301496744485393,0.260137888192138,0.74826997501448,2.36874175119099e-07,3.6686470647854e-05,"tan",0.74826997501448,2.36874175119099e-07,3.6686470647854e-05,TRUE,TRUE
"K01427","black",0.0339463011408376,0.846496091563735,0.967562416164654,0.282052681345293,0.100679568495185,0.233345694211512,0.723359014613737,9.14484915769848e-07,0.000107948715330872,0.269481695227157,0.11746679584332,0.373477875708367,0.030549138891483,0.861702040539626,0.610106020201995,-0.0781362989031915,0.655484763782112,0.988692296438592,-0.0874195956971245,0.617528276178147,0.445060717066057,0.321951500344724,0.0592837407357308,0.162834553317157,0.16354819853135,0.347850517313518,0.527617076337425,"black",0.723359014613737,9.14484915769848e-07,0.000107948715330872,TRUE,TRUE
"K01689","blue",-0.0464481887327793,0.791044560831585,0.966049697701213,0.132160272894999,0.449167186473593,0.428401429417217,-0.0427704734472155,0.807265248349815,0.49225609387366,-0.0308377933899346,0.86040802054123,0.769557458719738,-0.00755430500030304,0.965646269719506,0.635124592490452,-0.0349175704928723,0.842158374687503,0.996847020865946,0.756556568095229,1.45948404202372e-07,2.83370359752734e-06,0.226208895100487,0.191321005275941,0.227521512131305,-0.0256229125082144,0.883837898420027,0.687755128292492,"blue",0.756556568095229,1.45948404202372e-07,2.83370359752734e-06,TRUE,TRUE
"K01705","tan",0.0196656219473363,0.910721286687278,0.975443604208019,0.27740317549097,0.106661671916703,0.241180931147852,0.440535548181634,0.0080830639166357,0.0224688411001523,0.214221834377014,0.216557767284734,0.468647676955641,-0.0418679180207666,0.811258387173237,0.589267644241188,-0.336913155221573,0.0478040446026972,0.65749531187678,-0.0837803922970541,0.632298996867246,0.448705580167532,0.249732848731601,0.147946739549798,0.212368000420481,0.892493983044175,5.96185407741551e-13,7.38685454445752e-10,"tan",0.892493983044175,5.96185407741551e-13,7.38685454445752e-10,TRUE,TRUE
"K01824","red",0.070878197970124,0.685770091445817,0.959685422460598,0.729453185765437,6.66131107586953e-07,4.24571516507628e-05,0.322834128917017,0.0585510291604901,0.0887518481477934,0.32646172835382,0.0556145795338609,0.30071633664482,0.0716835495829931,0.68238474882416,0.573474890726554,-0.101106531892309,0.563321397306121,0.986815669978367,0.254655583833728,0.139860140244872,0.174517682633891,0.691931316043618,4.14658368063145e-06,0.000132135223958553,0.330371817915363,0.0525817486990881,0.214036961377093,"red",0.729453185765437,6.66131107586953e-07,4.24571516507628e-05,TRUE,TRUE
"K01897","blue",-0.214773270015993,0.215349015248701,0.829981387866013,-0.213772613444883,0.217545899243956,0.325107636633554,-0.338494318803038,0.0467030673424515,0.0781633333631702,-0.182339054594851,0.294465148367367,0.539762138311494,-0.311144863364834,0.0688557365135051,0.211244986851847,0.141213220926411,0.418426105307868,0.986815669978367,0.714983283885617,1.39495861292578e-06,1.5565645850963e-05,-0.0609937178475631,0.727792753758255,0.388811600187648,-0.211065506904242,0.223566053654889,0.433494116987896,"blue",0.714983283885617,1.39495861292578e-06,1.5565645850963e-05,TRUE,TRUE
"K02155","blue",-0.180694594217257,0.298915564860903,0.883994324068164,0.13370813916482,0.443826221600458,0.426684743350818,0.0554886733783058,0.751549138648304,0.471576115199496,-0.125592854496721,0.472210501489034,0.65179529026173,-0.108639607081292,0.534453736218984,0.515563782545548,0.0388353085642618,0.824709225896422,0.996847020865946,0.713632420920045,1.4912040404043e-06,1.6265676859159e-05,0.215869904058022,0.212958978088772,0.2338397366362,0.106630881810427,0.542081261891053,0.60605190557109,"blue",0.713632420920045,1.4912040404043e-06,1.6265676859159e-05,TRUE,TRUE
"K02256","black",0.335471266341835,0.0488260839125272,0.650275768102696,0.526951200223862,0.001144804234285,0.0125533431622634,0.767031142862711,7.69513909938385e-08,2.42229001483762e-05,0.0491719529994666,0.779086289411667,0.744922708456456,-0.0294962823100446,0.86642490752711,0.611368511649448,-0.123771473511256,0.478709385397341,0.986815669978367,0.250108787975303,0.147317430212662,0.18222893808779,0.472049579288787,0.00419649777430023,0.0287169173658321,0.467978433539527,0.00458312387997477,0.059014022824623,"black",0.767031142862711,7.69513909938385e-08,2.42229001483762e-05,TRUE,TRUE
"K02264","pink",0.036567265924281,0.834801311004834,0.967562416164654,0.257669325846569,0.135072299834236,0.266567491954285,0.379997564783759,0.0243435038423666,0.0496751259889678,-0.16097780764234,0.355582546228755,0.590514404875821,0.188429143406282,0.278354336094477,0.413514740764905,0.30119833877802,0.0786983855204965,0.758525048392902,0.00161397002443875,0.992658293068636,0.557674918078011,0.790149144900107,1.65461569633146e-08,3.28356758087115e-06,0.044294637774369,0.800532862403716,0.677848190020748,"pink",0.790149144900107,1.65461569633146e-08,3.28356758087115e-06,TRUE,TRUE
"K02541","red",0.273602622294324,0.111747912975518,0.763519189084221,0.739290312054027,3.92224652364963e-07,2.85705087301184e-05,0.265049793460903,0.123858727393773,0.149000551442478,0.146050047056906,0.402498968311437,0.615367734449513,0.426407008242334,0.0106402403700711,0.076332700345836,0.191014603341847,0.271691198767147,0.930619645693408,-0.0380876408383032,0.828033145288031,0.51200375274272,0.268399544077679,0.119004251237257,0.201987615223104,0.144768012508838,0.406686419767799,0.554563828234838,"red",0.739290312054027,3.92224652364963e-07,2.85705087301184e-05,TRUE,TRUE
"K02677","blue",-0.0277580772250139,0.874231974451422,0.96920252194917,0.0635162225987099,0.716988465768538,0.521906039866975,-0.0870713267615364,0.618935577127364,0.426821502642032,-0.0718082472184156,0.681861117529415,0.731064640794532,-0.172117610081205,0.322817338852205,0.43456333131473,0.0522644171870271,0.765569642038466,0.996847020865946,0.762881970181639,9.9544231137719e-08,2.35966978946211e-06,0.129362679836829,0.45890797877756,0.311882909062562,-0.0563815183145349,0.74768022747053,0.670880852883072,"blue",0.762881970181639,9.9544231137719e-08,2.35966978946211e-06,TRUE,TRUE
"K02830","black",-0.0851298050743161,0.62680529116729,0.959685422460598,0.388331288579368,0.021151647646369,0.112066914939278,0.789385697174824,1.74601127478863e-08,1.64883790484816e-05,0.22548478022103,0.192784169822503,0.453695818016737,0.14429122089579,0.408250043304838,0.467089847245509,0.0606569712210292,0.729239057521005,0.992474492474258,0.21559337897832,0.213559915694895,0.234261837314703,0.408380204584446,0.0148705592196533,0.0689004638520285,0.618658628189696,7.45563456216624e-05,0.00400387115226492,"black",0.789385697174824,1.74601127478863e-08,1.64883790484816e-05,TRUE,TRUE
"K02866","blue",0.0449652386065954,0.797575192091426,0.967562416164654,0.262347538066025,0.12788103452824,0.259784685966081,0.120950631082873,0.488865675322126,0.368736505326994,0.0154110309572992,0.929982528080666,0.778710702184942,-0.052497277420724,0.764554544932445,0.584258398378374,-0.00912920002076628,0.958489958573624,0.996847020865946,0.761760145347042,1.06624871163968e-07,2.37137687601725e-06,0.257293888390669,0.135662069462008,0.2070922776937,0.119625805916142,0.493673550282607,0.590236164318044,"blue",0.761760145347042,1.06624871163968e-07,2.37137687601725e-06,TRUE,TRUE
"K02872","blue",0.35508126492695,0.0363356124121793,0.587018926596502,0.186990968752903,0.28210624716435,0.355209818684584,0.0154730178936216,0.929701595427676,0.523962837421397,-0.107974842091565,0.536972249747301,0.687500544394389,-0.12571624136991,0.471771927109479,0.495931318294449,-0.000402709630130171,0.998168111332726,0.998168111332726,0.759899165953838,1.19401334816829e-07,2.45712285632922e-06,0.175297886602832,0.313819808076519,0.262219845864461,0.0494595301924842,0.7778265798337,0.676698370396686,"blue",0.759899165953838,1.19401334816829e-07,2.45712285632922e-06,TRUE,TRUE
"K02873","blue",-0.0359219839188365,0.8376774367339,0.967562416164654,0.0102786647213644,0.953268781672989,0.575568269326274,-0.00276224120789037,0.987435306347053,0.541824576594892,-0.0501896623771845,0.77463080024685,0.744922708456456,-0.0845900800131322,0.629000263686614,0.55584639704988,-0.112802344645373,0.518813367047664,0.986815669978367,0.780180534115778,3.28312209657973e-08,1.17323036228208e-06,0.270973129503701,0.115372282218113,0.199960777268049,0.0491382407006624,0.779233999835917,0.676698370396686,"blue",0.780180534115778,3.28312209657973e-08,1.17323036228208e-06,TRUE,TRUE
"K02882","blue",0.130619691382234,0.454517355047029,0.959685422460598,0.189943681426884,0.274438382561835,0.352846830167166,0.0181406929842637,0.917619711431358,0.522018104126185,-0.100367616507974,0.56619112908442,0.702817026561333,-0.138145316862222,0.428708966876935,0.476704348827457,-0.0730010459342501,0.676859720791695,0.988692296438592,0.788263399224549,1.88885998653833e-08,7.75698488915819e-07,0.193323361461954,0.265829945074216,0.251746533237719,0.00184911745002986,0.991588678180757,0.711421830891961,"blue",0.788263399224549,1.88885998653833e-08,7.75698488915819e-07,TRUE,TRUE
"K02883","blue",0.0687284059501157,0.694836220837699,0.959685422460598,0.0760875610610145,0.663981356715702,0.506503042677879,0.0727171229330042,0.678048985776545,0.448398119151884,-0.104537246870564,0.550085902484196,0.695349203169848,-0.221335151628653,0.20132030514796,0.365232727112532,0.083518961015203,0.633365585167614,0.987736935152345,0.719468592323152,1.11471946491432e-06,1.3316168987264e-05,0.200092435988767,0.249126854678925,0.248014983419253,0.0326687895514764,0.852208237483518,0.683305996820181,"blue",0.719468592323152,1.11471946491432e-06,1.3316168987264e-05,TRUE,TRUE
"K02918","blue",0.0240806963782518,0.890786422614342,0.973539962800205,0.0764607272347971,0.662430639028184,0.506402340581182,-0.128077090908504,0.46342176236693,0.357702096093043,-0.200084223894865,0.249146684447001,0.501577212354677,-0.17047883260743,0.327515700231049,0.435321894085766,0.092786312265767,0.596013832443678,0.986815669978367,0.772714355466699,5.36201278378842e-08,1.57738962598794e-06,0.282918003936055,0.0995949535977856,0.192109096086842,-0.0604712238944897,0.730037223364108,0.667550176017229,"blue",0.772714355466699,5.36201278378842e-08,1.57738962598794e-06,TRUE,TRUE
"K02940","blue",-0.0834724648757301,0.63355535651406,0.959685422460598,-0.0350111116284621,0.841740856256928,0.551011219684876,-0.11091041525338,0.525893728058087,0.385787554785719,-0.223848572408667,0.19611916478922,0.454634761239323,-0.178006892548126,0.30628097780079,0.428259998674353,0.019334141012896,0.912220301019201,0.996847020865946,0.724332226494297,8.69844414952843e-07,1.12591444509076e-05,0.0155215473130667,0.929481659776327,0.440771046604517,0.00223556650501981,0.989830869875611,0.711421830891961,"blue",0.724332226494297,8.69844414952843e-07,1.12591444509076e-05,TRUE,TRUE
"K02943","blue",-0.0229090322239608,0.896070788766608,0.973554656411546,0.0758094490134922,0.665137964012515,0.506573284283366,0.00263398468273537,0.988018668003553,0.541829843948815,-0.0254117465476139,0.884788824445701,0.774258371572228,-0.0509692337199533,0.771222642579905,0.584258398378374,0.233906831620919,0.176246266712741,0.897287153931499,0.79166759471811,1.48583337646267e-08,6.86872122021957e-07,0.166351563839168,0.339534930370179,0.274053791965778,-0.0580387690619176,0.740515070640176,0.670640068304698,"blue",0.79166759471811,1.48583337646267e-08,6.86872122021957e-07,TRUE,TRUE
"K02947","blue",0.117889063852499,0.500012662655205,0.959685422460598,0.0755119220434337,0.666376155735177,0.506902228417142,0.0213824968831137,0.902962241704354,0.5183637307898,-0.0840322040012977,0.631272343857012,0.719001026825841,-0.14768223034733,0.397203682494876,0.462223592180585,0.0445277850600482,0.799504259823719,0.996847020865946,0.743525146475932,3.09998483477366e-07,5.01572126726707e-06,0.199051168611652,0.25164960082738,0.249017357275649,0.0575389817341599,0.742673682173349,0.670640068304698,"blue",0.743525146475932,3.09998483477366e-07,5.01572126726707e-06,TRUE,TRUE
"K02962","blue",-0.0184022672811502,0.916435975676943,0.975443604208019,0.12769016636332,0.464784882107841,0.43434289275582,0.00910666404070059,0.958592340715521,0.534981507038745,-0.0749259525957922,0.668817267375003,0.730215674333603,-0.105534109329714,0.546267658865359,0.522436885946953,-0.0382709102491791,0.827218107172085,0.996847020865946,0.775709079148993,4.41413478002208e-08,1.42839858081799e-06,0.138022312117269,0.429124148550178,0.301182102287257,0.0410980634197513,0.81466813219549,0.679264331444427,"blue",0.775709079148993,4.41413478002208e-08,1.42839858081799e-06,TRUE,TRUE
"K02969","blue",0.0978938598252332,0.57584684169755,0.959685422460598,0.222841488793071,0.198191777346987,0.312248013527323,0.112627869151397,0.519464352765605,0.382846351850122,-0.134548480514984,0.440941148552286,0.63951605796376,-0.166315239436565,0.33964189499736,0.442597960839535,-0.113216135852146,0.517271078846826,0.986815669978367,0.773912952659396,4.96212842140867e-08,1.50536944416941e-06,0.188027650083716,0.279398477653034,0.253866445061253,0.0487387896094027,0.780984772132123,0.676698370396686,"blue",0.773912952659396,4.96212842140867e-08,1.50536944416941e-06,TRUE,TRUE
"K02984","blue",0.174989967702264,0.314684013400336,0.895533419956602,0.184797561226544,0.287891095754218,0.357816526568752,0.141821312917079,0.416404509208363,0.336957778852766,-0.0568937095842068,0.74546350608323,0.744922708456456,-0.0709213609881443,0.685588499823787,0.573474890726554,-0.085566275590183,0.625032538553729,0.987136244631723,0.757210756861547,1.40360259880649e-07,2.78082179562414e-06,0.222075376788031,0.199778658757707,0.229887898427283,0.0796759473150317,0.649127284382862,0.640469696950189,"blue",0.757210756861547,1.40360259880649e-07,2.78082179562414e-06,TRUE,TRUE
"K02993","blue",-0.0361779654878253,0.836536235978141,0.967562416164654,0.0576077072648808,0.74237673758642,0.525329794728703,-0.0277166912550546,0.874418002981934,0.5104375567385,-0.046147533865038,0.792367473197297,0.744922708456456,-0.149413050362403,0.39163241600431,0.461743819878117,-0.168914442785897,0.332040066950711,0.96387906242267,0.712586471338964,1.56985888082177e-06,1.69333614943758e-05,0.13977611629993,0.423225580518924,0.298819350645446,-0.0124823501982777,0.943264580449603,0.700673489640648,"blue",0.712586471338964,1.56985888082177e-06,1.69333614943758e-05,TRUE,TRUE
"K03010","blue",-0.124949736969957,0.474499904426547,0.959685422460598,0.0829394602534257,0.635732424611656,0.499471592327246,-0.0167976739098786,0.923700137346946,0.522464771386841,-0.179380276045727,0.302503131416256,0.546322653064322,-0.206124321142726,0.234845219062274,0.385380587359609,0.0812236447295565,0.64276104511768,0.988692296438592,0.729622713974421,6.60205741464338e-07,9.02705364220731e-06,0.0477632368254891,0.785265003696535,0.402786292478723,-0.0388944037878971,0.824446632232541,0.681109472201336,"blue",0.729622713974421,6.60205741464338e-07,9.02705364220731e-06,TRUE,TRUE
"K03039","pink",-0.0792213286230252,0.651001975559451,0.959685422460598,0.307686222446856,0.072162398306655,0.202185297124598,0.24009246340173,0.164760238809034,0.178839760312003,0.633070671740988,4.47874258864375e-05,0.00227590588932593,0.394433382090242,0.0190417951469809,0.102492435038294,-0.0795466650494378,0.649660184981157,0.988692296438592,0.0094204407485255,0.95716689596683,0.549613218707555,0.716647241270695,1.28423295098139e-06,5.99658091352062e-05,0.29543825413444,0.0848778998756846,0.267463973060939,"pink",0.716647241270695,1.28423295098139e-06,5.99658091352062e-05,TRUE,TRUE
"K03131","red",0.162031469429256,0.352400595044789,0.92113157045644,0.833700263365202,5.0433540688662e-10,2.57158323448983e-07,0.431332414412786,0.00968034689077738,0.0254640448619112,0.348517274866231,0.0401885984994805,0.252934650409718,0.0845670231854053,0.62909410184119,0.55584639704988,-0.0961085913873824,0.582860924452628,0.986815669978367,0.103383323849745,0.554521322356621,0.421795546028181,0.359014779650034,0.0341743197596039,0.12644414041369,0.451350400180432,0.00649863531490212,0.0691289739062545,"red",0.833700263365202,5.0433540688662e-10,2.57158323448983e-07,TRUE,TRUE
"K03233","blue",0.109192495226359,0.532363417099811,0.959685422460598,-0.0424167480454146,0.808829656267814,0.542394613760413,-0.184120121011944,0.289693072585264,0.26846943267079,-0.234483797870978,0.175151459593939,0.434124521455948,-0.229361907876346,0.18504079858466,0.35225177840367,0.286440976790416,0.0952707286701286,0.793770061467946,0.803714727584896,6.12549020771871e-09,3.9643744269522e-07,0.011910239904372,0.945861064216813,0.445135355468052,-0.256223145916016,0.137354499557531,0.34105196070868,"blue",0.803714727584896,6.12549020771871e-09,3.9643744269522e-07,TRUE,TRUE
"K03236","blue",-0.278744700666486,0.104908749653097,0.744258866934882,-0.2658429222736,0.122696224387962,0.255878303220592,-0.0181437481231679,0.917605884608711,0.522018104126185,-0.0709783092492745,0.685348938649541,0.731064640794532,-0.20361763008159,0.240711603875638,0.389689654097416,0.269845892998265,0.116952723678002,0.830651926778595,0.73186118186446,5.86369689865798e-07,8.19558721773894e-06,0.0703763267559023,0.687882787901469,0.379939399946547,-0.100786660132155,0.56456286463854,0.616303525232762,"blue",0.73186118186446,5.86369689865798e-07,8.19558721773894e-06,TRUE,TRUE
"K03252","blue",-0.0536834056134288,0.759389928712143,0.964756824700076,0.0632063524198701,0.718312831310357,0.521906039866975,-0.146334322987317,0.401573801997665,0.327482224681633,-0.204357446151335,0.238970077417934,0.491563526988946,-0.262623988143033,0.127465146799573,0.295211328833634,0.0839838118655887,0.631469589222646,0.987136244631723,0.761629319816018,1.07480129744279e-07,2.37137687601725e-06,0.104982723800293,0.548378060852633,0.335764841386477,-0.176569158430813,0.310267639495077,0.495396536199973,"blue",0.761629319816018,1.07480129744279e-07,2.37137687601725e-06,TRUE,TRUE
"K03254","blue",0.207270324767669,0.232195673979665,0.859271445104109,-0.00339585534423852,0.98455347714067,0.584133415910857,-0.1951671569655,0.261209172687353,0.249485912985775,-0.13305179152864,0.446086735625336,0.641553526105619,-0.20545903449531,0.23639268250347,0.386382691218673,0.118422417823551,0.498061547935672,0.986815669978367,0.788046420878316,1.91769312835529e-08,7.75698488915819e-07,0.201976441248306,0.244605333572926,0.246632574281306,-0.150798415929939,0.387205892214536,0.545797180348594,"blue",0.788046420878316,1.91769312835529e-08,7.75698488915819e-07,TRUE,TRUE
"K03352","blue",0.177842435992008,0.306735348368543,0.885854951027726,0.192286318221543,0.268452336182947,0.350309233846632,0.0903805934543293,0.605617796134606,0.420833293265045,0.0484311443816331,0.782333886982792,0.744922708456456,0.0148483475690746,0.932533057047046,0.626662890837211,-0.0728300892096203,0.67757571341146,0.988692296438592,0.719290495762648,1.12478126836585e-06,1.3316168987264e-05,0.335929261600734,0.0484995700055124,0.148750470139885,0.190562644593024,0.272848388069853,0.476818791369939,"blue",0.719290495762648,1.12478126836585e-06,1.3316168987264e-05,TRUE,TRUE
"K03420","pink",0.0403664366086393,0.817911670476047,0.967562416164654,0.630340056700167,4.94247830869349e-05,0.00112006539756527,0.30890068556459,0.070987465680756,0.102034542410466,0.139837942294837,0.423018470813206,0.627586299182779,0.42091147048151,0.01180530879011,0.0778296208628067,-0.0288556119872534,0.869301042198181,0.996847020865946,0.249613797007784,0.148146435778092,0.18274333656145,0.747148312667285,2.52562341519247e-07,2.00482932345005e-05,0.3737623004902,0.0269835403179039,0.148591722444146,"pink",0.747148312667285,2.52562341519247e-07,2.00482932345005e-05,TRUE,TRUE
"K03781","blue",0.113004357093726,0.518060140585704,0.959685422460598,0.191432842867921,0.270623203214813,0.350309233846632,0.181962629821717,0.295480111521173,0.271171347052689,-0.102706555618671,0.557130403099496,0.699997005019733,-0.195265824286015,0.260963403030818,0.403832603359633,-0.00484996914813174,0.97794060372433,0.996847020865946,0.768897368903231,6.84202877359625e-08,1.84504715668421e-06,0.119220803198076,0.495148132689327,0.322603291171565,0.0411787012067232,0.814310823079341,0.679264331444427,"blue",0.768897368903231,6.84202877359625e-08,1.84504715668421e-06,TRUE,TRUE
"K03885","blue",-0.0863953983288146,0.621670701794888,0.959685422460598,0.0514519274831943,0.76911448963469,0.532640420272003,-0.0231061566541214,0.895181416544315,0.517022082398059,-0.415931102212327,0.0129525872278495,0.143316700736758,-0.306787365704313,0.0730417338018509,0.219342375724766,0.170009002680055,0.328870465519134,0.961100365505327,0.729005125692841,6.82027380198952e-07,9.1959031469802e-06,0.200210273687794,0.248842427499052,0.248014983419253,-0.158885847432307,0.361951068686565,0.532082260245957,"blue",0.729005125692841,6.82027380198952e-07,9.1959031469802e-06,TRUE,TRUE
"K04043","blue",0.0802753218833237,0.646658907257778,0.959685422460598,0.111600126012621,0.523307107232644,0.456122917805367,0.0895267202390222,0.609042392539862,0.422901799838499,-0.188801338806784,0.277388653046223,0.527124807501926,-0.185078814699963,0.287145090188573,0.418841377401227,0.000650725552102904,0.997039913957664,0.998168111332726,0.806658503683325,4.88748942011316e-09,3.92746650351915e-07,0.198724170048184,0.25244533477215,0.249017357275649,-0.0230452615461347,0.895456145473408,0.690093717365277,"blue",0.806658503683325,4.88748942011316e-09,3.92746650351915e-07,TRUE,TRUE
"K04459","black",0.289510275128134,0.091621553540449,0.724709891041615,0.265608858640446,0.123038446865118,0.256068338030576,0.757094844626623,1.41335806688395e-07,3.33674585532572e-05,0.161913240802892,0.352756774818777,0.589584520080006,0.0928128273272011,0.595908350436195,0.541258498178183,0.0557920513128833,0.750233855883726,0.996847020865946,-0.0163822015792063,0.925582037068789,0.53993950691406,0.313491546368302,0.0666806190515952,0.168996424310622,0.233035060333323,0.177909687928126,0.385995439327455,"black",0.757094844626623,1.41335806688395e-07,3.33674585532572e-05,TRUE,TRUE
"K04565","blue",-0.0910486142957956,0.602944339903507,0.959685422460598,0.0742367112858622,0.671692880702705,0.508594896416512,-0.0413003868824063,0.813771698965981,0.492359084983421,-0.0381837559853803,0.827605678672618,0.756943467644306,-0.130046104995827,0.456518032207211,0.490183207645207,0.120753671794982,0.489578926852732,0.986815669978367,0.765516077761302,8.4586813522077e-08,2.16094713934987e-06,0.149679311211811,0.390779393116412,0.289985217568749,-0.0309246824960129,0.860018571961301,0.684590622335635,"blue",0.765516077761302,8.4586813522077e-08,2.16094713934987e-06,TRUE,TRUE
"K04567","blue",-0.157119440281726,0.367381222073894,0.929394372104073,0.223425567070872,0.196987871695411,0.312174711337857,0.241230532779301,0.162706940646379,0.177708372430012,-0.302527585713152,0.077323212303842,0.332317780513632,-0.254516766374148,0.140083636170193,0.307240145481277,-0.017505953352803,0.920492899501575,0.996847020865946,0.739070713349479,3.96990630351653e-07,6.21603773740228e-06,0.280980657354086,0.102035687490669,0.192933659287588,0.103651326373964,0.553489695444659,0.610128671319737,"blue",0.739070713349479,3.96990630351653e-07,6.21603773740228e-06,TRUE,TRUE
"K04640","blue",-0.174799439713998,0.315219495772376,0.895533419956602,0.185569838625619,0.285845668103603,0.356796578416083,0.0166230773248286,0.924490931028709,0.522464906171757,0.0492209399727567,0.778871666569419,0.744922708456456,0.0338831454808125,0.846778301656876,0.605420561702959,0.208487361763006,0.22940413447294,0.91433593416675,0.7436269162173,3.08233588296601e-07,5.01572126726707e-06,0.154996764316063,0.373970224470474,0.287656872811676,-0.271262951310562,0.114968537969793,0.312181732010959,"blue",0.7436269162173,3.08233588296601e-07,5.01572126726707e-06,TRUE,TRUE
"K04643","blue",-0.0649608767211381,0.71082486666671,0.959685422460598,0.102516388744192,0.557864560345738,0.47016957789243,0.0742042106325183,0.671828591683569,0.446871288025815,-0.184802695725129,0.287877465687295,0.53884723339,-0.145990934455135,0.402691501192834,0.466629531504427,0.0180710466320223,0.917934920480406,0.996847020865946,0.870522556994575,1.08223311634984e-11,5.37784971514287e-09,0.198725355722139,0.252442446478946,0.249017357275649,0.0073188197110621,0.966716553374842,0.706530454120102,"blue",0.870522556994575,1.08223311634984e-11,5.37784971514287e-09,TRUE,TRUE
"K04646","blue",0.0917380455748701,0.600190523065358,0.959685422460598,-0.00577701669805048,0.973725396818345,0.581476700297344,-0.283640435810988,0.0986962680413771,0.129722298403905,-0.0505672284317645,0.772979622043916,0.744922708456456,-0.0687500214692253,0.694744853591872,0.576382030968839,-0.119562680356712,0.493903237795013,0.986815669978367,0.709297636290217,1.84257706010813e-06,1.90293030028972e-05,0.0374749522991698,0.830759179500251,0.414340864170027,-0.208383938660148,0.229640468468543,0.440155966485959,"blue",0.709297636290217,1.84257706010813e-06,1.90293030028972e-05,TRUE,TRUE
"K05355","black",0.0772817697972453,0.659023603186516,0.959685422460598,0.335010216446899,0.0491565502646894,0.172860005191019,0.776236851549454,4.26406576014032e-08,2.01337567391587e-05,0.250129222005546,0.147283280356578,0.409061362687295,0.21817716166798,0.207990264179697,0.37065250807918,-0.0234095891494897,0.893812656934817,0.996847020865946,0.000456783785388464,0.99792213352672,0.559337378487614,0.375221340802865,0.0263455783831709,0.106699031314594,0.369308292255631,0.0290101384027761,0.152653876539888,"black",0.776236851549454,4.26406576014032e-08,2.01337567391587e-05,TRUE,TRUE
"K05665","blue",-0.139032179173341,0.425722115845195,0.959685422460598,-0.0452605622435367,0.796273549582201,0.540351772311281,-0.153856937292022,0.377536944372814,0.313016082220216,-0.333771529699777,0.050053271840225,0.290983643706909,-0.143964822687403,0.409322422380471,0.4677514990834,0.16049861552295,0.357035356509902,0.981034169908892,0.77972855131469,3.38389010058437e-08,1.17323036228208e-06,0.144679178135344,0.406977490751439,0.294760066770285,-0.191615100407362,0.270158659200676,0.475671420251214,"blue",0.77972855131469,3.38389010058437e-08,1.17323036228208e-06,TRUE,TRUE
"K05765","blue",-0.224410161158487,0.194969996320084,0.824980724999754,0.188027455517405,0.279398984265713,0.354414593294725,-0.182847588584917,0.293097519467489,0.270298169934694,0.125691468571472,0.471859963981656,0.65179529026173,0.0604511626935746,0.73012344408598,0.58161678693012,0.0104514655473655,0.952484034101329,0.996847020865946,0.745506081731222,2.77259978000165e-07,4.64070824704744e-06,0.243391931236513,0.158858152016877,0.219260737743892,0.0461574065127007,0.792324023455719,0.676698370396686,"blue",0.745506081731222,2.77259978000165e-07,4.64070824704744e-06,TRUE,TRUE
"K05841","red",0.120182178887216,0.491651502448241,0.959685422460598,0.76082062951006,1.12908650982628e-07,1.4392901526001e-05,0.371577962754637,0.0279623583445344,0.0548983939815025,0.326834389654756,0.0553196702184647,0.30071633664482,-0.0444937418047936,0.79965443171371,0.587009013872708,-0.10772329418319,0.537926740069293,0.986815669978367,0.080949752632544,0.64388585818298,0.451130398725248,0.302739791544517,0.0771054135130051,0.176660815631565,0.300063242499887,0.0798876541844907,0.262575927368012,"red",0.76082062951006,1.12908650982628e-07,1.4392901526001e-05,TRUE,TRUE
"K05850","blue",0.195203429026125,0.261118805161556,0.874194515218989,0.189492178969734,0.275602002637825,0.352993497284374,0.00505556604639564,0.977005717344416,0.53829110897981,-0.221258114469592,0.201481222351211,0.45707224998987,-0.190370236036014,0.27334200271027,0.411555983762462,0.0251602693911009,0.885921486918813,0.996847020865946,0.734213238635172,5.17013853791563e-07,7.38105332430663e-06,0.161056929757986,0.355343007101877,0.282352147761559,-0.113713438288508,0.515420526708303,0.598383005344419,"blue",0.734213238635172,5.17013853791563e-07,7.38105332430663e-06,TRUE,TRUE
"K06004","pink",0.0436161384064085,0.803528147409196,0.967562416164654,0.186581212050497,0.283181178710121,0.355209818684584,0.282582116458472,0.100014902148638,0.130273963600811,0.0444811024479242,0.799710188348476,0.744922708456456,-0.0278943021482412,0.873619694923982,0.613337837423428,-0.274176165604658,0.110968874876908,0.813326576194694,0.0957021713021274,0.584462989506036,0.432132931833895,0.831973867886205,5.89938614924526e-10,2.34145404877406e-07,0.321466423887202,0.0596895039105149,0.224952633870352,"pink",0.831973867886205,5.89938614924526e-10,2.34145404877406e-07,TRUE,TRUE
"K06013","blue",-0.32557644192772,0.0563201684105093,0.668512683941183,0.115633780016271,0.508305489721206,0.449271364336404,-0.0036525622130149,0.983385965363313,0.5408597084159,-0.157757415736851,0.365414448881441,0.596144691888303,-0.245012462952447,0.156015894629405,0.3317354066196,0.0484814398750031,0.782113283626771,0.996847020865946,0.76693420501384,7.74202250526694e-08,2.03131736170275e-06,0.0513772224005742,0.769440656169402,0.397948920153276,-0.00350582861967553,0.98405331085281,0.711200269959224,"blue",0.76693420501384,7.74202250526694e-08,2.03131736170275e-06,TRUE,TRUE
"K06030","red",0.110908645462179,0.525900373310666,0.959685422460598,0.716241386787642,1.31047142709601e-06,7.24818253735938e-05,0.474385956277258,0.0039876165311878,0.0133535026957017,0.0748827311831231,0.668997457716222,0.730215674333603,0.118673544902412,0.497144214924794,0.504016968131179,-0.0909016448838438,0.60353208486666,0.986815669978367,-0.0314606000621345,0.857617238964675,0.522968479664266,0.33948907067258,0.046020904098907,0.146711652826154,0.165417426400833,0.342292235226044,0.525017329448606,"red",0.716241386787642,1.31047142709601e-06,7.24818253735938e-05,TRUE,TRUE
"K06174","blue",-0.0207175341690019,0.905966387704856,0.973554656411546,0.178943610880076,0.303701072618389,0.366089341838662,0.0789340823149451,0.65218756765662,0.439255775393542,-0.307701382377774,0.0721476388264129,0.317853261668912,-0.153623501285451,0.378269865311801,0.455161199939361,0.0513699804546009,0.769472276977047,0.996847020865946,0.722745446140576,9.43697968961999e-07,1.17452831969816e-05,0.284531704113887,0.097596076446823,0.191029521777356,0.0346250490280854,0.843464309311054,0.681270456641967,"blue",0.722745446140576,9.43697968961999e-07,1.17452831969816e-05,TRUE,TRUE
"K06185","blue",0.0382364240814296,0.827371460977718,0.967562416164654,0.132943066823667,0.446461794943064,0.428185924406629,0.0969920635570075,0.579385128689036,0.407401149570616,-0.219914190214884,0.204302847714219,0.45707224998987,-0.206229502436265,0.234601194039867,0.385380587359609,0.0638613022741476,0.715514571761789,0.988692296438592,0.80401189671563,5.98848515967132e-09,3.9643744269522e-07,0.167133018473906,0.337238768605604,0.273272085512579,-0.0783962752888362,0.654409587854809,0.641476550306454,"blue",0.80401189671563,5.98848515967132e-09,3.9643744269522e-07,TRUE,TRUE
"K06641","red",0.105064499969048,0.548064824048544,0.959685422460598,0.735225396414424,4.89554715282399e-07,3.32828954962686e-05,0.247562700784471,0.151617820512589,0.170858720506611,0.281038984791194,0.101961548052051,0.356484726146892,0.110231433940908,0.528446183758124,0.514953604143553,0.0971093214591199,0.57892450576378,0.986815669978367,0.210565742731457,0.224689748179453,0.241257645925672,0.210588908755718,0.224637575640635,0.236206359078665,0.109862264655211,0.529836501176973,0.601721222106585,"red",0.735225396414424,4.89554715282399e-07,3.32828954962686e-05,TRUE,TRUE
"K06653","red",0.11087402363419,0.526030380377779,0.959685422460598,0.739322833258245,3.91523325466284e-07,2.85705087301184e-05,0.613742660434996,8.82076757439383e-05,0.00113534642248241,0.192910341034974,0.266872334888066,0.517168731223661,-0.0493693943662,0.778221353071399,0.584863953082124,-0.0406320936809878,0.816733579968727,0.996847020865946,-0.0201565667890876,0.908501707094621,0.534847742592058,0.355347137099141,0.0361861116960898,0.129974590049424,0.192908183013796,0.266877788379361,0.474667819376933,"red",0.739322833258245,3.91523325466284e-07,2.85705087301184e-05,TRUE,TRUE
"K06685","tan",-0.102211485186041,0.559042605310258,0.959685422460598,0.259792623811942,0.131772350517933,0.264528033269369,0.482232912975923,0.00335050830727197,0.0118503276052807,0.237418310956382,0.169658010199938,0.430774887871671,0.0322724639266681,0.853981848507659,0.606815757144171,-0.370829865085546,0.0283042205552661,0.580428003501843,0.00376524356458485,0.982873497229515,0.555610681629802,0.277769767136498,0.106180477241754,0.195558282066979,0.849583966090956,1.09042829331911e-10,4.50354039158298e-08,"tan",0.849583966090956,1.09042829331911e-10,4.50354039158298e-08,TRUE,TRUE
"K06965","black",-0.0532226092080547,0.761395117559076,0.964756824700076,0.327273373068657,0.0549738718042684,0.179189007314413,0.714873625338302,1.40255397360875e-06,0.000132449554517423,0.375496078567584,0.0262268514177269,0.212922429301616,0.187795258480429,0.280004004509645,0.414274619351365,-0.118389258830696,0.498182737377448,0.986815669978367,-0.16449630533381,0.345024449447571,0.314887674491479,0.349936739335091,0.0393285729970514,0.133413919072776,0.303005235453607,0.0768336449210145,0.259396180692228,"black",0.714873625338302,1.40255397360875e-06,0.000132449554517423,TRUE,TRUE
"K07034","blue",-0.149466492739029,0.391461115671458,0.939011135527,0.115986372792382,0.507004462698802,0.449208102228906,-0.0308680087010513,0.86027258780386,0.50700098124751,0.0461443733829596,0.792381382679053,0.744922708456456,-0.0287271284303282,0.86987803788859,0.611481564051416,0.0898555907338096,0.607722431210428,0.986815669978367,0.70381712097733,2.39484599399846e-06,2.42176184403907e-05,0.2892596044436,0.0919155042716678,0.18895625259695,-0.0574630156237171,0.743001953861081,0.670640068304698,"blue",0.70381712097733,2.39484599399846e-06,2.42176184403907e-05,TRUE,TRUE
"K07127","greenyellow",0.0573781033483248,0.743368937286079,0.962392583360767,0.350621921122038,0.038918799516838,0.156873662812634,0.343044396601502,0.0436479293783503,0.0757697170157163,0.747750626092777,2.44023153723516e-07,4.38081075797983e-05,0.409256791102745,0.0146363354982519,0.0858287965500539,-0.189373792288716,0.275907641301821,0.930619645693408,-0.14355261600831,0.41067900547121,0.352672237076282,0.265476676353461,0.123232023278553,0.203925984059529,0.571258882215287,0.000338144899818662,0.0104742046579637,"greenyellow",0.747750626092777,2.44023153723516e-07,4.38081075797983e-05,TRUE,TRUE
"K07424","pink",0.194712190070204,0.262344420112866,0.874194515218989,0.694920621663163,3.62068525476808e-06,0.000153515750523998,0.518312565888993,0.00142494181683961,0.00686549696107441,0.275264501415583,0.109501849026707,0.363775429614782,0.202959475939322,0.242268046668581,0.390873797036655,-0.221636185445966,0.200692355176118,0.904298900430545,0.0556281996508342,0.750944142397611,0.489413364816306,0.843056470232593,2.08819761309699e-10,1.65760254783519e-07,0.34659735713114,0.0413759684329494,0.18710087320967,"pink",0.843056470232593,2.08819761309699e-10,1.65760254783519e-07,TRUE,TRUE
"K07427","red",0.246659021185016,0.153165859116589,0.783893789195236,0.761089597182945,1.11075740331306e-07,1.4392901526001e-05,0.358019502338165,0.0347110195019258,0.0640218659303853,0.252965614303354,0.142598835463329,0.404233757444538,0.181965167307352,0.295473262167527,0.419743523394768,-0.289038435470767,0.0921754590825105,0.784199551229544,0.117063362175793,0.503040854067697,0.397412369727459,0.307721450001477,0.0721281049159803,0.17193690262625,0.382549699558582,0.0233263369776678,0.140385232420836,"red",0.761089597182945,1.11075740331306e-07,1.4392901526001e-05,TRUE,TRUE
"K07535","tan",-0.0769645804298087,0.660339031572027,0.959685422460598,0.298478478765116,0.0815712889951313,0.213817793277435,0.534891245846661,0.000931342389220979,0.0051511041895426,0.100572730190925,0.565393856869949,0.702817026561333,-0.0940504168110099,0.590994041828076,0.540617478151419,-0.263698955409814,0.125857513383502,0.845956886737543,-0.0904250374168538,0.6054397718265,0.440156881052643,0.290417989537869,0.0905631402274032,0.188111314791489,0.705574996145201,2.20311530859131e-06,0.000226415044385461,"tan",0.705574996145201,2.20311530859131e-06,0.000226415044385461,TRUE,TRUE
"K07870","magenta",-0.148818080278094,0.393542418464164,0.939011135527,0.161920238791787,0.352735686382209,0.389260224699824,0.0581308946801593,0.74011738659849,0.467509384397729,0.634924707950023,4.18667601280805e-05,0.00226504629679604,0.75235600111508,1.8699513174697e-07,3.79589158961172e-05,-0.164239417944251,0.345788783202329,0.971182617121655,-0.258147351262449,0.134324113023513,0.17045809141534,0.0973415467205005,0.578012742326928,0.348019668120324,0.44451627603168,0.00746528127577242,0.071784019723499,"magenta",0.75235600111508,1.8699513174697e-07,3.79589158961172e-05,TRUE,TRUE
"K07893","pink",-0.0615877636679561,0.725243623168307,0.959685422460598,0.318314198309281,0.062380105990058,0.183775082006566,0.340439442386095,0.0453766712159966,0.0772094696324341,0.281806796915002,0.100989397121809,0.356484726146892,0.498923817216059,0.00228202068207065,0.0306334387982413,0.0193423038259405,0.912183383762472,0.996847020865946,0.00970219795331419,0.955887022633154,0.549416870818029,0.802701391723059,6.61478273332281e-09,1.75026230649222e-06,0.239970124886098,0.164982063627358,0.374537150519397,"pink",0.802701391723059,6.61478273332281e-09,1.75026230649222e-06,TRUE,TRUE
"K07937","blue",-0.0500772903739421,0.775122415514844,0.964756824700076,0.0699570126332339,0.689649732979188,0.514260885157913,0.0235281074150956,0.89327811223741,0.517022082398059,-0.111776210240833,0.522647738211395,0.677640425017917,-0.171103042168625,0.325721130291217,0.435321894085766,0.0312774296230825,0.858437846632224,0.996847020865946,0.828192086078094,8.2664125234941e-10,1.33749109456916e-07,0.220715060891631,0.202618104712191,0.231320734133384,0.0290672924286516,0.86835056969399,0.685637078290536,"blue",0.828192086078094,8.2664125234941e-10,1.33749109456916e-07,TRUE,TRUE
"K08066","magenta",0.0986867553433694,0.572743901469802,0.959685422460598,0.140530806993623,0.420701331061422,0.418027409421704,0.0567276535339298,0.746181963723804,0.469158060586522,0.312960897804067,0.0671676877074702,0.314171748140669,0.750825961432456,2.04414068791553e-07,3.79589158961172e-05,0.247934994142543,0.150983383670789,0.88110903560902,-0.235105323670555,0.173977523474553,0.205219386214863,0.111167979475917,0.524927056752412,0.332815420348755,0.167811737801654,0.335252219903036,0.51696147180271,"magenta",0.750825961432456,2.04414068791553e-07,3.79589158961172e-05,TRUE,TRUE
"K08157","blue",0.223403217732329,0.197033844119338,0.824980724999754,-0.0120262173750836,0.945334663148285,0.573243557104163,-0.0627338725116301,0.72033373381658,0.462436387512955,-0.158734843129416,0.362413390289311,0.592658115692002,-0.241010715708423,0.163102091909211,0.335965170414894,0.00788293165817494,0.964152756415958,0.996847020865946,0.735196210373108,4.90327389599906e-07,7.10454756034032e-06,0.0109593976361381,0.950177598106486,0.44577246497761,-0.095430410667186,0.585535329906647,0.618494199236361,"blue",0.735196210373108,4.90327389599906e-07,7.10454756034032e-06,TRUE,TRUE
"K08192","blue",-0.0473465380386253,0.787095163940805,0.966049697701213,-0.0335404712387758,0.848309862104734,0.551714239690781,0.0199785994289675,0.909306226206271,0.519793735120188,-0.0956833205978531,0.584537344376406,0.707855015521351,-0.0104415626859846,0.95252900519724,0.630991065211668,-0.0929939621805591,0.59518797840672,0.986815669978367,0.711187614705061,1.68098907835305e-06,1.77378974408575e-05,0.10799073674045,0.536911965310212,0.334092770885465,-0.0235513853259899,0.893173128918147,0.689753395934956,"blue",0.711187614705061,1.68098907835305e-06,1.77378974408575e-05,TRUE,TRUE
"K08197","red",0.19816637013407,0.253806567553065,0.864780203455952,0.852564719612858,8.02231396603886e-11,8.181082595106e-08,0.445978190127444,0.00724876842843403,0.0208699423079067,0.290572084271356,0.090384397747456,0.344635514024571,0.235479202008581,0.173274048791232,0.34109186395403,-0.20321375120598,0.241665922845583,0.91433593416675,-0.0321645166644509,0.854465049533838,0.521701702635781,0.356222177119511,0.0356976005386632,0.129390896271727,0.209753248733477,0.226524802556578,0.437860669078334,"red",0.852564719612858,8.02231396603886e-11,8.181082595106e-08,TRUE,TRUE
"K08257","blue",-0.089639652679945,0.608588987435875,0.959685422460598,-0.0617435312939732,0.724575682291257,0.521906039866975,-0.0793718753919666,0.650380938570878,0.439016667652488,-0.372643434379772,0.02748132891966,0.219215492992765,-0.232995070736278,0.177986258220924,0.346145665860524,0.109587479908426,0.530872509402565,0.986815669978367,0.815461015619683,2.43038640556224e-09,2.35939362902309e-07,0.0936444865468341,0.592603979108097,0.351837370768015,-0.076420160044542,0.662599152064696,0.643350563606172,"blue",0.815461015619683,2.43038640556224e-09,2.35939362902309e-07,TRUE,TRUE
"K08368","greenyellow",-0.114256416518904,0.513403756940344,0.959685422460598,0.256294230482907,0.137241663475473,0.267605729174897,0.198589571116622,0.252773359579589,0.244404410942801,0.783605922829979,2.60483999799754e-08,7.14781015078242e-06,0.358373899834057,0.0345191305871,0.151419009292172,0.0275300782531548,0.875256904179484,0.996847020865946,-0.143781023417899,0.409926996279552,0.352482575789155,0.134299074109307,0.441796343072344,0.306748931413864,0.301341042500737,0.0785498485201716,0.260924419174544,"greenyellow",0.783605922829979,2.60483999799754e-08,7.14781015078242e-06,TRUE,TRUE
"K08493","red",0.139671359434424,0.423576632704798,0.959685422460598,0.723475761037023,9.09021184384434e-07,5.45300888733784e-05,0.421265953540507,0.0117270346911824,0.0292323421580159,0.0102283848315028,0.953497127974753,0.78321321054273,0.423783138709741,0.0111837322597686,0.076332700345836,0.142902633681404,0.412823280262537,0.986815669978367,-0.0604934819338537,0.729941564693046,0.482376977061469,0.360891821179099,0.0331805368285377,0.124250811071145,0.161617755290752,0.353647914367418,0.528841729921654,"red",0.723475761037023,9.09021184384434e-07,5.45300888733784e-05,TRUE,TRUE
"K08515","tan",-0.19809510589734,0.253980828308851,0.864780203455952,0.0342128852510897,0.845305071883985,0.551714239690781,-0.00176113334827525,0.991988889797258,0.542118201619119,0.224749873175428,0.194277140602496,0.454634761239323,0.272170649659522,0.113710900470451,0.277229962828623,-0.330882295065195,0.0521957250054442,0.69049764453767,-0.0187162894961956,0.915015124218994,0.536961203563936,0.0169509304857267,0.92300605740005,0.439519109274344,0.774970591394943,4.63230769322051e-08,9.56586734335313e-06,"tan",0.774970591394943,4.63230769322051e-08,9.56586734335313e-06,TRUE,TRUE
"K08637","magenta",-0.139355825465406,0.424635004236623,0.959685422460598,0.109395894938413,0.531595412890151,0.46020046886902,-0.103686162101797,0.553355667541964,0.396178119146877,0.653658113382214,2.06482047378027e-05,0.00134904042670164,0.872276289802342,8.75996786211194e-12,9.76015648912138e-09,0.134661132160924,0.440555171950079,0.986815669978367,-0.16923713498079,0.33110367188507,0.305719290360055,0.0445408216577978,0.799446754547583,0.40497606660482,0.161504656823887,0.35398936099392,0.528841729921654,"magenta",0.872276289802342,8.75996786211194e-12,9.76015648912138e-09,TRUE,TRUE
"K08773","magenta",-0.200633883379568,0.24782174130666,0.864780203455952,0.173014128567823,0.320264859958215,0.376270947480941,0.161335657031475,0.354499944938355,0.300782058137815,0.425311610698829,0.010864347766722,0.129618735338003,0.711937516076813,1.62054994999253e-06,0.000190790031993009,0.139988894417244,0.422513037067947,0.986815669978367,-0.0592608424188698,0.73524509273593,0.483734572439727,0.167853660194614,0.335129753123635,0.272845742552428,0.375700218584772,0.0261389187947986,0.147045443395827,"magenta",0.711937516076813,1.62054994999253e-06,0.000190790031993009,TRUE,TRUE
"K08801","black",-0.0685672232815969,0.695517661621835,0.959685422460598,0.227816811124276,0.18809991326934,0.308768814550151,0.700043596360031,2.85893892519891e-06,0.000182163621788262,0.0890056190093136,0.61113638165611,0.714219992649264,-0.191627214060878,0.270127802015721,0.409716034096198,-0.118594393519436,0.497433251469427,0.986815669978367,-0.0697975793780695,0.690321992075689,0.467986975409442,0.276229706869849,0.108213071764138,0.196838629881251,0.260329062593922,0.130948147044042,0.333156738271378,"black",0.700043596360031,2.85893892519891e-06,0.000182163621788262,TRUE,TRUE
"K08834","blue",-0.385956834232883,0.0220234660208272,0.512339273119295,-0.0922486831434192,0.598154372389558,0.484840191090929,-0.055337823150464,0.752203400279873,0.471673241970975,-0.124236579138607,0.477045422668244,0.654889988757418,-0.136568319554582,0.434048713567552,0.479293539699168,0.0582877749480839,0.739440324869431,0.996847020865946,0.763241335033986,9.73693070479809e-08,2.35966978946211e-06,0.15755249752718,0.366045493337175,0.286553633637588,-0.138041191916234,0.429060408510797,0.571628269900423,"blue",0.763241335033986,9.73693070479809e-08,2.35966978946211e-06,TRUE,TRUE
"K09241","blue",-0.0697526291130141,0.690511569483901,0.959685422460598,-0.024323949647674,0.889689889143954,0.563889143766521,-0.21434191128295,0.216294161869444,0.219159249184979,-0.0377493803644522,0.829537924965593,0.757249903519875,-0.0620388361268572,0.723309946559506,0.58161678693012,0.0227334221759041,0.896863198863609,0.996847020865946,0.76286345247945,9.9657505895812e-08,2.35966978946211e-06,0.101372214217581,0.562291202205474,0.34203785044087,-0.0346372800076805,0.843409697002193,0.681270456641967,"blue",0.76286345247945,9.9657505895812e-08,2.35966978946211e-06,TRUE,TRUE
"K09413","greenyellow",0.0297280608385838,0.865384807211494,0.967562416164654,0.0336516998815595,0.847812672696152,0.551714239690781,-0.157441281437799,0.366388253941225,0.307279841843643,0.746949807843066,2.55436243444035e-07,4.38081075797983e-05,0.431065504521084,0.00973040892317873,0.0727610724564528,-0.248019801696398,0.150839130630897,0.88110903560902,-0.171880166451408,0.323495477971207,0.301387731971354,-0.0670223665140588,0.702060768086058,0.383488261510373,0.0490742072441102,0.77951458333541,0.676698370396686,"greenyellow",0.746949807843066,2.55436243444035e-07,4.38081075797983e-05,TRUE,TRUE
"K09467","blue",-0.142109329562465,0.415448922239214,0.959128489173492,0.0298633063130172,0.86477799915923,0.557454307322846,-0.0449375107524977,0.797697430573661,0.489157133488483,-0.265896618006239,0.122617816399139,0.37390939546343,-0.196553302558303,0.257770412435101,0.4036975304816,0.0620234176009771,0.723376015629591,0.99203460882552,0.798991722342112,8.73137284146032e-09,4.98607362759014e-07,0.135902094178529,0.436315530540478,0.304613409577368,-0.118974364237768,0.49604649400256,0.590236164318044,"blue",0.798991722342112,8.73137284146032e-09,4.98607362759014e-07,TRUE,TRUE
"K09487","blue",0.0760422105101945,0.664169907760833,0.959685422460598,0.210491069071531,0.224857978010462,0.330415150718754,0.134555497550105,0.440917100796505,0.34889467378476,-0.108458931903483,0.53513767504034,0.687443415443762,-0.163806665176067,0.347078705257344,0.446507140154431,0.0845302852956584,0.629243631861671,0.987136244631723,0.716520154882151,1.29239687740269e-06,1.4657910363473e-05,0.273979128451601,0.11123604605331,0.198424065142425,0.0718819545815312,0.681551673669152,0.651962259880433,"blue",0.716520154882151,1.29239687740269e-06,1.4657910363473e-05,TRUE,TRUE
"K09489","blue",-0.168040981743929,0.334582871446256,0.908112075249253,0.0883004060385199,0.613975037455294,0.49074435910948,-0.108442582084548,0.535199587397734,0.389357718270923,-0.111481687646282,0.523750843140212,0.67792372210244,-0.232056531529548,0.179790053071576,0.347774268090989,0.101826090966554,0.56053328529992,0.986815669978367,0.760890935338821,1.12426874130052e-07,2.37267021968862e-06,0.0988014546329496,0.572295661446877,0.346162212911082,-0.133097200369441,0.445930142886659,0.578551019825083,"blue",0.760890935338821,1.12426874130052e-07,2.37267021968862e-06,TRUE,TRUE
"K09499","tan",-0.110179817696559,0.528640467542437,0.959685422460598,0.208334158823541,0.22975428013342,0.333090835576205,0.341083471577444,0.0449442346744883,0.0767733873768837,0.105956447589759,0.544653779820931,0.692647174787696,0.196951125771607,0.256789046224421,0.4036975304816,-0.302618783139386,0.0772295527621548,0.758525048392902,0.0186202637001676,0.915449583366675,0.536961203563936,0.243087778050903,0.159395745586414,0.219260737743892,0.839845731522356,2.84398103957369e-10,8.80937120974998e-08,"tan",0.839845731522356,2.84398103957369e-10,8.80937120974998e-08,TRUE,TRUE
"K09540","blue",-0.247425563327003,0.151852008041537,0.783893789195236,0.0526192829617093,0.764022845556499,0.531475803361912,-0.101121221758346,0.563264414032809,0.398737795649615,-0.278299171007466,0.105488471412699,0.356484726146892,-0.3409765838074,0.0450157747578576,0.171534669582929,-0.117408874985941,0.501772591592371,0.986815669978367,0.761236318561366,1.10087480935653e-07,2.37267021968862e-06,0.121814136485925,0.485744963974147,0.320954522475232,-0.0440151653342803,0.801766277697011,0.677848190020748,"blue",0.761236318561366,1.10087480935653e-07,2.37267021968862e-06,TRUE,TRUE
"K09565","blue",0.119045216558553,0.495788126127401,0.959685422460598,0.0859534532871311,0.62346172107028,0.49530467347584,0.103341447682061,0.554682598021833,0.396397722979056,-0.0715171091400503,0.683083894094995,0.731064640794532,-0.0223636484376055,0.898532059111385,0.619031313635149,0.0145689916381261,0.933799567503659,0.996847020865946,0.722467243579284,9.57223399722013e-07,1.17628156414128e-05,0.251758256903082,0.144579330271998,0.211279655629895,-0.0107518725542903,0.951119888292027,0.70286888108067,"blue",0.722467243579284,9.57223399722013e-07,1.17628156414128e-05,TRUE,TRUE
"K09580","blue",0.1079991316926,0.536880126661212,0.959685422460598,0.00933434537492499,0.957558002675933,0.576030942032327,-0.0950493741754218,0.587040327290801,0.411530647090264,0.00524005559998111,0.976166835496446,0.78572953888437,0.0327673967717457,0.851767067136615,0.60595028676556,0.0800133943276162,0.64773713745798,0.988692296438592,0.738659594887573,4.06056465772161e-07,6.25706916903562e-06,0.135509290741958,0.437655078352052,0.305280117882413,-0.0962735187185273,0.582211356147618,0.618494199236361,"blue",0.738659594887573,4.06056465772161e-07,6.25706916903562e-06,TRUE,TRUE
"K09680","tan",-0.110240846308113,0.528410759303086,0.959685422460598,0.266780488176864,0.121332523398384,0.254073512210931,0.346484124705846,0.0414468719004553,0.0730227002121516,0.330060615056383,0.0528181950341469,0.294816438851513,0.329394393006845,0.053327226841904,0.189222867627892,-0.0474273565921108,0.786740117129976,0.996847020865946,-0.10449289839028,0.550256059568769,0.420031522874779,0.242280406919879,0.16082914473368,0.219734085522005,0.724869316060621,8.46072738836177e-07,0.00010483007760101,"tan",0.724869316060621,8.46072738836177e-07,0.00010483007760101,TRUE,TRUE
"K09831","magenta",-0.18338781138963,0.291649129117973,0.883994324068164,0.0838350460681649,0.632076112291577,0.498926853486873,-0.132697316264951,0.447310172299318,0.350552159371969,0.497091081305916,0.00238255239425877,0.050291091853702,0.758726644242975,1.28159936100646e-07,3.56982197785292e-05,0.0671836603153183,0.701376627026799,0.988692296438592,0.0386435504590705,0.825561444863274,0.511779304572526,0.438599214719336,0.00839900914793909,0.0469513971755178,0.088729770550761,0.612246079157032,0.629606584192914,"magenta",0.758726644242975,1.28159936100646e-07,3.56982197785292e-05,TRUE,TRUE
"K10246","blue",-0.0882823596821163,0.614047751169726,0.959685422460598,0.258076244567991,0.134435212564176,0.266205443344356,0.0300340231915998,0.864012149595786,0.508260720616595,0.0848032874574098,0.628132809261915,0.718178159620376,0.0236861801986927,0.892565239536449,0.617224546790252,0.0946066983038752,0.588790926623447,0.986815669978367,0.71850752616448,1.17001069541968e-06,1.35218346465023e-05,0.280179020871202,0.103058789825446,0.193856960027668,0.0558560801028686,0.749956349990182,0.671394998876977,"blue",0.71850752616448,1.17001069541968e-06,1.35218346465023e-05,TRUE,TRUE
"K10577","pink",0.0788145495742893,0.652681179263242,0.959685422460598,0.260755921651019,0.130295034392612,0.262596220145793,0.442546150366033,0.00776578939344831,0.021761389710312,0.231222612645288,0.181403613257956,0.441217904773621,-0.0333862001791223,0.848999545356275,0.605420561702959,0.132717469597697,0.447240566298549,0.986815669978367,0.0439456438875009,0.802073174886295,0.504957344258582,0.706346573742425,2.1234797231015e-06,8.42804669733599e-05,0.0706405521807504,0.686770203507086,0.651962259880433,"pink",0.706346573742425,2.1234797231015e-06,8.42804669733599e-05,TRUE,TRUE
"K10591","blue",0.0268197434584546,0.878451363060158,0.96985564641893,-0.0507752772847558,0.772070197441871,0.533073895575751,-0.0686826589279829,0.695029604153625,0.452653851615193,-0.16054515771156,0.356894094207474,0.590514404875821,-0.200589719946864,0.247928022279961,0.396411529881818,0.0423120853864522,0.8092926838843,0.996847020865946,0.75961243780314,1.21490699915973e-07,2.45712285632922e-06,0.151850528344758,0.383863708635083,0.288510649517686,-0.0958702587306579,0.58380016971058,0.618494199236361,"blue",0.75961243780314,1.21490699915973e-07,2.45712285632922e-06,TRUE,TRUE
"K10597","tan",0.0179354650482669,0.918548577840643,0.975443604208019,0.114354622097679,0.513039413470188,0.449864929841235,0.26573032906856,0.122860757351772,0.148177527912809,0.0899039791782579,0.607528321109272,0.712430703267261,-0.0875345830592022,0.617063923585813,0.549380536028176,-0.262101890501277,0.128251426918671,0.847452040016384,0.196379921738421,0.258198890308081,0.261919304428663,0.0818883132519092,0.640034651295653,0.364955489256036,0.701220638755046,2.70604782347994e-06,0.000226415044385461,"tan",0.701220638755046,2.70604782347994e-06,0.000226415044385461,TRUE,TRUE
"K11246","blue",-0.108434557688571,0.53522997488219,0.959685422460598,0.161632324933734,0.353603942751866,0.389260224699824,0.0746551132304334,0.669946698191153,0.446164425430459,0.00253665201032977,0.988461379779344,0.788976772325742,-0.100107363188266,0.567203467774474,0.531097090995297,-0.0419521127832677,0.810885687983303,0.996847020865946,0.749711738359499,2.18025018671074e-07,3.88284047468037e-06,0.107897409312027,0.537265979366606,0.334092770885465,0.108775300914931,0.533940349323624,0.603538738173244,"blue",0.749711738359499,2.18025018671074e-07,3.88284047468037e-06,TRUE,TRUE
"K11338","pink",-0.0984160534092248,0.573802422961627,0.959685422460598,0.297094375838244,0.0830640864747266,0.213818652241937,0.468379383668652,0.00454372907609067,0.0147960349796394,0.189880187044201,0.274601827725621,0.523278496618447,-0.0276660530172516,0.87464562914723,0.613671423497533,0.0922345545513731,0.598210669438237,0.986815669978367,0.0797615996859471,0.648774320191713,0.45282091016201,0.750838103263869,2.04270152360774e-07,1.80165326880857e-05,0.215174617678806,0.214472177455491,0.425234949756092,"pink",0.750838103263869,2.04270152360774e-07,1.80165326880857e-05,TRUE,TRUE
"K11593","tan",0.120259010146135,0.491372605215131,0.959685422460598,0.173700767620805,0.318318463452924,0.375281231230416,0.263652246186633,0.125927053328813,0.150393836974252,0.367653368626562,0.0297942595640015,0.223379579222902,0.0253103379596751,0.885245545610158,0.616807762408189,-0.252325965075734,0.143645598687945,0.879295897864799,-0.0252190708692662,0.885656622877098,0.53336610385177,0.117337963007138,0.502032754135971,0.324520769083737,0.756485570220474,1.46567035147111e-07,2.59427773303283e-05,"tan",0.756485570220474,1.46567035147111e-07,2.59427773303283e-05,TRUE,TRUE
"K11718","magenta",0.12607507081782,0.470497698053129,0.959685422460598,0.269263922310893,0.117774993384794,0.252854450092971,0.323689816430282,0.0578475469536922,0.0879679084281681,0.217368123868019,0.209723326689187,0.459741285729768,0.719626898801071,1.10584502004938e-06,0.000154013413894469,0.0674568811606125,0.700218265027831,0.988692296438592,-0.290629541256492,0.0903178197259541,0.126521777781713,0.25548377853025,0.13853218216071,0.209183154818832,0.156646243879958,0.36884406296217,0.533261439534563,"magenta",0.719626898801071,1.10584502004938e-06,0.000154013413894469,TRUE,TRUE
"K11765","black",-0.0583971449031518,0.738968421388295,0.96071438429551,0.310592273635664,0.0693759233644517,0.198732959919858,0.749683909628218,2.18375391048075e-07,4.1244363933411e-05,0.290926529394373,0.0899742857874456,0.344635514024571,0.109051307040441,0.532896835522892,0.514953604143553,-0.0350727891879104,0.841465583280826,0.996847020865946,-0.0567124143095649,0.746247908263546,0.487713880630673,0.349014286251022,0.0398857556049274,0.134728282089929,0.230573861934367,0.182665957358413,0.387108645618052,"black",0.749683909628218,2.18375391048075e-07,4.1244363933411e-05,TRUE,TRUE
"K11771","blue",-0.280379762678189,0.102801862655077,0.744258866934882,0.165280932552201,0.342696265997312,0.385312597189325,0.0170238343842134,0.922675904315942,0.522464771386841,-0.0146267291008766,0.933537791107041,0.778710702184942,-0.0640691952530317,0.714627113018804,0.581346948482174,-0.00558072427862098,0.974617867252243,0.996847020865946,0.718853770815883,1.14980778280282e-06,1.34484498151309e-05,0.337383532418971,0.0474743657567992,0.148365958071222,0.166378464083326,0.339455730383247,0.521826713632912,"blue",0.718853770815883,1.14980778280282e-06,1.34484498151309e-05,TRUE,TRUE
"K11903","black",0.0489602082350646,0.780014175009949,0.964756824700076,0.404166161929412,0.0160409648426319,0.0962260565000793,0.719604966235753,1.10707065503216e-06,0.000116161911165403,0.190774345784925,0.272305951427889,0.521802399928394,0.160896487036045,0.355828842402075,0.447757808169976,0.0153341581384585,0.930330936995598,0.996847020865946,-0.0614930867688019,0.725649700835749,0.481031304716306,0.346872392824419,0.0412041553924086,0.137427254363915,0.424199995406192,0.0110958488579681,0.0886966137160699,"black",0.719604966235753,1.10707065503216e-06,0.000116161911165403,TRUE,TRUE
"K12405","blue",-0.137678796730895,0.430284806256907,0.959685422460598,0.0621909811398769,0.722658103923806,0.521906039866975,0.00735245422433306,0.966563680537717,0.535220314813247,-0.102000974887296,0.559856618040572,0.700771366410448,-0.184589413099091,0.288443996374785,0.418979027964797,-0.0963660272023178,0.581847151570174,0.986815669978367,0.87032629414962,1.10793321453968e-11,5.37784971514287e-09,0.18859481440629,0.277924223750355,0.253866445061253,-0.0364826656673371,0.835178268782176,0.681270456641967,"blue",0.87032629414962,1.10793321453968e-11,5.37784971514287e-09,TRUE,TRUE
"K12614","blue",0.102678968745028,0.557236877003886,0.959685422460598,0.184731581088238,0.288066283916168,0.357816526568752,0.137843832074003,0.429726973876223,0.344399241605378,-0.0380728704286479,0.828098840149257,0.756943467644306,-0.091857228871263,0.599715016121388,0.543242926123689,-0.0204605135485642,0.907127892982071,0.996847020865946,0.751268460761008,1.99228941291474e-07,3.64923332824874e-06,0.220166486559497,0.203771062141645,0.231405748870302,0.0872427886447934,0.618242559225988,0.630984101539322,"blue",0.751268460761008,1.99228941291474e-07,3.64923332824874e-06,TRUE,TRUE
"K12763","blue",-0.316064359769014,0.0643582955277177,0.688474852774906,0.016677904582166,0.924242596313614,0.569507050071346,-0.156166515978202,0.370330617113878,0.308939977800583,-0.151233181273156,0.385822752175189,0.609158094485815,-0.142803398458601,0.413151210386168,0.470197814010798,-0.119848241494094,0.492864635056653,0.986815669978367,0.792454499684436,1.40476557378298e-08,6.81865841882e-07,0.144083171247426,0.408933404449789,0.295406261290554,-0.0702914647252895,0.688240256680257,0.651962259880433,"blue",0.792454499684436,1.40476557378298e-08,6.81865841882e-07,TRUE,TRUE
"K12767","blue",-0.328945704388512,0.0536722467547286,0.650275768102696,-0.0358750285554839,0.837886805574879,0.550205615129048,-0.111908669461093,0.522151996788136,0.384027953921186,-0.217573382152791,0.209282696327947,0.459741285729768,-0.209808490437017,0.226399714629995,0.382196061755254,0.109384829992061,0.531637178546868,0.986815669978367,0.720585549843723,1.05347265055556e-06,1.27837524846993e-05,0.154103382808197,0.376764083839667,0.287791990709941,-0.0325807126049887,0.852602332506062,0.683305996820181,"blue",0.720585549843723,1.05347265055556e-06,1.27837524846993e-05,TRUE,TRUE
"K12812","blue",-0.0725197223254014,0.678876286666781,0.959685422460598,-0.0457166054757845,0.794264596149552,0.539989192725521,0.0588245662234124,0.737125107840137,0.467193504677145,-0.187542334151875,0.280663997780996,0.529442847854465,-0.227788997302765,0.188155305493279,0.35441765113589,0.0947249048399274,0.588323243935771,0.986815669978367,0.771005815402817,5.98356483486425e-08,1.70846528740734e-06,0.188108463021065,0.279188108044396,0.253866445061253,0.0406557790353504,0.816628563346408,0.679264331444427,"blue",0.771005815402817,5.98356483486425e-08,1.70846528740734e-06,TRUE,TRUE
"K12844","pink",-0.0859706298953201,0.623392071662832,0.959685422460598,0.343649546371275,0.043254020903081,0.165039931162943,0.468776475808464,0.00450500183305724,0.0147717994655785,0.0949290076806509,0.587516099211327,0.708388427363858,0.175326608229188,0.313739273949311,0.428909382397065,0.144286122411946,0.408266782058229,0.986815669978367,0.0974644953571423,0.577530282058137,0.430138921055325,0.753330165471457,1.76627487808663e-07,1.75257703086318e-05,0.42228154276799,0.011505205950989,0.0892670218281932,"pink",0.753330165471457,1.76627487808663e-07,1.75257703086318e-05,TRUE,TRUE
"K12845","blue",-0.167951719556231,0.334843402241357,0.908112075249253,0.0907250232738615,0.604238736612945,0.487883730115728,0.0584932935020342,0.738553642114771,0.467193504677145,-0.320285588564123,0.0606864490071611,0.305209251791892,-0.255351969484547,0.138742907528928,0.307235600877229,0.0991027016639143,0.57111915815964,0.986815669978367,0.737691682549294,4.28156346069562e-07,6.49452640040069e-06,0.231698046870679,0.180482438461759,0.223853447194547,0.0176164810202527,0.919992517001475,0.695902830318948,"blue",0.737691682549294,4.28156346069562e-07,6.49452640040069e-06,TRUE,TRUE
"K12852","tan",0.229463287326595,0.184841313421851,0.824980724999754,0.643530400601099,3.04365398979416e-05,0.000739021564661531,0.484649653548717,0.00317300074517088,0.01130720377979,0.256069608364335,0.137598450166629,0.399129991480263,0.0840347221217965,0.631262080734125,0.556102916484327,-0.455920397571738,0.0059139002467781,0.341626304255548,0.0201915084499365,0.908343760335584,0.534847742592058,0.332013410633743,0.051348423549461,0.151857297584286,0.715590793061524,1.3535581292181e-06,0.000152462287557616,"tan",0.715590793061524,1.3535581292181e-06,0.000152462287557616,TRUE,TRUE
"K12859","tan",-0.184992426110478,0.287374097475303,0.883190741752674,0.196000620914954,0.259137901673423,0.345627919343656,0.366623423173444,0.0302909697968896,0.0588583153719975,0.209790162868724,0.226441209904909,0.477973777795306,-0.0194370519038304,0.911754887975816,0.619424701654425,-0.195286817888062,0.260911129915572,0.925971231397162,-0.0717031150188175,0.68230257983804,0.464496625179172,0.208791475937155,0.228710154069103,0.23868563603693,0.702231658587775,2.58072707199758e-06,0.000226415044385461,"tan",0.702231658587775,2.58072707199758e-06,0.000226415044385461,TRUE,TRUE
"K12881","blue",-0.206757845658992,0.233378006715069,0.859271445104109,0.0266716355451779,0.879117661275175,0.561375185216056,-0.0419726150502194,0.810794938188333,0.49225609387366,-0.192219038106696,0.268623051923765,0.517636922606518,-0.209817731581574,0.22637879380364,0.382196061755254,0.15648377410822,0.369347118311055,0.981034169908892,0.821651318403448,1.4539379343797e-09,1.94520567415744e-07,0.0801826752258865,0.647040208410622,0.367394718373645,-0.10142520856279,0.562085818128446,0.614682605259838,"blue",0.821651318403448,1.4539379343797e-09,1.94520567415744e-07,TRUE,TRUE
"K13201","blue",-0.0374547976548411,0.830848886718211,0.967562416164654,0.0796385717102558,0.649281328780084,0.50402304964274,0.0731010684230742,0.676440940552819,0.448391500662244,-0.112284067779706,0.520748285970106,0.677640425017917,-0.137053246956189,0.432402849183123,0.47842442599846,-0.0638038588073965,0.715759852594257,0.988692296438592,0.709868174876047,1.79236081845752e-06,1.87097320604338e-05,0.197851547344545,0.254576995680331,0.249674260930414,0.0736428902925891,0.674174069087827,0.649545055088638,"blue",0.709868174876047,1.79236081845752e-06,1.87097320604338e-05,TRUE,TRUE
"K13291","red",0.265120728427324,0.123754424232011,0.763998858849709,0.741083537497466,3.55228160709729e-07,2.85705087301184e-05,0.270964830376985,0.115383859182105,0.142620718786556,0.252112089847112,0.143996848358053,0.404642734064679,0.122537037111014,0.483140327242477,0.499402541960882,-0.35752406112234,0.034980731699359,0.613224682780658,-0.0296804875681447,0.865598272986678,0.526182669841673,0.205064385154155,0.237313882737112,0.243226349477733,0.400728159941212,0.01705213377102,0.116728891525902,"red",0.741083537497466,3.55228160709729e-07,2.85705087301184e-05,TRUE,TRUE
"K13449","red",0.15989026398777,0.358884879047667,0.925517106234533,0.828997707434007,7.69847519157684e-10,2.61694492242878e-07,0.404555886370759,0.0159295803780146,0.0364237958344615,0.276477537138021,0.107884014376579,0.36190597352031,0.165271166587616,0.342725185035365,0.44419404616305,-0.0942099673730795,0.590361782917137,0.986815669978367,0.161691973793787,0.353423955089974,0.320056220491418,0.265123680145259,0.123750085426993,0.203925984059529,0.271947335296924,0.114019345238082,0.310488380009076,"red",0.828997707434007,7.69847519157684e-10,2.61694492242878e-07,TRUE,TRUE
"K13519","pink",-0.0535419306338259,0.760005403880378,0.964756824700076,0.21740371405183,0.209646878958563,0.318881894124628,0.420784616791695,0.0118334267034019,0.029407482514642,-0.10588914194961,0.544910823116689,0.692647174787696,-0.207545363900567,0.231562810182792,0.383034173355235,-0.0118524001641066,0.94612359692787,0.996847020865946,0.142078281459959,0.41555187475717,0.354932267172962,0.764118187489826,9.22448843376234e-08,1.04605148713484e-05,0.349749518883509,0.0394411457694677,0.1823446115589,"pink",0.764118187489826,9.22448843376234e-08,1.04605148713484e-05,TRUE,TRUE
"K13525","blue",0.141052454134693,0.418961492385651,0.959128489173492,0.0677305187761495,0.699058802253737,0.516836601699421,0.037401348018544,0.83108679829898,0.498623306867726,-0.155582866224323,0.372143975556162,0.601402548130919,-0.216407191092131,0.211794689953572,0.372112286087138,0.0839275744538811,0.631698843217877,0.987136244631723,0.762441104496935,1.02273512368909e-07,2.36395364313032e-06,0.165118045364597,0.343178803107102,0.276001926305705,-0.0194683409776452,0.911613389299847,0.694226755943615,"blue",0.762441104496935,1.02273512368909e-07,2.36395364313032e-06,TRUE,TRUE
"K13577","red",0.379549087152067,0.0245259776727516,0.53801923173264,0.76274195011316,1.00403699213454e-07,1.4392901526001e-05,0.427498812109173,0.0104207801597876,0.0270352113660369,0.0072362412591594,0.96709188713372,0.78572953888437,-0.0301310560897234,0.863576906517544,0.610106020201995,-0.481286430746659,0.00342233966966596,0.246223890106539,-0.0550562263442292,0.75342518493809,0.489522183452337,0.272478121834805,0.113287241661921,0.199943014273937,0.421847901718133,0.01159948523865,0.0892670218281932,"red",0.76274195011316,1.00403699213454e-07,1.4392901526001e-05,TRUE,TRUE
"K13943","magenta",-0.0467415224824552,0.789754415139778,0.966049697701213,0.0294487258870938,0.866638343114966,0.557596136264296,-0.14984551038053,0.390247485042886,0.319903176770062,0.44636340643302,0.0071926194274074,0.101736620888007,0.710807753915402,1.71238499150388e-06,0.000190790031993009,0.158646102648963,0.36268524662968,0.981034169908892,-0.144619566706647,0.407172877485629,0.351962826750902,-0.00662781616054399,0.96985749663588,0.449952561097931,0.121274666221099,0.487693405103039,0.590236164318044,"magenta",0.710807753915402,1.71238499150388e-06,0.000190790031993009,TRUE,TRUE
"K14290","blue",-0.12841031050611,0.462249547814388,0.959685422460598,0.120196495355681,0.491599527569385,0.444036991225787,-0.14380686472356,0.409841965483938,0.332787978703154,-0.0268035975103551,0.878523995418524,0.774258371572228,0.00115579725992431,0.994742417602256,0.641154623651573,-0.0262090734000595,0.881199129399476,0.996847020865946,0.702339415569909,2.567687765247e-06,2.54355545794366e-05,0.234479017940192,0.175160509699126,0.222111312092311,-0.130994864820285,0.45321129859572,0.581301986714088,"blue",0.702339415569909,2.567687765247e-06,2.54355545794366e-05,TRUE,TRUE
"K14802","blue",0.0910721072785677,0.602850411959665,0.959685422460598,0.0471615751333755,0.787907889689122,0.537459048717112,-0.0874672593157899,0.617335778843052,0.426532675843572,-0.237671743086692,0.169189428964726,0.430671785370065,-0.236179742963641,0.171961401466704,0.340044345538819,0.0911740689581858,0.60244282896043,0.986815669978367,0.796025992465499,1.08566064125524e-08,5.85526645839897e-07,0.224556982055496,0.194670337708975,0.227918143654566,-0.0960379307305396,0.583139320938889,0.618494199236361,"blue",0.796025992465499,1.08566064125524e-08,5.85526645839897e-07,TRUE,TRUE
"K14842","tan",0.0205317379605584,0.906806002726671,0.97366468570342,0.254520954687402,0.140076889160445,0.269604342924281,0.453362543190013,0.00623534306775575,0.0188889970338065,0.0987849367210225,0.572360202958734,0.702817026561333,0.163929633805856,0.346711871502528,0.446507140154431,-0.391841880809559,0.0199153367749738,0.50179546255137,-0.0978799619584934,0.575901297446815,0.429730160380119,0.281598376115824,0.101252586133187,0.192743117940008,0.860809122765085,3.3105818619802e-11,2.05093804330148e-08,"tan",0.860809122765085,3.3105818619802e-11,2.05093804330148e-08,TRUE,TRUE
"K15026","blue",-0.140302064250952,0.421465525868561,0.959685422460598,-0.0597684787019982,0.73305947373551,0.523420252125698,-0.108579341926164,0.534681820836031,0.389357718270923,-0.332538499012365,0.050958836987839,0.291319950372635,-0.175960475203152,0.31196524177506,0.428259998674353,0.243253037868713,0.159103484753198,0.88110903560902,0.741130075063631,3.5431220409966e-07,5.63873067521526e-06,0.155120405256962,0.373584529318806,0.287656872811676,-0.196150013917017,0.258767789821092,0.466693427530716,"blue",0.741130075063631,3.5431220409966e-07,5.63873067521526e-06,TRUE,TRUE
"K15029","blue",0.178474530933942,0.304991284064761,0.885854951027726,0.0926258419708733,0.596652387209165,0.484840191090929,-0.075680265851648,0.665675467415898,0.443946071795705,-0.195438682972066,0.260533198434825,0.511384848764705,-0.15545551179725,0.372540353203452,0.454671506089314,0.186870468868417,0.282422085151619,0.933073612568139,0.728631503238369,6.95547988351337e-07,9.24973549524276e-06,0.152838657696448,0.380740165716109,0.288003449984143,-0.271989086854316,0.113961629744661,0.310488380009076,"blue",0.728631503238369,6.95547988351337e-07,9.24973549524276e-06,TRUE,TRUE
"K15117","pink",-0.0968701683961283,0.579864141931307,0.959685422460598,0.307681295051804,0.0721671960518676,0.202185297124598,0.3760429036838,0.0259918546312659,0.051674297209097,0.0958395660608869,0.583921175311095,0.707733510024328,0.463371555038857,0.00505735526875548,0.0512253631531595,0.192813534230319,0.267117045301616,0.930619645693408,0.106862070946821,0.541200761485732,0.415329661924265,0.709036094132469,1.86602424604514e-06,8.22912364755465e-05,0.207896434440492,0.230756697135648,0.440155966485959,"pink",0.709036094132469,1.86602424604514e-06,8.22912364755465e-05,TRUE,TRUE
"K15176","pink",0.1040755877896,0.551858414277107,0.959685422460598,0.567043960249096,0.000382579836655035,0.00541876982153049,0.536812480517926,0.000885304973243146,0.00503634804209893,0.0837260086532281,0.63252081145949,0.719001026825841,-0.120659973153323,0.48991842652941,0.502629780906885,0.0994287017277186,0.569847221676364,0.986815669978367,0.236148097523076,0.172020544033574,0.20340528592111,0.707112243088987,2.04706422637003e-06,8.42804669733599e-05,0.329552485458486,0.0532060830429127,0.214036961377093,"pink",0.707112243088987,2.04706422637003e-06,8.42804669733599e-05,TRUE,TRUE
"K15306","greenyellow",-0.0175647210039075,0.920226841967527,0.975523076551505,0.0392508635696143,0.822863077209012,0.545807510517318,-0.0203971763292589,0.907414150230904,0.519340895133203,0.705639058833282,2.19640083223319e-06,0.000263182387691605,0.131733163075781,0.450647039669207,0.488023294433498,-0.0362556964720854,0.836189765467163,0.996847020865946,-0.0938126074419787,0.591936971561382,0.435669878556227,-0.0512414132319687,0.770033706169205,0.397948920153276,0.0180465017059502,0.918046010105582,0.695279386128876,"greenyellow",0.705639058833282,2.19640083223319e-06,0.000263182387691605,TRUE,TRUE
"K15321","blue",-0.230756994617166,0.182308989049818,0.824980724999754,-0.0142730666838932,0.93514137088603,0.571441316234437,-0.213546270821404,0.218044944887394,0.220331860012656,-0.0507356975073756,0.772243185881551,0.744922708456456,0.116971794948019,0.503377237424868,0.506994560426029,-0.0315039972873119,0.857422839893012,0.996847020865946,0.781821436385828,2.94010967720431e-08,1.14169105375986e-06,0.143508795147729,0.410823370686345,0.295657186416551,-0.0873932613696241,0.617634642422928,0.630883329253579,"blue",0.781821436385828,2.94010967720431e-08,1.14169105375986e-06,TRUE,TRUE
"K15449","red",0.29408631573767,0.086381085586264,0.724709891041615,0.715374497677255,1.36816745481123e-06,7.24818253735938e-05,0.241323074549493,0.162540790298679,0.177708372430012,-0.0758546972639862,0.664949734549719,0.728939106604285,0.294589838168814,0.0858188544464525,0.242967726457344,-0.23419542164487,0.175698053803344,0.897287153931499,0.00170795133429816,0.992230798754862,0.557674918078011,0.213291876354236,0.218606775813086,0.234530940105001,0.236018349072692,0.172263184308595,0.38111432777522,"red",0.715374497677255,1.36816745481123e-06,7.24818253735938e-05,TRUE,TRUE
"K15730","blue",-0.356676868433261,0.0354458841779223,0.587018926596502,0.0164070277451223,0.92546957462875,0.569574791285544,-0.210203472034129,0.225506697517471,0.226275274859718,-0.091354477702654,0.601721950813494,0.709356048577995,-0.109414472754593,0.531525292783264,0.514953604143553,-0.0208536928117119,0.905351148952534,0.996847020865946,0.79387908392234,1.2683140836874e-08,6.48034741307782e-07,0.177766936445837,0.306944085653001,0.261129671426753,0.0160244027569134,0.927203020874295,0.697948233462699,"blue",0.79387908392234,1.2683140836874e-08,6.48034741307782e-07,TRUE,TRUE
"K15920","greenyellow",0.191812723369568,0.269655540932425,0.876581591114525,0.243930061639821,0.157910209455799,0.290677601065607,0.201992766552989,0.244566395322428,0.239331789546437,0.704653065986157,2.30184516633546e-06,0.000263182387691605,0.412618224841585,0.0137666923110344,0.0826228966910859,-0.150325386863292,0.388714033218651,0.984821788630755,-0.298908731418828,0.0811115027667651,0.117701339414426,0.140208336527612,0.421778880117471,0.298401349615636,0.248456237858113,0.150098360260978,0.359596542448734,"greenyellow",0.704653065986157,2.30184516633546e-06,0.000263182387691605,TRUE,TRUE
"K16055","blue",-0.153687271488318,0.378069562576787,0.938674143188497,-0.0227159043274172,0.896942250532522,0.564705624398355,-0.210061079820433,0.225828356333848,0.226275274859718,-0.221086284243526,0.201840467974616,0.45707224998987,-0.0163460494941584,0.925745808416612,0.623983590631829,0.118689046188145,0.497087618983271,0.986815669978367,0.735477354720384,4.82930671597552e-07,7.10339439839187e-06,0.186235564391578,0.284089985256591,0.25401360189902,-0.125317903007303,0.473188577072823,0.586876837233418,"blue",0.735477354720384,4.82930671597552e-07,7.10339439839187e-06,TRUE,TRUE
"K16275","black",-0.135838180463066,0.436533337007613,0.959685422460598,0.209013698365638,0.228203950704401,0.333090835576205,0.704548347477853,2.31331161704824e-06,0.000181836131157097,-0.091998293689986,0.599152418513421,0.709356048577995,-0.212476320336142,0.220414616642869,0.377831101669231,0.069029754807903,0.693562822781094,0.988692296438592,0.173564014190248,0.318705524024958,0.298282575090803,0.23542184157121,0.173381844049615,0.221863862010585,0.338000926367019,0.047044414422444,0.199532217791783,"black",0.704548347477853,2.31331161704824e-06,0.000181836131157097,TRUE,TRUE
"K16342","tan",-0.18391378153934,0.290243367023341,0.883992539633479,0.0623775235910385,0.721859152535814,0.521906039866975,0.0904372116969598,0.605391010548484,0.420833293265045,0.0214618851374819,0.902603671845168,0.774815156413682,0.11784833788645,0.500161805099419,0.505230173116146,-0.188503143036763,0.278162166106443,0.932408189289102,0.0126944287669162,0.942302220891383,0.544834491827449,0.0636007134078512,0.716627497973038,0.387532733115965,0.700945838110861,2.74105868898656e-06,0.000226415044385461,"tan",0.700945838110861,2.74105868898656e-06,0.000226415044385461,TRUE,TRUE
"K16559","blue",-0.262715816125021,0.127327224266137,0.763998858849709,-0.0912852088692188,0.601998691674637,0.486845974420283,-0.141116363607306,0.418748614449673,0.337985789040062,-0.165681561756243,0.34151120265932,0.579062460420339,-0.180858725875857,0.298469461005399,0.422551295019901,0.0517354406218461,0.767877010529882,0.996847020865946,0.722877559308856,9.3733653317529e-07,1.17452831969816e-05,0.0199061673203917,0.90963368818617,0.435954613046942,-0.0892796187619579,0.610034963708744,0.628823067287145,"blue",0.722877559308856,9.3733653317529e-07,1.17452831969816e-05,TRUE,TRUE
"K17255","blue",0.0189177747625168,0.914103603054934,0.975443604208019,0.108440689829412,0.535206753080232,0.461368524182032,-0.0184820167305213,0.916075110284125,0.5217680432412,0.0674583642182345,0.700211979187437,0.732482809858693,0.0418575850855104,0.811304130082719,0.589267644241188,-0.045532439065604,0.795075726815069,0.996847020865946,0.711363535083621,1.66662828354932e-06,1.77378974408575e-05,0.258883776269977,0.133177475700224,0.206476023915755,0.10877770576237,0.533931252916173,0.603538738173244,"blue",0.711363535083621,1.66662828354932e-06,1.77378974408575e-05,TRUE,TRUE
"K17256","red",0.129852995820342,0.457192660281584,0.959685422460598,0.706482983277802,2.10967765895315e-06,0.000102449049049526,0.385164261623698,0.0223210225594854,0.0464053842257555,0.281872809898633,0.100906145904013,0.356484726146892,0.119190935378756,0.495256967794242,0.503930614646845,-0.353800959667124,0.0370625751763691,0.613224682780658,0.0332957043337651,0.849404166863735,0.520139633982049,0.252966618581524,0.142597196400232,0.211279655629895,0.395121935183371,0.0188151454195658,0.121418414055856,"red",0.706482983277802,2.10967765895315e-06,0.000102449049049526,TRUE,TRUE
"K17286","blue",-0.11640953339544,0.505445254623068,0.959685422460598,-0.00213431073295766,0.99029143926696,0.586106094961808,-0.0108751216983628,0.950560254218655,0.533050657050329,-0.00131495504523499,0.994018440177119,0.790220194191785,0.0238701327105972,0.891735759342029,0.617224546790252,-0.0236187296794036,0.892869416113782,0.996847020865946,0.70239419587899,2.56108209539728e-06,2.54355545794366e-05,0.235616812669027,0.173015637159908,0.221863862010585,-0.0535343473237668,0.760038398538402,0.675291667722317,"blue",0.70239419587899,2.56108209539728e-06,2.54355545794366e-05,TRUE,TRUE
"K17338","pink",0.0730071142201223,0.676834311006439,0.959685422460598,0.689055676692414,4.71734971991408e-06,0.000168225262620172,0.347186261635268,0.0410087880157744,0.072385915448488,0.108567413927645,0.5347269701023,0.687443415443762,0.4037569077481,0.0161586328168792,0.0915244719291194,0.0239564092190738,0.891346759457372,0.996847020865946,0.234465099919732,0.175186863345817,0.206096350511939,0.740779528830515,3.6126541063676e-07,2.0483641058284e-05,0.280130755086797,0.103120637199794,0.293720687664119,"pink",0.740779528830515,3.6126541063676e-07,2.0483641058284e-05,TRUE,TRUE
"K17738","blue",0.0243199933705957,0.889707721586499,0.973539962800205,0.0279983734526528,0.873151982371524,0.559316850420167,0.0125802287308419,0.942820422226784,0.5296539148697,-0.319755890788603,0.0611379102900366,0.305209251791892,-0.244188211187429,0.157456919639013,0.332275022899578,-0.0356949965102893,0.838689650151741,0.996847020865946,0.748073630451705,2.39553956175731e-07,4.07993803260112e-06,0.177915813696686,0.306532563399607,0.261129671426753,-0.000655675405736175,0.997017397663722,0.713235669297815,"blue",0.748073630451705,2.39553956175731e-07,4.07993803260112e-06,TRUE,TRUE
"K18106","red",0.143689600538147,0.410227903468603,0.957890339843897,0.752816150360355,1.8203011854216e-07,1.85632654231017e-05,0.260757803815072,0.130292159948591,0.154186486238924,0.6885107668555,4.83325737689688e-06,0.000442089932158157,0.444712220910544,0.00743594437463464,0.0604741584191109,-0.210592689366375,0.22462906205621,0.91433593416675,-0.0538716351570858,0.758571277026908,0.490074443374735,0.262263698210801,0.12800736069301,0.203925984059529,0.308923380131824,0.0709656530473886,0.248746998715896,"red",0.752816150360355,1.8203011854216e-07,1.85632654231017e-05,TRUE,TRUE
"K18123","pink",0.172063798093353,0.322970948381291,0.898096141570912,0.284030864996985,0.0982131615752498,0.230245715349683,0.468792226479452,0.0045034716112401,0.0147717994655785,0.341783988421538,0.0444776377954144,0.267650973984197,0.157189197626959,0.367165865944564,0.453130894068741,-0.0854545244150139,0.625486226551787,0.987136244631723,0.0404174911030621,0.817685232213176,0.510154399959678,0.775702613062371,4.41600321553663e-08,7.0108098346743e-06,0.297855996270434,0.08224006607169,0.264877440581947,"pink",0.775702613062371,4.41600321553663e-08,7.0108098346743e-06,TRUE,TRUE
"K18423","red",0.354970155732071,0.0363982379541482,0.587018926596502,0.741631226277197,3.44585061709613e-07,2.85705087301184e-05,0.258636812301306,0.133561198468361,0.156621140949023,0.497278901139116,0.00237207516588683,0.050291091853702,0.327489274425364,0.0548044323464038,0.191416454959577,-0.233038374382803,0.177903343383742,0.897287153931499,-0.0823774472379174,0.638031233877819,0.449985544511381,0.230842781990766,0.182141939236457,0.224565680222003,0.212924233387573,0.219420467355964,0.430919096093739,"red",0.741631226277197,3.44585061709613e-07,2.85705087301184e-05,TRUE,TRUE
"K18561","blue",-0.0449901317915657,0.797465454305072,0.967562416164654,0.0602461701346819,0.731004664702982,0.523186007623551,0.0723827176737193,0.679450686722942,0.44850460347943,-0.125397346506738,0.472905866266147,0.651917881228698,-0.233160835873783,0.177669010987082,0.346145665860524,0.0528930456068851,0.762830176156462,0.996847020865946,0.815541922594132,2.41441910428568e-09,2.35939362902309e-07,0.20874141501749,0.228824293625142,0.23868563603693,-0.0277980520536149,0.874052295248041,0.685932086710212,"blue",0.815541922594132,2.41441910428568e-09,2.35939362902309e-07,TRUE,TRUE
"K19357","magenta",-0.164171331640836,0.345991537176717,0.917762421640375,0.00336766392450127,0.984681694665082,0.584133415910857,-0.257317668048276,0.135624658157808,0.157729725062484,0.541268678442164,0.000786178297857987,0.0236792595529896,0.851327960059025,9.11921323620603e-11,5.08020974757205e-08,0.128103810404922,0.463327709134036,0.986815669978367,-0.109447699241979,0.531399893885273,0.411057723405341,-0.0518971108518628,0.767171604114444,0.397948920153276,0.00952996438661379,0.956669375563252,0.703878970132171,"magenta",0.851327960059025,9.11921323620603e-11,5.08020974757205e-08,TRUE,TRUE
"K19383","magenta",0.0370244774267577,0.832764718338722,0.967562416164654,0.457457533098627,0.00572766206307334,0.0443193697834065,-0.0643453314511506,0.713448904921484,0.459011267732327,0.206672019459959,0.233576412249797,0.48556459110904,0.796290958126878,1.06488853034671e-08,3.95491508007604e-06,0.207484021176671,0.231703858188004,0.91433593416675,0.0213415171502282,0.903147340671384,0.533675247094465,0.109520821766469,0.53112397517378,0.333748376436174,0.0463891385261673,0.791304342645683,0.676698370396686,"magenta",0.796290958126878,1.06488853034671e-08,3.95491508007604e-06,TRUE,TRUE
"K19691","blue",-0.0686294002409001,0.695254764868806,0.959685422460598,-0.0216359417149371,0.901817583637444,0.565252209295638,-0.129188889893612,0.459516789017437,0.355807414753614,-0.248608162500436,0.149841117849293,0.409183975256781,-0.179026849699133,0.303472484833561,0.426573292345125,0.0452711530311693,0.796226880573856,0.996847020865946,0.852809728914431,7.82012453140599e-11,2.53056495534203e-08,0.153816421944307,0.377664090842828,0.287980959371007,-0.0790202843844919,0.651831685518795,0.640469696950189,"blue",0.852809728914431,7.82012453140599e-11,2.53056495534203e-08,TRUE,TRUE
"K19809","greenyellow",-0.109660966797103,0.530595349185978,0.959685422460598,0.264880281396471,0.124108243800568,0.256444008610409,0.189834901558181,0.27471843886754,0.258138431643032,0.709679030857688,1.80886795408882e-06,0.000248181169162032,0.58320070368,0.000236148645246929,0.0069239851843005,0.109309173568677,0.531922793161086,0.986815669978367,-0.0628941613717948,0.719647932758404,0.479496681116778,0.159190830734186,0.361018393427749,0.284582813889441,0.276259717692703,0.108173184544673,0.302547866229254,"greenyellow",0.709679030857688,1.80886795408882e-06,0.000248181169162032,TRUE,TRUE
"K19850","blue",-0.127896385905373,0.464058114326556,0.959685422460598,0.0363985008588434,0.835553322147931,0.549026839681023,-0.216393568262406,0.211824155981345,0.215787691755927,-0.0837802886528933,0.63229941957073,0.719001026825841,-0.169198677913236,0.331215181845186,0.435693512195059,-0.0839339432341441,0.631672878940851,0.987136244631723,0.811468328019184,3.35154107435742e-09,2.95785538095752e-07,0.147528158408938,0.397701817559751,0.291928076339919,-0.124045049249908,0.477730274385851,0.588386891409268,"blue",0.811468328019184,3.35154107435742e-09,2.95785538095752e-07,TRUE,TRUE
"K20048","red",0.131104448699307,0.452830196025928,0.959685422460598,0.81526109983385,2.47026099553487e-09,6.2978740677231e-07,0.669585779406201,1.08874804198154e-05,0.000302398330339212,0.281232604722459,0.101715732757181,0.356484726146892,0.227528493649896,0.188674665066666,0.35441765113589,-0.0691870729775001,0.692898377059068,0.988692296438592,0.0613056766307661,0.726453736503375,0.481031304716306,0.427694396124152,0.0103818747138676,0.0556830324826903,0.451155039609696,0.00652469886895908,0.0691289739062545,"red",0.81526109983385,2.47026099553487e-09,6.2978740677231e-07,TRUE,TRUE
"K20120","pink",0.108226034533037,0.536019919311663,0.959685422460598,0.629223864830175,5.14420668188301e-05,0.00114043805296896,0.42261921428414,0.0114322414006147,0.0287892955116453,0.00283768092934382,0.987092179481137,0.788768170889162,0.321428940264131,0.0597209499041958,0.194791454930501,-0.0359363393205146,0.83761342975164,0.996847020865946,0.138350442614229,0.428017095498168,0.362261993575938,0.743546586758539,3.09625894879929e-07,2.04816452319832e-05,0.260932827570801,0.130025068392756,0.332172410146347,"pink",0.743546586758539,3.09625894879929e-07,2.04816452319832e-05,TRUE,TRUE
"K20520","red",0.16937542967981,0.33070286451695,0.906816557290941,0.800595233000817,7.74952271182876e-09,1.58057851254668e-06,0.271440297099954,0.114722004763692,0.1419884795619,0.398455224932201,0.0177494901093174,0.164545544624572,0.576200922984966,0.000291947514339104,0.00813203162218191,-0.0176530648366676,0.919826900849281,0.996847020865946,-0.0149688242865748,0.931986904228716,0.540479755414879,0.300412563927678,0.07952018750636,0.178085995669144,0.301457761431216,0.0784285202916818,0.260924419174544,"red",0.800595233000817,7.74952271182876e-09,1.58057851254668e-06,TRUE,TRUE
"K20723","blue",-0.253864192527978,0.14113779098642,0.783573301412066,0.068973997917132,0.693798370392975,0.515316277213202,-0.065347928167096,0.709176555958263,0.45776329134338,-0.173410167187448,0.319141316579048,0.560017520764421,-0.207889418332267,0.230772788572038,0.383034173355235,0.140369718039466,0.42123942398926,0.986815669978367,0.82851384983882,8.03507325119177e-10,1.33749109456916e-07,0.225527671455112,0.19269728488615,0.227521512131305,-0.095176800394933,0.58653683595972,0.618494199236361,"blue",0.82851384983882,8.03507325119177e-10,1.33749109456916e-07,TRUE,TRUE
"K20737","greenyellow",-0.141352856276754,0.41796140221463,0.959128489173492,0.151565411906668,0.38476775338723,0.404935649817702,-0.00615047259578393,0.972027515819528,0.536801063474726,0.89366946176267,5.01782304669782e-13,6.8845776584337e-10,0.445452091205816,0.00732605785469328,0.0600185782941605,-0.181869744374933,0.295730904019408,0.944607285615407,-0.0390553246919352,0.823731664265839,0.511297991783912,0.0202569723130425,0.908047853399446,0.435794797623663,0.150250141260988,0.388954249985217,0.546590122608535,"greenyellow",0.89366946176267,5.01782304669782e-13,6.8845776584337e-10,TRUE,TRUE
"K20743","greenyellow",0.0283309812378009,0.87165747573419,0.968322054773944,0.131618746356937,0.451043918199157,0.429477565744176,0.0759394651716874,0.664597160381425,0.443540171913858,0.841139138438677,2.51326905366052e-10,1.72413373443398e-07,0.331608186531612,0.0516506995889923,0.18504190350518,0.060429623751702,0.730216019589256,0.992474492474258,0.0463134712947779,0.791637260679913,0.501953379685454,0.0550679105907325,0.753374477909013,0.396137593802755,0.157917317767952,0.364922481731464,0.532697464080098,"greenyellow",0.841139138438677,2.51326905366052e-10,1.72413373443398e-07,TRUE,TRUE
"K21157","blue",-0.0235983323302817,0.892961403480072,0.973539962800205,0.0617199097899681,0.724676959864301,0.521906039866975,-0.0442110850220394,0.800901562056255,0.489959708226109,-0.223030758745377,0.197801092324807,0.456789685643803,-0.286999848725563,0.0945981364843788,0.253477850589944,0.162775543019491,0.35016395777669,0.972490607094558,0.790263618167323,1.64129917673298e-08,7.24252738360303e-07,0.252159482426571,0.14391896089378,0.211279655629895,-0.181558081587223,0.296573392305032,0.491233509225611,"blue",0.790263618167323,1.64129917673298e-08,7.24252738360303e-07,TRUE,TRUE
"K21197","blue",-0.150152421110523,0.389266343895467,0.939011135527,-0.0539312420086333,0.75831208747721,0.530700023415906,-0.176810446442107,0.309596306219254,0.278817464776227,-0.138443676720014,0.427702829954524,0.630172149624081,-0.218055166111826,0.208250958175186,0.37065250807918,0.0409951011683031,0.81512441531003,0.996847020865946,0.748992788458796,2.27244709471585e-07,3.93940679063414e-06,0.0732322323589598,0.675891920036875,0.377147971266176,-0.0990081692827913,0.571488230816535,0.617918435341833,"blue",0.748992788458796,2.27244709471585e-07,3.93940679063414e-06,TRUE,TRUE
"K21421","blue",0.321318306331329,0.0598138400220522,0.683964679047626,0.274278540860326,0.110830250696436,0.245703649037753,0.031337696741996,0.858167832445086,0.506504336229207,-0.12828511683432,0.462689774448126,0.649552406772992,-0.239788139369968,0.16531243724607,0.335965170414894,0.210159150550483,0.225606784674683,0.91433593416675,0.72344324938935,9.10539715305015e-07,1.16308211122013e-05,0.178837176674942,0.303993517721944,0.260717675397843,-0.130431003469729,0.455174980412612,0.58141315421295,"blue",0.72344324938935,9.10539715305015e-07,1.16308211122013e-05,TRUE,TRUE
"K21451","blue",-0.201486964611757,0.24577473502198,0.864780203455952,-0.0665638392483459,0.704006906132719,0.517994098289167,-0.123457470591063,0.479834469956951,0.365249322038338,-0.152015549795963,0.383341027055887,0.607337852230175,-0.010433485375452,0.952565686167509,0.630991065211668,0.0269559825724277,0.877838531910258,0.996847020865946,0.778202850670738,3.74550335006326e-08,1.25382598753377e-06,0.154399228108452,0.37583753440061,0.287788217037811,-0.0627918876007587,0.720085489574618,0.663345795141952,"blue",0.778202850670738,3.74550335006326e-08,1.25382598753377e-06,TRUE,TRUE
"K21632","pink",-0.0707496018172913,0.686311212350553,0.959685422460598,0.373914709579312,0.0269163107995706,0.125308086220508,0.489660344728364,0.0028308166491035,0.0106082102678556,0.235713147080229,0.172834899532068,0.434124521455948,0.128366071320001,0.462405083462463,0.492544170599615,-0.0244541645049754,0.889102991112172,0.996847020865946,0.0954848681993326,0.585320376117077,0.432437504890685,0.771251628425518,5.89022698162052e-08,7.79272931420614e-06,0.443672155974238,0.00759279703863863,0.0723663459538119,"pink",0.771251628425518,5.89022698162052e-08,7.79272931420614e-06,TRUE,TRUE
"K21802","tan",-0.0928892982661708,0.595604179819466,0.959685422460598,0.259032508252455,0.132946774803547,0.264940178540996,0.280187749283866,0.103047608313781,0.132578400620898,0.300515676067728,0.079411970139653,0.332317780513632,0.403673740242614,0.0161826331798192,0.0915244719291194,0.025561046392183,0.884116478459608,0.996847020865946,-0.0477882783390641,0.785155056164164,0.500144548985305,0.235546701062241,0.173147261610023,0.221863862010585,0.73708944856519,4.42458725311217e-07,6.09127854701964e-05,"tan",0.73708944856519,4.42458725311217e-07,6.09127854701964e-05,TRUE,TRUE
"K21989","blue",0.117004746673307,0.503256172202931,0.959685422460598,0.11897617274135,0.496039898317544,0.445298828421416,-0.112774042400139,0.518918938270243,0.382842787925975,-0.325087508119452,0.056712892295757,0.300985921933202,-0.258817489458471,0.133280389520332,0.298977512950851,-0.113712306948018,0.515424732907251,0.986815669978367,0.770211151698102,6.29471873792977e-08,1.74595626355355e-06,0.195807667236217,0.259616449677393,0.251267886003059,-0.0858267263012784,0.623975685390084,0.633468771707241,"blue",0.770211151698102,6.29471873792977e-08,1.74595626355355e-06,TRUE,TRUE
"K22032","magenta",-0.0345622364400503,0.843744783878944,0.967562416164654,0.124001332909634,0.477886662364857,0.439049061735321,0.0380622237570313,0.828146194429701,0.497855573552761,0.41088003366285,0.0142107881152582,0.146651905800022,0.706992522303435,2.05884430293977e-06,0.000208537944220511,0.281258322245248,0.101683116274836,0.800985638655871,-0.104770787105312,0.549190258973201,0.419801687156955,0.0971332301930837,0.578830605485746,0.348019668120324,0.237692427493925,0.169151225602918,0.376268757260519,"magenta",0.706992522303435,2.05884430293977e-06,0.000208537944220511,TRUE,TRUE
"K22248","blue",0.134725802906534,0.440333675069246,0.959685422460598,0.174073526415819,0.317264916053684,0.375281231230416,-0.133739791088283,0.44371736776138,0.34889467378476,0.0676185194481599,0.699533287300375,0.732482809858693,0.161051965491833,0.355358033368835,0.447757808169976,-0.136384027775463,0.434675111928148,0.986815669978367,0.716425466978091,1.298510416112e-06,1.4657910363473e-05,0.146906529190183,0.399715271714123,0.291928076339919,0.0342108729163631,0.845314061146312,0.681385103798528,"blue",0.716425466978091,1.298510416112e-06,1.4657910363473e-05,TRUE,TRUE
"K22684","blue",-0.272471405763799,0.113296482895197,0.763998858849709,0.0513931310508723,0.769371194856965,0.532640420272003,-0.246828485354837,0.152874690580971,0.17145668335888,-0.1588408537028,0.362088786645634,0.592658115692002,-0.143226263368246,0.411754844621278,0.469224368412517,-0.12557142159107,0.472286705841977,0.986815669978367,0.726979132960734,7.58342510655814e-07,9.948526415187e-06,0.300082218070427,0.0798676592034683,0.178085995669144,-0.0307446609741342,0.860825488421698,0.684590622335635,"blue",0.726979132960734,7.58342510655814e-07,9.948526415187e-06,TRUE,TRUE
"K22686","greenyellow",0.131009813739245,0.453159300202287,0.959685422460598,0.0893748316159634,0.609652426198068,0.489927488089879,0.0495841844598315,0.777280714259637,0.480380596352208,0.802653785909732,6.63863512505971e-09,2.27709300622691e-06,0.322691844937231,0.0586686584882507,0.194791454930501,-0.0706223330433415,0.686846898807821,0.988692296438592,-0.00806863481393966,0.963308841894464,0.551990669666231,0.0238949286440151,0.89162395793414,0.430777465376006,0.0968656519220997,0.57988189378934,0.618494199236361,"greenyellow",0.802653785909732,6.63863512505971e-09,2.27709300622691e-06,TRUE,TRUE
"K22740","magenta",-0.181153711626008,0.297668766803615,0.883994324068164,0.0644567543488864,0.712973674007305,0.521906039866975,-0.144887413712175,0.406295381475263,0.330476501768514,0.594661913261204,0.000165098846078294,0.00580819772181534,0.724508567062104,8.61972883524372e-07,0.000137198648034909,0.0634992150027372,0.717061134153151,0.988692296438592,-0.218471898675372,0.207361368036223,0.229799361844787,-0.00496015570432806,0.977439561800028,0.452412503623082,0.083599342042326,0.633037568847159,0.637999483251891,"magenta",0.724508567062104,8.61972883524372e-07,0.000137198648034909,TRUE,TRUE
"K22742","blue",-0.0132770087729184,0.939659035782682,0.978035500907741,0.121281212053839,0.487669738994992,0.443245232462339,-0.0796816055045004,0.649103965274581,0.43878197140244,0.0238067589449202,0.892021512140737,0.774815156413682,0.0216120462419142,0.901925496859573,0.619031313635149,-0.0122296825385184,0.944411226165649,0.996847020865946,0.735816446649266,4.74145723666582e-07,7.08147223064675e-06,0.227442282962026,0.188846762962338,0.227257813600601,0.0141597602167647,0.93565517962462,0.699300102510737,"blue",0.735816446649266,4.74145723666582e-07,7.08147223064675e-06,TRUE,TRUE
"K22832","blue",0.0943333140127659,0.589873194743557,0.959685422460598,-0.0355122280548635,0.839504861446906,0.550820053139792,-0.0101254521760427,0.953964608338847,0.534325144125111,-0.175520236812066,0.313196686703883,0.558069637932347,-0.158480285861575,0.363193552375006,0.4525744174196,0.0215052746893468,0.902407703937129,0.996847020865946,0.805707892750581,5.25933418033688e-09,3.92746650351915e-07,0.166873251929912,0.338000986558625,0.273500277373079,-0.0598338525734055,0.732778157241266,0.667560919780254,"blue",0.805707892750581,5.25933418033688e-09,3.92746650351915e-07,TRUE,TRUE
"K22836","blue",0.123632423999061,0.479207435549395,0.959685422460598,0.269917845947143,0.116851360296356,0.251798643420596,0.17484311567406,0.315096693284566,0.281000058629688,-0.109142331737633,0.532552908588983,0.686080561041432,-0.132597054223636,0.447656546725673,0.487486553543765,-0.0759904968177878,0.664384939168921,0.988692296438592,0.749556825744036,2.19982008245717e-07,3.88284047468037e-06,0.291467367526638,0.0893512613090225,0.187378013155862,0.0201073503028099,0.908724186185208,0.693732071716134,"blue",0.749556825744036,2.19982008245717e-07,3.88284047468037e-06,TRUE,TRUE
"K22870","red",0.253666805442835,0.14145778848591,0.783573301412066,0.756636191314557,1.45257477092929e-07,1.6459138884155e-05,0.608694535537793,0.000104528364214645,0.00120695333011651,0.136837113085341,0.433135990686718,0.632878935761358,0.122216635238207,0.484293853304716,0.499402541960882,-0.0730230208687579,0.67676770662599,0.988692296438592,-0.0836075252924421,0.633004178760233,0.448877879367349,0.36115536953482,0.0330429109007341,0.124250811071145,0.308503103480284,0.0713704481969555,0.248746998715896,"red",0.756636191314557,1.45257477092929e-07,1.6459138884155e-05,TRUE,TRUE
"K23334","blue",-0.14830016940961,0.395209412716136,0.939011135527,0.0960669220943727,0.583025090479359,0.48103856661888,0.0119922474492845,0.945488844239426,0.530551402995312,-0.275806326473023,0.108776967851291,0.363775429614782,-0.286190471277686,0.0955733902052652,0.253888900912006,0.109842309617121,0.529911703722525,0.986815669978367,0.731714895372477,5.90953135593901e-07,8.19558721773894e-06,0.162930735272354,0.349698544722467,0.279264833944199,0.0134995206139759,0.938649657834555,0.700605663113628,"blue",0.731714895372477,5.90953135593901e-07,8.19558721773894e-06,TRUE,TRUE
"K23404","pink",-0.0950065018822894,0.587209768834263,0.959685422460598,0.247459926283016,0.151793302303375,0.284031972258282,0.283883105081318,0.0983957833990521,0.129722298403905,0.0930102735115669,0.595123126968734,0.709356048577995,0.303323108547017,0.0765091781961306,0.226113480504456,0.203919899133907,0.239999035618066,0.91433593416675,0.0223409707916773,0.898634421707354,0.533675247094465,0.741380882351027,3.49413040116792e-07,2.0483641058284e-05,0.0370251397885165,0.832761768702413,0.681270456641967,"pink",0.741380882351027,3.49413040116792e-07,2.0483641058284e-05,TRUE,TRUE
"K23562","black",0.104258366775129,0.551156325686398,0.959685422460598,0.329104107183557,0.0535502402854596,0.176802845252186,0.702879952252273,2.50318308731213e-06,0.000181836131157097,0.359001163925987,0.0341816160980697,0.235322572568891,0.157968828431077,0.364764084048577,0.4525744174196,0.00479093298853676,0.978209057242172,0.996847020865946,0.110716712647213,0.526621289923605,0.409302640268471,0.25573926832528,0.138124395980157,0.209183154818832,0.273192727480427,0.112307184799276,0.308874014238677,"black",0.702879952252273,2.50318308731213e-06,0.000181836131157097,TRUE,TRUE
"K24139","blue",-0.0608523821705742,0.728399668574396,0.959685422460598,0.0826059046992884,0.637096369279051,0.499773127053328,-0.171652426850055,0.324146733542967,0.284872910212172,-0.142077460780514,0.415554596246116,0.622497537404795,-0.229569909541859,0.184631675801584,0.352247267278569,0.046429585128053,0.791126401988571,0.996847020865946,0.708092252191969,1.9529274280218e-06,1.99566469676277e-05,0.115529993377366,0.508688768391252,0.326430897950129,-0.171233645147066,0.325346426437604,0.508336224334192,"blue",0.708092252191969,1.9529274280218e-06,1.99566469676277e-05,TRUE,TRUE
"K24887","greenyellow",-0.124948817106641,0.474503183161739,0.959685422460598,0.2588270974061,0.133265469031858,0.264940178540996,0.247245021411548,0.152160717058438,0.171266137901195,0.721443208927423,1.00855405401041e-06,0.000153751241501082,0.421339991968578,0.0117107416434867,0.0776657224221066,-0.229199871345816,0.185359954476328,0.897287153931499,-0.123881931280525,0.478313937953276,0.38721557231496,0.194001944461443,0.264123134414566,0.251746533237719,0.47398124037367,0.0040231417680857,0.0550066359120518,"greenyellow",0.721443208927423,1.00855405401041e-06,0.000153751241501082,TRUE,TRUE
"K26403","pink",0.102191079387914,0.559121487570784,0.959685422460598,0.320080315261057,0.060861089768574,0.183775082006566,0.597410224402338,0.000151213913483633,0.00151912957442511,0.173977754101004,0.317535393899954,0.560017520764421,0.0302465147387452,0.863059065801572,0.610106020201995,-0.0656009040439943,0.708099924828155,0.988692296438592,-0.0223998824865543,0.898368508823549,0.533675247094465,0.703325760761176,2.45110096114261e-06,9.01775113298838e-05,0.469859103957297,0.00440086078896246,0.0586317541531897,"pink",0.703325760761176,2.45110096114261e-06,9.01775113298838e-05,TRUE,TRUE
