"Gene","ModuleColor","GS.Rhizo","p.GS.Rhizo","q.GS.Rhizo","MM.black","p.MM.black","q.MM.black","MM.turquoise","p.MM.turquoise","q.MM.turquoise","MM.blue","p.MM.blue","q.MM.blue","MM.brown","p.MM.brown","q.MM.brown","MM.grey","p.MM.grey","q.MM.grey","MM.greenyellow","p.MM.greenyellow","q.MM.greenyellow","MM.green","p.MM.green","q.MM.green","MM.red","p.MM.red","q.MM.red","MM.pink","p.MM.pink","q.MM.pink","MM.purple","p.MM.purple","q.MM.purple","MM.magenta","p.MM.magenta","q.MM.magenta","AssignedModule","MM.assigned","p.MM.assigned","q.MM.assigned","MM.assigned.significant","MM.assigned.sig.and.strong"
"K00010","brown",-0.285777904572678,0.091105372997406,0.279854370501002,0.339072920503534,0.043072010977502,0.0413636221235792,-0.699141759020687,2.10206777734458e-06,1.2398151782416e-05,-0.171428603871666,0.317457122771215,0.191222215608718,0.742872421504472,2.12232446882105e-07,3.89047350970065e-06,0.224608942125452,0.187840639838504,0.222318949688861,0.216897198921134,0.203854846499013,0.382281199350127,0.618379503197218,5.83580364540514e-05,0.000231411766175823,-0.619522513716465,5.60353485544804e-05,0.000247560476952227,-0.251002040290513,0.139777829109449,0.208427700132025,-0.106728619648745,0.535557031676815,0.999638761172362,0.041604774455319,0.809614784548232,0.724118734709753,"brown",0.742872421504472,2.12232446882105e-07,3.89047350970065e-06,TRUE,TRUE
"K00021","pink",0.23667201472104,0.164603962660623,0.388575247122647,-0.447718709120371,0.00617963445037225,0.00905833862481116,0.557946387098048,0.000406693845680717,0.00111336373676118,-0.202520417102026,0.236190646669691,0.154830543242064,-0.536026002053043,0.00075308772222544,0.00264446219100139,0.189256472406221,0.268946714710565,0.272177796933902,-0.0564489319123408,0.743666835886344,0.573393867334876,-0.128680699514661,0.454487927925556,0.247769156444465,0.239363166007904,0.159715452824217,0.116448482806546,0.737481669443025,2.88402757671847e-07,1.95837072493727e-05,0.162205712097428,0.34457380705087,0.999638761172362,0.125227641846543,0.466784375284617,0.641008910994318,"pink",0.737481669443025,2.88402757671847e-07,1.95837072493727e-05,TRUE,TRUE
"K00025","blue",-0.121737102806092,0.479391207643701,0.68101282085408,0.317059612078776,0.059543508961737,0.0527295362199941,0.115744970990592,0.501440050983202,0.291604223564444,0.742021977885673,2.22863592527449e-07,1.42550361888234e-06,-0.0666536018223995,0.699320638802048,0.48224841382451,0.111836323650027,0.516093708041206,0.389939962302742,0.231888334077592,0.173557559641759,0.367421845220291,-0.665881149356584,9.32849562695839e-06,5.48542138967182e-05,0.625791820883986,4.47170590827544e-05,0.00021164996191953,-0.193768228124057,0.257486705432969,0.282883607202984,0.15244425087069,0.3747618612377,0.999638761172362,-0.346293369862925,0.0385521396222143,0.261343852605988,"blue",0.742021977885673,2.22863592527449e-07,1.42550361888234e-06,TRUE,TRUE
"K00052","blue",-0.18257987917932,0.286510093807993,0.513791254221279,0.521141667073396,0.00111801426979626,0.00229711214374581,-0.0217780798364574,0.899675126042437,0.420813109559828,0.76288519517415,6.34399849050972e-08,4.8844385622625e-07,-0.22541538556983,0.186218734936177,0.199887409002136,-0.0911588552362982,0.596976613812369,0.42093920488923,0.364455773324588,0.0288636329370265,0.256458517762687,-0.562409908749832,0.00035685201530609,0.000962791435712482,0.582727306559263,0.000192111844663737,0.000633164753589623,-0.108182103615437,0.529982673270926,0.404133358395373,-0.114418178515527,0.506390528148721,0.999638761172362,0.0378695552180456,0.82643432193354,0.727293826981827,"blue",0.76288519517415,6.34399849050972e-08,4.8844385622625e-07,TRUE,TRUE
"K00059","turquoise",0.241386402372416,0.156109897221318,0.378691644788179,-0.339905104285145,0.042530241622011,0.0408754508089379,0.701588134472279,1.86906796601705e-06,1.1169754837413e-05,0.158828235790768,0.35484668689604,0.206058866262357,-0.719136746658782,7.76676989527765e-07,1.08626197244434e-05,-0.230482452920545,0.17625379234228,0.21424112715374,-0.047882012624861,0.781540500234425,0.581434809862302,-0.558783535277367,0.000396898504754365,0.00104024203746449,0.582673260313295,0.000192439035043915,0.000633164753589623,0.466183407222313,0.00416082727653415,0.0273083999920612,-0.122215662289162,0.477652361725042,0.999638761172362,-0.208437319829112,0.222487233249954,0.515654658270638,"turquoise",0.701588134472279,1.86906796601705e-06,1.1169754837413e-05,TRUE,TRUE
"K00088","blue",-0.0209387038695649,0.903523454861137,0.950583829060218,0.159243199281418,0.353574688889688,0.195145820411795,0.247761936047595,0.145134310360259,0.120182016953724,0.708564960083527,1.32831362391698e-06,6.75689977416552e-06,-0.21795012362936,0.201614168233559,0.212188081405272,0.231982875311373,0.173377308446268,0.213198889283568,0.112686681724822,0.512887737194413,0.515501539935619,-0.683841889731654,4.27279942173416e-06,2.96935113098091e-05,0.689417125266471,3.31588908323871e-06,2.77757165612917e-05,-0.0220086317360512,0.898618493786164,0.515766216712211,0.333437817954372,0.0468887701661849,0.999638761172362,-0.384026640006589,0.0207611817376336,0.208055987997322,"blue",0.708564960083527,1.32831362391698e-06,6.75689977416552e-06,TRUE,TRUE
"K00091","blue",-0.269057105393086,0.112560524528025,0.312956740418517,0.53355022585465,0.000805260078968904,0.00174545590611916,-0.0892062588390005,0.604889833981546,0.329064948370996,0.755786041318814,9.8644886958355e-08,6.81574823157026e-07,0.00365668453511547,0.983113363194521,0.575727632589869,0.152111742922989,0.375816880147647,0.331041680453136,0.34720595159087,0.038009358909937,0.257197452504772,-0.51489573553482,0.00131268899196919,0.00267591498314562,0.549717304392545,0.000515079858596835,0.00133420736933333,-0.0516770210535136,0.764696262338867,0.482393306258826,0.0818820867778494,0.634963371674376,0.999638761172362,-0.315588684818313,0.0608009583354038,0.314852851368255,"blue",0.755786041318814,9.8644886958355e-08,6.81574823157026e-07,TRUE,TRUE
"K00099","turquoise",0.354166290431995,0.0340705441970957,0.160161098660625,-0.337939904972566,0.0438185670532595,0.0419159326785103,0.726335242355761,5.31477702916721e-07,3.6203519050363e-06,0.186059491566509,0.277266501650358,0.172980787759891,-0.639740501440214,2.65847476015834e-05,0.000182527268071566,-0.0731785946657894,0.671459738401084,0.445651992471066,0.00303210316309339,0.985997379544419,0.627217623753498,-0.587655858467189,0.000164289879301382,0.000529416138866476,0.656267964383729,1.38716960301316e-05,8.6153826624058e-05,0.279711827812153,0.0984921494614069,0.173957000283125,0.0428515936537579,0.804018663165295,0.999638761172362,-0.010117436667157,0.953299655827791,0.752156079985917,"turquoise",0.726335242355761,5.31477702916721e-07,3.6203519050363e-06,TRUE,TRUE
"K00108","blue",-0.411036378839815,0.0127617544724076,0.0904444167728581,0.618030854764636,5.90836314374679e-05,0.000220992113293194,-0.11953285245563,0.487442762190808,0.285524224430938,0.892741483161352,2.55358884402244e-13,2.19958262240413e-11,-0.203699917268225,0.23341449100774,0.234921565748913,-0.0706575172233488,0.682175826162512,0.449736500979967,0.345899051801315,0.0387886079145779,0.257197452504772,-0.6591648059863,1.23266546627821e-05,6.81177231084528e-05,0.595513474971707,0.000127348011879474,0.000454706047610102,-0.117110260004641,0.49637161623911,0.390570420756375,-0.08246050762777,0.632566455997939,0.999638761172362,-0.185993871248016,0.277439005594229,0.546332887207368,"blue",0.892741483161352,2.55358884402244e-13,2.19958262240413e-11,TRUE,TRUE
"K00111","blue",-0.094633788956576,0.583006426520873,0.757093774639681,0.430492666975292,0.00877120184429336,0.0118615786116326,0.0212644171616084,0.902029879031182,0.421642667139754,0.715749787921969,9.24767510727476e-07,4.8179406891283e-06,-0.113204623554446,0.510939891699608,0.397892089031168,0.0619308285817159,0.719732867653735,0.464071966910405,0.23524453632638,0.167240241334602,0.362250060230171,-0.557484193193534,0.000412193726025331,0.00106948888424653,0.579975250189964,0.000209421513624147,0.000678078656422915,-0.18010667189732,0.293199604937275,0.298871388153901,0.120755879232061,0.482966775344411,0.999638761172362,-0.292279804950477,0.0836682133338593,0.356328307174377,"blue",0.715749787921969,9.24767510727476e-07,4.8179406891283e-06,TRUE,TRUE
"K00114","green",-0.142681772711139,0.406461127652045,0.622220258000989,0.0649896178997966,0.706489724555028,0.305406489703559,-0.614995809514908,6.57528420206544e-05,0.000243373788668848,-0.624309274949378,4.71885922933732e-05,0.000141791152625805,0.683450290112339,4.34867767494964e-06,4.39079861321934e-05,0.110780458890115,0.520088234436465,0.391001356497332,-0.0290206596098335,0.866572239478995,0.598149903860129,0.934246856364677,8.63152901545859e-17,5.93843462687206e-14,-0.924133084313232,9.08074998882682e-16,1.29369880098674e-12,-0.187350749450774,0.273886216195422,0.289111937188952,-0.0223701175617354,0.89696213022393,0.999638761172362,0.142031412868488,0.408625716395826,0.615290059419485,"green",0.934246856364677,8.63152901545859e-17,5.93843462687206e-14,TRUE,TRUE
"K00118","brown",-0.379094076176141,0.0225989979603404,0.12566588096579,0.374760483726156,0.0243231710385259,0.02636106250238,-0.731121469627733,4.10275508162638e-07,2.83466432682354e-06,-0.191926729756774,0.262124448595484,0.166549256292875,0.792871418473775,8.19125626306515e-09,3.12688473549003e-07,0.180645279988088,0.291734326448932,0.28571533097893,0.19489828331484,0.254667791390892,0.406955490620466,0.68745167362432,3.62820834252826e-06,2.62756130414297e-05,-0.713505769429838,1.0367109122125e-06,1.17996269621786e-05,-0.367968638292583,0.0272434252099841,0.0852808366701835,-0.102925472917109,0.550274871263495,0.999638761172362,0.0682933408430085,0.692280963924555,0.700954715202344,"brown",0.792871418473775,8.19125626306515e-09,3.12688473549003e-07,TRUE,TRUE
"K00123","green",-0.276269536769374,0.102882238286335,0.297577044119964,0.0497665823308508,0.773163033096913,0.321934000692511,-0.503696248883419,0.00173742653199967,0.00354553836866373,-0.403693674199019,0.0146222693924533,0.0184139935497573,0.355737977982477,0.0332289308226144,0.0551802684496127,0.492493924730216,0.00227846399876637,0.0183203495284003,-0.0775246249016609,0.653136426005061,0.550331528615282,0.803503587102684,3.65290070494215e-09,1.19674829535961e-07,-0.686633445121864,3.76598045738588e-06,3.08347385621808e-05,0.433164530780529,0.00831699125696799,0.0413624961271078,0.0847626894023788,0.623063133431373,0.999638761172362,0.236913688996095,0.164160611934661,0.465991054903659,"green",0.803503587102684,3.65290070494215e-09,1.19674829535961e-07,TRUE,TRUE
"K00124","green",-0.213559305820649,0.211072260768229,0.444452189035262,-0.141254474009971,0.411220169342774,0.216285984786888,-0.298514137106606,0.0769866088991153,0.0754232900209322,-0.437645153197856,0.00760035925490156,0.0106864085655331,0.314236779180626,0.0619751012312952,0.0887156737905047,0.459416138156086,0.00482194586509469,0.0271277448470894,0.00384880553616,0.982226281540473,0.625984445750773,0.708916838900479,1.30528990492284e-06,1.29213062456533e-05,-0.558363155479476,0.000401790692577462,0.00110291989576219,0.433288975450828,0.00829633503072654,0.0413624961271078,0.358481133519029,0.0318007472245994,0.897893970296287,0.149334852897334,0.384695915785329,0.606517066586082,"green",0.708916838900479,1.30528990492284e-06,1.29213062456533e-05,TRUE,TRUE
"K00148","pink",0.000666772450264877,0.996920620206128,0.99784085462478,-0.320298233289179,0.0568475257542905,0.0509108488313108,0.0388303569136614,0.822100283466605,0.39802626699496,-0.567975824751399,0.000302376627550614,0.00068182695064306,-0.219200727021483,0.198975174184942,0.20999862883049,0.10360818856465,0.547618877560805,0.402632281677784,-0.198018236725601,0.246991846648827,0.400630758516706,0.535174582011804,0.000770681496093117,0.00176193398023445,-0.419766168003992,0.0108138404318801,0.0145614876418335,0.769597160241693,4.12042171887191e-08,3.63731170045216e-06,-0.0256240733647038,0.882072304402902,0.999638761172362,0.345543250571444,0.0390029866416139,0.261698943305545,"pink",0.769597160241693,4.12042171887191e-08,3.63731170045216e-06,TRUE,TRUE
"K00156","pink",-0.160773729117005,0.348906964206445,0.57525583126578,-0.0508421756942109,0.768392928322528,0.321041262252086,-0.10989670348694,0.523443303296304,0.300178731337928,-0.192276965729719,0.261238176622441,0.166302789257928,-0.251891670195555,0.138332864130934,0.161826538509035,0.230631683196582,0.175966188706794,0.21424112715374,-0.0589832570475043,0.732571006037307,0.570033000244707,0.38154659618015,0.0216690259672067,0.0249508718440914,-0.254788547291094,0.133703830137587,0.102520235601216,0.78044981759493,1.98747304911946e-08,2.06405456674661e-06,0.0365976649475577,0.832179393084619,0.999638761172362,0.358962480739264,0.0315554018281017,0.250346299261504,"pink",0.78044981759493,1.98747304911946e-08,2.06405456674661e-06,TRUE,TRUE
"K00166","greenyellow",-0.235354108654521,0.167036815369885,0.392042395669723,0.375413175410801,0.0240567351980526,0.02614182975645,-0.248108732015098,0.14455392425065,0.119781316209626,0.434511712230407,0.00809569585807293,0.011283790559901,0.178968615247628,0.296311163402242,0.278342717045903,0.0397275719776162,0.818057748910272,0.490975196316821,0.835003689510455,2.42723248153325e-10,4.15342284508197e-08,-0.131742734780981,0.443731504403977,0.242964048946,0.142960663998349,0.405534901830611,0.237110275287665,-0.113973831769847,0.508053926539677,0.394987611093551,0.0885513528988353,0.607553970518672,0.999638761172362,-0.0648671133725042,0.707018514533422,0.703318338898706,"greenyellow",0.835003689510455,2.42723248153325e-10,4.15342284508197e-08,TRUE,TRUE
"K00170","brown",-0.291116617536118,0.0849630297988518,0.269380834245287,0.36570361486758,0.028279266304297,0.0298979272224066,-0.583760430340585,0.000185952570246844,0.000581472989844554,-0.0982028929068714,0.568811286949527,0.281692116607162,0.791888414162538,8.80545306643935e-09,3.19724759257915e-07,0.141519682796859,0.410333502480511,0.345695147355338,0.141274260758862,0.411153979255903,0.473597114390243,0.448220518910205,0.00611527892059906,0.00913631113147122,-0.50633168449013,0.00162789864804746,0.00330842124757448,-0.608031196170225,8.369605948536e-05,0.00175244866298824,-0.0357447208411811,0.836036924485295,0.999638761172362,-0.277906324544914,0.100776608864578,0.385263150467984,"brown",0.791888414162538,8.80545306643935e-09,3.19724759257915e-07,TRUE,TRUE
"K00232","turquoise",0.512634103796964,0.00139021071160465,0.0239278065865075,-0.59554994783344,0.000127195573199242,0.00039940941528997,0.774233015675407,3.03254949077044e-08,2.85714655256161e-07,-0.146408841540078,0.394183028701877,0.222285761589485,-0.445622513532561,0.00645479956218914,0.0154858816037801,-0.0342809260495762,0.842665832660071,0.49843926806089,-0.217464306895804,0.20264587063869,0.381758099747978,-0.389480047729707,0.0188758326831326,0.0225263616677489,0.409814428422039,0.0130567175420326,0.0170031013631291,0.227563018320118,0.181947729110806,0.238477764209588,-0.0455297550723282,0.792030941514175,0.999638761172362,-0.253823792186812,0.135232557628491,0.431680318320408,"turquoise",0.774233015675407,3.03254949077044e-08,2.85714655256161e-07,TRUE,TRUE
"K00239","turquoise",0.542676568140809,0.000627462990471295,0.0157609712574396,-0.672130869483718,7.15204485631573e-06,3.85173313057044e-05,0.845271012707648,8.8522128291226e-11,1.91700120193868e-09,-0.180219937408871,0.292891076152809,0.180033777767034,-0.546455472521862,0.000564700533388309,0.00209062398169559,-0.0934683770443698,0.587675454523074,0.418334071527992,-0.281601304784232,0.0961439489331586,0.31405913359703,-0.374953771591688,0.024244015559618,0.0273214114034514,0.443838845757645,0.00669716153351922,0.0100645391501879,0.36805004110066,0.0272067880666531,0.0852808366701835,0.0934196976212928,0.587870839392938,0.999638761172362,-0.331366520040372,0.0483581727148042,0.291241435430369,"turquoise",0.845271012707648,8.8522128291226e-11,1.91700120193868e-09,TRUE,TRUE
"K00241","turquoise",0.538664208945704,0.000700810161287509,0.0165198221352773,-0.489230000876567,0.00246155355505464,0.00429282404358985,0.811541642686658,1.91922244706881e-09,2.59392885740648e-08,0.0293163673178716,0.865225031214077,0.363456771544881,-0.847711051094746,6.89116462569562e-11,1.01163398529256e-08,-0.445912099265579,0.00641617061806255,0.0318260873399712,-0.187432145763181,0.273674040197447,0.41657928676832,-0.609397005866923,7.98636273697665e-05,0.000299431308602489,0.59350777809007,0.000135988091422657,0.000476012027328194,0.348243773409714,0.0373996469746243,0.105142114466959,-0.0366830083610417,0.831793629142386,0.999638761172362,0.0354740943925964,0.83726165367912,0.727293826981827,"turquoise",0.811541642686658,1.91922244706881e-09,2.59392885740648e-08,TRUE,TRUE
"K00248","purple",0.265303788145605,0.117860594131146,0.32170467214509,-0.366680445249947,0.0278286372190661,0.0295142331679,0.258553361573705,0.127860197760602,0.109586998534331,-0.246657540967822,0.146993944819796,0.110228712361709,-0.0523745063035705,0.761611739662431,0.507950820799689,0.0326645350142508,0.84999815825322,0.500882607118067,-0.100965835912209,0.55793199130292,0.525331673497731,0.0499085096606371,0.77253313236659,0.36205562904797,-0.0235563906282254,0.89152955927213,0.41052891666472,0.104860953876948,0.542761007037436,0.408351696968574,0.858059831894106,2.2650124782558e-11,9.21010698970765e-09,0.0465905408194161,0.787295547813132,0.720203587632214,"purple",0.858059831894106,2.2650124782558e-11,9.21010698970765e-09,TRUE,TRUE
"K00271","blue",-0.318255030134746,0.0585368349034114,0.215004060385768,0.598441548678419,0.000115619623448083,0.000374922942786841,-0.104883547892035,0.542673582480106,0.306869452147243,0.884653847964945,8.24009072407887e-13,4.62897381348247e-11,-0.110619634956239,0.520697993498771,0.402100808866746,0.111824786162592,0.516137274154252,0.389939962302742,0.359756475986741,0.0311540866514418,0.256458517762687,-0.585117601139237,0.000178130720967699,0.000562168590712354,0.596002772365194,0.000125316605958325,0.000450842547300753,-0.101917735068844,0.554206346140072,0.411890649323451,0.0761974216101862,0.65871150703467,0.999638761172362,-0.138562333064015,0.420282027725943,0.619080597017596,"blue",0.884653847964945,8.24009072407887e-13,4.62897381348247e-11,TRUE,TRUE
"K00285","turquoise",0.480160197915761,0.00303941044497085,0.0370307197658808,-0.58040674893993,0.000206618341548462,0.000582010685931138,0.77130501270305,3.683441577006e-08,3.40407777789685e-07,-0.0962409576329239,0.576594831111133,0.28434789668716,-0.592180929981161,0.000141989769033583,0.000703166141363706,-0.125891446867059,0.464406952032022,0.367705078968888,0.0539374940701865,0.754712851196987,0.576324339302702,-0.424924483967274,0.00978612845412089,0.0133852711155739,0.473310828763598,0.00355085182927652,0.00615420827133902,0.348782775658137,0.0370861375726777,0.104637319065025,0.037939981763276,0.826116464677296,0.999638761172362,-0.101241606096286,0.556851456092812,0.669045533848743,"turquoise",0.77130501270305,3.683441577006e-08,3.40407777789685e-07,TRUE,TRUE
"K00294","turquoise",0.265672159716752,0.117332290271562,0.320741126263353,-0.514146079449335,0.00133795204992738,0.00261705197992899,0.718228103917091,8.1410446296444e-07,5.27323903441107e-06,-0.0369995658469906,0.830363084504457,0.356436445843349,-0.780319911303419,2.00537649166543e-08,6.52823578937581e-07,-0.305839023211239,0.0696751655185831,0.124055897965932,-0.173829301694761,0.310624321628243,0.434098776184974,-0.458407042648173,0.00492791501122494,0.00770511901986347,0.471340306566501,0.00371117950420913,0.0063399330074971,0.510115625896464,0.00148125246687528,0.0138368148619366,0.0245092185055541,0.887169564085645,0.999638761172362,0.0229965310269689,0.894092861423586,0.738449816972057,"turquoise",0.718228103917091,8.1410446296444e-07,5.27323903441107e-06,TRUE,TRUE
"K00297","blue",-0.224850384227365,0.187354015161881,0.416521975970419,0.382626552197831,0.0212697234509563,0.0235742642611343,0.185753683291999,0.278071011614062,0.192916000671428,0.82463867504997,6.2822329837624e-10,9.86189186904047e-09,-0.495739691954449,0.00210831438573146,0.00615862902650453,-0.161223825047936,0.347541433725592,0.316599652290745,0.238755928193026,0.160809236019102,0.357851259379074,-0.767915966761435,4.59693327234582e-08,8.66482070082626e-07,0.755637167365273,9.95464639009935e-08,2.21593654760144e-06,0.0956785227310555,0.578834979166383,0.422287522575929,-0.157935575443683,0.357592317069716,0.999638761172362,-0.146941998002917,0.392444357744062,0.611827732704801,"blue",0.82463867504997,6.2822329837624e-10,9.86189186904047e-09,TRUE,TRUE
"K00299","turquoise",0.596769826351453,0.000122190648479596,0.00584538499270775,-0.460523044787911,0.00470797433478895,0.00727628028502393,0.832740185355555,3.00388841940008e-10,5.73476393401782e-09,0.051233288252244,0.766660463802078,0.337731501781831,-0.620529078539036,5.40594620749552e-05,0.000313003568342329,-0.376306371093557,0.0236960428483162,0.0638996301395205,-0.208347418604653,0.222691284558596,0.389313919747135,-0.648125457114471,1.92048868255062e-05,9.50563637815572e-05,0.593011616409696,0.000138205132144419,0.000481406909536784,0.13860545312387,0.420136007043526,0.358680871904575,-0.0360189885983604,0.834796103674999,0.999638761172362,-0.295609746753564,0.0800457267146684,0.350190888178775,"turquoise",0.832740185355555,3.00388841940008e-10,5.73476393401782e-09,TRUE,TRUE
"K00331","green",-0.017904024791783,0.917454145874366,0.95656356940042,-0.0737700641384533,0.668954755762743,0.295521870938976,-0.446282955531117,0.00636699077954507,0.0105097088956727,-0.666645333619882,9.03333311555529e-06,3.41273436957386e-05,0.388480169275459,0.0192103809735129,0.0361512501927096,0.0581615138162192,0.736163055604609,0.468659626390191,-0.0998048659872041,0.562491606181032,0.526945718079822,0.858348038348968,2.19317909367034e-11,2.15556092577381e-09,-0.870135391499186,5.50572615879009e-12,1.56875838206141e-09,0.10439143642945,0.54457925807937,0.408869177802257,-0.106933394412228,0.534769981659068,0.999638761172362,0.268023770832056,0.114001453860371,0.403828726221898,"green",0.858348038348968,2.19317909367034e-11,2.15556092577381e-09,TRUE,TRUE
"K00362","red",0.221026725505414,0.195165449821249,0.424096999511371,0.279736149650546,0.0984616475379514,0.0764740669956334,0.30053503341703,0.0749122967638638,0.0737896935319095,0.620145546974496,5.48047838587612e-05,0.000161668320043266,-0.298286416653173,0.0772231229116619,0.104859190474469,-0.182775098578686,0.285986292872408,0.282690108762373,0.0890318513367432,0.605598829291735,0.536472683834859,-0.777117909196216,2.49675483430135e-08,5.63196964283505e-07,0.721391047672513,6.90540395000764e-07,9.02871489287843e-06,-0.264148107246835,0.119529594083885,0.191570415746126,-0.181323778477083,0.289895178999031,0.999638761172362,-0.136895194251914,0.42594937602903,0.621666179622523,"red",0.721391047672513,6.90540395000764e-07,9.02871489287843e-06,TRUE,TRUE
"K00365","blue",-0.397299306153034,0.0164236178879285,0.107281182709702,0.491048880186826,0.00235799996428805,0.0041511897644112,-0.176380063601649,0.303466799741292,0.204794394784393,0.711037823993463,1.17408927913369e-06,6.04377054246435e-06,-0.00221729921989491,0.989760009473095,0.577396434770243,-0.0343867917619087,0.842186048521326,0.49843926806089,0.181163653166144,0.290328543310623,0.42434279877618,-0.44530002588601,0.00649805230919006,0.00956281673750582,0.40384425034062,0.0145819414249889,0.0184006372709248,-0.26274443086803,0.121580447040127,0.192339458455618,-0.0278027390244883,0.872124800420149,0.999638761172362,-0.0376438564847286,0.827453154450111,0.727293826981827,"blue",0.711037823993463,1.17408927913369e-06,6.04377054246435e-06,TRUE,TRUE
"K00366","red",0.215255150691275,0.207383651137491,0.440340995320332,-0.168425092525671,0.326137058880647,0.183650512097963,0.621526441576705,5.21639688223854e-05,0.00020011376803645,0.389467089354588,0.0188801370903555,0.022862372190813,-0.553790796319861,0.000458579757282694,0.00178894679539573,-0.155371428198187,0.365549838362229,0.325817980616595,0.10324619353152,0.549026405821606,0.52475467160561,-0.749508469065598,1.43983303984428e-07,2.20132348262915e-06,0.728773091127253,4.66146261085446e-07,6.70808361446924e-06,0.166830478163729,0.330804663274416,0.318623648046018,0.00357696292955185,0.983481468241144,0.999932767264777,-0.286689013411182,0.0900336721024927,0.364897378085806,"red",0.728773091127253,4.66146261085446e-07,6.70808361446924e-06,TRUE,TRUE
"K00370","green",-0.214609371667526,0.208782973628408,0.442168628394018,0.0763337313150316,0.658138079350464,0.292988840252946,-0.551424629125082,0.000490686235258823,0.00129681155585329,-0.514307237571575,0.00133248526378255,0.00244434029671264,0.554270567645246,0.000452302695416177,0.00177546455081938,0.349968817063041,0.0364037996152282,0.0836967223532622,0.00731649341738892,0.966219533261043,0.622598201272559,0.86187706649566,1.46947359239942e-11,1.71230619238462e-09,-0.764745678430816,5.63673036815326e-08,1.38455663177942e-06,0.00299198321154617,0.986182640540713,0.538543137930805,0.00722369599854646,0.966647741728485,0.999638761172362,0.321238650450529,0.0560831248301297,0.30234749125671,"green",0.86187706649566,1.46947359239942e-11,1.71230619238462e-09,TRUE,TRUE
"K00380","red",0.201986283486796,0.237455127810136,0.471912884960772,0.00632532424428051,0.970793684937306,0.368625908794966,0.508479622291252,0.00154316514283806,0.00321774883034717,0.460726811962553,0.00468724934407362,0.00710819001579556,-0.493558372301167,0.00222138636236929,0.00643286461826235,-0.0549986675907648,0.750039519962087,0.471022699453937,0.125524683601127,0.465719721369383,0.497562067470171,-0.719311945765459,7.69644782148939e-07,8.62602650419633e-06,0.749974445702197,1.40050826552672e-07,2.79119299112233e-06,0.206015830536473,0.228028082674402,0.267552476151192,0.0853772892963736,0.620536111858366,0.999638761172362,-0.0770716945669381,0.655036956421686,0.694236608794815,"red",0.749974445702197,1.40050826552672e-07,2.79119299112233e-06,TRUE,TRUE
"K00384","turquoise",0.515067969521017,0.00130694448942016,0.0231245602609129,-0.473965784814299,0.00349891157187155,0.00572616926544262,0.860284143472838,1.76297730973171e-11,4.48763170964047e-10,0.0937300196396061,0.586625790085432,0.286994330577013,-0.74013119989113,2.48280196966624e-07,4.34056467669744e-06,-0.499303104276001,0.0019344185795201,0.0163353213064991,-0.125527206364714,0.465710684828411,0.497562067470171,-0.702631986542417,1.7770534718828e-06,1.60868550579789e-05,0.640020834870671,2.6301411466455e-05,0.000139295867489936,0.148499004313757,0.38739231013747,0.344382472588475,-0.109371859161226,0.52544081702551,0.999638761172362,-0.256753815136335,0.130629270333945,0.428606742885383,"turquoise",0.860284143472838,1.76297730973171e-11,4.48763170964047e-10,TRUE,TRUE
"K00390","turquoise",0.338412170054056,0.0435061284602961,0.181675784186577,-0.314372050509637,0.0618568162673152,0.054208223199926,0.798088869600583,5.54412542570591e-09,6.43529373516557e-08,0.262103047747082,0.122526243759127,0.0965896812247281,-0.718298261221187,8.11156701512299e-07,1.10183830488033e-05,-0.196988135799758,0.24950886548126,0.259731728893714,-0.131540596663438,0.444437271395417,0.491726390168125,-0.757326566095579,8.97477375903156e-08,1.47873509568908e-06,0.766251463735939,5.1184234702533e-08,1.29334412066569e-06,0.238691701358363,0.160925239456465,0.223184797093961,-0.0439322871126074,0.799175905531786,0.999638761172362,-0.217509990184436,0.202548699379578,0.497386541091761,"turquoise",0.798088869600583,5.54412542570591e-09,6.43529373516557e-08,TRUE,TRUE
"K00392","turquoise",0.385630625457165,0.0201910584273851,0.119638457311992,-0.506738518126526,0.00161154280151813,0.00303681417450412,0.83601772426532,2.20388184731484e-10,4.38036992634641e-09,0.00912578857296482,0.957872646779501,0.38697846476983,-0.756320245422046,9.54714124596165e-08,2.22544176898828e-06,-0.451945440475317,0.0056553287935684,0.0296383676616666,-0.21502645965829,0.207878450893413,0.383726425570292,-0.591446275158085,0.000145414205418512,0.00047753702816258,0.557539526309161,0.000411531814790491,0.00112101954166894,0.330326439061004,0.0491098221212186,0.121603949082321,-0.0838699393306552,0.626741370073549,0.999638761172362,-0.206658204710633,0.226549140259069,0.51782389517593,"turquoise",0.83601772426532,2.20388184731484e-10,4.38036992634641e-09,TRUE,TRUE
"K00406","brown",-0.459177350698659,0.00484684246339973,0.0488135558310815,0.513042086558731,0.00137593551584661,0.00266575687772564,-0.675217662774914,6.25793256231621e-06,3.20840943040595e-05,0.125553683355615,0.465615849840573,0.24796062794292,0.769575692542951,4.1262073343633e-08,1.25657166748796e-06,0.352895060749774,0.0347639230196817,0.0812960608343946,0.226249953497126,0.184550700169768,0.376324284654048,0.385839907809028,0.0201176420416707,0.0235788826086766,-0.385538677784122,0.0202233842306121,0.0236936361577744,-0.426570659918599,0.00947617149130787,0.0451450598077848,-0.0896987218178887,0.60288981264595,0.999638761172362,-0.174873694849634,0.307680961044604,0.567087028603142,"brown",0.769575692542951,4.1262073343633e-08,1.25657166748796e-06,TRUE,TRUE
"K00433","green",-0.0980694528132193,0.569339157726479,0.746225019466389,-0.170382963123558,0.320462385618482,0.181374040090686,-0.316388261920493,0.0601148447251403,0.0629357158396087,-0.66772615038503,8.63039216407543e-06,3.2796853510703e-05,0.372733377489083,0.0251662718255657,0.0447427086985511,-0.228577891580532,0.179953780310193,0.216745106414013,-0.0585291274391063,0.734555436457744,0.570910173529091,0.722446009057689,6.53325205246457e-07,7.9311563051399e-06,-0.760176979247121,7.52087738924049e-08,1.72817721870004e-06,-0.149124212085941,0.385374394284476,0.343257153755785,-0.0906031615233495,0.599224072759109,0.999638761172362,0.0944370679080536,0.583793396244464,0.674084751487606,"green",0.722446009057689,6.53325205246457e-07,7.9311563051399e-06,TRUE,TRUE
"K00446","green",-0.0731598964799183,0.671538985721169,0.819398469824067,-0.17625283600489,0.303821303603211,0.174355060519857,-0.332533919931151,0.0475255316955958,0.0528949353693132,-0.610196290461153,7.76949737994028e-05,0.000218230606433551,0.356022056022407,0.0330786398112103,0.0549949752447863,0.245246873579553,0.149394526658551,0.195155364395613,-0.244681327611962,0.150364915078264,0.354558724782086,0.769783246638456,4.07058402982413e-08,8.00152792363495e-07,-0.69557650712213,2.4894952244374e-06,2.2735167382676e-05,0.19168553365707,0.262735947369052,0.284796308444882,-0.00112352224121734,0.994811218433275,0.999932767264777,0.277090789660317,0.10182160816718,0.385795962434674,"green",0.769783246638456,4.07058402982413e-08,8.00152792363495e-07,TRUE,TRUE
"K00451","green",-0.346413941832047,0.0384800679051882,0.172298282642028,0.243819930714292,0.15185174388674,0.105898469727257,-0.640425193722594,2.5897545499284e-05,0.000110769947348067,-0.208121600013393,0.223204395433779,0.149116890730567,0.62172494979529,5.17939516827461e-05,0.000304650518047341,0.455947658277737,0.00519464367100317,0.0282323124178346,0.077765861403427,0.652125054851766,0.549930666917359,0.720828912650622,7.11156415033986e-07,8.29272694268389e-06,-0.617891778646789,5.93753385998415e-05,0.000256986517708876,0.0186413298812735,0.914067162535402,0.51977904516151,0.110991450503005,0.519288799799087,0.999638761172362,-0.00893535721055717,0.958750978146354,0.752156079985917,"green",0.720828912650622,7.11156415033986e-07,8.29272694268389e-06,TRUE,TRUE
"K00453","blue",-0.211085288429013,0.216534330579607,0.448653616162714,0.590811091285357,0.000148434593335251,0.000453656306291788,-0.0855105630043412,0.619988699233069,0.334532497072498,0.888661747121561,4.66325197488894e-13,3.17114315980532e-11,-0.170067876758293,0.321371441759798,0.294503270391188,-0.0520800096823451,0.762913668072774,0.475954847947843,0.325982602876708,0.0523508310352159,0.282482919236655,-0.702836073286835,1.75955601371291e-06,1.60339450253518e-05,0.658409311932968,1.2713723902768e-05,8.19581145652332e-05,-0.273516047440583,0.106499593360155,0.181316797926857,0.0374785330440261,0.828199621414427,0.999638761172362,-0.0305894500396949,0.859429338819525,0.729781417031847,"blue",0.888661747121561,4.66325197488894e-13,3.17114315980532e-11,TRUE,TRUE
"K00468","turquoise",0.578358813563494,0.000220227954936058,0.00873660411471947,-0.562937812304464,0.000351333467438894,0.000911299978728197,0.825260676278227,5.94421251492165e-10,9.80069776476345e-09,0.021603731356281,0.90047428777649,0.372307565478539,-0.661199349889757,1.13370085191459e-05,9.30676060920773e-05,-0.327375925619283,0.0512931651291932,0.102059145359464,-0.150122197261067,0.382166047549743,0.463522863472266,-0.628337990463968,4.07442458909488e-05,0.000174652775859142,0.603529243201971,9.75312024394031e-05,0.000369544880741706,0.13499150645387,0.432472620884945,0.364454602048488,-0.11948008850099,0.487636345720939,0.999638761172362,-0.10567684841864,0.539608267171925,0.663674545876443,"turquoise",0.825260676278227,5.94421251492165e-10,9.80069776476345e-09,TRUE,TRUE
"K00481","purple",0.206821315392335,0.226174652183038,0.460416860795634,-0.454171583426974,0.00539492483286755,0.00817266467381894,0.491572175175503,0.0023289217096965,0.00449945894289042,-0.0821100638376851,0.634018220373053,0.300200613914831,-0.268814173837187,0.112898040198937,0.140452931065261,0.129602893643297,0.451233732435467,0.361980435280559,-0.287103383370735,0.089549482567485,0.31332436628903,-0.188815909567103,0.270083397445084,0.170473012281851,0.241109646342275,0.15659958385886,0.114899277958542,0.349728454819234,0.0365412499525989,0.104074699212249,0.741433677948325,2.30502439884498e-07,3.57059255687749e-05,-0.28195637816591,0.0957074877999628,0.377836125013085,"purple",0.741433677948325,2.30502439884498e-07,3.57059255687749e-05,TRUE,TRUE
"K00505","blue",-0.598228787281198,0.000116437874806368,0.00565331950365845,0.65211212069375,1.639684496112e-05,7.67206569597486e-05,-0.389569428519988,0.0188461652140424,0.0254130074438467,0.740570992298196,2.42140923604173e-07,1.52614184441246e-06,0.0377370834499841,0.827032282462885,0.530952101083597,-0.0847365497198359,0.623170705058985,0.428960406704112,0.248228692960728,0.144353557562825,0.349548672636222,-0.357157497801699,0.032483473495369,0.0340158508222377,0.255988956131064,0.131819565022607,0.101238899844586,-0.349479995344408,0.036683774141779,0.104124390872704,-0.0661424117542738,0.701520353882741,0.999638761172362,-0.077864051092404,0.651713574595933,0.694236608794815,"blue",0.740570992298196,2.42140923604173e-07,1.52614184441246e-06,TRUE,TRUE
"K00540","turquoise",0.418054002465612,0.0111745975372579,0.0833737747447245,-0.358200177539897,0.031944672364361,0.0327897792947549,0.701777639167412,1.85204573233474e-06,1.11501318995338e-05,0.214575370429735,0.20885683068502,0.141953836109546,-0.6681786426679,8.46661746767168e-06,7.4008924514075e-05,-0.0828191555532566,0.631082103699044,0.431898581374949,-0.188332293440983,0.271334778210792,0.415172868907548,-0.627301660167222,4.23209744828858e-05,0.000180288231102621,0.632887085992189,3.4433036591431e-05,0.000174574360970182,0.343380106148781,0.0403271016275518,0.111072827569219,-0.0416578053785246,0.809376573381234,0.999638761172362,-0.186837126235827,0.275227554997729,0.543637450718307,"turquoise",0.701777639167412,1.85204573233474e-06,1.11501318995338e-05,TRUE,TRUE
"K00548","turquoise",0.564348087783424,0.000336962503763124,0.0106896944352083,-0.60683770754825,8.71798643841002e-05,0.000301068101397718,0.883375502889145,9.83741118640109e-13,3.56833955522131e-11,-0.0603185728744342,0.726745944871088,0.326228209022692,-0.81111074890565,1.98812052633745e-09,1.25126518370174e-07,-0.377739420934616,0.02312671111798,0.0631378603340993,-0.2103927146475,0.218080622908559,0.387247422502232,-0.595384249309197,0.000127889434862712,0.000431518328848567,0.564733902901785,0.000333123530428754,0.000957563957932829,0.313502892490402,0.0626199503517639,0.138367720792189,0.0146449988405259,0.932441593419637,0.999638761172362,-0.0737770388131382,0.668925237643378,0.695857988240023,"turquoise",0.883375502889145,9.83741118640109e-13,3.56833955522131e-11,TRUE,TRUE
"K00549","blue",-0.342706370108187,0.0407468662361861,0.176466194787295,0.646275553418251,2.06506488735764e-05,9.41999614560052e-05,-0.335705359816836,0.0453215041690962,0.0511338728943899,0.758353657464452,8.42338537951719e-08,6.01296481223873e-07,0.10643323246243,0.536693330770941,0.410043998763634,0.0499456729243385,0.772368218298077,0.477511681206611,0.307278095643054,0.0683049438633774,0.302956412686892,-0.418878359468649,0.0109996499641298,0.0146660583509422,0.371051115352035,0.0258841554741342,0.0285640124891532,-0.293984531362861,0.0817982081204541,0.158349902158783,-0.0248458447200514,0.88562998647198,0.999638761172362,-0.0540818007544747,0.754076826807403,0.711533341501598,"blue",0.758353657464452,8.42338537951719e-08,6.01296481223873e-07,TRUE,TRUE
"K00553","blue",-0.525532724285374,0.000996862073654956,0.0201415672397489,0.734923550515082,3.32725553551752e-07,3.22140136780418e-06,-0.332761344974597,0.0473646696384039,0.0528943136858642,0.793034242796518,8.09343831125565e-09,8.57144014532205e-08,-0.0798992210368463,0.64320781263149,0.458455575359295,-0.246112480654432,0.147918130632189,0.194235376153547,0.292311548230749,0.0836330930283608,0.311636644137402,-0.483825714401061,0.00279302641194827,0.00498465270680483,0.370875688318469,0.0259599803384273,0.0286033757392599,-0.326663092104446,0.0518321196512708,0.12604661769011,-0.173317343666241,0.312073606941078,0.999638761172362,-0.0952438450202487,0.580568947489064,0.672609821045075,"blue",0.793034242796518,8.09343831125565e-09,8.57144014532205e-08,TRUE,TRUE
"K00558","blue",-0.335322458278192,0.0455831555195277,0.186777109378556,0.586518189625869,0.000170369377762033,0.00050066821769328,-0.208506546426158,0.222330194864065,0.16391499904566,0.843384018964393,1.07125133062512e-10,2.76822850701208e-09,-0.0902157066297871,0.600793266199881,0.44053024338085,-0.0702370678494364,0.683969028069546,0.44998289685167,0.294279390485768,0.0814780720536929,0.30930536019383,-0.606672561886328,8.76720833383323e-05,0.000321694991821379,0.51196519240468,0.00141389789106682,0.00295307853881974,-0.302408054709244,0.0730289326401452,0.151329712180276,0.0270340810300602,0.875632267954888,0.999638761172362,-0.138150891514095,0.421676754216913,0.619080597017596,"blue",0.843384018964393,1.07125133062512e-10,2.76822850701208e-09,TRUE,TRUE
"K00573","blue",-0.195071652709382,0.254237143832201,0.484495271755213,0.435597146102002,0.0079210755439424,0.0109957104640698,0.0128843596559294,0.940548189682755,0.430765804045917,0.7284909263527,4.73310522070996e-07,2.62464641582878e-06,-0.188213948651012,0.271641577953411,0.262616438537785,0.00818363198794599,0.962218636625349,0.531831616059299,0.142396592170142,0.40740948648146,0.473403404414034,-0.569246507108357,0.000291034636713914,0.000821031245999563,0.530342449958937,0.000877604980014687,0.00201985357240943,-0.114731362568995,0.505219778980633,0.393804782261129,-0.00510325054302023,0.976434687173719,0.999638761172362,-0.243057854956388,0.153176025792304,0.450888932729276,"blue",0.7284909263527,4.73310522070996e-07,2.62464641582878e-06,TRUE,TRUE
"K00611","brown",-0.0119353015906639,0.944920476989451,0.972114583063467,0.00281786894622368,0.986986652183322,0.372274560872674,-0.417947907114704,0.011197283841976,0.0165779930276848,-0.414927958661942,0.0118596126378586,0.0155801301396798,0.749169069333132,1.46911372597922e-07,3.0481892710094e-06,0.0294723990922041,0.864514319976325,0.50473531888109,-0.0447147882522868,0.795673982606579,0.58457741624725,0.573928337611542,0.000252453948716859,0.000735960337997929,-0.632374188251753,3.50973550001323e-05,0.000175862867141398,-0.568103690161202,0.000301217707597881,0.00483455673839093,-0.0197159797483865,0.909133191280272,0.999638761172362,-0.221737209894821,0.193697008058359,0.490830494221981,"brown",0.749169069333132,1.46911372597922e-07,3.0481892710094e-06,TRUE,TRUE
"K00645","turquoise",0.422587022442136,0.0102410390835075,0.0791308791891925,-0.570596956200638,0.000279398900750824,0.000757355821451761,0.862423742682163,1.37973098031578e-11,3.63979620198596e-10,-0.00427241163348326,0.980270437766605,0.391639472346135,-0.567681087239808,0.0003050631990381,0.0012914656740276,-0.0970046726798545,0.573559262426844,0.414312106102542,-0.0554633349095477,0.747995903156475,0.573755505841941,-0.531835433745989,0.000843247964376288,0.00189591175861113,0.595277336795088,0.000128338935011607,0.000457098605700855,0.274211830743624,0.105576559032927,0.180616180350156,0.195544384508544,0.253065343581756,0.999638761172362,-0.166655775067779,0.331318533826451,0.584702972003258,"turquoise",0.862423742682163,1.37973098031578e-11,3.63979620198596e-10,TRUE,TRUE
"K00648","turquoise",0.462574151283192,0.00450292741279246,0.0470997520058324,-0.597637903617505,0.000118737732770571,0.000379994408274848,0.791066320361752,9.35157808361676e-09,1.02175671222909e-07,-0.180719353474061,0.291533178496915,0.179369773412126,-0.528425424026217,0.000923533086314676,0.00313058262029212,-0.278937313253613,0.0994672381270504,0.154591584495069,-0.117871454995603,0.4935571669107,0.509099476210268,-0.403418352600428,0.0146962499826149,0.0184667875727884,0.401564247126339,0.0152027074996879,0.0190513288444613,0.171609606761753,0.316938702328865,0.311089671978437,-0.117922178703061,0.493369911072365,0.999638761172362,0.00669532498974531,0.969086051558324,0.753665749075037,"turquoise",0.791066320361752,9.35157808361676e-09,1.02175671222909e-07,TRUE,TRUE
"K00655","turquoise",0.638795380872399,2.75605145180121e-05,0.00320194120453905,-0.739744389412836,2.537980106865e-07,2.7183573337999e-06,0.872405050563278,4.15473294822024e-12,1.23024717100201e-10,-0.248627329976881,0.143689187896457,0.108633205362029,-0.553399797924384,0.000463752605370162,0.0018016814176433,-0.235122579984067,0.16746686774491,0.208257832147605,-0.282832846039023,0.0946366062876791,0.31405913359703,-0.393650559617803,0.0175324190616873,0.0211246722480865,0.3832824752105,0.0210302033677589,0.0244651164582768,0.165660286161219,0.334256058348549,0.320548941154976,0.127340950633826,0.459237990029589,0.999638761172362,-0.081960539147923,0.634638058232098,0.691827526007043,"turquoise",0.872405050563278,4.15473294822024e-12,1.23024717100201e-10,TRUE,TRUE
"K00666","turquoise",0.231887655255986,0.173558854358339,0.400700463610841,-0.475537370800688,0.00337696290082265,0.00556383447254071,0.716962600842211,8.68994301706566e-07,5.60376289843047e-06,0.101303671479309,0.556608403037658,0.277254601281799,-0.458085674680478,0.00496208254148492,0.0124753274377919,0.0285915811771167,0.86852772604507,0.505584798195203,-0.0227655341200585,0.895150783986633,0.606957584241814,-0.48131385032051,0.00295990180119048,0.00522151994304114,0.501603382543178,0.00182896006118796,0.00364936638154641,0.254595118473273,0.1340093047076,0.203784703468066,0.0886066235889768,0.607328938008064,0.999638761172362,-0.405741344263996,0.0140818207259683,0.170865250000701,"turquoise",0.716962600842211,8.68994301706566e-07,5.60376289843047e-06,TRUE,TRUE
"K00694","turquoise",0.601797902796366,0.000103378093261718,0.00525451464656827,-0.775663653039588,2.75481219552923e-08,4.55105510391089e-07,0.956758995554255,8.26912626666904e-20,1.19978924476652e-16,-0.285271845529605,0.0917048460435723,0.0779011087018544,-0.676078891003847,6.02735916631478e-06,5.63382831482625e-05,-0.255543799526928,0.13251601477604,0.181424589715814,-0.324268472536233,0.053675830232922,0.282482919236655,-0.438170885836043,0.00751984575434698,0.0107895806625453,0.458260346764472,0.0049434862933587,0.00794001222872733,0.299956736881879,0.0755013748032484,0.153392431221129,-0.0105750426203425,0.95118988967502,0.999638761172362,-0.0358968908919211,0.835348440275725,0.727293826981827,"turquoise",0.956758995554255,8.26912626666904e-20,1.19978924476652e-16,TRUE,TRUE
"K00710","black",-0.604896181573891,9.31272362703125e-05,0.00496627704241519,0.848390815658206,6.42180148112217e-11,2.80382343515256e-09,-0.588489030070107,0.000159961864796084,0.000515198764896362,0.598651624798879,0.000114816779403595,0.000305245772681382,0.210321124506837,0.218240891536062,0.2233405918508,0.0501734411212486,0.77135769890905,0.477429496488374,0.27677348964795,0.102230404355934,0.319029029745863,-0.09848599972522,0.567692095300263,0.292451059990356,0.0705195858001986,0.682763910548968,0.345544205640264,-0.281112722816477,0.0967470051205027,0.172707057919509,-0.144970777480871,0.398894826395742,0.999638761172362,0.159669424879731,0.352271038827349,0.596015723046749,"black",0.848390815658206,6.42180148112217e-11,2.80382343515256e-09,TRUE,TRUE
"K00728","blue",-0.146269379679097,0.394638559769536,0.612182316257454,0.498828649575562,0.0019568214827339,0.00356517214058642,0.0512311461763439,0.766669949274231,0.381344381955453,0.802800470250817,3.85904433526648e-09,4.70386088790126e-08,-0.325812702687408,0.0524809839824986,0.077778658305825,0.0911814073597155,0.596885480940489,0.42093920488923,0.190451513617848,0.265879239115482,0.411920894804231,-0.671445263648883,7.36581266266753e-06,4.54495980609389e-05,0.701613039017118,1.86682276758223e-06,1.86247665627536e-05,-0.0169579619468133,0.92180219554789,0.522622348963396,-0.0562309657936546,0.744623553993946,0.999638761172362,0.0663404304683581,0.700667969800004,0.702504278332521,"blue",0.802800470250817,3.85904433526648e-09,4.70386088790126e-08,TRUE,TRUE
"K00767","blue",-0.171934623662934,0.316009135342587,0.542355996659586,0.482067276963476,0.00290895966473549,0.00492946351860926,0.00340136268831771,0.984292293244572,0.442147224704641,0.790154244923187,9.99409292614354e-09,1.01676415900209e-07,-0.24075328997851,0.157231750810862,0.177448452183687,-0.200337418347211,0.241387344525665,0.255227586021212,0.240571039486183,0.157555771405067,0.356383688726106,-0.699391179106091,2.07714976061592e-06,1.79756633664939e-05,0.622531047371806,5.03156515447702e-05,0.000228288959950551,-0.169831136017243,0.322055519924687,0.313539664294997,-0.203864167036899,0.233029661230959,0.999638761172362,-0.132152879447026,0.442301361236043,0.631247752167968,"blue",0.790154244923187,9.99409292614354e-09,1.01676415900209e-07,TRUE,TRUE
"K00772","blue",-0.426918410981313,0.00941177438851874,0.0752017626154046,0.583230152855449,0.000189091491849719,0.000542643001046902,-0.417312183986337,0.0113340397454344,0.0167462891025158,0.701843450515277,1.84616754487983e-06,8.95706873897831e-06,0.0494449966655124,0.774590819554066,0.511842468629654,0.176975882322434,0.301810120202169,0.292653453418514,0.321163790915733,0.05614367203149,0.282482919236655,-0.29659199565426,0.0790007730670578,0.0669898594887584,0.240717869552766,0.157294686498433,0.11533276616366,-0.0947339722383613,0.58260583153605,0.424162169793361,0.0207722608912616,0.904286814323082,0.999638761172362,-0.0104045508093073,0.951975895014068,0.752156079985917,"blue",0.701843450515277,1.84616754487983e-06,8.95706873897831e-06,TRUE,TRUE
"K00790","turquoise",0.435888063731953,0.00787482481244513,0.0661932948705013,-0.382395863574377,0.0213545002091313,0.0236368802522939,0.795952873502003,6.51358622503653e-09,7.50058198472857e-08,0.282617899661524,0.0948983783382528,0.0797747570443749,-0.706750777152735,1.45303909008826e-06,1.81688841917936e-05,-0.276944973220439,0.102009317429109,0.155792387720894,-0.0230410260380913,0.893889103217883,0.606550814023306,-0.772816911320379,3.33276318774197e-08,7.20514977047885e-07,0.753830236296018,1.11112478506217e-07,2.39844827252833e-06,0.199577519955922,0.243214203840853,0.275961304562492,0.0994688476886117,0.563814489264612,0.999638761172362,-0.253865657766,0.13516595194704,0.431680318320408,"turquoise",0.795952873502003,6.51358622503653e-09,7.50058198472857e-08,TRUE,TRUE
"K00799","blue",-0.293881623467478,0.0819101669244387,0.263554671617408,0.48082514749443,0.00299335881006577,0.00504050412307794,-0.125508299139122,0.46577841278826,0.276631244560458,0.757427750112308,8.91901081378513e-08,6.26295705982557e-07,-0.00811191335240745,0.962549506585955,0.572229822693113,0.109769997436873,0.523925194980216,0.392087553056631,0.280407751679379,0.0976222364692817,0.31405913359703,-0.538057425782718,0.000712540147595919,0.00165336555962692,0.54172910030165,0.00064413903788939,0.00159319374855004,-0.166505414763335,0.331761197142064,0.319183332559351,0.141697103741673,0.409740941066109,0.999638761172362,-0.138840175666893,0.419341647953681,0.619080597017596,"blue",0.757427750112308,8.91901081378513e-08,6.26295705982557e-07,TRUE,TRUE
"K00812","red",-0.172237865173138,0.315143390399286,0.541553855768028,0.0972279878009809,0.572673012138825,0.266500765562384,0.23687589221468,0.164229893280815,0.131795057986783,0.63167631715669,3.60199030434715e-05,0.000111605873560489,-0.25347317257082,0.135791323819934,0.159943430253515,0.182621690237412,0.286397856855777,0.282690108762373,0.182344484413609,0.287142513266441,0.424316315241162,-0.694827883516557,2.57872311056329e-06,2.02947688817393e-05,0.705413453494421,1.55175741931567e-06,1.62553520234388e-05,-0.0666110486090467,0.699503658971277,0.465940423736256,0.295463509305269,0.0802022125659569,0.999638761172362,-0.098418418823371,0.567959167904629,0.672484464063861,"red",0.705413453494421,1.55175741931567e-06,1.62553520234388e-05,TRUE,TRUE
"K00816","purple",-0.157519157379617,0.35887748537475,0.582579034573329,0.0784392933792833,0.649304963882456,0.29104388128104,-0.161516510997435,0.346655208564078,0.22474135177639,0.0297985277140631,0.863029170961282,0.36321825410678,0.260456299553422,0.124979703791964,0.150031202905796,0.242889504340261,0.1534697014513,0.198272504120244,0.0105532501230646,0.951290355443486,0.618357291051964,0.132935329035591,0.439580018359596,0.241363234380495,-0.103858572037871,0.546646321467589,0.295704591436837,-0.0802149759758667,0.641892108751753,0.447576404219707,0.913279499264465,8.09725577091054e-15,6.585093255693e-12,-0.0984423504544569,0.56786458605352,0.672484464063861,"purple",0.913279499264465,8.09725577091054e-15,6.585093255693e-12,TRUE,TRUE
"K00817","brown",-0.0392194170603525,0.82034675528254,0.908610144683044,0.14093056627575,0.412304555155192,0.216561071098134,-0.423697403785486,0.010022747706884,0.0152754914342365,-0.107039918354273,0.534360778280725,0.271194053167798,0.829713680106513,3.97503775896847e-10,4.06524014265321e-08,0.195834126477817,0.252348914498478,0.261545459765088,0.207985800539026,0.223513351205778,0.389442056093309,0.364155715016304,0.0290056211937516,0.0311807417322916,-0.420386917038825,0.0106855119562306,0.0144159369164982,-0.627773543706267,4.15963035226706e-05,0.00101997866980465,0.227858176277703,0.18136621741984,0.999638761172362,-0.451474527745029,0.00571177975851898,0.115973505602084,"brown",0.829713680106513,3.97503775896847e-10,4.06524014265321e-08,TRUE,TRUE
"K00819","turquoise",0.382966372478403,0.0211453513642399,0.121521290216765,-0.335852342869503,0.0452213866356128,0.0428297528000625,0.758763699332325,8.21212436753902e-08,6.85886775382661e-07,0.205431977191523,0.229377978628649,0.151983932168733,-0.651748626873246,1.66364590414357e-05,0.0001271721014788,-0.247533271946612,0.145517926245027,0.19194240429125,-0.0579456825753419,0.737107426687903,0.571559984891336,-0.691862927007662,2.96162530554984e-06,2.26397615259638e-05,0.697560577962221,2.26650963819357e-06,2.124346908631e-05,0.100827034209983,0.558476218677621,0.414108492155939,0.178688878495686,0.297079209796068,0.999638761172362,-0.0825084586971565,0.632367916695253,0.691827526007043,"turquoise",0.758763699332325,8.21212436753902e-08,6.85886775382661e-07,TRUE,TRUE
"K00831","blue",-0.241870036677744,0.155256829160428,0.378192126446991,0.466778614534541,0.00410662992970713,0.00649468199022743,-0.0543575308143287,0.752862003827591,0.377582872975704,0.779885405985591,2.06634912043444e-08,1.92074391529074e-07,-0.132723659302522,0.440315293907345,0.362882970013093,0.148875013906407,0.386177968016555,0.334656672571818,0.259522960732303,0.126386408778228,0.334006849505166,-0.626415797515364,4.37123260287471e-05,0.000182819391759508,0.654958144053354,1.46264829996236e-05,8.94325155004639e-05,-0.163495628702742,0.340698749179489,0.323057586549262,0.0178012480749591,0.917926389766153,0.999638761172362,-0.133725070461473,0.436842649071817,0.627209854604869,"blue",0.779885405985591,2.06634912043444e-08,1.92074391529074e-07,TRUE,TRUE
"K00852","blue",-0.197137553188185,0.249142711399036,0.479562864012464,0.325224129742446,0.0529338620620036,0.0482252891132749,0.0285576501608308,0.86868239655034,0.411893496982044,0.737978163790535,2.80457492976407e-07,1.7167921395809e-06,-0.175395804320548,0.306216158673639,0.284532779679999,0.259850313967843,0.125891696000199,0.176921948010681,0.464949439375798,0.00427516421962844,0.105926474037966,-0.54785211126839,0.00054295663929575,0.00131531887744249,0.615603686066215,6.43650719438765e-05,0.000274546081149404,0.0803887289903591,0.641168563175691,0.447331192878002,0.158922170633822,0.354558504759325,0.999638761172362,-0.0786536247160369,0.648408425062993,0.694236608794815,"blue",0.737978163790535,2.80457492976407e-07,1.7167921395809e-06,TRUE,TRUE
"K00864","green",-0.11285140116035,0.512267869467223,0.704884154531037,0.208700494879205,0.221890632531724,0.138682587012958,-0.590480112495014,0.000150030672792526,0.000488079468524542,-0.376354322444198,0.0236768064278748,0.0275849463744567,0.717451077740683,8.47416678368326e-07,1.14287011815969e-05,0.184796057004875,0.280600110181083,0.280266521990991,-0.0804420722729948,0.640946495338506,0.546564364533493,0.746456561423843,1.72362247943259e-07,2.52306556706632e-06,-0.697708698106722,2.25061971849847e-06,2.12342354725063e-05,-0.342214930217163,0.0410552777036025,0.111840157550391,0.0438045719985962,0.799747836573139,0.999638761172362,-0.00997646432791282,0.953949664403171,0.752156079985917,"green",0.746456561423843,1.72362247943259e-07,2.52306556706632e-06,TRUE,TRUE
"K00872","blue",-0.112398821152831,0.513971901698436,0.70621172660912,0.319098823576892,0.0578344293366668,0.0515328498185907,0.26300318274163,0.121200433576545,0.105744372700572,0.833231519782019,2.86883909764109e-10,5.32068861839833e-09,-0.452997747536874,0.00553091647220604,0.0135623291640416,-0.154687050725532,0.367691430779348,0.327004717100578,0.231408659554554,0.174474162087232,0.368208914825706,-0.852214688111879,4.29044863109492e-11,3.4727060687938e-09,0.81749558890713,1.16791598279706e-09,1.0399275310801e-07,-0.0180200449385251,0.916921083801662,0.520858548760192,-0.0372834643256539,0.8290805845817,0.999638761172362,-0.187912022563718,0.272425325469005,0.543637450718307,"blue",0.833231519782019,2.86883909764109e-10,5.32068861839833e-09,TRUE,TRUE
"K00873","blue",-0.239454509270602,0.15955138743344,0.381184723970737,0.654285136671561,1.50286602425179e-05,7.18222780667771e-05,-0.146349576904665,0.394376570521212,0.245795241624873,0.893938086490828,2.130320674016e-13,2.04944515546896e-11,-0.10264134555131,0.551382004738395,0.416846078085491,-0.157250038302597,0.359709526098894,0.323427703224582,0.321857026941119,0.0555849587869498,0.282482919236655,-0.682147273315202,4.61010780522836e-06,3.10953288912909e-05,0.609468673861133,7.96669704244006e-05,0.000319713817282131,-0.381740044239395,0.0215970460914931,0.0731855733374882,-0.0649659719266084,0.70659178171278,0.999638761172362,-0.107601375608785,0.532206482055814,0.663674545876443,"blue",0.893938086490828,2.130320674016e-13,2.04944515546896e-11,TRUE,TRUE
"K00882","turquoise",0.618665045286484,5.77697837085056e-05,0.00380303440644592,-0.721030730569128,7.03690666577969e-07,5.58615377447769e-06,0.888087760425772,5.066060874815e-13,2.12481258861753e-11,-0.293001230522785,0.0828728494288259,0.0724466660107736,-0.511984251315694,0.00141321810181723,0.00450728885229342,-0.17230188365067,0.314960810131695,0.299468560978293,-0.283836506918149,0.093421607651372,0.31405913359703,-0.356588799270571,0.0327804647896015,0.0341967278663364,0.359332348130347,0.0313679333467314,0.0332010870521009,0.195812834225366,0.25240151667161,0.280550067931687,0.0525313074595212,0.760918806263258,0.999638761172362,-0.155293358481763,0.365793761989853,0.60114909219041,"turquoise",0.888087760425772,5.066060874815e-13,2.12481258861753e-11,TRUE,TRUE
"K00917","purple",-0.0614970059473033,0.721617745920499,0.851281361321599,-0.0502122893676408,0.771185381199307,0.321438980624543,-0.0824056743137094,0.63279352193366,0.338171910916771,-0.0361605324882967,0.834155895286284,0.357708004388107,0.324266753914116,0.0536771719931446,0.0792404600607671,0.371315188528425,0.0257703599165427,0.0677300475602286,0.0850637269208967,0.621824839466137,0.541961952114597,0.15559333410492,0.364857037899497,0.212214847564648,-0.118269561466425,0.492088461329478,0.27381576291638,-0.153698534398505,0.370797893617386,0.335967487336032,0.796936806318974,6.04899995388273e-09,1.31182645666537e-06,-0.144611314318955,0.40007764027586,0.612813079848298,"purple",0.796936806318974,6.04899995388273e-09,1.31182645666537e-06,TRUE,TRUE
"K00939","blue",-0.304032550776497,0.0714256062907312,0.242787353462642,0.615332011059302,6.4981998043441e-05,0.00023856165774033,-0.166966403790339,0.33040519334846,0.217276404806906,0.846431175450048,7.86274158758665e-11,2.14195640188385e-09,0.0209448318853733,0.903495351488882,0.555849142568248,0.112650202036419,0.513025067038527,0.389055957192236,0.408625015524301,0.0133493344769809,0.195797705076531,-0.598410405404875,0.000115739072073774,0.000409396980867941,0.60700858903048,8.66731732593742e-05,0.000339230404558051,-0.294723602409021,0.0809976139305967,0.158042510604283,0.0381736352009776,0.825062108066995,0.999638761172362,-0.0762838512005126,0.658347892761366,0.694548147761325,"blue",0.846431175450048,7.86274158758665e-11,2.14195640188385e-09,TRUE,TRUE
"K00942","blue",-0.264430373109734,0.119120331680006,0.322915365795882,0.742806220015583,2.13042932326702e-07,2.32541743974484e-06,-0.328276869098202,0.0506184047403179,0.0555129045182491,0.810518742967623,2.08652777556278e-09,2.7509244371705e-08,0.00543884303423357,0.974885493400216,0.574522501306966,-0.138004924363559,0.422172183700621,0.349342881423141,0.431866569397399,0.0085350675533914,0.159327336403747,-0.46927478252358,0.00388594364026142,0.00637307130332462,0.429212705671615,0.00899618203271979,0.0126395536122653,-0.343562801382102,0.040213880667091,0.111021606793138,-0.11003902656266,0.522902275675216,0.999638761172362,-0.00178015904863555,0.991778745278603,0.757313742350476,"blue",0.810518742967623,2.08652777556278e-09,2.7509244371705e-08,TRUE,TRUE
"K00943","blue",-0.279347660044351,0.0989497129296914,0.29209021430153,0.469077843065581,0.00390297333975488,0.0062781806666628,-0.0295154828799531,0.864318095467081,0.410481761783986,0.891310208480217,3.16289004680114e-13,2.40389635982458e-11,-0.190498380565767,0.265759410049235,0.258651396252401,0.218235223419329,0.201010423470405,0.231044434976807,0.353380537226809,0.0344977793493566,0.256458517762687,-0.639232739735141,2.71050068304012e-05,0.000128607342425487,0.684755454390016,4.10046292131419e-06,3.30043420610332e-05,0.0599484754778043,0.728358929516422,0.473796323237992,0.0662761938605648,0.700944440956892,0.999638761172362,-0.119815495826998,0.48640645841869,0.650589360011938,"blue",0.891310208480217,3.16289004680114e-13,2.40389635982458e-11,TRUE,TRUE
"K00956","turquoise",0.534268587253602,0.000789802018939334,0.0178418469972893,-0.534186126224563,0.000791562999814444,0.00172187248769504,0.811468265303229,1.93079637691292e-09,2.59392885740648e-08,-0.0845871064497069,0.623785850595964,0.297403992993055,-0.559512938788707,0.000388535930377499,0.00157763357437224,-0.306490138353596,0.0690525572175485,0.123572082918797,-0.215039193842105,0.207850877522641,0.383726425570292,-0.494770581830326,0.00215791207538155,0.00407865157616361,0.47334716819817,0.00354795254293726,0.00615420827133902,0.143164433321995,0.404858925730553,0.353565357529475,0.00546353253127349,0.974771522915987,0.999638761172362,-0.215282074681937,0.207325451678265,0.502836825255182,"turquoise",0.811468265303229,1.93079637691292e-09,2.59392885740648e-08,TRUE,TRUE
"K00970","blue",-0.169861553803666,0.321967574924447,0.548625507295186,0.540021585377896,0.000675188088652531,0.00152011610157297,-0.188700836527766,0.270380811359785,0.18879815902038,0.718741074203229,7.92776289034046e-07,4.19798993255786e-06,0.00720843103400753,0.966718181931343,0.572999159171028,-0.0388668363425718,0.821935831278111,0.491627091389069,0.301998273350748,0.0734377816268485,0.308130222717068,-0.448791560907965,0.00604274629951309,0.00906732674926995,0.445560305373332,0.00646312375561072,0.00981637385952103,-0.226114227272981,0.184821251915975,0.241485414757046,-0.0184468980783103,0.914960188234507,0.999638761172362,-0.220663537200952,0.195919097500031,0.493357302260893,"blue",0.718741074203229,7.92776289034046e-07,4.19798993255786e-06,TRUE,TRUE
"K00973","blue",-0.306155265453346,0.0693722214808221,0.239307979245707,0.686031358824826,3.8703950205618e-06,2.34237130743348e-05,-0.340083977562495,0.0424145129226363,0.0486685571563342,0.81669158231082,1.25023737308559e-09,1.80587245944755e-08,0.00620499086494988,0.971349077404881,0.573667969348981,-0.13123291836723,0.445512706157981,0.36102399494654,0.402393137030593,0.0149745078874173,0.206737438998008,-0.477253772717439,0.00324801342717497,0.00562719272969866,0.424332715440221,0.00989963966552989,0.0136135405247609,-0.294369911412136,0.0813799862067409,0.158349902158783,-0.0347599120722853,0.840495511945669,0.999638761172362,-0.0895524430340625,0.60348359235092,0.682914970469433,"blue",0.81669158231082,1.25023737308559e-09,1.80587245944755e-08,TRUE,TRUE
"K00975","green",-0.0669131957577415,0.698204494312393,0.833489622017694,-0.0240461541814617,0.889288076526847,0.348765651023801,-0.393218722034469,0.0176676994879486,0.0240699804141459,-0.520993771509366,0.00112231165732485,0.00212001014317209,0.34914480194915,0.0368767677856038,0.0600237003512863,0.0850848848186078,0.621737846525218,0.428960406704112,-0.137972196746955,0.422283309737674,0.479337457561079,0.730452154082064,4.25536215801152e-07,5.6847784428323e-06,-0.70607043366652,1.5025171658248e-06,1.59744568593416e-05,0.230117659905318,0.176958247228977,0.235967216989909,-0.0425353970308573,0.805436958245898,0.999638761172362,0.128889666710883,0.453749429474244,0.634422419353489,"green",0.730452154082064,4.25536215801152e-07,5.6847784428323e-06,TRUE,TRUE
"K01000","blue",-0.0672762359278382,0.696644619982094,0.832470154029595,0.251164975227964,0.13951235879111,0.0995651002466462,0.169390992290935,0.323329754812342,0.214018080246566,0.73456688676665,3.39380335115786e-07,2.00227223868956e-06,-0.288891361948643,0.0874831625582268,0.115186936858315,-0.0205296136217059,0.905399821654613,0.514963114871255,0.279599570324673,0.0986330245246769,0.31405913359703,-0.697080793663082,2.31868747909962e-06,1.91046896229397e-05,0.668300482339234,8.42300567893122e-06,5.9405571850504e-05,0.00654035283436818,0.969801265491771,0.53372461730533,-0.00298212684568228,0.98622815416854,0.999932767264777,-0.16713664926068,0.329905282129371,0.584471812174854,"blue",0.73456688676665,3.39380335115786e-07,2.00227223868956e-06,TRUE,TRUE
"K01005","blue",-0.189381846528818,0.26862381494047,0.498194566705444,0.511062039708389,0.0014464430506442,0.00277161228279337,0.0149748365165803,0.930923625533179,0.428409048528426,0.840925827408838,1.3683395491094e-10,3.16384255246759e-09,-0.215868663379429,0.206060277725494,0.215071874364899,-0.219632854270715,0.198068940158737,0.228858533087894,0.346649337884428,0.0383396753876625,0.257197452504772,-0.729375626843193,4.5118029546516e-07,5.96940473598903e-06,0.667288819954424,8.79141801013066e-06,6.0506222698749e-05,-0.253381450005358,0.135937778369264,0.205127153676362,0.00107403054903538,0.995039783866241,0.999932767264777,-0.195976971442251,0.251996206983028,0.536641178349278,"blue",0.840925827408838,1.3683395491094e-10,3.16384255246759e-09,TRUE,TRUE
"K01046","blue",-0.401916271898907,0.0151054378221462,0.100899361879757,0.562090580891789,0.000360227598137045,0.000927932137096448,-0.0895077048989219,0.603665245007948,0.328658069883158,0.842815496873634,1.13406300223233e-10,2.87307903271903e-09,-0.241514770731275,0.155883141802691,0.17653525579105,-0.109841489803142,0.523653266683041,0.392050668662784,0.305982572030294,0.0695375247442253,0.302956412686892,-0.636304569896596,3.02896735581837e-05,0.000139207092769624,0.591124936913244,0.00014693524151737,0.000505634951909897,-0.113560831389114,0.509602431901975,0.395648823927163,-0.0542914799809838,0.753152960227659,0.999638761172362,-0.0484143811577065,0.779171466099734,0.716218953835299,"blue",0.842815496873634,1.13406300223233e-10,2.87307903271903e-09,TRUE,TRUE
"K01051","turquoise",0.691620162201419,2.99517266181292e-06,0.000974329666887743,-0.604744067014531,9.36082934254781e-05,0.000316999766649994,0.862961939525734,1.29639449142797e-11,3.48328298323659e-10,-0.148377408458375,0.387785485423809,0.219657901883143,-0.756682222031343,9.33748988886431e-08,2.22544176898828e-06,-0.437890998279694,0.00756261786964131,0.0348613734190149,-0.167807731112635,0.327939267259971,0.439265692354677,-0.49271773809892,0.00226635738514313,0.00423706202848125,0.470413356394976,0.00378874654430938,0.00644114374712464,0.278629572420349,0.0998567089619827,0.175071972835578,-0.147788883681105,0.389691736712902,0.999638761172362,-0.0072137971563015,0.966693419923284,0.752795572074831,"turquoise",0.862961939525734,1.29639449142797e-11,3.48328298323659e-10,TRUE,TRUE
"K01053","brown",-0.507615889444635,0.00157676057412086,0.025392089839679,0.528286839922449,0.000926934193495932,0.00195040403801126,-0.8489950037232,6.02978774603238e-11,1.36699646609641e-09,0.0128228552821415,0.940831488335508,0.382988283784211,0.806781819544047,2.81972298412329e-09,1.65782689818975e-07,0.430043315669149,0.00884963182479732,0.0380507626467171,0.134353126794764,0.43467241726769,0.486941652971851,0.59710601628963,0.000120842826532963,0.00042156262570791,-0.577085084839397,0.00022909230653417,0.000717316077436387,-0.329890093637754,0.0494279364072588,0.122220235186949,0.048322121744715,0.77958187979937,0.999638761172362,0.115189536532889,0.503509483194473,0.654241030473496,"brown",0.806781819544047,2.81972298412329e-09,1.65782689818975e-07,TRUE,TRUE
"K01118","turquoise",0.628614094343771,4.03332365682023e-05,0.00374909710408119,-0.41889165473779,0.0109968475503827,0.0140184957412171,0.786953334901239,1.25867700931631e-08,1.31384714078447e-07,0.125618514367707,0.465383682126963,0.247959056473758,-0.704572991624344,1.61690560935893e-06,1.97289714473359e-05,-0.405856980233948,0.0140518094631301,0.0489009655833043,-0.155988398795697,0.363625568271199,0.455010951872393,-0.685343998405229,3.99282863913635e-06,2.81747649330945e-05,0.631824525039434,3.58221631848628e-05,0.000178245601166212,0.208293476652728,0.222813779496714,0.26658358305844,-0.162733689899572,0.342984466436909,0.999638761172362,-0.167459285609004,0.328959172226945,0.584471812174854,"turquoise",0.786953334901239,1.25867700931631e-08,1.31384714078447e-07,TRUE,TRUE
"K01134","brown",-0.212104134532377,0.214273303064269,0.44624267277085,0.327446708234217,0.0512398936943632,0.0470632572402392,-0.536778803254074,0.00073782926829947,0.00178977836157158,-0.127480083840989,0.45874346266797,0.245942403227216,0.740701351883867,2.40348218035808e-07,4.24116369329412e-06,-0.0823034857257841,0.633216775280099,0.432519007668638,0.148592503933562,0.38709014083643,0.465962038185312,0.39530558111279,0.017021956582325,0.0207274213427474,-0.476955453009245,0.00327011311540571,0.00579251964556215,-0.666714371627596,9.00709123138491e-06,0.000305808861308702,0.139513409058747,0.417067945082103,0.999638761172362,-0.0683828596169301,0.691897368341894,0.700954715202344,"brown",0.740701351883867,2.40348218035808e-07,4.24116369329412e-06,TRUE,TRUE
"K01142","red",0.00289504117814469,0.986630290502727,0.9925640019513,0.0161369098905849,0.92557751758937,0.357060965139453,0.439223376632925,0.00736085346544411,0.0118974702354875,0.569795889660593,0.000286249787454289,0.000650880679591178,-0.432427667871545,0.00844020331512933,0.0190394919940418,0.0669688689354853,0.697965204181241,0.455035088581187,0.276304050649383,0.102837496142049,0.319951077134568,-0.743297922573614,2.07090587647154e-07,2.99951470909584e-06,0.805128692411886,3.21489061315012e-09,1.67307292396203e-07,0.151790880348303,0.376836607926941,0.338750893995833,0.0684193558576594,0.691741000493819,0.999638761172362,-0.282134701101358,0.095488862974972,0.377836125013085,"red",0.805128692411886,3.21489061315012e-09,1.67307292396203e-07,TRUE,TRUE
"K01179","black",-0.616822174068047,6.16626409248806e-05,0.00380303440644592,0.947372157812612,2.16978397976312e-18,8.84192975588679e-16,-0.617799288259737,5.95700535428549e-05,0.000224498064923765,0.699694552687168,2.04720632801474e-06,9.72463428799423e-06,0.361466616780432,0.0303039116107978,0.0514080857138411,0.130195104631057,0.449150624978886,0.361601539462142,0.200051913679934,0.242072636551684,0.398850238969434,-0.121684677756732,0.479581894355853,0.257672126238086,0.109617229801771,0.524506493464211,0.287070230407472,-0.385750863251402,0.0201488517000343,0.0707214510603506,-0.0486737528066592,0.778017973114294,0.999638761172362,-0.120910530849872,0.482402309917942,0.649155824511944,"black",0.947372157812612,2.16978397976312e-18,8.84192975588679e-16,TRUE,TRUE
"K01180","turquoise",0.408912468439363,0.0132781136285072,0.0929945455774389,-0.697654057540206,2.25646949501926e-06,1.43674619205639e-05,0.894900242803005,1.83855790784711e-13,8.60519983563908e-12,-0.16843778670852,0.32610006651397,0.194793712430934,-0.700388623320471,1.98018161034533e-06,2.3663329007918e-05,-0.0532990780863086,0.757528538406342,0.473890292894809,-0.245361231003955,0.149198863201982,0.353858465316019,-0.440721270712636,0.00713954608562497,0.010351865715041,0.536334299224977,0.000746805392709451,0.00177620087532652,0.472329763866972,0.00362990602589358,0.0248155730720588,0.00738305380094457,0.965912399839648,0.999638761172362,-0.0625525470706436,0.717034454518152,0.704130620767717,"turquoise",0.894900242803005,1.83855790784711e-13,8.60519983563908e-12,TRUE,TRUE
"K01181","black",-0.548184578636225,0.000537891547415608,0.0137776472735667,0.900687669082098,7.34860078493841e-14,4.72827655829398e-12,-0.708107025356783,1.35883438841109e-06,8.31885441836714e-06,0.472080003482917,0.00365027403069029,0.00572372584358108,0.37825314385245,0.0229253977043303,0.0415410113458446,-0.0101828061796004,0.952998253949927,0.530052068223946,0.209526418223212,0.220025428322262,0.387792860908185,0.143393903597013,0.404098461236716,0.228419309405694,-0.14768902343167,0.390015726597823,0.230651761785075,-0.283125270912663,0.0942813649002152,0.17082706248097,-0.169502824832116,0.323005697833596,0.999638761172362,-0.00519640070110602,0.976004669859627,0.754575120686298,"black",0.900687669082098,7.34860078493841e-14,4.72827655829398e-12,TRUE,TRUE
"K01190","blue",-0.537039270225907,0.000732614062610813,0.0169020818842055,0.802837176457703,3.84802115605771e-09,9.04661116525501e-08,-0.448060337939039,0.00613575872494085,0.0102327970794419,0.703387842642857,1.71303720823578e-06,8.46266317410449e-06,0.143637519512692,0.40329201230853,0.341309169567798,0.0108722530800428,0.949819791927662,0.529403300385386,0.281718402290882,0.0959998432813681,0.31405913359703,-0.247424464363548,0.145700726236089,0.10772824483537,0.221547158275245,0.194089048806855,0.134734192422816,-0.280100433363706,0.0980056621573983,0.173898939739709,0.360963064155066,0.0305522454971813,0.895373464885862,-0.0430596734672089,0.803085660140401,0.723049982415491,"blue",0.703387842642857,1.71303720823578e-06,8.46266317410449e-06,TRUE,TRUE
"K01198","black",-0.569988811324227,0.000284586295504276,0.0101507755817042,0.862204863511971,1.41503053855185e-11,7.52124599840061e-10,-0.461649445789928,0.00459439267257559,0.00804116402587054,0.78002136879183,2.04708802102881e-08,1.91662874445987e-07,-0.0288939010313815,0.867149849717527,0.54394571967641,-0.0881096505948603,0.609353619597978,0.424970483314265,0.272305067595771,0.108120643639225,0.325060303718166,-0.331501138103899,0.0482615645638301,0.0461482082527043,0.289647935774887,0.0866199524546886,0.0735221400550965,-0.172553741726032,0.314243157140157,0.309831235442414,-0.134007379495414,0.435866401234247,0.999638761172362,0.108879499872441,0.52731807475632,0.661562188570508,"black",0.862204863511971,1.41503053855185e-11,7.52124599840061e-10,TRUE,TRUE
"K01201","blue",-0.496807968518501,0.0020548003670836,0.0299742851754392,0.839440912791582,1.58323413023683e-10,5.86520262646977e-09,-0.413067835854763,0.0122838489615976,0.0179125216406062,0.777773834895697,2.38784122884062e-08,2.15749588313608e-07,-0.00255822319894975,0.988185647823994,0.577112848716716,-0.0749575316812098,0.663936244970218,0.442683847488544,0.25169242173562,0.138655530551839,0.345602756900145,-0.365087295867141,0.0285666613049093,0.0308534901428202,0.323752265307075,0.0540800465916202,0.0506213661380706,-0.216024372744232,0.205725340083516,0.254674904582667,-0.121186790972446,0.481394836594253,0.999638761172362,0.0401170417687695,0.816304366255831,0.724724278932955,"blue",0.777773834895697,2.38784122884062e-08,2.15749588313608e-07,TRUE,TRUE
"K01202","black",-0.614485737252546,6.69381092556813e-05,0.00395908489834057,0.955122092906307,1.53569807426575e-19,9.38701821855378e-17,-0.625024060595714,4.59819632662511e-05,0.000178864445013167,0.658082004321654,1.2884824568324e-05,4.6244125986899e-05,0.21084897463247,0.217061093182728,0.222615860808376,-0.0545932050147356,0.751824123607937,0.471806901320816,0.295326893601663,0.0803486167104214,0.30930536019383,-0.113527902410547,0.509725997441027,0.270078783875296,0.0805443983828298,0.640520598132866,0.329431245523197,-0.319094906449862,0.0578376745753549,0.133430522406586,-0.17996934800791,0.293573946639145,0.999638761172362,0.0782602787523531,0.650054146507214,0.694236608794815,"black",0.955122092906307,1.53569807426575e-19,9.38701821855378e-17,TRUE,TRUE
"K01206","black",-0.541003592561869,0.000657173175050365,0.0158685444091957,0.935284062663534,6.64055213890058e-17,9.02014457047053e-15,-0.651395984252253,1.68719575856637e-05,7.62615773172845e-05,0.588031506611999,0.000162325682301119,0.000403359866144942,0.236944430272129,0.164104278808873,0.182370434182992,0.0851982328609853,0.621271890006204,0.428960406704112,0.249022209869714,0.143033290422115,0.349156178723164,-0.000871108855441962,0.99597693259387,0.421547532298868,-0.00715161528036413,0.96698036049135,0.430237025958048,-0.177885853467615,0.299291054751176,0.301770260882482,-0.0931135593957999,0.589100245092469,0.999638761172362,0.0785435135207966,0.648868954784599,0.694236608794815,"black",0.935284062663534,6.64055213890058e-17,9.02014457047053e-15,TRUE,TRUE
"K01207","blue",-0.374095917179017,0.0245969586505676,0.133268630964337,0.557417000090487,0.000412998785578009,0.00103887745616575,-0.275887696412133,0.103378224930611,0.0935125818361914,0.700298916323284,1.98872979606837e-06,9.5168359497241e-06,0.181359746274934,0.289797892722394,0.274822236254211,0.129549734532002,0.451420975090966,0.361980435280559,0.27033916738583,0.110791868781741,0.328001710833427,-0.3416006454194,0.0414434351634956,0.0409372693474118,0.290612936604837,0.0855284865083157,0.0729141857300651,-0.340161604841188,0.0423643682774811,0.113392020924181,0.535118972967009,0.000771843169697108,0.0482847275197056,-0.302193184733607,0.073243091370404,0.340621109163399,"blue",0.700298916323284,1.98872979606837e-06,9.5168359497241e-06,TRUE,TRUE
"K01209","blue",-0.487046131276747,0.00259111646247464,0.0351254816139102,0.773378366474933,3.21059218353642e-08,5.16444157327577e-07,-0.403578720705905,0.0146531198926417,0.0206614153968302,0.815424515877834,1.39097748770171e-09,1.95349741323225e-08,0.0186193766001918,0.914167988834972,0.558250662915344,-0.0542995216123319,0.753117534748594,0.4721138262934,0.680992994031771,4.85360506267888e-06,0.000383324965336054,-0.379512303148064,0.0224381086388732,0.0257073600270531,0.343535565767377,0.040230742936206,0.0403343842724233,-0.131032378683469,0.446214418660185,0.371797662105522,-0.0298090660773014,0.862981188253517,0.999638761172362,-0.0374585739828067,0.828289750434627,0.727293826981827,"blue",0.815424515877834,1.39097748770171e-09,1.95349741323225e-08,TRUE,TRUE
"K01214","turquoise",0.498173754172968,0.00198811781199112,0.029595312708653,-0.683685323346335,4.30299013031901e-06,2.51695748980455e-05,0.729309374764433,4.52803987283379e-07,3.09898677258301e-06,-0.369152506728981,0.0267145842427523,0.0303043701649263,-0.508624342072309,0.00153759815117344,0.0048466753712557,-0.406751503914137,0.0138214675663261,0.0487741054103492,-0.323862559394795,0.0539934776079517,0.282482919236655,-0.223813218025228,0.189450719752966,0.131723938095376,0.20080503566108,0.240267750550416,0.159135300599324,0.274503051492801,0.105192026476955,0.180307771003942,-0.138781808120183,0.419539099314197,0.999638761172362,-0.0818469227882221,0.63510920580478,0.691827526007043,"turquoise",0.729309374764433,4.52803987283379e-07,3.09898677258301e-06,TRUE,TRUE
"K01218","black",-0.485131943536976,0.00270953442259566,0.0351397964982746,0.836161430145172,2.17382309995916e-10,7.81622583745493e-09,-0.543501490889746,0.000613257132025938,0.0015474623947758,0.642660084044401,2.37651104570295e-05,7.8531455441273e-05,0.250742679705797,0.140201171478167,0.163303891377815,-0.146574823721054,0.393641269315607,0.337550254418634,0.22659007387128,0.183873946528758,0.376041459925884,-0.165163040243727,0.335729335938654,0.200049369391516,0.0771932921147075,0.654526513523511,0.334581351955896,-0.428346755700185,0.00915116527639067,0.0442641758187245,-0.174890665441714,0.307633279736034,0.999638761172362,-0.262267048605432,0.122283884000963,0.416933700373305,"black",0.836161430145172,2.17382309995916e-10,7.81622583745493e-09,TRUE,TRUE
"K01224","blue",-0.361422669453487,0.0303255186742677,0.149178187422118,0.747898032635986,1.58371468082865e-07,1.87971295516758e-06,-0.402859783082673,0.0148473090595584,0.0208138653188671,0.758253119997575,8.47594413992396e-08,6.01723903923217e-07,0.0130176667090491,0.939934181499174,0.564652126976813,-0.134533000933753,0.434051964281992,0.354510145600151,0.283059743748089,0.0943608792352087,0.31405913359703,-0.371097919468694,0.0258639562489556,0.0285851085870829,0.256747703448318,0.130638749844248,0.100494545455977,-0.259928246808834,0.125774132541151,0.196682733906147,-0.289069696810019,0.0872790975528281,0.999638761172362,-0.104323647170968,0.544842017026994,0.666309355379172,"blue",0.758253119997575,8.47594413992396e-08,6.01723903923217e-07,TRUE,TRUE
"K01227","blue",-0.389554027856477,0.0188512742580472,0.115502826568093,0.517592423308842,0.00122525089025387,0.00246249413010348,-0.145901875600417,0.395840411818122,0.246495814712825,0.774732021917995,2.93286227661478e-08,2.50954674064996e-07,-0.193044393092121,0.259303127154002,0.253627483851869,-0.24355874962733,0.152304664970189,0.19720140119517,0.145194801772319,0.398158692361594,0.470149591493645,-0.563262756104755,0.000347974593389524,0.000944395300975211,0.464079817759474,0.00435736618828192,0.00720158763751926,-0.270073669115991,0.11115640264046,0.184442798444952,-0.0957650021176916,0.578490282485997,0.999638761172362,-0.0552469507674272,0.748947355782863,0.71080685766148,"blue",0.774732021917995,2.93286227661478e-08,2.50954674064996e-07,TRUE,TRUE
"K01236","pink",0.292106362695855,0.0838603087535544,0.268237546091753,-0.421608590131784,0.0104367261346963,0.0134258230995212,0.461465353485597,0.00461279221716955,0.00805393665447691,-0.187155253578556,0.274396254320062,0.171785986324555,-0.511638301864025,0.00142560222814028,0.00453911910008302,-0.0569809621420451,0.741333186262492,0.469042160398119,-0.0965489094308653,0.575369932395468,0.530499928625239,-0.0825599718297167,0.632154657022511,0.315386660538976,0.149014450995112,0.385728213658179,0.228780950365398,0.726344594299832,5.31211757331997e-07,3.12618929515856e-05,-0.022891860753321,0.894572209485092,0.999638761172362,0.151344950765236,0.378256512389967,0.603670173982215,"pink",0.726344594299832,5.31211757331997e-07,3.12618929515856e-05,TRUE,TRUE
"K01243","blue",-0.368153432800289,0.0271603128703181,0.140688690712014,0.654141639894356,1.51157013726641e-05,7.18222780667771e-05,-0.149742529281422,0.383384765051168,0.24091079398063,0.921609456353834,1.55287002048645e-15,4.01278293478202e-13,-0.0829768058102894,0.630430078460199,0.453975216388558,-0.0668746349176543,0.698370250320656,0.455130651982387,0.388478167846902,0.0192110555585719,0.22319433748782,-0.634108551466173,3.28965903387287e-05,0.000148410725470644,0.588771511080318,0.000158517890097914,0.000538541558794892,-0.212866525321794,0.212592074526884,0.259565892434127,0.0236347045527258,0.891171086766838,0.999638761172362,-0.223715081782207,0.189649960809894,0.486968451464458,"blue",0.921609456353834,1.55287002048645e-15,4.01278293478202e-13,TRUE,TRUE
"K01256","blue",-0.28625967294577,0.0905374744990134,0.278394399253456,0.652504388744429,1.61417862813055e-05,7.5897952780085e-05,-0.238661834351575,0.160979204376497,0.129977159123929,0.70406804993891,1.65724186181363e-06,8.23555958441103e-06,-0.0506650095117239,0.76917806448323,0.510293340628101,-0.119780786745467,0.48653365696181,0.377738389590317,0.233014185068551,0.171419698134617,0.366280127275623,-0.420741263301494,0.0106128386706835,0.0142748045134437,0.368670962918913,0.0269286621450882,0.0294429837080136,-0.155511878996057,0.365111253443552,0.333309719792813,-0.0797512288010079,0.643824842565851,0.999638761172362,-0.263439753850336,0.120561280111633,0.41497832796473,"blue",0.70406804993891,1.65724186181363e-06,8.23555958441103e-06,TRUE,TRUE
"K01259","black",-0.517208028012488,0.00123739210130421,0.022690338180323,0.815564834912121,1.37469700214858e-09,3.57569892886822e-08,-0.575704633454649,0.000239058985686734,0.000714156897349397,0.553176633453331,0.000466728266752249,0.000996757004130822,0.417917628864363,0.0112037653797637,0.023984094491835,0.214267266770621,0.209526913789866,0.236814375428237,0.345163885449535,0.0392326206300631,0.257197452504772,-0.0339551761965745,0.84414248244886,0.382207581853907,0.06120844883022,0.722872368187414,0.357461952053283,-0.284442045087517,0.0926943652823534,0.169412345861382,0.0195292651493447,0.909990207016853,0.999638761172362,-0.0285307720550511,0.868804920608606,0.731049445115475,"black",0.815564834912121,1.37469700214858e-09,3.57569892886822e-08,TRUE,TRUE
"K01264","purple",-0.127422422790176,0.458948375310539,0.664484511913279,0.0188674513094061,0.913028716702442,0.354457029302736,-0.279130389767561,0.0992234757224549,0.0906586565084218,-0.288676330997178,0.0877297067648562,0.0753666841038747,0.421504200990625,0.0104577902818665,0.0228007925052137,0.374119418449415,0.0245872333219537,0.0654014492753758,-0.0335775751831541,0.845854832258675,0.595077321087686,0.522906638280079,0.00106783901545754,0.00228157189258137,-0.449068894565436,0.00600778765545419,0.00927308690604542,0.0599227829948212,0.72847094706321,0.473796323237992,0.711066528396151,1.17239977960342e-06,0.000146685249348074,-0.115852228538503,0.501040928066623,0.654241030473496,"purple",0.711066528396151,1.17239977960342e-06,0.000146685249348074,TRUE,TRUE
"K01280","blue",-0.368288237602333,0.0270998155652121,0.140599202605478,0.691645229813145,2.99169257620648e-06,1.86600459623984e-05,-0.19737422057552,0.248563481688607,0.177833965908291,0.919591744257754,2.35449662456632e-15,5.07022682217252e-13,-0.0102253215382931,0.952802230094477,0.569213699320657,0.0379641633408692,0.826007331849549,0.492686911645429,0.389452230966047,0.0188850736371204,0.22319433748782,-0.608591739088283,8.21035700729027e-05,0.000306992993637387,0.572016529231254,0.000267617691845459,0.000802661935214148,-0.205035657248789,0.230297376748759,0.268731706911453,0.0386027779407494,0.823126396017521,0.999638761172362,-0.184992537069814,0.280079992296619,0.546432089940366,"blue",0.919591744257754,2.35449662456632e-15,5.07022682217252e-13,TRUE,TRUE
"K01312","blue",-0.195569677064319,0.253002750218982,0.483559310494917,0.563519623190839,0.000345339728762606,0.000898889784640147,-0.0334914370196702,0.846245550403524,0.405629300131744,0.777790441955563,2.38514162866628e-08,2.15749588313608e-07,-0.208483544708809,0.222382365134988,0.226596309082928,-0.301105194806705,0.0743350206780226,0.129472641979102,0.276066018965486,0.103146369713654,0.320426558992348,-0.653069040863588,1.57809711004725e-05,8.19411569094599e-05,0.569117984006096,0.000292164275724281,0.000861770131697332,-0.222442047508043,0.192247909914229,0.246756245254381,-0.107759051514237,0.531602240344599,0.999638761172362,-0.310678834014833,0.0651509471456131,0.322033797647665,"blue",0.777790441955563,2.38514162866628e-08,2.15749588313608e-07,TRUE,TRUE
"K01338","greenyellow",-0.33155180690013,0.0482252424157399,0.193046897093176,0.176895554884225,0.302033135435112,0.173514104917487,-0.213888142506107,0.210353495411824,0.158220534151546,0.19346341757407,0.258250579344801,0.16469576432991,-0.0317326878669899,0.854230912095378,0.540245438555747,-0.178063480202629,0.298800899779564,0.290375123010282,0.708466527604846,1.33482047381598e-06,0.000114205662049486,-0.0274767226948526,0.873612158036896,0.39025692341817,0.0528261905088871,0.759616159787266,0.369728500594873,0.0675243342896353,0.695579319830145,0.46446613930837,-0.062275948957143,0.718234544963859,0.999638761172362,0.0620218737092446,0.719337499690003,0.704130620767717,"greenyellow",0.708466527604846,1.33482047381598e-06,0.000114205662049486,TRUE,TRUE
"K01356","blue",-0.612429354890925,7.19147182954888e-05,0.00417747461812902,0.825590836338852,5.77173472757463e-10,1.85684042525595e-08,-0.596347801492307,0.00012390172575478,0.000412321714583524,0.768983080747468,4.28891317467896e-08,3.52962176364338e-07,0.274478052767372,0.105224993489168,0.13325059905259,-0.00239730463820455,0.988928752685087,0.539135812176862,0.334961023571596,0.0458312515388285,0.276795367866606,-0.241822364561892,0.155340766099125,0.113213363570113,0.155535166035531,0.36503856548365,0.219726807748329,-0.425681953322893,0.00964245038647013,0.0456264066076351,-0.0670581602075634,0.69758147925331,0.999638761172362,-0.141945955839204,0.408910628883955,0.615290059419485,"blue",0.768983080747468,4.28891317467896e-08,3.52962176364338e-07,TRUE,TRUE
"K01400","black",-0.497708331099903,0.00201062530237083,0.029595312708653,0.734028266141447,3.49662585557069e-07,3.28819548779536e-06,-0.723730695436053,6.10497192225859e-07,4.02630185392772e-06,0.490429969033826,0.00239280051620113,0.0040098920603188,0.604300490620072,9.50238993837624e-05,0.000496996753962538,0.0339965624071366,0.843954846367629,0.498866576203876,0.525811728208544,0.000989571959569669,0.0398431092879216,0.0730285133127605,0.672095916869076,0.328991480856646,-0.133773741140545,0.436674256111876,0.250045285121272,-0.500676970810668,0.0018708098367096,0.0160202791871949,0.0203297293092496,0.906316811500261,0.999638761172362,-0.10517401377451,0.541550260452794,0.663674545876443,"black",0.734028266141447,3.49662585557069e-07,3.28819548779536e-06,TRUE,TRUE
"K01424","blue",-0.145614017221724,0.39678327071743,0.61387350404641,0.348180624976357,0.0374365176345387,0.0368193512236354,0.15923742694901,0.353592364061963,0.228123865459412,0.800438010927659,4.63338215439628e-09,5.44234417392472e-08,-0.287524993665996,0.0890588902585223,0.117098341843263,-0.117340723184768,0.495518637725412,0.382366691425886,0.423377031232432,0.0100853202689238,0.175940426168176,-0.742194831629654,2.20663886524393e-07,3.14202823817038e-06,0.713375357441777,1.04358388928922e-06,1.17996269621786e-05,-0.0362147422484458,0.833910730265093,0.499414250508341,0.106000461290279,0.538360208756835,0.999638761172362,-0.259810963333156,0.125951088376212,0.423328411018162,"blue",0.800438010927659,4.63338215439628e-09,5.44234417392472e-08,TRUE,TRUE
"K01426","brown",-0.15268614798874,0.373995442569102,0.595242321222492,0.0626367766416066,0.716669135688775,0.307739363362335,-0.373632996399716,0.0247891747694026,0.0317134699472257,-0.129302650227604,0.452291832415675,0.24415406514384,0.715435456118817,9.39749138079565e-07,1.23218906407184e-05,0.442635717289188,0.0068650154271659,0.0329544654820754,0.142525208320144,0.406981621675374,0.473403404414034,0.444865390321573,0.00655674015544613,0.00960808024104042,-0.399126393148735,0.0158908773516416,0.0197033151491224,-0.255584046673648,0.132452936243959,0.202991549549893,0.197739045858561,0.247672356301467,0.999638761172362,-0.155350643537022,0.36561476917693,0.60114909219041,"brown",0.715435456118817,9.39749138079565e-07,1.23218906407184e-05,TRUE,TRUE
"K01427","magenta",0.404710559072578,0.0143517370630278,0.0976698758703543,-0.317282855044583,0.0593544796131759,0.0526188136563933,0.33610891927412,0.045047046240926,0.050990549386595,-0.314676434665814,0.0615913067970318,0.058087062994933,-0.361030027042372,0.0305191259430761,0.0515877782512042,-0.143446915615631,0.403922895576005,0.342780469381672,-0.0508733699841489,0.768254710029659,0.5785729553692,-0.0104835844543039,0.95161152666095,0.410729240383592,0.0620426643593874,0.719247225318952,0.356411577439833,0.156607438629584,0.361700939350514,0.332077308201226,-0.0180907059549012,0.916596444653841,0.999638761172362,0.729420112772426,4.50093050317818e-07,6.18949055933414e-05,"magenta",0.729420112772426,4.50093050317818e-07,6.18949055933414e-05,TRUE,TRUE
"K01429","magenta",0.213301405761155,0.211637159619515,0.444452189035262,-0.0619547990636966,0.719628767702155,0.308252327329014,0.0886837221630751,0.607015093471576,0.329686821907072,-0.124214099987939,0.470426788756348,0.24982189747932,-0.282452091542531,0.0951006856621067,0.122765952431542,-0.065776875671676,0.703094769123104,0.457532315625144,-0.106516240900886,0.53637389591963,0.523351842408358,-0.0170116991445271,0.921555161527174,0.403319967243703,0.0348393361738193,0.840135746987587,0.39488895282887,0.12937914940929,0.452022111496291,0.374597740676704,-0.246495323060957,0.147268554129597,0.999638761172362,0.803544081295957,3.64134523266985e-09,1.09065029377374e-06,"magenta",0.803544081295957,3.64134523266985e-09,1.09065029377374e-06,TRUE,TRUE
"K01431","black",-0.512652254912818,0.00138957284973699,0.0239278065865075,0.755596721927195,9.97927103251765e-08,1.32605887780153e-06,-0.705942265884652,1.5120092931037e-06,9.21770583506872e-06,0.539251517203035,0.000689620073428168,0.00138529883960543,0.420371782374632,0.0106886253253932,0.0232503788933119,0.0970521331510617,0.573370858447609,0.414312106102542,0.322528220056544,0.0550482345778004,0.282482919236655,0.00449401950250583,0.979247290181902,0.417032269204975,-0.0449591265265322,0.794581298350632,0.381070627971178,-0.369121829162263,0.0267281804562688,0.084377078339027,-0.0275850961557988,0.873117687072533,0.999638761172362,0.135577434546434,0.430458997888906,0.62356188936103,"black",0.755596721927195,9.97927103251765e-08,1.32605887780153e-06,TRUE,TRUE
"K01433","blue",-0.185183273752315,0.279575677008332,0.506984056733608,0.407152530367171,0.0137192404465874,0.0165730092195479,0.0109525460013841,0.949449677181444,0.433201719868705,0.78278338463888,1.69001724863573e-08,1.61747633482104e-07,-0.181194227300887,0.29024576510655,0.274966965129313,0.0596019286242441,0.729870316949433,0.466339483830321,0.204606762691492,0.231295158319027,0.396501809385508,-0.626622554807316,4.33839373638294e-05,0.000181999150758104,0.618336364290089,5.84473770660213e-05,0.000255422342125562,-0.117959049171874,0.49323381980675,0.389163707743349,0.0543906451919001,0.752716146366405,0.999638761172362,-0.184311024721419,0.281886757847159,0.548977097508916,"blue",0.78278338463888,1.69001724863573e-08,1.61747633482104e-07,TRUE,TRUE
"K01434","blue",-0.345486636177583,0.0390371866076361,0.17324415830101,0.743472763431694,2.05011232971333e-07,2.25790931637721e-06,-0.216111772268207,0.205537505511775,0.155761727667257,0.901536313558478,6.39378646927808e-14,9.17901723692883e-12,-0.0675593980036372,0.695428807293906,0.480846884524026,-0.0370314240677209,0.83021914471252,0.494565723090117,0.293159562939199,0.0826990752069507,0.31016494643286,-0.584286553944164,0.000182884504060188,0.000571243407957933,0.546801933924043,0.000559235610263904,0.0014227161054147,-0.221488312799364,0.194210548649596,0.247566507151077,-0.0542114929547567,0.753505350909499,0.999638761172362,-0.244408401493625,0.150834851966318,0.449725199966889,"blue",0.901536313558478,6.39378646927808e-14,9.17901723692883e-12,TRUE,TRUE
"K01447","blue",-0.440563401282237,0.00716259853353921,0.0622026365810345,0.698353379415888,2.18264123033939e-06,1.40436685385491e-05,-0.253775520831652,0.135309384577969,0.114341257606429,0.864355954214142,1.10184558288389e-11,4.31407172899467e-10,-0.113968621858784,0.508073445906744,0.396497791908855,0.000751703758986531,0.996528381041861,0.540781576346615,0.219621164746696,0.198093416791758,0.38059729337503,-0.50105326111696,0.00185371109904192,0.00359757665073679,0.472318643097493,0.0036308108236004,0.0062623167544321,-0.107210608400494,0.533705400732315,0.405159908105609,0.128439411150738,0.455341454805177,0.999638761172362,-0.188305270540583,0.271404813016535,0.543637450718307,"blue",0.864355954214142,1.10184558288389e-11,4.31407172899467e-10,TRUE,TRUE
"K01448","turquoise",0.39983020864141,0.0156895674929731,0.103947378930023,-0.315310683399987,0.0610409563361983,0.0537243166491034,0.719065943297115,7.79535626068942e-07,5.07196731156202e-06,0.235294371109876,0.167147698785924,0.121669748694776,-0.586945458660931,0.000168062851713857,0.000805384769862033,-0.200592735292215,0.240775617335699,0.254797335588561,0.0419690172964843,0.807978972025688,0.58879198968087,-0.674268259581135,6.52141898005682e-06,4.23178870771514e-05,0.691434715432952,3.02103312508863e-06,2.57721394684009e-05,0.191539494840864,0.263106652963935,0.284979141018168,0.0208917245637807,0.903738908026665,0.999638761172362,-0.142072620595439,0.408488370786301,0.615290059419485,"turquoise",0.719065943297115,7.79535626068942e-07,5.07196731156202e-06,TRUE,TRUE
"K01455","green",-0.138400988171396,0.420828654511922,0.634137677936075,0.0190277530280267,0.912292628790609,0.354361167031408,-0.516923020475138,0.00124646245881999,0.00269526842566477,-0.618653723936812,5.77930047324536e-05,0.000168179428013364,0.57471644840256,0.000246430115521413,0.00107955411338737,0.123485792998351,0.473053365453047,0.371756121339749,-0.0528941913874032,0.759315858016185,0.577267516581158,0.879504392074661,1.66169094362349e-12,3.810774437569e-10,-0.867050749486913,8.0052805258397e-12,1.62974222122255e-09,-0.0922886281459029,0.592418672653728,0.42830379920088,-0.0265646625339725,0.877775426544656,0.999638761172362,0.211835633236614,0.214867577895242,0.510911009692802,"green",0.879504392074661,1.66169094362349e-12,3.810774437569e-10,TRUE,TRUE
"K01482","turquoise",0.396697707647519,0.0166022764382256,0.108014410507096,-0.639800639998439,2.65237326648586e-05,0.000112980778250415,0.745896712673558,1.78096656717068e-07,1.35290636675989e-06,-0.173675005677826,0.311060665855044,0.188070700330676,-0.389142429780373,0.0189882476479596,0.0358878387642468,-0.04266628261663,0.80484979853031,0.486196669745834,-0.0906518813108326,0.599026883084992,0.535269264723852,-0.375905185866793,0.0238574922747542,0.0269520463207536,0.392451110497956,0.0179103229972315,0.0216605552093639,0.138811863479892,0.419437418628687,0.358604688646645,0.393808925607785,0.0174830260015907,0.677050995037793,-0.11096363897272,0.51939414135062,0.657957118422468,"turquoise",0.745896712673558,1.78096656717068e-07,1.35290636675989e-06,TRUE,TRUE
"K01491","blue",-0.159787235332169,0.351911218028374,0.577472542194534,0.483403417062838,0.00282049442433996,0.00480903465390133,-0.19902635914714,0.244545032092372,0.175913142696233,0.759075224321857,8.0549019389679e-08,5.78186995255614e-07,0.136609353194899,0.426925335137281,0.355572621757158,0.261220869468847,0.123836075889156,0.175149377913146,0.398055199583698,0.0162014262946335,0.212429555562062,-0.514495351360593,0.00132612897788614,0.00269931339599441,0.462349513590549,0.00452500090704088,0.00737596240986506,-0.346632638533372,0.0383496213238955,0.107470526898801,0.135569683171509,0.430485602591668,0.999638761172362,-0.296904476213425,0.078670575631152,0.349332951747633,"blue",0.759075224321857,8.0549019389679e-08,5.78186995255614e-07,TRUE,TRUE
"K01495","red",-0.10048879359313,0.559803456644524,0.739659075737057,0.058696543975145,0.733823671138555,0.311537239894047,0.353076707875642,0.034664146677118,0.0415662154501972,0.537916824861069,0.000715282879973959,0.00141745996480589,-0.546817649382043,0.000558988840144774,0.00207917944246044,0.128577686825261,0.454852216816343,0.362749602999321,-0.0468266640548867,0.786242498249097,0.581902887123113,-0.651835992674216,1.65785789731536e-05,8.54378442600814e-05,0.712513021339763,1.09009346475148e-06,1.21329169022356e-05,0.314805753468966,0.0614787770978321,0.137582932526606,0.0113165199535652,0.947772050492496,0.999638761172362,0.00488632740049196,0.977436113813484,0.754575120686298,"red",0.712513021339763,1.09009346475148e-06,1.21329169022356e-05,TRUE,TRUE
"K01523","red",0.108922654184999,0.527153406295957,0.716004188175678,0.0346884535366446,0.84081922271795,0.337514976256336,0.461480801744314,0.00461124575963076,0.00805393665447691,0.544940882632071,0.000589152322820978,0.00121083871997248,-0.632969597683724,3.43272355499501e-05,0.000223164715683468,-0.347640372715027,0.0377531651305079,0.0855471476108562,0.0449266342155747,0.79472658228836,0.58457741624725,-0.81168910999455,1.89615669122004e-09,7.28356434259885e-08,0.766081593008394,5.17460843450268e-08,1.29334412066569e-06,0.135219654322154,0.431687940674414,0.363967065324244,-0.224540166467297,0.187979419512436,0.999638761172362,-0.1347824400863,0.433192365132066,0.625238882918005,"red",0.766081593008394,5.17460843450268e-08,1.29334412066569e-06,TRUE,TRUE
"K01533","turquoise",0.570054028048736,0.000284025913664447,0.0101507755817042,-0.701274696275558,1.89753738526024e-06,1.24051080484017e-05,0.905143039808564,3.48828660672765e-14,2.20054201745623e-12,-0.26588018323017,0.117034736573979,0.0930261251606724,-0.683142316057375,4.40921491461871e-06,4.42824177437208e-05,-0.185751455965327,0.278076876750162,0.27842540974372,-0.315957703762301,0.0604835389805813,0.289504901074022,-0.403370452852681,0.0147091530477542,0.0184667875727884,0.431707825632753,0.00856207075446438,0.0121494482742908,0.325092025549497,0.0530359370041618,0.126647359734382,-0.0164314638614821,0.924222925288187,0.999638761172362,0.0703585594265374,0.683450695320152,0.699878294161739,"turquoise",0.905143039808564,3.48828660672765e-14,2.20054201745623e-12,TRUE,TRUE
"K01537","brown",-0.0524211650316271,0.761405526977752,0.873977480331202,0.222205737377339,0.192732896709157,0.125931355485923,-0.506205332658504,0.00163300793029741,0.00337337281217573,-0.227836364630621,0.18140914496585,0.128856711569952,0.758745518234365,8.22138701517872e-08,2.09768986096372e-06,0.000508594897664089,0.997651135100975,0.541002409867958,0.210985569858947,0.216756504092907,0.386363131145357,0.482049707477369,0.00291013885171275,0.0051601963894344,-0.542346694000004,0.000633224973989634,0.00157439923350739,-0.601156372692815,0.000105623491610743,0.00209526694159855,-0.0176270089510726,0.91872705600921,0.999638761172362,-0.15331635352157,0.372003074639386,0.601833940863516,"brown",0.758745518234365,8.22138701517872e-08,2.09768986096372e-06,TRUE,TRUE
"K01546","turquoise",0.382628931071491,0.0212688506885145,0.121521290216765,-0.646102979315943,2.07904385769826e-05,9.43697131004727e-05,0.742141608286024,2.21339057042358e-07,1.63018604177185e-06,-0.234704005160816,0.168246363534254,0.122125470671189,-0.737823350376632,2.82913039179457e-07,4.6857166069388e-06,-0.306396688366693,0.0691416466027453,0.123605895892167,-0.250816742132345,0.140080186820694,0.347355639838637,-0.333550542993262,0.0468098426960707,0.0450102876813483,0.324843108821532,0.0532286979370305,0.0499886857329357,0.550804140270556,0.000499429964803345,0.0063569051179679,-0.0638524138932933,0.711403629316755,0.999638761172362,0.124316186759503,0.470059237239213,0.642124884910687,"turquoise",0.742141608286024,2.21339057042358e-07,1.63018604177185e-06,TRUE,TRUE
"K01589","blue",-0.149983949645173,0.382609553383768,0.602725848502371,0.390976988370479,0.0183840754327091,0.0208872535537067,0.0204551292775546,0.905741512227575,0.422289249638167,0.761364998581323,6.98179433065087e-08,5.2140624674419e-07,-0.255649208037099,0.132350857256464,0.156284986792949,0.15083138442907,0.379895674724655,0.331920888219247,0.110772617589546,0.520117956332688,0.517199158439564,-0.641175810498076,2.51627272394367e-05,0.000120220758297857,0.662058796425033,1.09411349705211e-05,7.15067740767805e-05,-0.00497254150232708,0.977038101882431,0.53586990993509,0.170770719675512,0.319345874286066,0.999638761172362,-0.0222532705689956,0.897497488053627,0.739778262421501,"blue",0.761364998581323,6.98179433065087e-08,5.2140624674419e-07,TRUE,TRUE
"K01595","blue",-0.139968947641076,0.415533406743615,0.628419419868424,0.379825879980282,0.0223181021945884,0.0244480870938849,0.175962164042041,0.304632210290335,0.205294414099279,0.810961055098265,2.01258829463083e-09,2.68079604943392e-08,-0.246693209382575,0.146933614007923,0.169472949266849,0.00752653756898679,0.96525033088882,0.532972538123547,0.252556505872847,0.137260215119605,0.34414129731896,-0.748655892608909,1.51443037500187e-07,2.28992975439901e-06,0.721330914976893,6.92719206359086e-07,9.02871489287843e-06,-0.157100211084405,0.360173250873175,0.331191418058892,-0.0222202053411071,0.897648991098421,0.999638761172362,-0.479382049089086,0.00309408395881157,0.083247149119189,"blue",0.810961055098265,2.01258829463083e-09,2.68079604943392e-08,TRUE,TRUE
"K01609","red",0.0856464586121151,0.619430724372844,0.783440181331595,0.15919092613599,0.353734771347879,0.195146071455829,0.388455484644527,0.0192187023539918,0.0258432992852283,0.65858186561979,1.26243559586706e-05,4.56900446007491e-05,-0.372004290159324,0.0254753534059499,0.0452496119333976,0.00478591880468886,0.977899662128675,0.536951882887204,0.28239411525094,0.0951715020171183,0.31405913359703,-0.782812757784017,1.68655075442816e-08,4.3913491825556e-07,0.80496194046588,3.25748070266913e-09,1.67307292396203e-07,-0.128090653508145,0.456576662149488,0.375957065429998,0.0667862773197205,0.698750112383249,0.999638761172362,-0.0983850359216162,0.568091114799083,0.672484464063861,"red",0.80496194046588,3.25748070266913e-09,1.67307292396203e-07,TRUE,TRUE
"K01640","blue",-0.297502224352891,0.0780419252104024,0.256434730009534,0.435522077969858,0.00793304767002858,0.0109957104640698,-0.0709634237479934,0.680872221229168,0.354470709370047,0.796416372554479,6.29076347454925e-09,6.94701219737477e-08,-0.0208133595422307,0.904098315196753,0.555857858012723,0.336357414827593,0.0448787129182078,0.0946617701969967,0.411580016526976,0.0126323483319892,0.193577694177122,-0.510241794602236,0.00147656978750864,0.00297038071797897,0.53946343744004,0.000685621402473652,0.00167256488945339,0.0317243353014947,0.854268870482193,0.50524362407123,0.182320945915353,0.287205802035063,0.999638761172362,-0.27034921406655,0.110778092232595,0.399093671639336,"blue",0.796416372554479,6.29076347454925e-09,6.94701219737477e-08,TRUE,TRUE
"K01654","blue",-0.201914779763766,0.237624748098907,0.471912884960772,0.485120242713412,0.00271027254851046,0.00466009942150121,-0.082944400428604,0.630564081362154,0.337543291444194,0.704285564697293,1.63975439739605e-06,8.18011872088652e-06,-0.168638392736863,0.325515822425598,0.296626712319591,-0.0447400172235112,0.795561140528324,0.483551158903902,0.0702616610771943,0.683864091812393,0.559018503847839,-0.543245792212375,0.000617629620157219,0.00146525888277201,0.494942442741579,0.00214904271695861,0.00413179053987086,-0.0980975079211351,0.569228157011631,0.41856514625404,-0.174570971927317,0.308532289266194,0.999638761172362,-0.107535633804025,0.532458514260883,0.663674545876443,"blue",0.704285564697293,1.63975439739605e-06,8.18011872088652e-06,TRUE,TRUE
"K01664","blue",-0.208744302548593,0.221791429746559,0.454337229827176,0.546414655039663,0.000565347484479154,0.00133168014019036,-0.127281698657464,0.459448678533695,0.27399348656488,0.82454410661574,6.33516254251188e-10,9.86189186904047e-09,0.0233293824734146,0.892568781007926,0.552366575680128,0.241384742412219,0.156112831011015,0.199850603676572,0.455929774905288,0.00519662789514004,0.115987132319257,-0.561607968265162,0.000365383330123941,0.000976238073907894,0.588722842053029,0.000158765836771076,0.000538541558794892,-0.218652332359467,0.200129399547594,0.251301117177114,0.0410362805380965,0.812169473380959,0.999638761172362,-0.16911888964142,0.324119071155959,0.580685500800569,"blue",0.82454410661574,6.33516254251188e-10,9.86189186904047e-09,TRUE,TRUE
"K01676","blue",-0.455037271849425,0.0052964883280107,0.0522105349424813,0.596134739159151,0.000124773735460391,0.000397446572578629,-0.189014699654796,0.269570116248431,0.188494631604501,0.801695707644297,4.20484454317126e-09,5.07746259989504e-08,-0.233886316171339,0.169776611399428,0.186913918774179,-0.0302915169313117,0.860785038627288,0.503408608647351,0.294978725811763,0.08072266797791,0.30930536019383,-0.51926755974651,0.00117355852737262,0.00244296663042884,0.511871284078243,0.00141725159696535,0.00295307853881974,0.0430235684447602,0.803247531220889,0.491492712478682,-0.118023170219079,0.49299719065514,0.999638761172362,0.00727244190119725,0.966422805350901,0.752795572074831,"blue",0.801695707644297,4.20484454317126e-09,5.07746259989504e-08,TRUE,TRUE
"K01690","turquoise",0.528645181079164,0.000918162467700278,0.0191460417142885,-0.654585646527535,1.48478544140528e-05,7.14630916303167e-05,0.936260972002537,5.16661626369882e-17,1.87409480310144e-14,-0.0229821697453208,0.894158628176716,0.370487573310286,-0.654479766515398,1.49113315863358e-05,0.000114915404340955,-0.206617781895524,0.226642012838057,0.2469646315745,-0.0740828561575914,0.667631442850539,0.555370530254631,-0.631757584493956,3.59113535816415e-05,0.000157870752201545,0.653838840102383,1.5300877443903e-05,9.23667771206195e-05,0.203015130254949,0.235023551684408,0.270845402111132,0.108714525732488,0.527947814920822,0.999638761172362,-0.202559878856241,0.236097407665912,0.525546966983158,"turquoise",0.936260972002537,5.16661626369882e-17,1.87409480310144e-14,TRUE,TRUE
"K01693","blue",-0.436967926287732,0.0077051597068274,0.0649349340059832,0.539620071389971,0.000682679146938221,0.00153415611046342,-0.11903123859754,0.489284714059138,0.286371940399705,0.826339922090134,5.39750865194429e-10,8.84712405682511e-09,-0.239665321756405,0.159173203223314,0.178997582726265,0.156927188104224,0.360709213752145,0.323903276605472,0.33246522299633,0.0475742084974262,0.279112666198926,-0.543827887062288,0.000607715656268249,0.00144672780173956,0.596040618102309,0.000125160703503405,0.000450842547300753,0.0537092531530928,0.75571913571465,0.481081181639832,0.152777017038234,0.373707775608218,0.999638761172362,0.067100491086116,0.69739959014645,0.701934386424952,"blue",0.826339922090134,5.39750865194429e-10,8.84712405682511e-09,TRUE,TRUE
"K01736","greenyellow",-0.279090889877898,0.0992733079334503,0.2927797558545,0.29203030675756,0.0839446517292241,0.0682258628306181,-0.218665238438131,0.200102182146201,0.152646430474043,0.43224222597612,0.00847145565882739,0.0116815108780792,0.178743939353853,0.296927934079627,0.278783388260284,0.111072730763936,0.518980995476105,0.391001356497332,0.829929977999205,3.89695644651405e-10,5.71575407243231e-08,-0.155469506530994,0.365243536627309,0.212214847564648,0.16294824985957,0.34233986990247,0.208783464384674,-0.127990159098464,0.456932920296861,0.375957065429998,0.0822525382268631,0.633427836801914,0.999638761172362,-0.101663592725828,0.555199896964287,0.667773390318276,"greenyellow",0.829929977999205,3.89695644651405e-10,5.71575407243231e-08,TRUE,TRUE
"K01745","turquoise",0.348111620119609,0.0374768414695611,0.169976490597151,-0.683730386894352,4.29428060699443e-06,2.51695748980455e-05,0.759814840526279,7.69268943953382e-08,6.527207671308e-07,-0.209131848962899,0.220915149559429,0.147987748051786,-0.474427788723937,0.00346267119929632,0.00920965584273162,0.029081698819673,0.866294121828646,0.504785192510731,-0.151759962373753,0.37693495381826,0.460683949351946,-0.282162458302781,0.0954548668803468,0.0770349728393253,0.351971162213291,0.0352750391914295,0.0363654277579469,0.35739952172525,0.0323577507737361,0.0953718815849977,0.240244645639662,0.158137269457501,0.999638761172362,-0.268526732907721,0.113298377853706,0.403519001305657,"turquoise",0.759814840526279,7.69268943953382e-08,6.527207671308e-07,TRUE,TRUE
"K01782","red",0.214284013790682,0.209490453158456,0.443378298064058,-0.0180435635847733,0.916813030200691,0.354885555109502,0.524270942571623,0.00103042717553249,0.0023025430115082,0.563727375170896,0.000343221713958319,0.000754185183756474,-0.595998475220713,0.000125334318733706,0.000631054173132538,-0.170678769071788,0.319610417907957,0.302245053624548,0.021000962319809,0.903237940021447,0.607791639942479,-0.814370400191235,1.51912735862226e-09,6.55589759812243e-08,0.797878915520804,5.63311995448514e-09,2.36037789697298e-07,0.104838355362348,0.542848455709111,0.408351696968574,-0.0323649375773449,0.851358583118675,0.999638761172362,-0.291128603051971,0.0849496095322214,0.358830106240819,"red",0.797878915520804,5.63311995448514e-09,2.36037789697298e-07,TRUE,TRUE
"K01785","brown",-0.115348117366938,0.502918205337248,0.696569349689701,0.391434057744813,0.0182360755594954,0.0207383755816083,-0.742227186161186,2.20254377260475e-07,1.63018604177185e-06,-0.233854846047584,0.169835703995673,0.122852876333626,0.735789707275113,3.1706122614619e-07,5.11664374007688e-06,-0.0770402942282853,0.655168793976496,0.439869865694343,0.125538231823622,0.465671192718569,0.497562067470171,0.652791834579867,1.59571804880073e-05,8.2544617884508e-05,-0.729307098535976,4.52859867966468e-07,6.64135698466718e-06,-0.50373685513623,0.00173569108281591,0.01524562462554,-0.0858644686010517,0.618536032767015,0.999638761172362,0.0119364889603586,0.944915005789643,0.750379647734489,"brown",0.735789707275113,3.1706122614619e-07,5.11664374007688e-06,TRUE,TRUE
"K01811","blue",-0.402775437006147,0.0148702326569991,0.0997378697592127,0.712545847175913,1.08828876346694e-06,7.91929790052359e-06,-0.372957009697063,0.0250720910462341,0.0319358938306992,0.744450503028544,1.93733383481628e-07,1.2642118000677e-06,0.100956124399437,0.557970061140016,0.42022749930265,-0.0478042495639684,0.781886707670151,0.47971515342362,0.227962078462783,0.181161826160872,0.374622156428256,-0.352938607636651,0.0347399819808103,0.0356197866454824,0.239032379331273,0.160310611946382,0.116743919044087,-0.295472975152426,0.080192076168058,0.157244085368851,-0.0647367555466318,0.707581351532246,0.999638761172362,-0.337707207872608,0.0439731774740998,0.2776686727049,"blue",0.744450503028544,1.93733383481628e-07,1.2642118000677e-06,TRUE,TRUE
"K01812","turquoise",0.667334956953351,8.77430201754126e-06,0.00177362503350215,-0.670336309252754,7.72394250128025e-06,4.12339905009622e-05,0.762892265417682,6.34116217476822e-08,5.57609619294913e-07,-0.374552768840587,0.0244084729743195,0.0283097468611611,-0.383250545611851,0.0210418107533767,0.0389141621004085,-0.170557022997957,0.319960894252671,0.302245053624548,-0.244638213555862,0.150439079876207,0.354558724782086,-0.191958297218266,0.262044485905895,0.166544910528869,0.187543206251344,0.273384711636821,0.175478444769384,0.161011734239532,0.348184483695361,0.326285190741291,-0.0117885357792471,0.945596768191442,0.999638761172362,-0.252409670288534,0.137496591597348,0.43411118189913,"turquoise",0.762892265417682,6.34116217476822e-08,5.57609619294913e-07,TRUE,TRUE
"K01823","red",0.117614409877512,0.494506654369127,0.691883934048503,0.110280092205942,0.521986513691731,0.250739821622467,0.406343046685139,0.0139262482402175,0.0197705574226777,0.483808321815508,0.00279415307815045,0.00455832808614561,-0.624379251724445,4.70692126393399e-05,0.000284086242911851,-0.203346491874588,0.234244009251657,0.251359677702067,0.091892398936918,0.594015478353428,0.533264905846255,-0.696516394332987,2.38147408754867e-06,1.95052184888371e-05,0.70083589336964,1.93806126522775e-06,1.89115054701293e-05,0.172507705332209,0.314374258041122,0.309831235442414,-0.041003558270991,0.812316578585425,0.999638761172362,0.189541640651277,0.268212635508758,0.543308881936733,"red",0.70083589336964,1.93806126522775e-06,1.89115054701293e-05,TRUE,TRUE
"K01839","brown",-0.289433870676957,0.0868635202007424,0.271960569021189,0.299417402235414,0.0760540123839313,0.0639014855451737,-0.649026713965595,1.853438956009e-05,8.18614258548526e-05,-0.144072345743558,0.401854884930004,0.225159624454093,0.76811362263876,4.53838182486076e-08,1.36015495481302e-06,0.415996438357434,0.0116215829369862,0.045035728300875,0.135636387534051,0.430256685973724,0.483841229050985,0.632942665795188,3.4361736679814e-05,0.000153013893751224,-0.580077316569419,0.000208755393973832,0.000677461536016691,-0.173799907152896,0.310707418694546,0.308697450530003,0.0669152865277946,0.698195507408849,0.999638761172362,-0.187438337148199,0.27365790548911,0.543637450718307,"brown",0.76811362263876,4.53838182486076e-08,1.36015495481302e-06,TRUE,TRUE
"K01847","turquoise",0.47557804305206,0.00337385657244866,0.0390574926340764,-0.63674705654559,2.97876391899983e-05,0.000125139643225891,0.753845206528337,1.11011764528658e-07,8.8433089418886e-07,-0.233332292208013,0.170819075442996,0.123369155816095,-0.394946378056182,0.0171316753169944,0.0332783263256176,0.0788553393374659,0.647565105809113,0.437567166350342,-0.248836619405443,0.1433412833075,0.349156178723164,-0.280636944914357,0.0973370295756505,0.0782360734483543,0.357970246907457,0.0320628550915121,0.03373729020845,0.260923825968079,0.124279457327705,0.195209920507685,0.0352033329565276,0.838487370822587,0.999638761172362,-0.125011128161799,0.467561213163249,0.641008910994318,"turquoise",0.753845206528337,1.11011764528658e-07,8.8433089418886e-07,TRUE,TRUE
"K01848","green",-0.121056071869584,0.481871410385559,0.681830229658209,0.108858770718772,0.527397182083044,0.252347331918528,-0.524151425644552,0.00103365764874592,0.00230378037853722,-0.382408780577538,0.0213497458700796,0.0253270262998229,0.559288105799882,0.00039109671860686,0.00158127105465509,0.270858421475567,0.110081530130482,0.162619979283149,0.0311309936227904,0.85696614205453,0.597309186632719,0.752077770268422,1.23502351759117e-07,1.95330569273556e-06,-0.725426789167178,5.5790309131633e-07,7.56973934857807e-06,0.0226227996163279,0.895804570431996,0.515766216712211,0.155994935964742,0.363605211946935,0.999638761172362,-0.0818387179802942,0.635143235204326,0.691827526007043,"green",0.752077770268422,1.23502351759117e-07,1.95330569273556e-06,TRUE,TRUE
"K01866","blue",-0.418371038663155,0.0111070379730233,0.0832419952398342,0.642274221258824,2.4121499818129e-05,0.00010531690629166,-0.352109555920859,0.035198089866894,0.0421716208836821,0.732784265891184,3.74515519869526e-07,2.17970345045634e-06,0.163189497632259,0.341615980205433,0.306272298093833,-0.0252023884611434,0.883999764687962,0.510206093241496,0.266827102861069,0.115687422674617,0.329991843384162,-0.379758388489132,0.0223438862145888,0.0256421105825176,0.316364671180513,0.0601349996893815,0.0554870292943136,-0.476515964110131,0.00330290887423852,0.0232322738347807,-0.0514730307072129,0.765599055265157,0.999638761172362,-0.192592072764314,0.26044249132922,0.541980523325903,"blue",0.732784265891184,3.74515519869526e-07,2.17970345045634e-06,TRUE,TRUE
"K01867","blue",-0.332153579255756,0.0477955337045545,0.193046897093176,0.482964431682321,0.00284929719448373,0.00485137809532246,-0.159575438709089,0.352558254106906,0.227754242683747,0.738041812404314,2.79453645322664e-07,1.7167921395809e-06,-0.031078802743387,0.857203473353501,0.54076068727474,0.130544454165232,0.447924232840315,0.361601539462142,0.311941657085279,0.0640093926734982,0.296890053472247,-0.456308359805692,0.00515476182403082,0.00797849694922596,0.458781997162883,0.00488830713605934,0.00786349094502386,-0.194789787134458,0.254937541010314,0.281221873855213,0.164480438517058,0.33775829065636,0.999638761172362,-0.112564328394613,0.513348415412353,0.65532919977684,"blue",0.738041812404314,2.79453645322664e-07,1.7167921395809e-06,TRUE,TRUE
"K01873","blue",-0.239914078639462,0.158727782774489,0.381184723970737,0.55610788361903,0.000428965856471594,0.00107461950903189,-0.131753572316756,0.443693682329527,0.267456092685225,0.808444642393358,2.46809905301079e-09,3.18891653216761e-08,-0.116729675172217,0.497781852846641,0.391540203774525,0.0384492106549343,0.823818966584876,0.492168896190613,0.263088944921516,0.12107467576352,0.33237452901147,-0.595857077495417,0.000125918415816229,0.000430000915534226,0.575673545700303,0.000239287836063582,0.000737887415346331,-0.175317329866357,0.306436040041407,0.306350074197418,0.0831787062013662,0.629595440562055,0.999638761172362,-0.108180816745433,0.529987596151996,0.663230547363115,"blue",0.808444642393358,2.46809905301079e-09,3.18891653216761e-08,TRUE,TRUE
"K01875","blue",-0.121810236853446,0.479125261697067,0.68101282085408,0.568313738036622,0.000299322533058557,0.000802465529294304,-0.185952117308654,0.277548805483135,0.192823280839926,0.815924850743093,1.33373200357659e-09,1.89368503314993e-08,-0.0025846906271084,0.988063424966529,0.577112848716716,0.183624882822842,0.283713407171613,0.28193684855326,0.36134080524958,0.0303658015777133,0.256458517762687,-0.483908083299548,0.00278769605256672,0.00498160095227578,0.499333815291894,0.00193297623732075,0.00379839359863695,-0.0407061883442406,0.813653714970768,0.493775986991001,0.15649989153704,0.362034870724415,0.999638761172362,-0.189079008251089,0.269404206705594,0.543308881936733,"blue",0.815924850743093,1.33373200357659e-09,1.89368503314993e-08,TRUE,TRUE
"K01876","blue",-0.321615186761624,0.0557793651282879,0.208324081242618,0.560042573551812,0.000382562532901323,0.000972319900511775,-0.0516491285429932,0.76481968725112,0.381066467210117,0.86713885251279,7.92117732475435e-12,3.41152884366967e-10,-0.2154860610856,0.206884878093079,0.21573464068898,0.0795560120719104,0.644639126208361,0.436936846708333,0.24716698867126,0.146133961669644,0.350157489289392,-0.645121389408855,2.16020285934173e-05,0.000105032170874304,0.675755527242662,6.11300715697873e-06,4.65719856005995e-05,-0.0136543841828478,0.937001956865837,0.525917319819838,-0.123453817759104,0.47316885774911,0.999638761172362,-0.0953485311077864,0.58015113295314,0.672609821045075,"blue",0.86713885251279,7.92117732475435e-12,3.41152884366967e-10,TRUE,TRUE
"K01883","blue",-0.0973841567790427,0.572053607785876,0.747645795953176,0.566356106964104,0.00031740589850453,0.000836274451997833,-0.0772868358480702,0.654133940033234,0.344751220907861,0.73608960534098,3.11797792472256e-07,1.87376508737393e-06,-0.257298876390971,0.129785902832964,0.15411975299042,-0.161035437783687,0.348112579764707,0.316792176365555,0.132372408394688,0.441536916676636,0.490474605528489,-0.598221541504489,0.000116465832589349,0.000410911380440787,0.561067999336614,0.000371229748010049,0.00104586759693511,-0.142005302162677,0.408712757129358,0.354412693074223,-0.0641934012446871,0.70992899609675,0.999638761172362,-0.0223433952985999,0.897084559665596,0.739778262421501,"blue",0.73608960534098,3.11797792472256e-07,1.87376508737393e-06,TRUE,TRUE
"K01885","blue",-0.277063961985215,0.101856123663138,0.295976548169413,0.386882937721682,0.0197550548406997,0.0222177723372938,0.126908679967103,0.460776246971536,0.274559489413051,0.819275165597353,1.00328049367454e-09,1.47305941092652e-08,-0.258135820348104,0.12849877613242,0.153266056238957,0.332455040923128,0.0475814266451596,0.0978812245450748,0.261540757323184,0.123359915401238,0.332808964669976,-0.67041349171613,7.69851210708769e-06,4.6871904350156e-05,0.760545921609931,7.34948593336443e-08,1.71647935694656e-06,0.0938471513400901,0.586156147228238,0.425419475217527,0.203017383846699,0.235018244096151,0.999638761172362,-0.092274847560854,0.592474176901826,0.6778994599579,"blue",0.819275165597353,1.00328049367454e-09,1.47305941092652e-08,TRUE,TRUE
"K01887","blue",-0.11697183453624,0.496884308756529,0.693939357626825,0.420399809860439,0.0106828603663271,0.0137039721688278,0.111632402821815,0.516863991315235,0.297710018997179,0.857597949181986,2.38472236035238e-11,7.90048555715602e-10,-0.284564201870538,0.0925481843422594,0.120428255856985,-0.046821784099163,0.786264257838096,0.480241393657533,0.393736877863013,0.0175054826446424,0.219182693338762,-0.76402831438847,5.90033037321103e-08,1.08250349420159e-06,0.775288354441623,2.82529996432372e-08,8.26821085226997e-07,-0.121700791473196,0.479523279396245,0.385519373502114,-0.0251117546913766,0.884414124470945,0.999638761172362,-0.107064525360337,0.534266273861759,0.663674545876443,"blue",0.857597949181986,2.38472236035238e-11,7.90048555715602e-10,TRUE,TRUE
"K01890","blue",-0.209738171351144,0.219548956265454,0.45309104296317,0.441478784956333,0.00702981455133609,0.0100163247598092,0.090164522167656,0.601000695946518,0.327699245409356,0.798450649218501,5.39382677045587e-09,6.06009902341021e-08,-0.299122747181895,0.0763572633887335,0.103794900137537,0.166708257377386,0.331164110926699,0.307405499935033,0.320337528377633,0.0568154206188368,0.282482919236655,-0.655209399146743,1.44788645517175e-05,7.63322807228219e-05,0.734556462410485,3.39576666571654e-07,5.25849505975208e-06,0.106649502059893,0.535861268648312,0.405514582963576,-0.024167711104982,0.888731881690785,0.999638761172362,-0.0290717580450237,0.866339414668427,0.73089176141582,"blue",0.798450649218501,5.39382677045587e-09,6.06009902341021e-08,TRUE,TRUE
"K01904","blue",-0.383486630358086,0.0209561125741549,0.121521290216765,0.784504230585271,1.49767457203766e-08,2.77412060091146e-07,-0.288981615559457,0.0873798412690656,0.0828097363115404,0.829686906154952,3.9848034038551e-10,6.95754055676979e-09,0.00184685396435326,0.99147074116939,0.578137265676912,-0.141237750424796,0.41127611732926,0.345695147355338,0.214895006228838,0.208163235506333,0.383726425570292,-0.527512935022069,0.0009461316358592,0.00208298329824174,0.429474362299466,0.00894979458459379,0.0125992302239197,-0.405945126324148,0.0140289689246955,0.0570696056155538,-0.138585700605015,0.420202892941187,0.999638761172362,-0.17056895568242,0.319926532447085,0.577614260489372,"blue",0.829686906154952,3.9848034038551e-10,6.95754055676979e-09,TRUE,TRUE
"K01907","blue",-0.0925561964160401,0.591341436190398,0.764081295510669,0.525899661337425,0.000987284132173081,0.00205615510576794,-0.0745959835154956,0.665462719423279,0.348554363976562,0.815210002880393,1.41621267063673e-09,1.96755143209337e-08,-0.135177832462267,0.431831721641284,0.358079465979506,-0.0280002102224774,0.871224103346396,0.506076560865221,0.305374378434641,0.0701221518596369,0.302956412686892,-0.62546853026095,4.52458000647784e-05,0.000187522951174576,0.572622807416365,0.000262723005199168,0.000796364151747238,-0.231326458939692,0.174631583713969,0.233747430031396,-0.179969729173025,0.293572907168369,0.999638761172362,-0.04721939556082,0.784491843384276,0.718933881001068,"blue",0.815210002880393,1.41621267063673e-09,1.96755143209337e-08,TRUE,TRUE
"K01919","blue",-0.331704104225855,0.0481161994020191,0.193046897093176,0.617816903603232,5.95329245164578e-05,0.000221888702462531,-0.112192700909668,0.514748907895558,0.296735244285372,0.893665084078487,2.22066869262369e-13,2.04944515546896e-11,-0.135241717639216,0.431612099033457,0.358054600969832,-0.0736542164445739,0.669445116168353,0.44500892222519,0.263204420793437,0.120905501162713,0.332354434547843,-0.66488916684111,9.7247483381555e-06,5.67294380698051e-05,0.627783629469256,4.1580938176205e-05,0.000200130845278767,-0.165130164441145,0.335826883333369,0.320999846631325,-0.011252685188969,0.948066261539817,0.999638761172362,-0.196343064225659,0.251093763544362,0.535800407647238,"blue",0.893665084078487,2.22066869262369e-13,2.04944515546896e-11,TRUE,TRUE
"K01939","blue",0.032183777311916,0.852181408690641,0.925849525880689,0.464413318540771,0.00432568139251781,0.00680589628068347,-0.0760634000322433,0.659275495960288,0.346705375016753,0.700090201307239,2.00874923185206e-06,9.57716565554943e-06,0.089957626290243,0.601839475162241,0.44112606253913,-0.139854519420864,0.41591857255435,0.347190528650258,0.381700856155798,0.0216116114690773,0.232343112058284,-0.579728584979444,0.000211039204630287,0.000638213498625845,0.471404830047184,0.00370583186544307,0.0063399330074971,-0.511966910265897,0.00141383660695623,0.0134200806435729,-0.0178374588581727,0.917760003381411,0.999638761172362,-0.334289739570151,0.0462949156835692,0.282474251206645,"blue",0.700090201307239,2.00874923185206e-06,9.57716565554943e-06,TRUE,TRUE
"K01965","turquoise",0.329107073085464,0.0500029288215714,0.197402339146325,-0.602226543950337,0.000101901869708064,0.000338521417422765,0.802881951671799,3.83461432134458e-09,4.59813439327024e-08,-0.119375899990798,0.48801871507013,0.255490295052106,-0.479373682301902,0.0030946764382426,0.00841944925954118,0.000143927333255804,0.999335293586935,0.541137972145991,-0.27386202403416,0.106039856175113,0.324505922882939,-0.426621665709354,0.00946670274509416,0.0130139090430148,0.449880202685282,0.00590651701861986,0.0091465031671133,0.255322622121226,0.132863058197685,0.203047905912653,0.208630535647452,0.222049118654509,0.999638761172362,-0.262151272966527,0.122454939569277,0.416933700373305,"turquoise",0.802881951671799,3.83461432134458e-09,4.59813439327024e-08,TRUE,TRUE
"K01966","blue",-0.428270212549819,0.00916497335351194,0.0739793010396386,0.570227680806445,0.000282538590880088,0.000764172063540981,-0.184009217659097,0.282689288855808,0.19503628750595,0.773592189241329,3.16516374545846e-08,2.6555594496636e-07,-0.0659074055912263,0.70253241841544,0.483580152689057,-0.0303218306097891,0.860647082818588,0.503408608647351,0.216952249526198,0.203737268960173,0.382281199350127,-0.512399345294382,0.00139848378515383,0.00282569032194567,0.55897517982068,0.00039468591097686,0.00108550873065501,-0.198258613824124,0.246406945976531,0.277444254305284,0.0246917181980985,0.886334841353529,0.999638761172362,-0.0621227709054274,0.718899432406431,0.704130620767717,"blue",0.773592189241329,3.16516374545846e-08,2.6555594496636e-07,TRUE,TRUE
"K01972","blue",-0.267028028130526,0.115403042035841,0.31747705973358,0.434170121467544,0.00815132568370303,0.0112599585457236,-0.0180199984279587,0.916921297490337,0.424790654154609,0.744769633681064,1.90177935660732e-07,1.24731018717887e-06,-0.162280845657484,0.344347363460916,0.307407384922553,-0.212791452566402,0.212757220341226,0.238657214934047,0.191894404273298,0.262206348092081,0.411364847313359,-0.650913734669932,1.7198914993373e-05,8.66755398161107e-05,0.5763377363077,0.000234440867315832,0.00072925480305937,-0.335887899080199,0.0451971942775038,0.117174527653899,-0.0384268935286877,0.823919625143424,0.999638761172362,-0.189301448440996,0.268830850134469,0.543308881936733,"blue",0.744769633681064,1.90177935660732e-07,1.24731018717887e-06,TRUE,TRUE
"K01999","brown",-0.239722943116198,0.159069946973657,0.381184723970737,0.263746807192285,0.120113256042492,0.0892098739849424,-0.75832959717335,8.43593611619101e-08,6.9545007038439e-07,-0.363407577337079,0.029362142970395,0.0326879780292756,0.885419332049061,7.40321350625179e-13,3.0283499499071e-10,0.263816262381624,0.120012086281462,0.171777278532349,0.0710287335315181,0.680594024687876,0.558333209416987,0.80353024172966,3.64529068945534e-09,1.19674829535961e-07,-0.810056436705953,2.16649826826212e-09,1.40296592213758e-07,-0.399272427845786,0.0158489302286926,0.0609819251507114,0.0676880046069801,0.69487685593785,0.999638761172362,0.037848991832262,0.826527136118904,0.727293826981827,"brown",0.885419332049061,7.40321350625179e-13,3.0283499499071e-10,TRUE,TRUE
"K02003","brown",-0.168526199522536,0.3258424932553,0.550201038214079,0.0239101362634661,0.889910500669381,0.348805057476183,-0.430416526210874,0.00878444961355915,0.0137984489387933,-0.300851025846697,0.0745919309531402,0.0669748303996366,0.821630039351025,8.18444295173688e-10,5.94351939113191e-08,0.434421885894966,0.00811029300803718,0.0365254425335445,0.090933506989852,0.597887575334508,0.53471659518587,0.570376539266243,0.000281269176596722,0.000804620894556877,-0.522581943321903,0.00107691748922052,0.00237131695273569,-0.370653845553433,0.026056129937906,0.0831866485456142,0.263799963140568,0.120035822344115,0.999638761172362,-0.0894286447362724,0.60398631461128,0.682914970469433,"brown",0.821630039351025,8.18444295173688e-10,5.94351939113191e-08,TRUE,TRUE
"K02005","purple",-0.169606801164022,0.32270458728072,0.548625507295186,-0.117060962956648,0.496554168992976,0.243498433020276,-0.0311908351132857,0.856694035788149,0.408450289619738,-0.0399342737506923,0.81712707419636,0.352393880439274,0.120634823005901,0.483408859346386,0.384711753777142,0.435312605874589,0.00796653685437837,0.0361670192719782,0.0181739282667999,0.916214111965166,0.610238312041933,0.148489443470303,0.387423216327014,0.221382557588811,-0.0510589900454741,0.767432394651946,0.37276877060928,0.241135039152751,0.156554608029846,0.219550064868361,0.862033467296949,1.44325824090449e-11,6.70702722523185e-09,-0.0451564981858014,0.793698930349893,0.72187316526232,"purple",0.862033467296949,1.44325824090449e-11,6.70702722523185e-09,TRUE,TRUE
"K02014","brown",-0.220282129184817,0.19671274280651,0.426279705018569,0.346275114098526,0.0385630615203854,0.0376246311436026,-0.500042085241895,0.0018999728308423,0.00380762496350613,0.0327121942000376,0.849781784596608,0.360461764494066,0.747539464021779,1.61750322804155e-07,3.3195960165728e-06,0.279327295394798,0.0989753481195583,0.154099110621444,0.157605385644,0.358611136399241,0.452573445277809,0.252423535424961,0.137474258641413,0.102638498924881,-0.306498412266121,0.0690446737270684,0.0620209558946612,-0.511007754332764,0.00144842005332364,0.0136748247728878,0.127353999774359,0.459191596770381,0.999638761172362,-0.278082237941377,0.100552273186756,0.385263150467984,"brown",0.747539464021779,1.61750322804155e-07,3.3195960165728e-06,TRUE,TRUE
"K02027","green",-0.269709046940309,0.111658507860699,0.311246894662256,0.126328185923061,0.462846284861179,0.232853261463901,-0.680289198944681,5.00777876212323e-06,2.62307498566608e-05,-0.359185867256379,0.0314420682463226,0.0346924345450774,0.739609355934348,2.55750687643924e-07,4.43014782721669e-06,0.388684284717597,0.0191416872272939,0.0571299577897536,0.159356901517311,0.353226635666913,0.452263139863404,0.791453735799721,9.09042022920537e-09,2.61241920841451e-07,-0.742970535643842,2.11036487227639e-07,3.66652924776921e-06,-0.0489964185969845,0.776583646788865,0.485675516215399,0.117080790257029,0.496480742063062,0.999638761172362,0.101186204952551,0.557068453163055,0.669045533848743,"green",0.791453735799721,9.09042022920537e-09,2.61241920841451e-07,TRUE,TRUE
"K02028","red",0.0922412455182985,0.592609525850166,0.764983645869282,0.115435763316059,0.502591562765204,0.245180509785659,0.454888519981692,0.00531329172012423,0.00902715981713422,0.618804940268784,5.74835423812906e-05,0.000167707933217558,-0.54983222397829,0.000513404701563358,0.00193873184157038,-0.245155448367176,0.149551087976112,0.195215063504683,0.0473838491062199,0.783759077746441,0.581556530953453,-0.82204388851159,7.89432051692974e-10,3.73485612082965e-08,0.785117344767762,1.43419155632233e-08,4.98350342847328e-07,0.102614695905533,0.551485901628293,0.411427080481633,-0.0122341130730176,0.943543682865973,0.999638761172362,-0.299469134743492,0.0760008676395755,0.346042773493163,"red",0.785117344767762,1.43419155632233e-08,4.98350342847328e-07,TRUE,TRUE
"K02029","blue",-0.243477727859571,0.152445366329915,0.372889463106742,0.450297333824632,0.00585502321800199,0.00865684073696703,0.0576386578375456,0.738451468778541,0.373193531102481,0.760808830304877,7.22956029423706e-08,5.30737510368725e-07,-0.3211673483347,0.0561407935768215,0.0822330918767569,-0.255568665153531,0.132477040764301,0.181424589715814,0.182312263101048,0.287229150086042,0.424316315241162,-0.679574449746571,5.16891765840198e-06,3.45260292616195e-05,0.598260219599439,0.000116316663309982,0.000423815303751459,-0.0488474287943662,0.777245851866202,0.485917531292688,-0.0982490624629817,0.568628698517389,0.999638761172362,-0.208483996657423,0.222381339988234,0.515654658270638,"blue",0.760808830304877,7.22956029423706e-08,5.30737510368725e-07,TRUE,TRUE
"K02031","greenyellow",-0.153082172793099,0.372742692035222,0.594940103302655,0.207841532639124,0.223841893279155,0.139699004540885,-0.436744080040107,0.00774007052001404,0.0123681404976136,0.0072989840205016,0.966300328679153,0.388702341944388,0.405522807668466,0.014138685503262,0.028735663300617,0.112121218922884,0.515018507784106,0.389896040644138,0.842746560167631,1.14190807160623e-10,2.19648515358176e-08,0.293078439956619,0.0827880746671724,0.069081437772285,-0.298834602200718,0.0766547242386672,0.0675911788537384,-0.109596129432662,0.524586807598532,0.401587551738017,-0.0225465839933598,0.896153699023877,0.999638761172362,0.0466819489677917,0.786887846547143,0.720203587632214,"greenyellow",0.842746560167631,1.14190807160623e-10,2.19648515358176e-08,TRUE,TRUE
"K02034","brown",-0.494013373193358,0.00219737250066797,0.0314237738402301,0.639034400723695,2.73107231698362e-05,0.000115527978488094,-0.888006584224034,5.12558374958339e-13,2.12481258861753e-11,0.140612041595505,0.413372496690111,0.229424169660004,0.741303547519114,2.32224377213682e-07,4.13646970202027e-06,0.160355561742362,0.35017853999208,0.317850937657968,0.23499820998767,0.16769820615576,0.362477313041655,0.487222059474979,0.00258046312633085,0.00469796417250461,-0.559344271928986,0.000390455595076521,0.00108012962620028,-0.437258437190386,0.00766005288138814,0.0396897215863556,0.0552366960502978,0.748992455394579,0.999638761172362,-0.00467427280303737,0.978415097637846,0.754575120686298,"brown",0.741303547519114,2.32224377213682e-07,4.13646970202027e-06,TRUE,TRUE
"K02037","turquoise",0.227916666530634,0.181251138178941,0.410591888924857,-0.286049179914712,0.0907852638332228,0.071893549489186,0.726063000165467,5.39273430924988e-07,3.65628963670952e-06,0.178733413995458,0.296956847934735,0.181754711687068,-0.760968176939984,7.15775640194533e-08,1.93066436233014e-06,-0.15380401721611,0.370465668932744,0.328399982786352,-0.183034911281565,0.285290138211587,0.424198471140672,-0.668631027851689,8.30571820675245e-06,4.99063664166982e-05,0.69936198053177,2.08005276273909e-06,2.0022766964389e-05,0.273723378336591,0.106223909175534,0.181196906048882,0.00255509392319764,0.988200098396474,0.999932767264777,0.0745644354161622,0.665595980024851,0.695457719793618,"turquoise",0.726063000165467,5.39273430924988e-07,3.65628963670952e-06,TRUE,TRUE
"K02038","red",0.198135673562494,0.246705976029095,0.477590695100432,0.0972808379567909,0.572463361459655,0.266500765562384,0.47605275721337,0.00333778368844238,0.00611474495429393,0.568981258472387,0.000293370309863334,0.000662675168809084,-0.572073577682962,0.000267153669215107,0.00116224937125136,-0.167240921063439,0.32959932804625,0.306872305033538,-0.0103453103598414,0.952249017204694,0.618447451293321,-0.824941739015969,6.1153652065992e-10,3.11654121499069e-08,0.845353334909062,8.77835094788078e-11,1.38957466311674e-08,0.0734315272583538,0.670388093511929,0.457692313404922,-0.148637836633907,0.386943685394466,0.999638761172362,-0.0769700563596251,0.655463732062973,0.694236608794815,"red",0.845353334909062,8.77835094788078e-11,1.38957466311674e-08,TRUE,TRUE
"K02040","turquoise",0.425491000777687,0.00967850026429178,0.0758654490596173,-0.42311779694143,0.0101361945881208,0.0131545456742364,0.746523253366453,1.71690600189266e-07,1.31110737058858e-06,0.0846631963045402,0.623472614549815,0.297403992993055,-0.796319655335825,6.33666764670012e-09,2.74034116012805e-07,-0.322243248617499,0.0552756077600616,0.107574247800711,-0.218537055853071,0.200372618641996,0.38059729337503,-0.634139172092461,3.28588847561037e-05,0.000148410725470644,0.620611984374498,5.38995593840497e-05,0.00024223528777043,0.34107726976921,0.0417764847738797,0.112605458090848,-0.113660024424038,0.509230301931737,0.999638761172362,0.0271961268051329,0.874892639581186,0.733110390009873,"turquoise",0.746523253366453,1.71690600189266e-07,1.31110737058858e-06,TRUE,TRUE
"K02047","turquoise",0.402370998350502,0.0149805651707738,0.100271149178039,-0.472411705944368,0.0036232451631114,0.00589022245834691,0.78199825079628,1.78515555981283e-08,1.81127907688033e-07,0.0307285448403343,0.858796544105421,0.362618058459416,-0.676103167027166,6.02097368780872e-06,5.63382831482625e-05,0.0271791108343096,0.874970300981182,0.507305288555318,-0.275199123328279,0.104277223264628,0.321991072678156,-0.566882386043237,0.000312450996064876,0.000866791168575716,0.61650557553526,6.23547728581116e-05,0.00026757348469371,0.470627709964589,0.00377068557436837,0.0255063702578163,-0.0343940340897062,0.842153228284746,0.999638761172362,-0.0129132922565653,0.940414924134835,0.749728898311157,"turquoise",0.78199825079628,1.78515555981283e-08,1.81127907688033e-07,TRUE,TRUE
"K02055","brown",-0.302288434132989,0.0731480968047475,0.24581689969612,0.403733342889086,0.0146116360523617,0.0173577107416123,-0.76243617302286,6.5265478145844e-08,5.70454193458102e-07,-0.0812921566311573,0.637411750560693,0.301012505694444,0.957880875636223,5.3349876712358e-20,1.00730578051921e-16,0.409297511406772,0.0131832160440457,0.0472836749405192,0.155551924171448,0.364986262127514,0.456157660752525,0.588350513609263,0.000160674233585895,0.000520818024377262,-0.589128296793801,0.00015671081947741,0.000535395089287892,-0.52287467627652,0.00106872966517625,0.0107819835124759,0.151382722339172,0.378136120390676,0.999638761172362,-0.149570512489016,0.383937678762963,0.606517066586082,"brown",0.957880875636223,5.3349876712358e-20,1.00730578051921e-16,TRUE,TRUE
"K02056","greenyellow",0.0275049740226676,0.873483252357968,0.934889966059318,0.202668894534762,0.235839958047272,0.145394002236149,-0.323428468957834,0.0543348310083308,0.0586452308358548,0.105997066371615,0.53837329455405,0.272573358660501,0.485429148278359,0.00269084447283535,0.00754920882099565,0.0982099852995631,0.568783236665458,0.413317230463052,0.713319836035251,1.04652265035948e-06,9.34322515074542e-05,0.158918361677227,0.354570187487693,0.20849737925204,-0.186658453726788,0.27569516448762,0.176209994341966,-0.22889193824542,0.17933991825147,0.237758908898328,0.0704612656770404,0.683012619575412,0.999638761172362,-0.248034576350801,0.14467788568654,0.44502262228014,"greenyellow",0.713319836035251,1.04652265035948e-06,9.34322515074542e-05,TRUE,TRUE
"K02058","brown",-0.138082806097343,0.421907803504845,0.634870578157224,0.297071194897605,0.0784948436405382,0.0652184090333534,-0.666750436636694,8.99341028327851e-06,4.46875861201056e-05,-0.325209323231265,0.0529452950265951,0.0515121722433047,0.879853251304249,1.5861851769935e-12,4.27842332332712e-10,0.217218809409538,0.203168614887508,0.233025971808348,0.0667540956515647,0.698888483924779,0.562565951866457,0.710601223066981,1.20006386130065e-06,1.21417053681614e-05,-0.715103936484901,9.557911028607e-07,1.1296103475085e-05,-0.50465602768306,0.0016968119223573,0.0149786460701082,0.0251877829363841,0.884066536231176,0.999638761172362,-0.11242410498052,0.513876630044728,0.655665360721866,"brown",0.879853251304249,1.5861851769935e-12,4.27842332332712e-10,TRUE,TRUE
"K02073","blue",-0.0843014082692854,0.62496255252148,0.787070531688879,0.460893077411026,0.00467039708080033,0.00727337477773481,0.100380365648239,0.560229231065081,0.313963423321229,0.717073603593655,8.6404712649007e-07,4.52630550852988e-06,-0.38572408496756,0.0201582452361015,0.0376841962307674,-0.328840204563348,0.050200116276507,0.101077056369053,0.0897224785091462,0.602793402405182,0.536148142198027,-0.71927597149784,7.71083941871337e-07,8.62602650419633e-06,0.619881098140872,5.5324086775773e-05,0.00024707854066771,-0.159082484281058,0.354067005620465,0.328566027109186,-0.15629194194629,0.362681072674759,0.999638761172362,-0.125480673008996,0.465877382310121,0.641008910994318,"blue",0.717073603593655,8.6404712649007e-07,4.52630550852988e-06,TRUE,TRUE
"K02081","blue",-0.206535896082663,0.226830227320923,0.461378834486742,0.57266680004257,0.000262370974383506,0.000717563074140648,-0.0184765639961063,0.91482392595334,0.424537117871289,0.766863014577494,4.92078516411343e-08,3.9736991972486e-07,-0.078126722471632,0.650613304520359,0.461434665826754,0.1900250847364,0.266971161351172,0.271153268633125,0.104386159141057,0.544599711296255,0.52475467160561,-0.548023696983136,0.000540337285751939,0.0013135988104411,0.596932312394947,0.000121537545173377,0.000441708594877853,-0.16264280510326,0.343257732304609,0.324076522582881,0.118722866812403,0.490418845266196,0.999638761172362,-0.128172438767002,0.456286839051472,0.635559631051125,"blue",0.766863014577494,4.92078516411343e-08,3.9736991972486e-07,TRUE,TRUE
"K02108","turquoise",0.533025331080846,0.000816723833674938,0.0178527321002047,-0.625130187906886,4.58052095078247e-05,0.000177206483718604,0.77817107897165,2.32403477699735e-08,2.27838046427473e-07,-0.235888369439871,0.166047479658175,0.12116506679741,-0.623381067150638,4.87982250489531e-05,0.000291571350906149,-0.405079473668481,0.01425463861625,0.0492867693944764,-0.301907817538152,0.0735282720177003,0.308130222717068,-0.414415552477421,0.0119752197579785,0.0157080488978793,0.398615861641595,0.0160382560568754,0.0198170631064868,0.164750860532229,0.336953594391028,0.321390120418157,0.020671730572278,0.904747918724392,0.999638761172362,0.160167344122442,0.350751792766213,0.594964916798725,"turquoise",0.77817107897165,2.32403477699735e-08,2.27838046427473e-07,TRUE,TRUE
"K02109","turquoise",0.355443752681303,0.0333851779326386,0.158297434564151,-0.23597081425204,0.165895185323844,0.113111121675505,0.743169661051654,2.08628316811931e-07,1.55232976125403e-06,0.326977237448015,0.0515940478177065,0.0504339764194198,-0.677140887152743,5.75371951720971e-06,5.48670237779389e-05,-0.146208431933834,0.394837731807807,0.338167009746783,0.0657829460752743,0.703068613087851,0.563608782442114,-0.786331587742935,1.31575369660217e-08,3.6300934383948e-07,0.83963420079356,1.55358515660826e-10,1.7401023191233e-08,0.18544769986874,0.278877499751464,0.291969223070572,-0.0310689705702759,0.857248185274712,0.999638761172362,-0.0407481358764767,0.813465064608316,0.724724278932955,"turquoise",0.743169661051654,2.08628316811931e-07,1.55232976125403e-06,TRUE,TRUE
"K02110","turquoise",0.58633759833076,0.000171352775271929,0.00743214103946115,-0.734208969442131,3.46181443224769e-07,3.28069525593017e-06,0.829850563319082,3.92545713964663e-10,7.11943605808115e-09,-0.369045417603083,0.0267620706562201,0.03033160755652,-0.523682793229642,0.00104641097540221,0.00349070992666901,-0.229265252282752,0.178612143195239,0.215895404655003,-0.33464274235249,0.0460506244428648,0.277070779184685,-0.297234721233397,0.078322773083899,0.0665876490707827,0.314126425979531,0.0620717294157232,0.056978837653275,0.241549816300264,0.155821277290517,0.219205719633011,0.0155870919864371,0.928106564035005,0.999638761172362,-0.00477040591085027,0.977971279901596,0.754575120686298,"turquoise",0.829850563319082,3.92545713964663e-10,7.11943605808115e-09,TRUE,TRUE
"K02113","turquoise",0.607136087457052,8.62968507599452e-05,0.00467872759203503,-0.546886843026689,0.000557903485888161,0.00132125515296292,0.823884588823412,6.7159748344092e-10,1.08270936098046e-08,-0.0249056495913833,0.885356508731335,0.368455894883462,-0.569708168287261,0.000287009047056851,0.00122904337529565,-0.17005921111507,0.321396465722483,0.30297020722988,-0.0145300611568773,0.932970611183492,0.613317999061933,-0.55374574361485,0.000459173167030282,0.00116142679711329,0.568437029897476,0.000298215091604253,0.000875990378239846,0.232642981815083,0.172122479453207,0.232385396790817,-0.0602729544065187,0.726944700166234,0.999638761172362,-0.113227880641509,0.510852514490503,0.654852410249084,"turquoise",0.823884588823412,6.7159748344092e-10,1.08270936098046e-08,TRUE,TRUE
"K02117","magenta",0.0385029570588337,0.823576561631255,0.909985888369398,-0.234888827616189,0.167901855717762,0.114034117987909,0.114565657148625,0.505839051689113,0.293339393859035,-0.309869288833424,0.0658911451207173,0.0610723804528395,-0.241228152831478,0.15638976482361,0.176815267122501,0.126266434082724,0.463066782557927,0.367304588168843,-0.0565043255422953,0.743423756930355,0.573393867334876,0.180734648210543,0.291491656443203,0.180345614542716,-0.0799827705763571,0.642859569933232,0.330157459047601,0.362402800447778,0.0298466209838635,0.0901236974984694,0.0241089064946419,0.889000941054373,0.999638761172362,0.805360791821634,3.156469480089e-09,1.09065029377374e-06,"magenta",0.805360791821634,3.156469480089e-09,1.09065029377374e-06,TRUE,TRUE
"K02118","magenta",0.0246977307491443,0.886307343006198,0.942867561280773,-0.0934502974404694,0.587748017380129,0.271346990248637,-0.00590038102141248,0.972755047059383,0.43927663938303,-0.208361594346608,0.222659100990115,0.148856566033663,-0.163836872508427,0.339678090845099,0.305117657518158,0.114108645779836,0.507548965286848,0.387098556758087,0.0437556593102319,0.799966903494288,0.585770013825122,0.172697951941452,0.313832702416689,0.190317156984317,-0.110609160681715,0.520737718589026,0.285776033953581,0.227098580601599,0.18286542322875,0.23914795670754,-0.171156883157127,0.318236369329746,0.999638761172362,0.837570335482304,1.89866047717903e-10,1.17493115940406e-07,"magenta",0.837570335482304,1.89866047717903e-10,1.17493115940406e-07,TRUE,TRUE
"K02277","brown",-0.235389706345831,0.166970764884933,0.392042395669723,0.246460218533843,0.147328029817118,0.103570867987434,-0.671490670690967,7.35147684845426e-06,3.72952825499741e-05,-0.277622499942138,0.101139362281334,0.0836440989485949,0.744145249738198,1.97191432694523e-07,3.87832960493139e-06,0.321162193215936,0.0561449648345925,0.108405589396269,-0.0256740882095922,0.881843737853193,0.603193934039238,0.63614864294757,3.04684039424645e-05,0.000139207092769624,-0.672862222740103,6.93026346541588e-06,5.14233035700655e-05,-0.422441527063648,0.0102699393671625,0.0476042775706988,0.0797544990474497,0.643811205261065,0.999638761172362,0.125241965064934,0.466733008581998,0.641008910994318,"brown",0.744145249738198,1.97191432694523e-07,3.87832960493139e-06,TRUE,TRUE
"K02283","brown",-0.207658850585809,0.224258389107464,0.457374633082496,0.125066129737383,0.467363806051745,0.234162349390556,-0.438056901278982,0.00753723969245762,0.0120973219002119,-0.0517014623488741,0.7645881138144,0.33760041029045,0.803724655040468,3.5902279441339e-09,1.81104013437246e-07,0.176683900005331,0.302621259999026,0.292956025719645,0.0924970346662752,0.591579548803731,0.53210537452696,0.306716903449429,0.0688367478882084,0.0605825478708271,-0.371059206942667,0.0258806624602609,0.0285640124891532,-0.609303098512872,8.01219717404946e-05,0.00172506960693965,0.199549659497862,0.243281358579517,0.999638761172362,-0.399181484521462,0.01587504192646,0.177806531413006,"brown",0.803724655040468,3.5902279441339e-09,1.81104013437246e-07,TRUE,TRUE
"K02291","blue",-0.363722728531917,0.0292115227258821,0.146192436041992,0.607766040440056,8.44590186270719e-05,0.000293329123212849,-0.263202383511065,0.12090848429314,0.105616673641882,0.799093894886465,5.13588482170074e-09,5.92485627293484e-08,0.078252009876824,0.650088760219466,0.461434665826754,0.12904383567596,0.453205004866064,0.362538424049617,0.29712964808218,0.0784333025833214,0.30930536019383,-0.44658904617924,0.00632664388537294,0.00938079518921288,0.391777881413206,0.0181254023763917,0.0218649866082683,-0.274411818587514,0.105312377517954,0.180338976185941,0.0699364500932639,0.685252197405106,0.999638761172362,-0.328655565685512,0.0503369086551626,0.295820242361089,"blue",0.799093894886465,5.13588482170074e-09,5.92485627293484e-08,TRUE,TRUE
"K02314","brown",-0.420304231303893,0.0107025307239721,0.0806537210594294,0.450899884035826,0.00578132214421391,0.00858774521555265,-0.790307566317505,9.88330306268891e-09,1.0544076433318e-07,-0.0185902944529308,0.914301558385365,0.375582933893432,0.751198163922672,1.30190208773324e-07,2.73126424913857e-06,0.337259261254646,0.0442720436657615,0.0940717867913936,0.193947247368638,0.257038770786807,0.408403428428407,0.569967025536165,0.000284773712399106,0.000812186307125709,-0.566317852829488,0.000317768781400027,0.000925792858168213,-0.261913258158092,0.122807161161474,0.193594125776494,0.204615360378393,0.231275127875592,0.999638761172362,-0.0179046268858512,0.91745137942251,0.745063345275269,"brown",0.751198163922672,1.30190208773324e-07,2.73126424913857e-06,TRUE,TRUE
"K02338","blue",-0.328230185942806,0.0506531926877083,0.198763372512805,0.567003056853126,0.000311324669181837,0.00082380301385142,-0.276277546825425,0.102871853115386,0.0931125845921469,0.768629146498894,4.38889520706897e-08,3.58904324339434e-07,0.1477356681281,0.389864371545628,0.332779321284451,0.0945343005001382,0.583404364540368,0.417178555327233,0.22877057847324,0.1795769617685,0.372603804819738,-0.459837765535614,0.00477825554538715,0.0075308198267809,0.39278049711271,0.0178058726643017,0.021559350910567,-0.404961537115276,0.0142856192068067,0.0574550245196999,0.0397347357650696,0.818025489852881,0.999638761172362,-0.260391514346875,0.125076968307068,0.422375261898237,"blue",0.768629146498894,4.38889520706897e-08,3.58904324339434e-07,TRUE,TRUE
"K02400","turquoise",0.335220472290683,0.0456530510503764,0.186777109378556,-0.583067189095427,0.000190065638339711,0.00054416117240385,0.815625041225349,1.3677659707873e-09,2.00457329754152e-08,-0.0902449706934511,0.60067468476963,0.290808429432662,-0.551936710515702,0.000483573030460427,0.00186334768300181,0.131970690278773,0.442936329814881,0.360096209330621,-0.325777568435379,0.0525079309686239,0.282482919236655,-0.413045887702165,0.012288930267028,0.016053996856673,0.516153262118966,0.0012712534886373,0.0026910920317887,0.384159370814971,0.0207135007777378,0.0714975460208356,0.187822865888732,0.272657043006328,0.999638761172362,-0.240875846939781,0.157014129900938,0.454513735120685,"turquoise",0.815625041225349,1.3677659707873e-09,2.00457329754152e-08,TRUE,TRUE
"K02401","turquoise",0.315428927688719,0.0609387848970535,0.220504857920039,-0.681303059337046,4.78706802938948e-06,2.74752601111011e-05,0.763022068581655,6.2892976617716e-08,5.56421166737594e-07,-0.204110215038829,0.232453986381126,0.153158100433567,-0.486135807147915,0.00264685657171445,0.00745904988535673,0.251853136506799,0.138395223121933,0.186534846766299,-0.204628829286693,0.231243751079985,0.396501809385508,-0.25018831371165,0.141109194567491,0.10478379765894,0.399129911169995,0.0158898657378751,0.0197033151491224,0.536727769604252,0.000738854937351259,0.00836187034042654,0.372665626799075,0.0251948620856947,0.780560822521571,-0.172770791931981,0.313625511520184,0.572924230554223,"turquoise",0.763022068581655,6.2892976617716e-08,5.56421166737594e-07,TRUE,TRUE
"K02419","turquoise",0.337177777247795,0.0443265846520932,0.183473417428046,-0.638197677970528,2.81942482360002e-05,0.000118854146588409,0.818577807223811,1.06504162503365e-09,1.64393283166722e-08,-0.191139649651601,0.264123385381231,0.167211860272207,-0.634045252067229,3.29746601891749e-05,0.000216773734135216,0.00886604237549265,0.959070692631971,0.531246144582035,-0.31062613036092,0.0651989359240592,0.298839851561877,-0.381835240929585,0.021561697485305,0.0248689097137235,0.473150198958651,0.0035636920935878,0.00616895773938248,0.377022605204368,0.023410058227617,0.0771401153856639,0.121785013298782,0.479216976387317,0.999638761172362,0.0779008370465069,0.651559442996413,0.694236608794815,"turquoise",0.818577807223811,1.06504162503365e-09,1.64393283166722e-08,TRUE,TRUE
"K02433","blue",-0.270854678799464,0.110086637779531,0.307920750384192,0.593036211627362,0.000138094470710346,0.000428481311608624,-0.154844813482765,0.367197090018974,0.233264404776061,0.773037463638997,3.28426807923346e-08,2.73771016034014e-07,0.0962020943160844,0.57674949595432,0.428316360133467,0.087679755044883,0.611107334312456,0.425504704234988,0.304776047192303,0.0707010501905993,0.303582756837854,-0.506113639654213,0.00163672452957527,0.00322652035600958,0.448551961656049,0.00607308912923948,0.0093637355631226,-0.345332665066015,0.0391303214361677,0.108794900105779,-0.0302549519492401,0.860951449157876,0.999638761172362,-0.206208633968492,0.227583501852234,0.51782389517593,"blue",0.773037463638997,3.28426807923346e-08,2.73771016034014e-07,TRUE,TRUE
"K02434","blue",-0.239548485796887,0.159382719418152,0.381184723970737,0.506722826177859,0.00161217097466356,0.00303681417450412,-0.181379455028303,0.289744593074579,0.198581973919887,0.750766700644472,1.33591377938137e-07,9.03702801928876e-07,-0.124407105723244,0.46973202172314,0.378095829121189,0.0943639612929497,0.584085974874731,0.417178555327233,0.260525984831504,0.124875145486953,0.333535210428696,-0.487173843232768,0.002583379052299,0.00469796417250461,0.466494921296709,0.00413238521327112,0.00690719717595045,0.0585393751625292,0.734510637792874,0.475011682181482,0.0204106299943257,0.905945656848901,0.999638761172362,-0.195211075977118,0.253891169346661,0.538520006667207,"blue",0.750766700644472,1.33591377938137e-07,9.03702801928876e-07,TRUE,TRUE
"K02435","blue",-0.330496829416587,0.0489860466385915,0.194806368845157,0.50887605049436,0.00152795762971334,0.00289603238138225,-0.0785228636542327,0.648955335196812,0.343448289395212,0.874455542879749,3.20674737570599e-12,1.47974637004241e-10,-0.163281073210807,0.341341443055817,0.306171545233069,0.229051462631535,0.179028668547548,0.215926241439696,0.372902343416598,0.0250950863324919,0.244220579202278,-0.571871151536087,0.000268803430827806,0.000780316349606886,0.630566692398934,3.75320692968845e-05,0.000183747304686671,0.0568529768914971,0.741894362628158,0.478309230729016,0.128722405844494,0.454340484432033,0.999638761172362,-0.0886551386129003,0.607131440226028,0.684349125075351,"blue",0.874455542879749,3.20674737570599e-12,1.47974637004241e-10,TRUE,TRUE
"K02440","brown",-0.260258484866902,0.125276867209471,0.331591252263963,0.275312433613465,0.10412887961288,0.0799111234819566,-0.50150851317989,0.00183320762266132,0.00370969188252928,0.00103934269548243,0.995199981576974,0.395554755871075,0.72474280755717,5.78590054501926e-07,8.46855202659335e-06,0.304562318179876,0.0709087424400162,0.125483919752247,0.202988966603956,0.235085177423077,0.396501809385508,0.33812517648615,0.0436957811758384,0.0427879539875756,-0.365233048220532,0.0284984797877622,0.0308515694057186,-0.497757768876894,0.00200822398351405,0.016883469681453,0.0607281403570624,0.724962286720434,0.999638761172362,-0.270065449977092,0.111167702074231,0.399093671639336,"brown",0.72474280755717,5.78590054501926e-07,8.46855202659335e-06,TRUE,TRUE
"K02472","magenta",0.0851099799687516,0.621634671697534,0.785311684284302,-0.0937057952690912,0.58672293916368,0.271007723843843,0.081700726741164,0.635715663426791,0.33901855615844,-0.103048548490541,0.549795618551342,0.275673468361848,-0.23550459483923,0.166757720490637,0.184459709537133,-0.223179930877811,0.190739045222795,0.224325723404442,0.106944305076661,0.53472806225776,0.523351842408358,-0.0465212239350729,0.787604754115485,0.36526244630331,0.0723542987132094,0.674956601239931,0.342444505630426,0.0577700142315138,0.737876344785998,0.476612637554638,-0.0383377749414076,0.824321610758478,0.999638761172362,0.795639864542615,6.6681757470964e-09,1.49690298811152e-06,"magenta",0.795639864542615,6.6681757470964e-09,1.49690298811152e-06,TRUE,TRUE
"K02478","blue",-0.0909762133174103,0.597714890358703,0.767917274224669,0.476961837329151,0.00326963879578091,0.00542355572497681,-0.0859289862429332,0.618271362149487,0.333854170136243,0.735873825484215,3.15576697612306e-07,1.88769463973272e-06,-0.0513988395965226,0.765927475758754,0.509867032783399,0.0942703147798823,0.584460851061298,0.417178555327233,0.295047237096052,0.0806489569234702,0.30930536019383,-0.575905517996801,0.000237584905714889,0.000704366453264052,0.549072150216388,0.000524574701213683,0.00135387859176371,-0.250762795453147,0.140168303813948,0.208657488898849,0.114619490378618,0.50563782482394,0.999638761172362,-0.0288234100439371,0.867471090576486,0.730908386354343,"blue",0.735873825484215,3.15576697612306e-07,1.88769463973272e-06,TRUE,TRUE
"K02483","turquoise",0.531648894359907,0.000847474543671724,0.018018527389308,-0.733479123745151,3.60440141733607e-07,3.36367225423167e-06,0.70147681027131,1.87913435939248e-06,1.11741204431697e-05,-0.422171243264156,0.0103238108054607,0.0139091950237335,-0.496682452210939,0.00206102565730798,0.00603325372472273,-0.0604236729432805,0.726288100804782,0.466339483830321,-0.341749132592207,0.0413493374608699,0.264140585411871,-0.135241312327977,0.431613492205751,0.238703549520364,0.184814049160166,0.280552455687734,0.178354337112759,0.421366311025473,0.0104856697286003,0.0478227155620114,0.175221387433127,0.306705001509384,0.999638761172362,0.187267732260339,0.2741027279013,0.543637450718307,"turquoise",0.70147681027131,1.87913435939248e-06,1.11741204431697e-05,TRUE,TRUE
"K02501","turquoise",0.367961863051061,0.0272464763895791,0.140833865804411,-0.364903131166736,0.0286530035125747,0.0301450384203147,0.748511041085039,1.52745286269424e-07,1.17884120713489e-06,0.215043324274321,0.207841934428051,0.141936015841755,-0.620776620538459,5.35832880158325e-05,0.000312257052132236,-0.162743007715234,0.34295645780529,0.31421093916909,-0.0143719180683799,0.933698534417185,0.613329313016092,-0.670933983325573,7.52900213365664e-06,4.61493521648774e-05,0.663087780592345,1.04837477526153e-05,6.97933824483596e-05,0.234511322814644,0.168606061371298,0.230042328393278,0.00971839176746466,0.955139685246932,0.999638761172362,-0.171106779397931,0.318380188539773,0.576082975291228,"turquoise",0.748511041085039,1.52745286269424e-07,1.17884120713489e-06,TRUE,TRUE
"K02523","blue",-0.386134731545321,0.020014595151898,0.119583622087506,0.51703127180894,0.00124301048520558,0.00247862269480281,-0.208217507917979,0.222986372398339,0.164231869714501,0.761095786022482,7.10072926915911e-08,5.24258490221922e-07,0.0324998390481144,0.850745964212978,0.539747919363936,0.119056054041414,0.489193506386864,0.378813913925561,0.421103965750015,0.0105388866356037,0.175940426168176,-0.462052192025508,0.00455436034834864,0.00722807304933396,0.479157218103564,0.00311003933497984,0.00560123935786873,-0.169613620573526,0.322684844704201,0.313539664294997,0.185842165509963,0.277838079753917,0.999638761172362,-0.0689943192119428,0.689279235018131,0.700584705754319,"blue",0.761095786022482,7.10072926915911e-08,5.24258490221922e-07,TRUE,TRUE
"K02529","blue",-0.183725458657293,0.283445176161078,0.510264060903147,0.5430811050502,0.000620460431982359,0.00142847086361076,-0.0169594926620668,0.921795158632617,0.426077350115323,0.79152634420789,9.04223286138703e-09,9.27226229646127e-08,-0.106524388210627,0.536342548192895,0.409989943150181,0.0806623762317152,0.640029696261461,0.435217010084738,0.292864862138693,0.0830227438836989,0.31052799291847,-0.571528763858294,0.000271614621304564,0.000785164097610245,0.568280796934013,0.000299619040581004,0.000878303465918049,-0.116352931558869,0.499179859323224,0.391714922763287,0.106054394580576,0.538152342011626,0.999638761172362,-0.38607373445097,0.0200358787110202,0.205978700021992,"blue",0.79152634420789,9.04223286138703e-09,9.27226229646127e-08,TRUE,TRUE
"K02565","turquoise",0.602351143783839,0.000101476328478003,0.00523972216728483,-0.511527485246327,0.0014295893267616,0.0027436182403013,0.825526625625717,5.80491006543193e-10,9.78638733233267e-09,0.0222106166331252,0.8976929266947,0.37139528473344,-0.663674448232582,1.02308350074204e-05,8.50967805320915e-05,-0.274189113969613,0.105606599341105,0.159087460819942,-0.0723530456322317,0.674961922240975,0.556346582594816,-0.580062061304549,0.000208854834140337,0.000632998848238701,0.570945188689266,0.00027646674270061,0.000823998566060806,0.207981253332564,0.22352370155337,0.266823609196269,-0.115386288230195,0.502775935405348,0.999638761172362,-0.277959878485416,0.100708273272013,0.385263150467984,"turquoise",0.825526625625717,5.80491006543193e-10,9.78638733233267e-09,TRUE,TRUE
"K02566","blue",0.00251579316144805,0.988381584315788,0.993298456428303,0.226326980733794,0.184397281438227,0.12214947542712,0.278581262171973,0.0999179547997884,0.0911210461758051,0.743007427834048,2.10588399257384e-07,1.36045761019067e-06,-0.270566914389263,0.110479886986782,0.138236232053522,-0.0921006646675821,0.593175931968432,0.420074503611898,0.199419291795549,0.243595761732656,0.398850238969434,-0.824086617754268,6.59711958670563e-10,3.24198175260768e-08,0.74519206003313,1.85564106439572e-07,3.34640376484866e-06,-0.279951471298433,0.0981919275693806,0.173947203463799,-0.0351241059357899,0.83884609665369,0.999638761172362,-0.259815344782483,0.125944474372179,0.423328411018162,"blue",0.743007427834048,2.10588399257384e-07,1.36045761019067e-06,TRUE,TRUE
"K02612","turquoise",0.432583499047923,0.00841401740030556,0.0695827977052148,-0.62071542631145,5.37006476860316e-05,0.000202621875211228,0.791433146990877,9.104127441678e-09,1.00835248699439e-07,-0.249441354511672,0.142339492283376,0.107928561468717,-0.805067433757353,3.23047629160932e-09,1.7939715322245e-07,-0.582834425589221,0.000191464830847729,0.00495810590308033,-0.345295708912278,0.0391527024542121,0.257197452504772,-0.383046101726778,0.021116258738062,0.0244576527693648,0.337128862423957,0.0443593515867279,0.0435159563456894,0.322798217015888,0.0548334967231034,0.129250720158218,-0.20207690140259,0.237240282447736,0.999638761172362,-0.0167810535699308,0.922615507716641,0.745639318867932,"turquoise",0.791433146990877,9.104127441678e-09,1.00835248699439e-07,TRUE,TRUE
"K02613","blue",-0.391289710992063,0.0182827073070774,0.115036067446659,0.543931780860451,0.00060596112683976,0.00140158820535513,-0.17497879347773,0.307385746513441,0.20657436385815,0.83487955339216,2.45597627106423e-10,5.03436622806637e-09,-0.0582435928588149,0.735804018000466,0.498128679628586,-0.050688796669594,0.769072635282253,0.476979723306201,0.352017873197216,0.0352490517556402,0.256458517762687,-0.60535567274215,9.16876071548463e-05,0.000334644374953667,0.546087845392329,0.000570551165014262,0.00144633780364792,-0.298004031124117,0.0775171977077367,0.154446088365423,0.0552283250637595,0.749029271083544,0.999638761172362,-0.125176774257188,0.466966823599537,0.641008910994318,"blue",0.83487955339216,2.45597627106423e-10,5.03436622806637e-09,TRUE,TRUE
"K02635","green",0.0515945579362998,0.765061179765551,0.874991341774429,-0.00655238560452529,0.969745732065887,0.368625908794966,-0.401996999602754,0.0150832054725267,0.0211037790793113,-0.551687135069388,0.000487028278737483,0.00102836258029455,0.523514772657887,0.00105101719882089,0.00349989221742975,0.0410211321564859,0.812237573186539,0.488982035838523,-0.105300105985133,0.541062967961536,0.52475467160561,0.701173638835441,1.90680072083802e-06,1.69273061913417e-05,-0.675912491602585,6.07129491666732e-06,4.65028791188835e-05,-0.220371457197776,0.196526665066781,0.248723101460929,0.014098674497358,0.934956382790913,0.999638761172362,0.270692521664818,0.110308106190926,0.399093671639336,"green",0.701173638835441,1.90680072083802e-06,1.69273061913417e-05,TRUE,TRUE
"K02650","brown",-0.135097132565728,0.432109237785764,0.644203185388218,0.0878238302527761,0.61051935627452,0.278702382749447,-0.532813313827916,0.000821395130222903,0.00194101590274657,-0.355041712023677,0.0335996497839284,0.0364811361994953,0.82319804078688,7.13491180822797e-10,5.38860694780802e-08,0.0804769673377744,0.640801243949595,0.43550348266244,0.293384550830004,0.0824526300114867,0.31016494643286,0.596833158065726,0.000121935715822121,0.00042156262570791,-0.638811638290557,2.75434590070719e-05,0.00014426501736997,-0.491835050165742,0.00231443301062685,0.0185733730535156,0.0772458172740301,0.654306070785622,0.999638761172362,-0.140981993474144,0.412132277945023,0.61624803247943,"brown",0.82319804078688,7.13491180822797e-10,5.38860694780802e-08,TRUE,TRUE
"K02651","brown",-0.057613314847496,0.738562445305264,0.860509897771498,0.143312356941656,0.404368613287011,0.214280011456972,-0.420096435814494,0.0107454017683038,0.0160069667351247,-0.196266448161934,0.251282448865836,0.161769018291982,0.769663173442743,4.10267787823089e-08,1.25657166748796e-06,-0.00692025364884352,0.968048022883644,0.533898226648336,0.181549571861207,0.289284797239648,0.42434279877618,0.333848778041333,0.0466015401010318,0.0448727082355326,-0.422769165879906,0.0102049567019946,0.0139392149368434,-0.711603218054258,1.14121885155606e-06,5.30217659202162e-05,0.073221276236949,0.671278856910965,0.999638761172362,-0.174896788657634,0.307616076830874,0.567087028603142,"brown",0.769663173442743,4.10267787823089e-08,1.25657166748796e-06,TRUE,TRUE
"K02652","green",-0.251723723413901,0.138604803447367,0.353355349227496,0.138599711622704,0.420155448275143,0.219224721831703,-0.622980113297894,4.95087600380086e-05,0.000191046702233457,-0.448598705371251,0.00606715924419486,0.00889795186840404,0.654561237628899,1.48624661972724e-05,0.000114915404340955,0.129694002764044,0.450912915873748,0.361980435280559,0.0362341246728194,0.833823076498649,0.59262437371372,0.814326915698661,1.52464206872309e-09,6.55589759812243e-08,-0.804209992281097,3.45611670014864e-09,1.67307292396203e-07,-0.206278707761486,0.227422066648322,0.267552476151192,-0.144588040636744,0.400154291694998,0.999638761172362,0.128033269575685,0.456780073044921,0.635559631051125,"green",0.814326915698661,1.52464206872309e-09,6.55589759812243e-08,TRUE,TRUE
"K02655","brown",-0.169940810740529,0.321738494739967,0.548625507295186,0.169162864949335,0.323991426295036,0.182837057203857,-0.537834041527568,0.000716902126837224,0.00175704750284897,-0.312653857635263,0.0633725752921084,0.0592909274919287,0.872848571883452,3.92987174262853e-12,7.93649327827927e-10,0.311449713546773,0.0644522048512077,0.118469885543364,0.216172037367258,0.205408056204225,0.382747089079758,0.617749081575801,5.9675992301827e-05,0.000235281869914763,-0.583218240617551,0.000189162547505485,0.000625272517724424,-0.46117795849229,0.00464164393362605,0.0292672985939845,0.191068851099821,0.264303682280349,0.999638761172362,-0.0626669545509892,0.716538263718266,0.704130620767717,"brown",0.872848571883452,3.92987174262853e-12,7.93649327827927e-10,TRUE,TRUE
"K02662","green",-0.155813330093468,0.364170974194702,0.587331769487043,-0.019270381156955,0.911178643937954,0.354146854828207,-0.476748180797016,0.00328554483277069,0.00603959596799814,-0.584322109257114,0.000182678812297671,0.000442834590486382,0.438995732553835,0.00739499583066742,0.017216504694215,-0.130055397384812,0.44964157627548,0.361601539462142,0.0187462181661285,0.913585453365118,0.60925501771778,0.791419568031028,9.11317824906936e-09,2.61241920841451e-07,-0.811263366099761,1.96345937180455e-09,1.33203023046668e-07,-0.187907252836901,0.272437718694169,0.289111937188952,-0.192733919561455,0.26008483342247,0.999638761172362,0.307604604497568,0.0679970208617464,0.330671835327802,"green",0.791419568031028,9.11317824906936e-09,2.61241920841451e-07,TRUE,TRUE
"K02669","green",-0.0846138471768866,0.62367576071113,0.786668185185462,-0.0745379589238559,0.66570782571418,0.294974027914377,-0.461323675484881,0.00462699590386701,0.00805933957009441,-0.657690653852868,1.30921529652671e-05,4.68580741807334e-05,0.580500351610225,0.000206014721614093,0.000948729282085522,-0.0994760019182799,0.56378630859967,0.410576348165177,-0.000220427205262555,0.998981990759805,0.630692506752821,0.845982312849318,8.23266577142554e-11,5.60174075336448e-09,-0.865732585418395,9.36734494383709e-12,1.6681610738626e-09,-0.250878646962517,0.139979121066351,0.208551712090631,-0.173993508908094,0.310160372844883,0.999638761172362,0.0832584326416471,0.629265982999533,0.691827526007043,"green",0.845982312849318,8.23266577142554e-11,5.60174075336448e-09,TRUE,TRUE
"K02770","turquoise",0.497850713431412,0.00200371622965163,0.029595312708653,-0.758847519514376,8.16954528062543e-08,1.10970410238277e-06,0.836694912154033,2.0655392991004e-10,4.22104959176277e-09,-0.345910049983506,0.0387819965093909,0.0404426330735302,-0.528124046176861,0.000930943592454168,0.00314441214672682,-0.243474648939944,0.152450715004732,0.197245470776511,-0.260105451464132,0.125507119343531,0.333831319833348,-0.287731243038138,0.0888196496752305,0.0728769576427843,0.315687829387888,0.060715547874998,0.0559864449442405,0.207489966132623,0.224643898186549,0.267552476151192,-0.0687518197327716,0.690317140446234,0.999638761172362,0.0205120338924473,0.905480465656717,0.742686489789967,"turquoise",0.836694912154033,2.0655392991004e-10,4.22104959176277e-09,TRUE,TRUE
"K02784","turquoise",0.453106280326934,0.00551822001141061,0.0537448194524512,-0.632766080968991,3.45887302750998e-05,0.000140481760413332,0.865218834144419,9.95448052379365e-12,2.72513532014157e-10,-0.152642806108837,0.37413269737191,0.214083055258597,-0.626725568993217,4.32211565680385e-05,0.000268242131232175,-0.122432444557459,0.476865769132617,0.373143202252699,-0.230376481784524,0.176458228018276,0.370169590820669,-0.436031170951054,0.00785215817633164,0.0112079515904536,0.487947397849697,0.0025369429101464,0.00475563548261652,0.306503984137073,0.0690393651744549,0.14580061621951,0.0456608380123272,0.791445380879662,0.999638761172362,-0.063139867071258,0.714488433641832,0.704130620767717,"turquoise",0.865218834144419,9.95448052379365e-12,2.72513532014157e-10,TRUE,TRUE
"K02835","turquoise",0.641780066631842,2.4584990689525e-05,0.00307596056588557,-0.661185972955961,1.13432718913336e-05,5.80219416248062e-05,0.878638693754136,1.86380446009597e-12,6.12813494136569e-11,-0.109756498186836,0.52397654847481,0.267908920519404,-0.576203917461334,0.000235410286009515,0.00104830458294896,-0.20830692350595,0.22278323918792,0.244881344799168,-0.156105158201643,0.363262089507253,0.454833292987978,-0.50832322635648,0.00154920119626003,0.00308492078815813,0.509303055201712,0.00151172468732606,0.00312129683124421,0.247673068548185,0.14528330999462,0.212508988114127,0.0317832008950839,0.854001361585102,0.999638761172362,-0.243870085253732,0.151764881782718,0.450809641968815,"turquoise",0.878638693754136,1.86380446009597e-12,6.12813494136569e-11,TRUE,TRUE
"K02837","turquoise",0.478568812741644,0.00315213552773811,0.0379773958212299,-0.699471072523456,2.06922549538125e-06,1.34555603450386e-05,0.919652945973296,2.32533104752685e-15,2.81156990006494e-13,-0.1912245542817,0.263907272521234,0.167211860272207,-0.74628658350457,1.74085043936593e-07,3.49672528457409e-06,-0.116458711456804,0.49878713410348,0.383711794859997,-0.447895039055176,0.00615695466628432,0.13449747166944,-0.43978063722855,0.00727784397723647,0.0104970824162654,0.525683284975275,0.000992922189963503,0.00224180231873523,0.462492350569173,0.0045109545625892,0.0287622687249794,0.0568653016233388,0.741840316721685,0.999638761172362,-0.0501389017768762,0.771510912832856,0.713834388167866,"turquoise",0.919652945973296,2.32533104752685e-15,2.81156990006494e-13,TRUE,TRUE
"K02851","blue",-0.187466424810454,0.273584717026009,0.502054210946857,0.568067341840747,0.000301546749483258,0.000806659528229216,-0.154758492810638,0.367467521984027,0.233334038226768,0.79972018516151,4.89577123543501e-09,5.69873817685329e-08,0.040125021628552,0.816268450288776,0.527449281794556,-0.0280110141102749,0.871174829712667,0.506076560865221,0.352797613956162,0.0348175456793099,0.256458517762687,-0.598437298935832,0.000115635916606559,0.000409396980867941,0.509022326076056,0.00152237966945854,0.00313874753733864,-0.361579400167582,0.0302485185220021,0.0908229555723187,-0.075119129028931,0.663254402863214,0.999638761172362,-0.303384381375423,0.0720619933204668,0.339759861042485,"blue",0.79972018516151,4.89577123543501e-09,5.69873817685329e-08,TRUE,TRUE
"K02858","turquoise",0.556873822328643,0.000419558377579949,0.0121859232345319,-0.667516819503708,8.70712969094437e-06,4.60802524916881e-05,0.834187236519013,2.62217558276799e-10,5.07277788186717e-09,-0.220085089575576,0.19712362841016,0.136711924285018,-0.580876018149978,0.000203608011280435,0.000939938546176284,-0.121717555382037,0.479462303271262,0.374229095878422,-0.213281075968407,0.211681733901451,0.384720294255628,-0.397844304706958,0.0162631627406781,0.0200160070410742,0.408168600043305,0.0134630805421104,0.017279569643384,0.238431334401646,0.161396120279479,0.223662157730399,0.0388365759388972,0.822072247074457,0.999638761172362,-0.112866373368039,0.512211544965968,0.654891136725193,"turquoise",0.834187236519013,2.62217558276799e-10,5.07277788186717e-09,TRUE,TRUE
"K02863","turquoise",0.550294399079864,0.00050671650807171,0.0131867904060582,-0.68478846173114,4.09435697860506e-06,2.42979873487623e-05,0.799792550159606,4.86870832082846e-09,5.7432006138447e-08,-0.357863169412879,0.0321180141545583,0.035197794121424,-0.506982134098294,0.00160181801884892,0.0049907803516033,-0.396070429254221,0.0167902935915199,0.0540876522605207,-0.270305785635402,0.11083765291138,0.328001710833427,-0.290469097921586,0.0856904988227015,0.0707767608891938,0.244746635794867,0.150252622655702,0.111663543433556,0.120213243446567,0.484950057391671,0.387951582604201,-0.134097347545312,0.435555536990892,0.999638761172362,-0.15898690885812,0.354359976940204,0.597153629749141,"turquoise",0.799792550159606,4.86870832082846e-09,5.7432006138447e-08,TRUE,TRUE
"K02894","magenta",0.155224684913893,0.366008408160345,0.58941849096317,-0.0370342251496614,0.830206489301967,0.335626430147158,0.0744890612232256,0.665914404867848,0.348554363976562,-0.0509725183436067,0.767815441858052,0.338009808656057,-0.241117813972742,0.15658511630434,0.176930186535032,-0.130790234459939,0.44706251086343,0.361601539462142,0.105039966030145,0.54206852703866,0.52475467160561,-0.054559545977246,0.751972327683127,0.354715095232996,0.100927991363922,0.558080351498305,0.300141625980724,0.128132589984274,0.45642803916901,0.375957065429998,-0.188021666460029,0.272140538306468,0.999638761172362,0.77646301604987,2.61006488305099e-08,4.30710190476918e-06,"magenta",0.77646301604987,2.61006488305099e-08,4.30710190476918e-06,TRUE,TRUE
"K02895","turquoise",0.490795821795302,0.00237217527811302,0.0329439927858014,-0.423214359068423,0.0101172189884936,0.0131438726855142,0.725841644160816,5.45689346285208e-07,3.68258140620462e-06,-0.072056414986049,0.676221951350964,0.312458936065731,-0.720552610621341,7.2149553664634e-07,1.03594117538662e-05,-0.485127174316399,0.00270983525933466,0.020049411590473,-0.230083470671514,0.177024372871977,0.370169590820669,-0.531304895558221,0.000855318009174858,0.00191366864643898,0.512474019040766,0.00139584753733404,0.0029261762794463,0.183221096499652,0.28479193823085,0.294725363561817,-0.0649095309700873,0.706835403958715,0.999638761172362,0.0311244580924661,0.856995860860469,0.729274262773737,"turquoise",0.725841644160816,5.45689346285208e-07,3.68258140620462e-06,TRUE,TRUE
"K02904","turquoise",0.426808934442876,0.00943200711561177,0.0752017626154046,-0.468229491072673,0.00397707364626961,0.00635556280586802,0.724021910617657,6.01154749995075e-07,3.98279092739182e-06,-0.075962921427385,0.659698450925814,0.306937641129612,-0.688315028664482,3.48784711426115e-06,3.74173200009209e-05,-0.51956631850269,0.00116454417020403,0.0122309620987733,-0.222704668471991,0.191709930563048,0.378155044784876,-0.531676970673855,0.000846837198813542,0.00190087558755628,0.517883938963006,0.0012161134400952,0.00259363633977125,0.162659326301596,0.343208047677096,0.324076522582881,-0.223306607608015,0.190480849378364,0.999638761172362,-0.0125680059221911,0.942005439703634,0.749728898311157,"turquoise",0.724021910617657,6.01154749995075e-07,3.98279092739182e-06,TRUE,TRUE
"K02906","turquoise",0.61919441662057,5.66933662297285e-05,0.00380303440644592,-0.553101248561495,0.000467737278254865,0.00115536386435403,0.809640108219833,2.24094030286376e-09,2.95585375685845e-08,-0.183785378950782,0.283285449567653,0.175886600395545,-0.623145668862208,4.92142508926255e-05,0.000292207706138233,-0.47114296326891,0.00372757669163599,0.0235442453249799,-0.202188797123237,0.236975170736247,0.396898155509383,-0.475068029066371,0.00341298894328631,0.00583382291148561,0.442711855839608,0.00685428707442533,0.0102466250828428,0.102466567207618,0.552063566841789,0.411427080481633,-0.0641399117388351,0.710160248265561,0.999638761172362,-0.0965295188474641,0.575447025068626,0.672609821045075,"turquoise",0.809640108219833,2.24094030286376e-09,2.95585375685845e-08,TRUE,TRUE
"K02909","turquoise",0.516970527684619,0.00124494648588121,0.022690338180323,-0.54440702235901,0.000597992603912212,0.00138983065067449,0.79104523045798,9.36599236444612e-09,1.02175671222909e-07,-0.101919933396869,0.554197755564726,0.276575227818161,-0.770437339333193,3.8997912078536e-08,1.22720753029063e-06,-0.59920977196213,0.000112708030840384,0.0036601824899353,-0.204406389725699,0.231762310175745,0.396501809385508,-0.535014469469927,0.000774030446743602,0.00176626137906385,0.461550421683285,0.00460428197211986,0.00748805909493354,0.16713575325153,0.329907911958238,0.317933366984632,-0.143345407303199,0.404259109875887,0.999638761172362,-0.0587543790197116,0.733570932051758,0.707567573831615,"turquoise",0.79104523045798,9.36599236444612e-09,1.02175671222909e-07,TRUE,TRUE
"K02926","turquoise",0.461160845086153,0.00464336686586938,0.0478344801197528,-0.381186006553029,0.0218037295413608,0.0239490030174006,0.78018604301688,2.02398198049001e-08,2.02527490019591e-07,0.159746411566618,0.352035878224617,0.205256887034511,-0.550452950237981,0.000504440015849011,0.00191511609691041,-0.277490546043875,0.101308349106133,0.155285392012836,-0.0961002177582828,0.577155024047988,0.530499928625239,-0.713122071476518,1.05705218516476e-06,1.09974926652482e-05,0.693373753758596,2.76045636498027e-06,2.45794613188977e-05,-0.0105124079370862,0.951478644326703,0.529250126275671,-0.0528379994267205,0.759564007403309,0.999638761172362,-0.257732049289428,0.129118543086463,0.428373996703124,"turquoise",0.78018604301688,2.02398198049001e-08,2.02527490019591e-07,TRUE,TRUE
"K02939","red",0.143485786027232,0.403794191925398,0.620180597891086,0.000572948044169961,0.99735393127902,0.374930338278842,0.408291844769173,0.0134322856911461,0.0191634769333996,0.4154509073228,0.0117426025480553,0.0154817073051966,-0.305767802083475,0.0697435346196085,0.0970402735592836,-0.0910696473562813,0.597337161077089,0.42093920488923,0.28027059773836,0.0977932148855674,0.31405913359703,-0.688044969779018,3.53120925325098e-06,2.58451969131792e-05,0.744545371653743,1.9267010358532e-07,3.4311191572972e-06,-0.122570518530021,0.476365122281873,0.38385431463833,-0.0168016743799531,0.922520702356093,0.999638761172362,-0.0796073545819602,0.644424927968796,0.693838609636962,"red",0.744545371653743,1.9267010358532e-07,3.4311191572972e-06,TRUE,TRUE
"K02955","magenta",-0.278502037154795,0.100018455086065,0.294443470040695,0.238366324064956,0.161513848133491,0.11061737819565,-0.266507629705081,0.116140673485192,0.102066355551269,0.0729502009595213,0.672427963487507,0.31141006640535,0.0981959288682517,0.568838830209817,0.425527655038431,0.12393111036555,0.471446451825205,0.371441601574418,0.20329604552935,0.234362573404481,0.396501809385508,0.156189309846974,0.363000255282568,0.211376863622703,-0.0639096143028637,0.711156188370384,0.353446137116214,0.0190435403018109,0.912220139238561,0.51977904516151,0.107180267080016,0.533821870210719,0.999638761172362,0.714130136402441,1.00437734467282e-06,0.000130848397953191,"magenta",0.714130136402441,1.00437734467282e-06,0.000130848397953191,TRUE,TRUE
"K02961","turquoise",0.565237502477713,0.00032817134047607,0.0106754137056866,-0.598152673954703,0.000116731859259228,0.000376532102750657,0.739532937598745,2.56861869607796e-07,1.8437589876695e-06,-0.33400453381692,0.0464930487992442,0.0463872711032505,-0.624136425806997,4.7484645742019e-05,0.000284623368751173,-0.568757940137483,0.000295349736974199,0.00631065321240993,-0.212549134646325,0.213290877347332,0.384728451530068,-0.316794326336127,0.0597687574792665,0.0542844991762415,0.309220254987917,0.0664893480654858,0.0602191760316958,0.140314789833217,0.414370524512385,0.356596253377429,-0.194284352883445,0.256196682004485,0.999638761172362,0.116557564311957,0.498420268500238,0.653805993307511,"turquoise",0.739532937598745,2.56861869607796e-07,1.8437589876695e-06,TRUE,TRUE
"K02982","turquoise",0.619547079487923,5.59863593166688e-05,0.00380303440644592,-0.632785966903681,3.45630999011519e-05,0.000140481760413332,0.750128913534109,1.38769253346106e-07,1.08834569601148e-06,-0.384071678034413,0.0207449924737702,0.0248088753747141,-0.460825628646735,0.00467722720110875,0.0118221310965145,-0.403132298606543,0.0147734478117801,0.0504159389458156,-0.268067391418848,0.11394034832202,0.329991843384162,-0.276189744228665,0.102985734119437,0.081581463421425,0.280411078949722,0.0976180914741196,0.0799727789278229,0.0527915257262138,0.759769257834396,0.482070338604145,-0.17559391575179,0.305661505116993,0.999638761172362,-0.084894428179528,0.622521110875869,0.690994074916456,"turquoise",0.750128913534109,1.38769253346106e-07,1.08834569601148e-06,TRUE,TRUE
"K02992","turquoise",0.560073473821337,0.000382216571727016,0.0114068853929173,-0.723576114794243,6.15510306700104e-07,5.01666589300623e-06,0.773355790255143,3.21542370733505e-08,3.00989851228232e-07,-0.372661638733192,0.025196545854427,0.0290154104188375,-0.581936903561528,0.000196946915362191,0.000911416582844888,-0.50757040972033,0.00157854721119912,0.0147854799006338,-0.288101009588993,0.0883919744276344,0.31332436628903,-0.307872182509089,0.0677454877982902,0.0598695511872719,0.257063045235755,0.13015030504588,0.100227043273504,0.109973764247571,0.523150330102296,0.401501450998341,0.0312995785719715,0.856199608206142,0.999638761172362,-0.00705607358370018,0.967421249131884,0.752795572074831,"turquoise",0.773355790255143,3.21542370733505e-08,3.00989851228232e-07,TRUE,TRUE
"K03041","magenta",-0.126225376739454,0.463213417227744,0.667922538227772,0.137509216868843,0.423857102670843,0.22042820701709,-0.246764319209085,0.146813390312083,0.121031479162042,-0.0757203438884524,0.660719985661988,0.307302270396058,-0.0842883539290667,0.625016341135787,0.452146080976189,-0.0914849734193847,0.595659362939414,0.42093920488923,0.092073067210666,0.593287151081305,0.533156559241796,0.193523553073315,0.258099757419468,0.164913824011173,-0.170403473614566,0.32040326647424,0.198549784733711,0.134459033547654,0.434307046185325,0.365332192905708,-0.0789212049903986,0.647289831181922,0.999638761172362,0.898339650037016,1.07314827947475e-13,1.9671958744179e-10,"magenta",0.898339650037016,1.07314827947475e-13,1.9671958744179e-10,TRUE,TRUE
"K03087","turquoise",0.584898747944985,0.000179371735647211,0.0075778734553296,-0.748915007845366,1.4913902932174e-07,1.82323701357763e-06,0.807964285415579,2.56525035813367e-09,3.32320456082264e-08,-0.432480236947983,0.00843136182685903,0.0116510933780894,-0.634667506779996,3.22144420143955e-05,0.000212673063136227,-0.561092434966815,0.000370963383596911,0.00687611510440217,-0.280990570642037,0.0968982278850201,0.31405913359703,-0.262182063726081,0.122409429585238,0.0936026052300097,0.205589945940009,0.229012212914127,0.153104039886185,0.184641555099815,0.28100954407357,0.293564281681928,-0.173834343485746,0.310610070116224,0.999638761172362,-0.0407666361756638,0.813381866617489,0.724724278932955,"turquoise",0.807964285415579,2.56525035813367e-09,3.32320456082264e-08,TRUE,TRUE
"K03101","blue",-0.226674896705602,0.183705444310168,0.413846129044998,0.455426260196165,0.005252763606341,0.00799694534527322,0.0394437874378377,0.819335887575481,0.39802626699496,0.816619186236192,1.25790840113085e-09,1.80587245944755e-08,-0.180671828819088,0.291662222357031,0.275345568391224,0.0967428132107339,0.574599270336462,0.414324854823697,0.444786402031886,0.00656745448137332,0.139581043665493,-0.634471037647206,3.24527375900659e-05,0.00014737470555464,0.689355527653822,3.32529158326119e-06,2.77757165612917e-05,-0.048077667930679,0.780669610001493,0.48693816020713,-0.0200351101919417,0.907668624182965,0.999638761172362,-0.187893923910559,0.272472353319876,0.543637450718307,"blue",0.816619186236192,1.25790840113085e-09,1.80587245944755e-08,TRUE,TRUE
"K03124","magenta",0.349883988372249,0.0364522604983736,0.166561099558401,-0.193006996288067,0.259397201929678,0.155692813467031,0.12641858928255,0.462523581876679,0.275374481255514,-0.251042439598264,0.139711971827585,0.106248011298406,-0.203038742080425,0.23496794588112,0.236233202966141,-0.0362019932387253,0.833968386600202,0.495960260987284,0.0413606092886076,0.810711774307073,0.58879198968087,0.0636948454585447,0.712085398368274,0.343118150934886,-0.0108460732253033,0.949940471682705,0.425445739232106,0.0942752949983326,0.584440912066645,0.424972448444614,-0.0455910822086427,0.791756973078197,0.999638761172362,0.795548922993766,6.71372343617096e-09,1.49690298811152e-06,"magenta",0.795548922993766,6.71372343617096e-09,1.49690298811152e-06,TRUE,TRUE
"K03208","greenyellow",-0.200932905294906,0.239962207830461,0.472955591494429,0.224077153609679,0.188915595711911,0.12460973667434,-0.0260140558857477,0.880290344321667,0.415465878223432,0.450447611398577,0.00583656671964172,0.0086283268532839,-0.0607854532020918,0.724712803839272,0.492901272501408,-0.000384858188980911,0.998222592424045,0.541020078063009,0.833975781949743,2.67498655945691e-10,4.22526809221796e-08,-0.334898119272577,0.0458745410656565,0.0443589311695165,0.340886571219422,0.0418983719814708,0.0415675248487545,0.114855932213256,0.504754489780908,0.393804782261129,0.0711290599458753,0.680166750562123,0.999638761172362,-0.0554567260630368,0.748024957188771,0.71080685766148,"greenyellow",0.833975781949743,2.67498655945691e-10,4.22526809221796e-08,TRUE,TRUE
"K03210","blue",-0.288699590725771,0.0877030124873455,0.273012344135249,0.59549672122525,0.000127418089372568,0.00039940941528997,-0.255363839610494,0.132798334070626,0.112744640250976,0.797031797447635,6.00581296894244e-09,6.68951113247981e-08,0.016518234998575,0.923823922764516,0.560143430703276,0.0358940174096023,0.835361440058429,0.496149573554027,0.32914605793098,0.0499741751445151,0.282482919236655,-0.486007362508394,0.00265480498602529,0.00480023178866595,0.462593620701044,0.00450101868892968,0.00735260117830068,-0.214375810440396,0.209290676813988,0.256956639561532,0.353246446809929,0.0345711225413535,0.934663596086936,-0.129416302080713,0.45189114989294,0.634103802997074,"blue",0.797031797447635,6.00581296894244e-09,6.68951113247981e-08,TRUE,TRUE
"K03231","magenta",-0.0846791455220437,0.623406965290071,0.786645669078004,0.179799156637623,0.29403830906152,0.169959485745548,-0.234782129316289,0.168100678854876,0.133571571345227,0.00369682301700365,0.98292802981592,0.392216122676963,-0.0135761847422972,0.937362039384017,0.563824511301955,-0.00936531075365776,0.956767962078492,0.531097419727397,0.0614452476758611,0.721842734033633,0.568125821163889,0.103433302654828,0.548298665386867,0.284806220958423,-0.107522236502872,0.532509882132684,0.290430773938246,0.0322328884005693,0.851958332086368,0.504743736276869,-0.161131762661991,0.347820474146068,0.999638761172362,0.777870986167561,2.37208857307894e-08,4.19399558023085e-06,"magenta",0.777870986167561,2.37208857307894e-08,4.19399558023085e-06,TRUE,TRUE
"K03300","turquoise",0.6663557306636,9.14417432812723e-06,0.00177362503350215,-0.7472963838041,1.64078565001225e-07,1.91035626418958e-06,0.916850283343127,4.0745716930634e-15,3.79820851065594e-13,-0.286085030403113,0.0907430244000883,0.0772364038965789,-0.659351838815619,1.2232501814539e-05,9.82823048350465e-05,-0.317098676241115,0.0595103972878704,0.112197110556946,-0.289930893539082,0.086298805704996,0.31332436628903,-0.42483992812689,0.0098022795710347,0.0133940481276763,0.408775364832537,0.0133120430371388,0.017185646297612,0.220436639609233,0.19639096236321,0.248723101460929,-0.0772091724635929,0.654459862283001,0.999638761172362,-0.0337853928786192,0.844912331408131,0.728896355917471,"turquoise",0.916850283343127,4.0745716930634e-15,3.79820851065594e-13,TRUE,TRUE
"K03303","pink",0.0266547887242131,0.877363883110187,0.937295471841523,-0.389586187009204,0.0188406070361202,0.0213069366315027,0.128328592739435,0.455733749435267,0.272320225067678,-0.300715206887099,0.0747294984468167,0.0670052224395053,-0.120327130923203,0.484533460505177,0.385201585181061,0.429689732487676,0.00891176612313595,0.0380892361827687,-0.1499807769897,0.382619734969403,0.463657539977898,0.289981353937257,0.0862416316084496,0.0711434888228572,-0.155505799275609,0.365130232050536,0.219726807748329,0.720950770140064,7.06639947853952e-07,3.62681401728464e-05,0.164502033224069,0.337693987883587,0.999638761172362,-0.041417888203674,0.810454398581973,0.724118734709753,"pink",0.720950770140064,7.06639947853952e-07,3.62681401728464e-05,TRUE,TRUE
"K03307","pink",-0.0397953845937835,0.817752395551606,0.906660406053262,-0.305259052952632,0.0702334417998481,0.0598334255137868,0.209946635820112,0.219080575514913,0.162593227658891,-0.291893419157794,0.0840966197768315,0.0731206927182473,-0.410959923572009,0.0127800432094582,0.0265458322114267,0.0453831575897062,0.792685939908248,0.482656951610933,-0.138331889445495,0.421062878687198,0.47874607608605,0.204916790274945,0.230573615982902,0.1525318424892,-0.103429975282475,0.548311602861307,0.296229812115666,0.840761082136863,1.3907662404515e-10,4.09234027010636e-08,0.025701276480125,0.881719492100703,0.999638761172362,0.265313397507908,0.117846790164815,0.412860843643034,"pink",0.840761082136863,1.3907662404515e-10,4.09234027010636e-08,TRUE,TRUE
"K03309","turquoise",0.589663158313872,0.00015403645942603,0.00695945281267883,-0.721496140830379,6.86747623726549e-07,5.4872854296634e-06,0.902855310855348,5.13706713596325e-14,2.76055763222732e-12,-0.25507063736409,0.133259258966607,0.102792907235753,-0.63550921193076,3.12113910809168e-05,0.000207502193249658,-0.362246028717891,0.0299228007642031,0.0743337820229577,-0.298607306581829,0.0768900043013945,0.30930536019383,-0.428615892748161,0.00910275469335544,0.0126008747748554,0.405184375191054,0.0142271297505047,0.0180971725140284,0.232076106697948,0.173199685475311,0.232890203593513,-0.108567254168199,0.528510289800906,0.999638761172362,-0.194431087656138,0.255830711219085,0.540885144147895,"turquoise",0.902855310855348,5.13706713596325e-14,2.76055763222732e-12,TRUE,TRUE
"K03310","turquoise",0.368815692344564,0.0268641722787936,0.14038708344361,-0.719151308914788,7.76090243542869e-07,6.08190234039963e-06,0.826733306267534,5.21013834796134e-10,8.89356064394434e-09,-0.285212307005632,0.0917755733834301,0.0779099670546732,-0.787505100844195,1.20995337637683e-08,4.2306079583609e-07,-0.262922086580156,0.121319439084848,0.17270161278096,-0.267867597630457,0.114220429827884,0.329991843384162,-0.330048686364955,0.0493121252032641,0.0468920726735328,0.36856617115984,0.0269754358249119,0.0294715064393471,0.51933494105579,0.00117152009492783,0.0114906893822683,-0.0588966423708012,0.732949358743188,0.999638761172362,0.183027149059217,0.285310920811495,0.551211635557972,"turquoise",0.826733306267534,5.21013834796134e-10,8.89356064394434e-09,TRUE,TRUE
"K03313","turquoise",0.527263398937074,0.000952396111534551,0.0196085098153284,-0.454842846477565,0.00531846032980283,0.00807110942305996,0.80289715274394,3.83007259311417e-09,4.59813439327024e-08,0.160188525371181,0.350687252861925,0.204562873710359,-0.648121216607727,1.9208093000165e-05,0.00014002719582997,-0.263344751962559,0.120700150850474,0.172308132848536,-0.0656320016749604,0.703719098876572,0.563802178754946,-0.696172086655878,2.4205370484171e-06,1.97078510137315e-05,0.680584948962757,4.94245486906474e-06,3.86885792152857e-05,0.0820184593006775,0.634397927661133,0.444930912096191,-0.0071032210290179,0.967203680382971,0.999638761172362,-0.128704736433884,0.454402947576455,0.634422419353489,"turquoise",0.80289715274394,3.83007259311417e-09,4.59813439327024e-08,TRUE,TRUE
"K03322","turquoise",0.431302483112521,0.00863135279138669,0.0707249134266521,-0.580207575927357,0.000207908035553887,0.000584297239819708,0.812829714091994,1.72625224223001e-09,2.40833145159243e-08,-0.0602801630103975,0.726913291801652,0.326228209022692,-0.650786106345488,1.72864032706197e-05,0.000130034569712429,0.140126930162041,0.415001967820009,0.347190528650258,-0.197126250906529,0.249170395604133,0.401924107609097,-0.422857392555992,0.0101875179887467,0.0137971352454479,0.556369224636572,0.000425735081280311,0.00115332296506918,0.537095601268357,0.000731490480260651,0.00833193413168514,0.0933093662189414,0.588313783322387,0.999638761172362,0.0315721202266739,0.854960671029669,0.729274262773737,"turquoise",0.812829714091994,1.72625224223001e-09,2.40833145159243e-08,TRUE,TRUE
"K03332","turquoise",0.644228841135927,2.23648560691952e-05,0.00303136986637884,-0.820906670924399,8.71546116485305e-10,2.47784270269613e-08,0.820981036438761,8.65942976947129e-10,1.36567326622344e-08,-0.540112657723459,0.000673499130348046,0.00135544711593743,-0.486970768067476,0.00259569181358811,0.00734776401082495,-0.190846115997776,0.264871432030725,0.269758926995699,-0.276559966467265,0.102506200016915,0.319404284660738,-0.113524338882587,0.509739370428738,0.270078783875296,0.152526916143841,0.374499843147557,0.224195107265392,0.299639081885938,0.0758264847446798,0.153522942454765,-0.0215779821100857,0.90059232287188,0.999638761172362,-0.0158018413764566,0.927118678198588,0.746178371619691,"turquoise",0.820981036438761,8.65942976947129e-10,1.36567326622344e-08,TRUE,TRUE
"K03333","black",-0.540927866496931,0.000658547032044705,0.0158685444091957,0.81786620785931,1.13168954787729e-09,3.00760840543936e-08,-0.658463442281466,1.26856272649469e-05,5.99541033336671e-05,0.544902740442758,0.000589780052516908,0.00121083871997248,0.384988074847058,0.0204178616008929,0.0379815006307722,0.0730674136173542,0.671931001169785,0.445651992471066,0.471533243844816,0.00369520895732924,0.0967091712072683,0.0344502999919353,0.84189825562544,0.382139685926938,-0.056509101552029,0.743402799933564,0.364326379076174,-0.266288291742226,0.116452628665122,0.188621696173419,-0.190060387251555,0.26688065336841,0.999638761172362,-0.0771973053780171,0.654509669251107,0.694236608794815,"black",0.81786620785931,1.13168954787729e-09,3.00760840543936e-08,TRUE,TRUE
"K03334","blue",-0.454070888696913,0.00540647644220978,0.0529736983930977,0.728808604356592,4.65251667890683e-07,4.03385834097925e-06,-0.301641709455309,0.073794986765895,0.0729864241008014,0.886631943250801,6.23824462712946e-13,4.03007354970042e-11,-0.0558160910715681,0.746445601723691,0.502271345872612,-0.215534697277527,0.206779928639745,0.235067540067452,0.389780497591383,0.0187762612058098,0.22319433748782,-0.547713252143455,0.000545084660852875,0.00131815334231768,0.46279003601391,0.00448180181786361,0.00735260117830068,-0.287200470165095,0.0894363271192482,0.166385927097379,-0.133436887485707,0.437840448812089,0.999638761172362,-0.121187977829545,0.481390510690704,0.649056372899319,"blue",0.886631943250801,6.23824462712946e-13,4.03007354970042e-11,TRUE,TRUE
"K03366","pink",0.260371057580177,0.125107692538644,0.331591252263963,-0.513918281587023,0.00134571306564861,0.00262385005154542,0.702662188760265,1.77445406128884e-06,1.07275083112873e-05,-0.129394767367648,0.451967056354001,0.244132822272333,-0.728546307647614,4.71896436472036e-07,7.07137809240787e-06,-0.0289099244163334,0.867076831020813,0.504907118907311,-0.148082549320398,0.38873986454005,0.466129048206643,-0.293094232715223,0.082770742733627,0.069081437772285,0.407023317823707,0.0137521086432445,0.0175556355671594,0.776452420972045,2.61193652886096e-08,2.56188105259861e-06,-0.0647398206243814,0.707568115903834,0.999638761172362,0.0892793380005472,0.604592860840901,0.683039374552601,"pink",0.776452420972045,2.61193652886096e-08,2.56188105259861e-06,TRUE,TRUE
"K03387","turquoise",0.46994791845114,0.00382822189763837,0.0423578429694476,-0.515056756492259,0.00130731780146252,0.00257775300711389,0.885625280385279,7.19201154141268e-13,2.77618094506987e-11,0.0576380901703998,0.738453954526438,0.329689761519715,-0.741679691862453,2.27279176686285e-07,4.08693993002882e-06,-0.334907559694378,0.045868042252567,0.0956981310979858,-0.181146541342534,0.290374879486371,0.42434279877618,-0.670880391862916,7.54629686853636e-06,4.61493521648774e-05,0.655098465746593,1.4543872718787e-05,8.93107089986183e-05,0.260728342234981,0.124571890326801,0.195495326621154,-0.0538186723629801,0.755236671143913,0.999638761172362,-0.204258071038013,0.232108513890179,0.522333761968282,"turquoise",0.885625280385279,7.19201154141268e-13,2.77618094506987e-11,TRUE,TRUE
"K03396","brown",-0.447255181165107,0.00623959681841975,0.0576630921884076,0.60090463583056,0.000106516515638796,0.000350790492344131,-0.899006078496702,9.64700235487902e-14,4.99896037396131e-12,0.00604493663576591,0.972087819914524,0.390462180791508,0.802382558010163,3.98662859999241e-09,1.93005229792029e-07,-0.00473684288229652,0.978126229608284,0.536951882887204,0.266228909752258,0.116537193206346,0.329991843384162,0.527297805527434,0.000951530178240221,0.00208486128024952,-0.610852940937438,7.59532242560763e-05,0.000309164505046595,-0.628865244418644,3.9962637251872e-05,0.000993721393643837,-0.143003504443993,0.405392731229312,0.999638761172362,0.0959662254802257,0.577688586687711,0.672609821045075,"brown",0.802382558010163,3.98662859999241e-09,1.93005229792029e-07,TRUE,TRUE
"K03426","turquoise",0.239747373804889,0.159026182315031,0.381184723970737,-0.325074661840341,0.0530493653525535,0.0482539356468956,0.71970486780309,7.54085654175778e-07,4.92848053127014e-06,0.247303447795597,0.145904234820754,0.109602388113229,-0.80397683649451,3.51995282901274e-09,1.81104013437246e-07,-0.276296717833127,0.102847000817968,0.156393526025562,0.025986283278066,0.880417227578682,0.602619659064403,-0.65082502001466,1.72596854708307e-05,8.66755398161107e-05,0.701218095917794,1.90272051231731e-06,1.88245223291834e-05,0.437220646887565,0.0076659076632948,0.0396897215863556,0.0166042768100322,0.923428291997222,0.999638761172362,0.044536299187168,0.796472430357703,0.721895193145531,"turquoise",0.71970486780309,7.54085654175778e-07,4.92848053127014e-06,TRUE,TRUE
"K03427","blue",-0.37321674567774,0.0249630713512422,0.13466811128622,0.64192755225263,2.44458180434005e-05,0.000106068549374728,-0.356071800151558,0.0330523800064881,0.039988547940225,0.798732968879974,5.27917250853551e-09,6.03626054222598e-08,0.192891337912941,0.259688293064759,0.25378921109882,0.06794086637338,0.693792079235333,0.452985280505396,0.382001399030226,0.0215001145815174,0.232343112058284,-0.437116798200873,0.00768201647064475,0.0109764824574636,0.365457483468963,0.028393752940334,0.0307849810577195,-0.410046592778637,0.0130002373376614,0.0544788773013292,0.0694879680778728,0.687168128797535,0.999638761172362,-0.153695416147496,0.370807717429843,0.601757159075586,"blue",0.798732968879974,5.27917250853551e-09,6.03626054222598e-08,TRUE,TRUE
"K03433","blue",-0.222624165589204,0.191874728289519,0.420677675592855,0.621915311233881,5.14413505212707e-05,0.000195911146510772,-0.0812108933753717,0.637749313438639,0.33981903274798,0.833008358755934,2.92946198231352e-10,5.33101720496137e-09,-0.208251816824906,0.222908414892922,0.226887440400308,-0.0690683328189826,0.688962565548553,0.451674233498826,0.306957078065289,0.0686087543285449,0.302956412686892,-0.614700662927495,6.64363498197802e-05,0.0002567852099222,0.584414968007307,0.000182142591606756,0.000606288316741233,-0.162111092543634,0.344859108156931,0.324741096473906,-0.00625337962329355,0.971125739992158,0.999638761172362,-0.0905457077029743,0.59945664886345,0.680993193481028,"blue",0.833008358755934,2.92946198231352e-10,5.33101720496137e-09,TRUE,TRUE
"K03436","turquoise",0.582019057677919,0.000196439329469232,0.00808882454130902,-0.621588595350711,5.20478587103095e-05,0.000196993620203462,0.817203122480666,1.19726040719094e-09,1.82405737056401e-08,-0.130102553940818,0.449475828894829,0.243397699581024,-0.455547834684508,0.00523916187723134,0.0129988540205256,-0.199551256014541,0.243277510005881,0.256495882201932,-0.0510153763915468,0.767625585048017,0.5785729553692,-0.424673585889057,0.00983411900282236,0.0134242233132112,0.422710140970537,0.0102166376090595,0.0139418031693914,0.109740630875282,0.52403691363814,0.401501450998341,0.166613882917433,0.33144182836279,0.999638761172362,-0.178498113975168,0.297603702054154,0.560701574854591,"turquoise",0.817203122480666,1.19726040719094e-09,1.82405737056401e-08,TRUE,TRUE
"K03445","blue",-0.295897090889156,0.0797389355513317,0.259280631929833,0.46908928686007,0.00390198200711664,0.0062781806666628,0.033007071457736,0.848443276799566,0.406280076052517,0.745012950109372,1.87507639612498e-07,1.23607112737105e-06,-0.294890374090445,0.0808178024024372,0.108811084232973,-0.178308096063276,0.298126728752707,0.290200426967525,0.0860688348815615,0.617697823723807,0.540890361213743,-0.659478213869005,1.21692553317378e-05,6.80290998803131e-05,0.59901878720312,0.00011342563885894,0.00041434116597315,-0.162955338547068,0.342318586189403,0.323882652982737,-0.0905850784869909,0.599297269635714,0.999638761172362,-0.135412004068806,0.431026995439931,0.62356188936103,"blue",0.745012950109372,1.87507639612498e-07,1.23607112737105e-06,TRUE,TRUE
"K03446","turquoise",0.362779207307941,0.0296643641600084,0.147495622531461,-0.438903787863476,0.00740882421577267,0.0104107460975537,0.772492892536103,3.40521012460418e-08,3.16712101964549e-07,0.0448706728854702,0.794976819962363,0.347128336495012,-0.640065012691142,2.62570111723975e-05,0.000181597785406593,-0.369791590749932,0.0264326382791532,0.0689560600515,-0.247520669728943,0.145539089756258,0.350157489289392,-0.596014259132624,0.000125269268699277,0.000429847504997064,0.591265600019782,0.000146267670631799,0.000504556435975901,0.110234610963754,0.522159227877042,0.401501450998341,-0.0964194460445941,0.575884738510482,0.999638761172362,-0.211467067723804,0.215685171236878,0.512061915558181,"turquoise",0.772492892536103,3.40521012460418e-08,3.16712101964549e-07,TRUE,TRUE
"K03464","blue",-0.378885749929607,0.0226794962488673,0.125898295729633,0.596118295045952,0.000124841265894016,0.000397446572578629,-0.251739219495334,0.138579695746455,0.116359328508684,0.777329906216109,2.46106118152816e-08,2.20821057237837e-07,-0.0679893779182997,0.693584033178788,0.479869842177882,-0.0267279274499243,0.877029932839885,0.508014995117243,0.325281623020706,0.0528894868465621,0.282482919236655,-0.468311254895129,0.00396987918669344,0.0064952449706063,0.402815975617575,0.0148592113499243,0.018651396524801,-0.182402309597305,0.286987074882705,0.295438480490314,-0.136565889880844,0.427073842695331,0.999638761172362,-0.200173810033664,0.241779891060125,0.531032821399345,"blue",0.777329906216109,2.46106118152816e-08,2.20821057237837e-07,TRUE,TRUE
"K03470","blue",-0.352302560337636,0.0350910045026766,0.163072910924581,0.727723334797568,4.93315421054574e-07,4.24705772732262e-06,-0.314455725923094,0.0617837375485884,0.0642146470278917,0.846007304235932,8.21165071951391e-11,2.16528444034028e-09,0.0399702701300171,0.816965025637516,0.527567792410483,0.0489718589887375,0.776692794587318,0.478880080267906,0.30987059174666,0.0658899485233192,0.300664859577199,-0.517850330702013,0.00121716380595558,0.00251849808532193,0.462708797253862,0.00448974142892691,0.00735260117830068,-0.382141665833353,0.0214482416023812,0.0728210936583308,-0.031119917526738,0.857016508142338,0.999638761172362,-0.0800990076843067,0.64237520690238,0.693441483209573,"blue",0.846007304235932,8.21165071951391e-11,2.16528444034028e-09,TRUE,TRUE
"K03496","black",-0.441474368555787,0.00703045008533345,0.0621178789658661,0.823723622241102,6.81209374773854e-10,2.13534388569358e-08,-0.613470458513831,6.93549147218815e-05,0.000253473216702447,0.730496497877186,4.24509230102136e-07,2.39707354200756e-06,0.443900476752106,0.00668865878969581,0.0159657918990359,0.0794137713602408,0.64523269406435,0.437165402907408,0.417394997413211,0.0113161452300124,0.184844027115196,-0.192097572348086,0.261691883985626,0.166397669009749,0.13662767451628,0.426862742572117,0.246607701228603,-0.544777237083581,0.000591849735247063,0.00730531205014479,0.0239399619639315,0.889774011354804,0.999638761172362,-0.308730426538358,0.0669436359410184,0.329432478991707,"black",0.823723622241102,6.81209374773854e-10,2.13534388569358e-08,TRUE,TRUE
"K03517","turquoise",0.560870048707554,0.000373393837006717,0.011246760664656,-0.798900495114821,5.21220992056371e-09,1.17999442495428e-07,0.826834832942094,5.16277212567837e-10,8.89356064394434e-09,-0.416915551092522,0.0114200779798689,0.0151632975067558,-0.667090576257045,8.86530967285704e-06,7.71368824803999e-05,-0.179449423357211,0.2949940222877,0.288106587240841,-0.463504796888016,0.00441246877926381,0.106595467323994,-0.205135177381207,0.230066271233576,0.152489466639035,0.207470973164395,0.224687281317923,0.15092086220835,0.441434003634187,0.00703626100777194,0.0377076616104456,0.0491919977441258,0.775714604565129,0.999638761172362,-0.04301263144248,0.80329656710854,0.723049982415491,"turquoise",0.826834832942094,5.16277212567837e-10,8.89356064394434e-09,TRUE,TRUE
"K03518","brown",-0.188186476681388,0.271712829349705,0.500216091609843,0.147985543444047,0.389054144580923,0.208700605734142,-0.639517956294241,2.6811644780371e-05,0.000113747717795188,-0.382815675210167,0.0212004307667801,0.0252029910967967,0.872312013527518,4.20340025951613e-12,7.93649327827927e-10,0.42242534059879,0.0102731588239242,0.0414909340956611,-0.00143103623198343,0.993391049113221,0.62977484920686,0.785881037948366,1.35860148559684e-08,3.66552469587963e-07,-0.761784187670355,6.80025801042823e-08,1.61467676959798e-06,-0.314798020883135,0.0614855012110667,0.137582932526606,0.197461040908925,0.248351219662768,0.999638761172362,-0.0647721762970618,0.707428402684476,0.703318338898706,"brown",0.872312013527518,4.20340025951613e-12,7.93649327827927e-10,TRUE,TRUE
"K03520","brown",-0.0205885213293062,0.905129599414924,0.950583829060218,-0.0258203211218748,0.881175511194291,0.346832750320387,-0.3428376265657,0.0406648120570728,0.0471635840703916,-0.349707280524866,0.0365533786085915,0.0385857257814963,0.763850349559594,5.96746383499697e-08,1.70715819123323e-06,0.286320248230858,0.0904662625156187,0.147093638572379,-0.063561795066749,0.712661253692947,0.566326203124955,0.555011197363538,0.000442762871925018,0.00113451737351717,-0.572649867545821,0.000262506418940575,0.000796364151747238,-0.442105628235117,0.00694010793121331,0.0374703128822291,0.159357474490664,0.353224882265836,0.999638761172362,-0.366222841955939,0.0280389961072627,0.239735702674658,"brown",0.763850349559594,5.96746383499697e-08,1.70715819123323e-06,TRUE,TRUE
"K03521","purple",0.395699033411737,0.0169024525627236,0.109219304947275,-0.514951616142809,0.00131082277953481,0.0025805019793865,0.538309462079257,0.000707646953957596,0.00173729872811267,-0.205938535870243,0.228206480411584,0.151593304311784,-0.139040371503073,0.418664802836394,0.351015238828823,0.25426726469679,0.134528248233357,0.183210627148905,-0.297037139020536,0.078530715863868,0.30930536019383,-0.15778474690712,0.358057490969108,0.209830643403195,0.221091953347816,0.195030311673855,0.135207799702486,0.140287404252191,0.414462540487445,0.356596253377429,0.719226896064025,7.73051202727786e-07,0.000104780648436395,-0.154705086290555,0.367634897314061,0.601454674072546,"purple",0.719226896064025,7.73051202727786e-07,0.000104780648436395,TRUE,TRUE
"K03527","turquoise",0.408372648057293,0.0134121278472935,0.0931555338391989,-0.490801672396562,0.00237184671193087,0.00416011806911887,0.839616868374673,1.55622258252443e-10,3.22566315915487e-09,0.123294450778358,0.473744700876594,0.25076440137418,-0.806440095187312,2.89751181537721e-09,1.65782689818975e-07,-0.148204003038655,0.388346586469401,0.335874797516162,-0.209992322519615,0.218978017646682,0.387247422502232,-0.6387934346223,2.75625569533064e-05,0.000129920800493076,0.692459698896775,2.88061414008548e-06,2.53327029380725e-05,0.396748350812771,0.0165871742408122,0.0630733455060049,0.0367007921204587,0.831713248978027,0.999638761172362,0.0334632470790555,0.84637342632755,0.728965180956997,"turquoise",0.839616868374673,1.55622258252443e-10,3.22566315915487e-09,TRUE,TRUE
"K03543","turquoise",0.247302643126969,0.145905588693898,0.365381739816206,-0.33445114396966,0.0461830887925426,0.0435015553184403,0.75439550982899,1.07367450402825e-07,8.6545696255553e-07,0.165315166760439,0.335278180795717,0.198350465464569,-0.743444262407163,2.05348873640768e-07,3.88192977853873e-06,-0.162795364854626,0.342799102264716,0.31421093916909,-0.263621817109795,0.12029547961928,0.331565284930793,-0.686811048507164,3.73567583871129e-06,2.67720850254848e-05,0.737536174160413,2.87520518569636e-07,4.70826661034314e-06,0.278962918229193,0.0994348851926449,0.174853331524178,0.0380130458267117,0.825786732232325,0.999638761172362,0.0666315003965115,0.699415694328932,0.702504278332521,"turquoise",0.75439550982899,1.07367450402825e-07,8.6545696255553e-07,TRUE,TRUE
"K03544","green",-0.248985950510556,0.143093425754591,0.361213549874266,0.0655111446861004,0.704240074122255,0.30521842251418,-0.526641443675633,0.000968169838246504,0.00219834591934809,-0.512754960189468,0.00138596845707551,0.00252573439151143,0.471356191342074,0.00370986236963011,0.00970171487021191,-0.10579555577298,0.539150294973653,0.399436801502454,0.0717262574715953,0.677625415004722,0.557246259564689,0.7794175866892,2.13391082381024e-08,5.24327311454685e-07,-0.79289841450777,8.17496281765121e-09,3.23515238533267e-07,-0.126277670636547,0.463026655960382,0.378460962982096,0.128470165818943,0.45523261618134,0.999638761172362,0.130074850412692,0.449573198136875,0.633382730705447,"green",0.7794175866892,2.13391082381024e-08,5.24327311454685e-07,TRUE,TRUE
"K03545","blue",-0.274791673365053,0.104811973714934,0.300922214717044,0.389193694724831,0.0189711423139057,0.0214347310160151,0.010866297648432,0.949847244238181,0.433246875091234,0.762616951822845,6.45247696379246e-08,4.8844385622625e-07,-0.301228278436896,0.0742108579379779,0.101609617818155,-0.141175551099843,0.411484240182825,0.345695147355338,0.357734843401203,0.0321842212792385,0.256458517762687,-0.687852683891256,3.56238354796137e-06,2.59354097092205e-05,0.64726483891959,1.98656414879635e-05,0.000113661845489749,-0.142755880428009,0.406214890957044,0.3536362174265,-0.063699205744895,0.712066529267005,0.999638761172362,-0.00740786141139582,0.96579792988346,0.752795572074831,"blue",0.762616951822845,6.45247696379246e-08,4.8844385622625e-07,TRUE,TRUE
"K03553","black",-0.43924498396235,0.00735761979532457,0.063151285472799,0.711056412029482,1.17299495960837e-06,8.34151671055877e-06,-0.610736978300804,7.62582274698465e-05,0.000273197690809801,0.500243098517875,0.00189069662335048,0.00327464019054628,0.528902572843164,0.000911907232695794,0.00309673308994543,-0.110138453436161,0.522524476671854,0.391872010971509,0.398993236966116,0.0159292064403746,0.212429555562062,-0.032647929225136,0.850073551403589,0.38400850733432,-0.0881673027279356,0.609118596284548,0.318922216416907,-0.661438816732311,1.12254163219069e-05,0.000360336797946606,-0.0827265969418055,0.631465044443458,0.999638761172362,-0.335432833555388,0.0455076074783905,0.280908404824681,"black",0.711056412029482,1.17299495960837e-06,8.34151671055877e-06,TRUE,TRUE
"K03561","brown",-0.101686665524223,0.555109661260548,0.7370176844805,0.2497723359178,0.141793374335219,0.100432490624523,-0.528372526546048,0.000924829982739962,0.00211649859306603,-0.101427489426285,0.556123669562666,0.277215142416195,0.795719000175014,6.62877417652822e-09,2.74034116012805e-07,0.225987848081417,0.185073423508744,0.220615230257628,0.185939636761598,0.277581630930789,0.41994807677761,0.397547161571739,0.0163504819688142,0.0201054923769289,-0.425391255430236,0.00969737671990564,0.0133611913980841,-0.466530263146972,0.00412916906962803,0.0273083999920612,0.0675238483312334,0.695581405908482,0.999638761172362,-0.191190427417641,0.2639941236761,0.54261532781177,"brown",0.795719000175014,6.62877417652822e-09,2.74034116012805e-07,TRUE,TRUE
"K03563","green",-0.327586064001228,0.0511351429376093,0.199691020379403,0.104317738455865,0.544864922734114,0.256783919322964,-0.588952952696738,0.000157596588485538,0.00051040408196869,-0.47485259032248,0.00342963725574252,0.00543577186689607,0.502113541315953,0.00180626653194566,0.00543062853596252,0.0276642857942307,0.872756401811286,0.506697378348948,0.0893081976859735,0.604475600414178,0.536148142198027,0.792632480102395,8.33678457404575e-09,2.49376191697756e-07,-0.786424370012282,1.30708682686782e-08,4.65538821899373e-07,-0.0554702528343291,0.747965490710133,0.479804076700011,0.184636880876912,0.281021936913785,0.999638761172362,0.280080246729355,0.0980308881635254,0.381531960739974,"green",0.792632480102395,8.33678457404575e-09,2.49376191697756e-07,TRUE,TRUE
"K03574","blue",-0.457144953060918,0.00506327723242732,0.0505240516475033,0.753366610516242,1.14273615693312e-07,1.45521295601189e-06,-0.435890945482009,0.00787436782300446,0.0125688966505949,0.80770166519157,2.61985328039922e-09,3.35147638050382e-08,0.117062289187677,0.496549257356369,0.391294216633874,-0.0692446902570088,0.688208224728059,0.451674233498826,0.299917903609585,0.075541061051143,0.30930536019383,-0.383752852576102,0.0208598231331705,0.0242627552869579,0.287451019790987,0.0891448175160812,0.0748827369091449,-0.444384167428901,0.00662224884765841,0.0361969369840807,-0.0605625821722152,0.725683118259671,0.999638761172362,-0.16081201519659,0.348790682905859,0.594964916798725,"blue",0.80770166519157,2.61985328039922e-09,3.35147638050382e-08,TRUE,TRUE
"K03578","turquoise",0.319914000424613,0.057162214357938,0.211545714796783,-0.311373906595833,0.0645206549751756,0.0559808632341656,0.755068490560773,1.03060797982144e-07,8.35383341732324e-07,0.287005463662785,0.0896637202549829,0.0766567927367441,-0.733913992932662,3.51880586579274e-07,5.4908280422409e-06,-0.298904424516262,0.0765825618518266,0.131565410203918,0.0826787848760427,0.631662893286871,0.544087648466085,-0.709645104019715,1.25879718369117e-06,1.25590891719626e-05,0.716010581925903,9.12504349881061e-07,1.09244464156571e-05,0.251097286466523,0.139622599228881,0.208372221379372,-0.00734937236126893,0.966067817450753,0.999638761172362,-0.115608868302373,0.501946742782914,0.654241030473496,"turquoise",0.755068490560773,1.03060797982144e-07,8.35383341732324e-07,TRUE,TRUE
"K03584","blue",-0.267042292993882,0.115382872161438,0.31747705973358,0.372284443573017,0.025356219222469,0.0273593896583843,0.0467879537710195,0.786415110728643,0.387973592460537,0.730433660252908,4.25965200811438e-07,2.39707354200756e-06,-0.294179364543264,0.0815865637729656,0.109329045131868,0.18573343015433,0.278124346404005,0.27842540974372,0.364177659378574,0.0289952176550261,0.256458517762687,-0.53814772405644,0.000710783601273339,0.00165207566293066,0.648683771310376,1.87869760300449e-05,0.000108360595935817,0.184295479636156,0.281928057479857,0.294238654987665,-0.132340316703383,0.441648621370033,0.999638761172362,0.052723912499358,0.760067899534019,0.711685929801215,"blue",0.730433660252908,4.25965200811438e-07,2.39707354200756e-06,TRUE,TRUE
"K03594","pink",0.246401724801059,0.14742717151184,0.367776525251546,-0.479461420615877,0.00308846831135113,0.00518405504810131,0.493148370577363,0.00224322157042125,0.00435126882827483,-0.373772032004109,0.024731313694179,0.0286071491068865,-0.64227734910963,2.41185914891944e-05,0.000170912969287061,0.00476812695998353,0.977981801059622,0.536951882887204,-0.306448305441425,0.0690924269660488,0.302956412686892,0.010525829813783,0.951416767084086,0.410729240383592,0.110450407692065,0.521339993089545,0.285996388517451,0.786529005378729,1.29737617580097e-08,1.55946503110255e-06,0.0362059110284921,0.833950668631371,0.999638761172362,0.358032632497941,0.0320307540229402,0.250902611945023,"pink",0.786529005378729,1.29737617580097e-08,1.55946503110255e-06,TRUE,TRUE
"K03595","blue",-0.0772011219051077,0.654493650866178,0.809531500482007,0.140614652589214,0.413363736262166,0.216791333735484,0.281657719937396,0.0960745011928945,0.0886185738705186,0.700332467960926,1.98552870927324e-06,9.5168359497241e-06,-0.37082808094941,0.0259805892834456,0.0459309735447404,-0.161670227396999,0.346190320819365,0.315695467453011,0.171548257257858,0.317114357406616,0.435227724349554,-0.804807636626853,3.29735704444091e-09,1.13427987178168e-07,0.74417815106083,1.96815995811215e-07,3.46167928981872e-06,-0.100093169839101,0.561357714127581,0.415721314272964,0.0139559437785257,0.935613490676376,0.999638761172362,-0.250975293378716,0.139821443369865,0.436992217053363,"blue",0.700332467960926,1.98552870927324e-06,9.5168359497241e-06,TRUE,TRUE
"K03611","purple",-0.0136277774008821,0.937124470904969,0.967459823501702,-0.00812434795070999,0.962492139811082,0.36633083145188,-0.06513605924455,0.705857788985294,0.362658499246735,0.0383983826055343,0.82404822405935,0.354314330494975,0.230420323386885,0.176373629927277,0.192827611436347,0.286564098765327,0.0901800283291321,0.147035536692292,0.125612610561498,0.465404821829101,0.497562067470171,0.0676200841160792,0.695168336571466,0.336327922779528,-0.0608869482455152,0.724271064298872,0.357905151336939,-0.0856140040144743,0.619563960948995,0.439294380866865,0.835030020103399,2.4211759839567e-10,7.16007770528286e-08,-0.10228933526535,0.552755100152527,0.667427351168092,"purple",0.835030020103399,2.4211759839567e-10,7.16007770528286e-08,TRUE,TRUE
"K03636","turquoise",0.577393588459149,0.00022691648741684,0.00889348594659013,-0.664440403966996,9.90899668033102e-06,5.09783831777239e-05,0.924891978358384,7.69972910076146e-16,1.11717391472735e-13,-0.122417825102206,0.476918794389294,0.251480298906852,-0.716036391513691,9.11298875089312e-07,1.20475034343152e-05,-0.424453990886395,0.00987628619676234,0.0406040850289368,-0.294384601547299,0.0813640770364338,0.30930536019383,-0.553374975778292,0.00046408274534201,0.00116954522373969,0.516205905532641,0.00126954430760807,0.0026910920317887,0.19360608612465,0.257892856634274,0.282998745657709,-0.0325871350494202,0.850349578627157,0.999638761172362,-0.145048126364199,0.398640572947834,0.612507006029189,"turquoise",0.924891978358384,7.69972910076146e-16,1.11717391472735e-13,TRUE,TRUE
"K03648","blue",-0.670905163598077,7.5382981760769e-06,0.00175157742619844,0.764766229452024,5.62934158690506e-08,8.19275811844063e-07,-0.530608108519766,0.000871402468488612,0.00202294515931106,0.773795544303802,3.12251128876822e-08,2.63689692005036e-07,0.242443735874107,0.154249287028487,0.1752346768076,0.103671182321083,0.547374116115535,0.402632281677784,0.323070554512666,0.0546175735742268,0.282482919236655,-0.268800478339197,0.11291709062138,0.0880296977732028,0.22475743896498,0.187541240272504,0.131552261139808,-0.31947268668157,0.0575253579099856,0.133430522406586,0.102105742822007,0.553471878838341,0.999638761172362,-0.157383652528587,0.359296283839904,0.598630721553405,"blue",0.773795544303802,3.12251128876822e-08,2.63689692005036e-07,TRUE,TRUE
"K03665","turquoise",0.423861014212573,0.00999092018255265,0.0779387610403928,-0.48504291683708,0.00271515492603911,0.00466193740975427,0.724702171100867,5.7984101002741e-07,3.87698870083252e-06,-0.0115375950547737,0.946753179878005,0.384013849055696,-0.640943306344293,2.53882893690292e-05,0.000177443200039308,-0.532942786718614,0.000818539698913455,0.0104447093747789,-0.0910956342045221,0.597232121502366,0.534596070628945,-0.499545815138648,0.00192304535235362,0.00371119895765829,0.422775430256344,0.0102037176613817,0.0139392149368434,0.124323746795592,0.470032024238254,0.381592659053679,-0.217751989379332,0.202034492485695,0.999638761172362,-0.251686759105914,0.138664708796596,0.435355452088518,"turquoise",0.724702171100867,5.7984101002741e-07,3.87698870083252e-06,TRUE,TRUE
"K03671","turquoise",0.480930921612752,0.00298608963264118,0.0366556587735161,-0.529078941622065,0.000907642839451566,0.00191640916343114,0.8169863291356,1.21945249611269e-09,1.82405737056401e-08,-0.0615864080674834,0.721229177890562,0.324918700600796,-0.829400069319849,4.09083440958003e-10,4.06524014265321e-08,-0.588490775612611,0.000159952905862056,0.00439667504973602,-0.253181239533459,0.136257861421312,0.34414129731896,-0.580101968680539,0.000208594790929098,0.000632998848238701,0.508328718312603,0.00154898888485296,0.00318439199542273,0.236951439541408,0.164091436330185,0.225978300913098,-0.161428469617311,0.346921644848085,0.999638761172362,-0.0635362663900729,0.712771762246623,0.704130620767717,"turquoise",0.8169863291356,1.21945249611269e-09,1.82405737056401e-08,TRUE,TRUE
"K03672","turquoise",0.484488893014172,0.00275036105487051,0.0352640526716549,-0.430659209655126,0.00874228439406607,0.0118610657779441,0.811732770275872,1.88937719764232e-09,2.58617640672371e-08,0.0232376514642028,0.892988766929763,0.37039414083538,-0.765007479134032,5.54327051142607e-08,1.61020296527126e-06,-0.549247344758336,0.000521981061019793,0.00813414671613635,-0.122140632848409,0.47792476320957,0.504121523180097,-0.613103667429679,7.02472194192724e-05,0.000267754129288275,0.576589349190569,0.000232627791449135,0.000725198428431214,0.191962502586797,0.262033834614779,0.284690421018248,-0.102561025477023,0.551695170216986,0.999638761172362,-0.111359589956176,0.517895393690181,0.657404298826562,"turquoise",0.811732770275872,1.88937719764232e-09,2.58617640672371e-08,TRUE,TRUE
"K03676","turquoise",0.408143317505274,0.0134694051833702,0.0932254788542621,-0.687781769574436,3.57394387971639e-06,2.17371943307144e-05,0.814907354153636,1.45253960365321e-09,2.06620377906655e-08,-0.206291836961906,0.227391828419709,0.15128859680109,-0.571401788408875,0.000272663824252168,0.00117807785045926,-0.0931052039565056,0.589133815175878,0.4191548030535,-0.29760850294683,0.0779305623392735,0.30930536019383,-0.362455177550753,0.0298212049881827,0.0319327485473015,0.360077395566061,0.0309930730402737,0.0329512047836402,0.360817345712137,0.0306244190691285,0.0914848595815637,0.00984766791448792,0.954543556656107,0.999638761172362,-0.26378403842636,0.120059016385661,0.41497832796473,"turquoise",0.814907354153636,1.45253960365321e-09,2.06620377906655e-08,TRUE,TRUE
"K03679","magenta",-0.106172637886686,0.537696749777662,0.723976625424973,0.271674826819732,0.108971645224318,0.0827959856226385,-0.242451054178725,0.154236465198518,0.125814176123875,0.0938588583061413,0.586109216974985,0.286958918852327,-0.0796280039138719,0.644338787995501,0.458951463345074,-0.113821912444471,0.50862325922023,0.387213074050378,0.156303499318757,0.362645140126376,0.454833292987978,0.0440451701341947,0.798670480884267,0.369274183872799,-0.0502539248913988,0.77100071203944,0.373737477336228,0.00855628176224915,0.960499538751474,0.530907476681411,-0.0190548880707169,0.912168034746495,0.999638761172362,0.802450754325915,3.96554540998813e-09,1.09065029377374e-06,"magenta",0.802450754325915,3.96554540998813e-09,1.09065029377374e-06,TRUE,TRUE
"K03685","red",0.161320679226205,0.347248016261263,0.573919258720553,0.064872993921102,0.706993128096878,0.305408115862318,0.44456234955509,0.00659792778580939,0.0108355085869035,0.513688125858665,0.00135359464111853,0.00247170129626373,-0.632917013575265,3.43946276976418e-05,0.000223164715683468,-0.215112010041246,0.207693257018538,0.235649422185012,0.124049210313055,0.471020774774068,0.499328620757432,-0.713011257218085,1.06299465593527e-06,1.09974926652482e-05,0.762618113656772,6.45200344382785e-08,1.55795186586502e-06,0.161686012166785,0.346142604090391,0.325581433974314,0.069338004199003,0.687809208981289,0.999638761172362,0.0682705265662167,0.692378737107316,0.700954715202344,"red",0.762618113656772,6.45200344382785e-08,1.55795186586502e-06,TRUE,TRUE
"K03686","red",-0.0656295329654413,0.703729739354072,0.837932958315812,0.0988028179080924,0.566440829409647,0.26437562609447,0.461029077546639,0.0046566513948807,0.00810126833639564,0.657256242842136,1.33258454923367e-05,4.75627294897336e-05,-0.602961018548428,9.94164421528966e-05,0.000514272448841659,-0.0857032662012397,0.61919753966141,0.428764244042511,0.123675034132506,0.472370143326216,0.500500695299082,-0.811628522065923,1.90560209275199e-09,7.28356434259885e-08,0.815537609695336,1.37784190087514e-09,1.1546807433985e-07,0.237293665972204,0.16346528364469,0.225467739327262,-7.55333509570137e-05,0.999651160723506,0.999995634983164,-0.253729790798146,0.13538219654965,0.431680318320408,"red",0.815537609695336,1.37784190087514e-09,1.1546807433985e-07,TRUE,TRUE
"K03687","turquoise",0.231722237087101,0.173874561976438,0.40086034734894,-0.38476583583684,0.020496798134552,0.0228318738168465,0.741574482759344,2.28652506639362e-07,1.67554508232637e-06,0.291490536286008,0.084545120960439,0.073313313420442,-0.730635635670388,4.21301630528302e-07,6.41503988395719e-06,-0.0524576927748281,0.761244100437555,0.475515374501233,-0.0036366913535665,0.983205679016428,0.626217735463915,-0.716589902338103,8.85795613012136e-07,9.67335710745415e-06,0.789379676668787,1.05715910922577e-08,4.07052183819316e-07,0.408635898238744,0.0133466322593769,0.0553134749576557,0.0471933641087955,0.784607850051245,0.999638761172362,0.00137980915726072,0.993627626084757,0.757705160354976,"turquoise",0.741574482759344,2.28652506639362e-07,1.67554508232637e-06,TRUE,TRUE
"K03701","turquoise",0.321420378538695,0.055936357184984,0.208670837067377,-0.518862107956267,0.00118589050351027,0.00240424707245236,0.755448821424087,1.00697974900549e-07,8.20816495018182e-07,-0.05459854789122,0.75180059919739,0.3343775392665,-0.804058643896662,3.49743114451267e-09,1.81104013437246e-07,-0.51915596898152,0.00117694127305042,0.0122309620987733,-0.194638220366062,0.255314692866903,0.407114087899722,-0.471181204211191,0.00372439436341812,0.00613004445546202,0.445100464504582,0.00652494237821157,0.00987867082351342,0.33958656807658,0.0427369617061943,0.113632984139949,-0.12478977170061,0.468356133563839,0.999638761172362,-0.0528883386723162,0.759341703094773,0.711685929801215,"turquoise",0.755448821424087,1.00697974900549e-07,8.20816495018182e-07,TRUE,TRUE
"K03710","blue",-0.371182150919541,0.0258276373161579,0.137368712364933,0.697871325604263,2.23329101594669e-06,1.42943288255295e-05,-0.183550163677618,0.283912785852556,0.195601384874948,0.864951971984392,1.02728348142849e-11,4.147829471676e-10,-0.220805016065338,0.195625274615209,0.207471301701862,-0.113765217667543,0.50883581031496,0.387213074050378,0.345097741025922,0.0392727705907353,0.257197452504772,-0.561751685227479,0.000363841167259379,0.000974008973635913,0.55520396742052,0.000440309441845152,0.00118134006738785,-0.10409175004118,0.545741331398613,0.409071457336662,-0.0981431248407609,0.569047693635492,0.999638761172362,-0.0955938985823234,0.579172370266091,0.672609821045075,"blue",0.864951971984392,1.02728348142849e-11,4.147829471676e-10,TRUE,TRUE
"K03712","turquoise",0.482771886744455,0.00286201113198896,0.0360857450091476,-0.56608192276123,0.000320015041961392,0.000841335581207875,0.859965807727701,1.82782699114643e-11,4.57248651760877e-10,0.0312806578525265,0.856285631816529,0.361709842908633,-0.649364790722539,1.82884110585646e-05,0.000134360235780469,-0.193412491390793,0.258378349610602,0.265864000008692,-0.191050795138979,0.264349676889941,0.411561554886841,-0.596964793857216,0.000121407365019186,0.00042156262570791,0.577641259813136,0.000225183119958952,0.0007113293804651,0.208619287209636,0.222074608166147,0.266173616425438,0.0998543083325309,0.562297075624835,0.999638761172362,-0.269906619689835,0.11138622741113,0.399093671639336,"turquoise",0.859965807727701,1.82782699114643e-11,4.57248651760877e-10,TRUE,TRUE
"K03716","turquoise",0.492583211654845,0.00227362748752437,0.0320177931468258,-0.737444871005978,2.88999803035152e-07,2.89593982143438e-06,0.850735131633671,5.02168971085177e-11,1.19444286411589e-09,-0.272734741476754,0.107543349771025,0.087493827680721,-0.584829248336857,0.000179767455128069,0.000846436930934791,-0.0914629243419412,0.595748383271414,0.42093920488923,-0.222564682942941,0.191996559318544,0.378356975472176,-0.285972763988066,0.0908753483012501,0.0741656417354684,0.332694952005411,0.047411585396907,0.045700557776537,0.431398142114096,0.00861495956672334,0.0424296444449243,-0.0182270893959153,0.915969893424491,0.999638761172362,-0.188596084547899,0.270651736200752,0.543341457624992,"turquoise",0.850735131633671,5.02168971085177e-11,1.19444286411589e-09,TRUE,TRUE
"K03718","blue",-0.333386632168836,0.0469246445498651,0.19056912449527,0.678958835688315,5.31148691795702e-06,2.97859488448196e-05,-0.263124990458581,0.121021849312541,0.105652093383142,0.737900238688729,2.81691025264808e-07,1.7167921395809e-06,-0.0521465857492825,0.762619288400784,0.508263727222146,-0.0580142296964146,0.736807457124415,0.468751072369516,0.182818821363102,0.28586906328926,0.424280848019259,-0.454248820269378,0.0053860787136227,0.00826217698422613,0.435059906916223,0.00800709767444403,0.0115342747298807,-0.12153978661368,0.480109115392601,0.385814674712409,0.112111433628609,0.515055419234987,0.999638761172362,-0.0571803668419939,0.740459119238581,0.709855498813709,"blue",0.737900238688729,2.81691025264808e-07,1.7167921395809e-06,TRUE,TRUE
"K03719","blue",-0.151095701471072,0.379051527311642,0.599351536464044,0.235414005233661,0.166925689768387,0.11375030178479,0.244657459340623,0.15040596998764,0.123436572213492,0.723197951200083,6.27934196684087e-07,3.38051961231145e-06,-0.323005234482661,0.0546693008129269,0.0805162241891954,0.102124850271419,0.55339725956686,0.405864011268753,0.279586406929793,0.0986495536956213,0.31405913359703,-0.721154414838477,6.99150930046857e-07,8.22241360162045e-06,0.71636676307807,8.95996964678013e-07,1.08177262696975e-05,0.00692812876065556,0.968011680767931,0.533571355696504,-0.00881563586852693,0.959303196458126,0.999638761172362,-0.372952712010092,0.0250738982305587,0.227623897629201,"blue",0.723197951200083,6.27934196684087e-07,3.38051961231145e-06,TRUE,TRUE
"K03737","brown",-0.303702405734957,0.0717491981480389,0.24337866691926,0.305485635397729,0.0700149190742883,0.0596888561829268,-0.618399587921434,5.8316483130088e-05,0.000222081146364808,-0.0944205557714636,0.583859473460578,0.286074250057774,0.846889447546853,7.50107556335066e-11,1.01163398529256e-08,0.161370989323393,0.347095662425052,0.316357229491247,0.203052496265212,0.234935558903211,0.396501809385508,0.48207949457224,0.00290813991772378,0.0051601963894344,-0.529980997038235,0.000886106785522154,0.00202958448530124,-0.610168065747132,7.77706402733992e-05,0.00169511631238919,-0.0265793552371825,0.877708333063987,0.999638761172362,-0.155020437326446,0.366647248067346,0.60114909219041,"brown",0.846889447546853,7.50107556335066e-11,1.01163398529256e-08,TRUE,TRUE
"K03750","blue",-0.381444305972796,0.0217071675264631,0.1230198884383,0.412531816820892,0.0124084543479839,0.0153848260078362,-0.0135470458439658,0.937496217490623,0.43004675327824,0.736510107830978,3.04553024920247e-07,1.83877974303327e-06,-0.0289984187661275,0.866673581070978,0.54394571967641,0.0853471197402878,0.620660059127598,0.428960406704112,0.235143351710494,0.16742825294975,0.362275155253874,-0.528657782025486,0.000917855353535584,0.00203047712633385,0.461143607800136,0.00464510282876455,0.0075458331117973,-0.208656925833298,0.221989325054448,0.266173616425438,0.0979390817654906,0.569855103383401,0.999638761172362,-0.39044676545941,0.0185570188321714,0.200584711818523,"blue",0.736510107830978,3.04553024920247e-07,1.83877974303327e-06,TRUE,TRUE
"K03762","brown",-0.134652227901811,0.433640975539846,0.645303793884318,0.0653478679502826,0.704944117634748,0.305278085579684,-0.495371139142945,0.00212705754780243,0.00418184776783644,-0.385200494858475,0.0203426494402299,0.0243819996583155,0.746930866987291,1.67637710644637e-07,3.40342887190536e-06,0.211579433565339,0.21543568231694,0.239798717769746,0.0692062767962283,0.688372506976561,0.559806777747025,0.611711937429776,7.37279532349192e-05,0.000279472959121701,-0.579117583858382,0.000215094624837475,0.000690173125342919,-0.460274840391186,0.00473332592805619,0.0293217845159483,-0.025285508453651,0.883619783056225,0.999638761172362,0.11814992844483,0.492529579338469,0.652522104677471,"brown",0.746930866987291,1.67637710644637e-07,3.40342887190536e-06,TRUE,TRUE
"K03769","turquoise",0.485955849894108,0.00265799853622928,0.0351397964982746,-0.732945632409905,3.71202449534407e-07,3.38655280544315e-06,0.799078767998948,5.14181707979737e-09,6.01644953649699e-08,-0.432506156456291,0.00842700538778666,0.0116510933780894,-0.612146799523505,7.26240024191898e-05,0.000400942394625256,-0.241994609699308,0.15503764700247,0.199472640051126,-0.392285755307349,0.0179629509525045,0.22319433748782,-0.227342396926988,0.182383252785166,0.128104610942173,0.245116352450874,0.149618074348374,0.111308092271682,0.282613320081423,0.0949039615923704,0.171299668586202,-0.0559173298832582,0.746000855564075,0.999638761172362,0.262155181656858,0.12244916166784,0.416933700373305,"turquoise",0.799078767998948,5.14181707979737e-09,6.01644953649699e-08,TRUE,TRUE
"K03789","blue",-0.485365706450514,0.00269482459385456,0.0351397964982746,0.7679946402652,4.57354477356631e-08,6.90271166784134e-07,-0.303975998009161,0.0714809553064731,0.0713789367824546,0.812599231570023,1.75940103776814e-09,2.36795899375448e-08,-0.0874685136173863,0.611969854061963,0.446816718419207,-0.209596607934515,0.219867413910236,0.242584853224576,0.320438227866696,0.0567332122097654,0.282482919236655,-0.508408187677985,0.00154591957051906,0.00308284752347061,0.422033296666952,0.0103513979528671,0.0140717846184543,-0.32162030452608,0.0557752455536608,0.130772179639533,-0.175485750522636,0.305964256931786,0.999638761172362,-0.0248968089644039,0.885396934628968,0.736112006873301,"blue",0.812599231570023,1.75940103776814e-09,2.36795899375448e-08,TRUE,TRUE
"K03790","blue",-0.31416689975637,0.0620362756920202,0.223481732919315,0.564307043782571,0.000337373219016908,0.000881285386331815,-0.0796424393167142,0.644278572522856,0.342292456842352,0.915512692736617,5.28862982674558e-15,9.7617053939609e-13,-0.145461664770704,0.397282813243056,0.337737376148697,0.0433941359338735,0.80158653565441,0.485680949984128,0.348012084565765,0.0375350684554116,0.256992562565867,-0.700462582758246,1.97315933781783e-06,1.72932550002239e-05,0.671374866848703,7.38808860011974e-06,5.37016315367678e-05,-0.186383202432877,0.276416545780612,0.290484926510332,-0.0888987817120574,0.606140018219646,0.999638761172362,-0.178476979107467,0.297661847078211,0.560701574854591,"blue",0.915512692736617,5.28862982674558e-15,9.7617053939609e-13,TRUE,TRUE
"K03795","turquoise",0.383084916504096,0.0211021075607289,0.121521290216765,-0.464573968973816,0.0043104898240327,0.00679073400968028,0.758651324445682,8.26953010671152e-08,6.85886775382661e-07,0.079365240863656,0.645435260353889,0.302699463214616,-0.57199235806325,0.000267814513442443,0.00116244592064422,-0.0402210854613131,0.815836112559299,0.490143001529706,-0.0560230880156249,0.745536342153389,0.573393867334876,-0.544956738366034,0.000588891549857055,0.00140678289768324,0.576759500472532,0.000231408839191522,0.000722980456943483,0.265131925560933,0.118107681474366,0.190428906061867,-0.127604739369891,0.458300636218181,0.999638761172362,-0.158541116927951,0.355728412301567,0.597153629749141,"turquoise",0.758651324445682,8.26953010671152e-08,6.85886775382661e-07,TRUE,TRUE
"K03801","blue",-0.422997283349489,0.0101599193645245,0.078690994506662,0.491568824509283,0.00232910689658372,0.00411467126463615,-0.0806656932272027,0.640015896528092,0.340401712279229,0.833747753876513,2.7330443524563e-10,5.19300013033452e-09,-0.201458236763293,0.238709680874753,0.23833771676619,0.154176966566915,0.369292458101069,0.327931717296394,0.294128799509296,0.0816414509946823,0.30930536019383,-0.566154353089762,0.000319323937992553,0.000880532056909178,0.582014119296677,0.000196469807894341,0.000643454763542671,0.0763402999742026,0.658110451161436,0.453511714765182,0.0844447793418015,0.624371937307367,0.999638761172362,-0.187987744208128,0.272228626577713,0.543637450718307,"blue",0.833747753876513,2.7330443524563e-10,5.19300013033452e-09,TRUE,TRUE
"K03809","turquoise",0.639458499348163,2.68725610582628e-05,0.00320194120453905,-0.528621713253084,0.000918734675051679,0.00193648408055475,0.792683530855701,8.30549177122465e-09,9.26973547167962e-08,-0.0246070416958104,0.886722122433031,0.3685915953368,-0.604169128458647,9.54468071307627e-05,0.00049782962888106,-0.352974494459963,0.0347202623687346,0.0812960608343946,-0.143126706655934,0.404984030080641,0.473403404414034,-0.588240279688299,0.000161243183525792,0.000520818024377262,0.519566684396205,0.00116453316775851,0.00250993144621475,0.208879961346913,0.221484421899235,0.266173616425438,-0.0454980718162213,0.792172490625174,0.999638761172362,-0.119788311274689,0.486506080324529,0.650589360011938,"turquoise",0.792683530855701,8.30549177122465e-09,9.26973547167962e-08,TRUE,TRUE
"K03817","red",0.265887537229666,0.117024227888497,0.320168051573828,-0.145158644271111,0.398277451399624,0.212164162468925,0.523530624217971,0.00105058187044142,0.00233075966990212,0.463729656341658,0.00439084978924047,0.00674579518395308,-0.417936917111691,0.0111996360580844,0.023984094491835,0.0429948616581516,0.80337623925008,0.485998695204338,0.168570578314457,0.325713252051007,0.438860486124619,-0.698205759471822,2.19803889346062e-06,1.84226390578743e-05,0.754562992354222,1.06280422775116e-07,2.3294391674986e-06,0.206900189968164,0.225993714361814,0.267552476151192,-0.0852186626664921,0.62118792161156,0.999638761172362,-0.32556389497165,0.0526720504561072,0.296830833431601,"red",0.754562992354222,1.06280422775116e-07,2.3294391674986e-06,TRUE,TRUE
"K03820","blue",-0.131043379039495,0.446175911516459,0.655560180742114,0.551801557617627,0.00048544143724751,0.00118929095533721,-0.0685969538482449,0.690980262614547,0.357419396854703,0.890708937143282,3.45732326598609e-13,2.48169296899467e-11,-0.146856807880586,0.392721871834949,0.334613330855607,-0.0500802136568053,0.771771268419383,0.477511681206611,0.325489303080244,0.0527294397200481,0.282482919236655,-0.695526466813824,2.49537017369581e-06,1.99488561790822e-05,0.628633299977872,4.030478709008e-05,0.000195308326021273,-0.201691896521282,0.238153993477262,0.272628582451484,-0.120267889762395,0.484750139727043,0.999638761172362,-0.256679532021817,0.130744521421326,0.428606742885383,"blue",0.890708937143282,3.45732326598609e-13,2.48169296899467e-11,TRUE,TRUE
"K03885","turquoise",0.524288414304443,0.001029955672559,0.0205548822259782,-0.5634958250528,0.000345583092085977,0.000898889784640147,0.904521235328672,3.87900059534278e-14,2.34505992766044e-12,0.0528480891508922,0.759519448417666,0.336318963292006,-0.742422625948925,2.17795556956229e-07,3.95406298176045e-06,-0.415450363553687,0.0117427237071169,0.0450496951224939,-0.117221893239463,0.495958351660865,0.509099476210268,-0.673794800846094,6.65656464304002e-06,4.28006753041055e-05,0.644078619422874,2.24956227908903e-05,0.000122791688273396,0.197763354265125,0.247613056371267,0.277911571106085,-0.0177277485025266,0.918264126458123,0.999638761172362,-0.282847421299234,0.0946188758600196,0.377147546285791,"turquoise",0.904521235328672,3.87900059534278e-14,2.34505992766044e-12,TRUE,TRUE
"K03888","green",0.00978064208027703,0.954852628574493,0.97719701127153,-0.0908820296620357,0.598095755010459,0.274672060604303,-0.35071182181583,0.0359815728225668,0.0429330665171024,-0.668247073642396,8.44209773530467e-06,3.21759400555317e-05,0.364509771390412,0.0288381416945621,0.0496604108700345,0.0552887843913686,0.74876338259053,0.470737065525303,-0.39692515785558,0.0165345392353565,0.214361462491943,0.805459196553736,3.13199883251831e-09,1.1050227652146e-07,-0.803965452295183,3.52309755346145e-09,1.67307292396203e-07,0.0285492722779559,0.868720586872878,0.508066065472675,-0.0710163897326842,0.680646601718191,0.999638761172362,0.216727972757243,0.204216576426654,0.500489211323292,"green",0.805459196553736,3.13199883251831e-09,1.1050227652146e-07,TRUE,TRUE
"K03889","blue",-0.183293370291758,0.284598697389704,0.511405131104571,0.628067019760487,4.11512964221097e-05,0.000162283230565754,-0.224557812340402,0.187943805715462,0.145746981891587,0.780292379112956,2.00919003824913e-08,1.89487696218508e-07,0.0233459130476148,0.892493099642369,0.552366575680128,0.0694609274896597,0.687283708674993,0.451501434326933,0.281478380239669,0.0962954034017941,0.31405913359703,-0.456893062827533,0.00509067377730768,0.00790598136229447,0.388987624264148,0.0190399790402235,0.0226244350231401,-0.167593974994716,0.328564701912508,0.317331775072864,-0.0609057798415314,0.724189112687958,0.999638761172362,-0.423363295647308,0.0100880103990995,0.14723025449185,"blue",0.780292379112956,2.00919003824913e-08,1.89487696218508e-07,TRUE,TRUE
"K03921","turquoise",0.277026755597502,0.101904006747538,0.295976548169413,-0.34574906188922,0.0388788635723791,0.0378722975721019,0.75929088065638,7.94769555120693e-08,6.70437219873648e-07,0.317872037733189,0.0588578764007829,0.0560409266213096,-0.65112522363936,1.70548264519059e-05,0.00012984449142263,-0.151578293536031,0.377513123112465,0.331388034865486,0.0393205008722044,0.819891301663239,0.589563482311522,-0.763497516040419,6.1026531422573e-08,1.10489074326613e-06,0.78847349667541,1.12863818807137e-08,4.23138557258152e-07,0.164949718408188,0.336362603781277,0.320999846631325,0.0387761516425918,0.82234465895857,0.999638761172362,-0.180869562698122,0.291125555905126,0.556858049638146,"turquoise",0.75929088065638,7.94769555120693e-08,6.70437219873648e-07,TRUE,TRUE
"K03928","blue",-0.188467062959568,0.270985674798558,0.499740416322952,0.590495010455928,0.000149958500339776,0.000454975778761487,-0.248743694841848,0.143495676789187,0.119388039223355,0.712250604952234,1.10461963819245e-06,5.70891159605903e-06,0.153105209645947,0.372669895751097,0.322328333080861,0.0446861330515197,0.795802154194782,0.483551158903902,0.351932595593817,0.0352965073129986,0.256458517762687,-0.388397116809844,0.0192383905690634,0.0228599048681381,0.386966681175689,0.0197261810324766,0.023244926129912,-0.400619488304644,0.0154663647272575,0.0604064565585494,0.0945557171821509,0.583318691003201,0.999638761172362,-0.0536985701422987,0.755766245432134,0.711685929801215,"blue",0.712250604952234,1.10461963819245e-06,5.70891159605903e-06,TRUE,TRUE
"K03932","black",-0.559489250020998,0.000388805032668689,0.011498025193375,0.821574940387367,8.22380781969077e-10,2.39373174425926e-08,-0.58841363132867,0.000160349276416579,0.000515198764896362,0.550392516879092,0.000505306648264039,0.00105325802968228,0.336350239656189,0.0448835663375175,0.0695202872705055,0.13173468882107,0.443759585254493,0.360599013969022,0.284611423404475,0.0924917233069358,0.31405913359703,-0.0163797678742252,0.924460649279236,0.403823991038188,0.0290601776574527,0.866392178553771,0.402975815632072,-0.314376924610927,0.0618525575517807,0.13765537846941,-0.0975552162290578,0.57137549334727,0.999638761172362,-0.0193702597523753,0.91072011706273,0.744169205199023,"black",0.821574940387367,8.22380781969077e-10,2.39373174425926e-08,TRUE,TRUE
"K03933","black",-0.624112602790899,4.75255809097431e-05,0.00380303440644592,0.920707454021116,1.87298555460283e-15,1.90811699022187e-13,-0.652076749301751,1.64200231084739e-05,7.46841464516889e-05,0.642190256674783,2.41996905620999e-05,7.97635201876107e-05,0.30638093989506,0.0691566690855402,0.0964369150448411,-0.0311473811664937,0.85689162435814,0.502820079556167,0.327497723625651,0.0512015266271773,0.282482919236655,-0.0900850238927517,0.6013229312631,0.305769536114917,0.0375978928230013,0.827660674263824,0.391089774351894,-0.44439960190416,0.00662013907125287,0.0361969369840807,-0.158899106209377,0.35462925088983,0.999638761172362,0.0483387015055461,0.779508120817509,0.716218953835299,"black",0.920707454021116,1.87298555460283e-15,1.90811699022187e-13,TRUE,TRUE
"K03972","turquoise",0.315770459350331,0.0606444368715177,0.219707578847016,-0.384895134675669,0.020450841941509,0.0228114270411932,0.806552999311371,2.87159323120798e-09,3.6547982695021e-08,0.265312388449381,0.11784823963279,0.0934722252619554,-0.760407117363639,7.41353956309177e-08,1.9441108282096e-06,-0.217205940018987,0.203196043862953,0.233025971808348,-0.102571604540941,0.551653918002596,0.524917781619703,-0.757231876059315,9.02724907887533e-08,1.47873509568908e-06,0.739198733715659,2.61773883719571e-07,4.34397508601551e-06,0.313046514187801,0.0630236235556183,0.138911979777389,0.0755910024869891,0.661264911031421,0.999638761172362,-0.20907701401915,0.221038992518915,0.515654658270638,"turquoise",0.806552999311371,2.87159323120798e-09,3.6547982695021e-08,TRUE,TRUE
"K03975","blue",-0.244877624908745,0.150027580993757,0.370850851802956,0.4170232738786,0.0113966560163053,0.0144079695804047,-0.0503997854773177,0.770353863486671,0.382652054102882,0.823950143381185,6.6771922306763e-10,1.0270584497626e-08,-0.0312013566769448,0.856646194686544,0.540589750034312,0.0176665444835044,0.918545374803794,0.519429680645269,0.389080867127676,0.0190088059825202,0.22319433748782,-0.630338895570435,3.78495268668897e-05,0.000165334749620887,0.596105606366734,0.000124893396490621,0.000450842547300753,-0.296691997217585,0.0788949847476823,0.156053026933577,0.0216720840873313,0.900160967598199,0.999638761172362,-0.327725373197864,0.0510305983794635,0.295820242361089,"blue",0.823950143381185,6.6771922306763e-10,1.0270584497626e-08,TRUE,TRUE
"K03979","turquoise",0.385175328430637,0.0203515481218456,0.120370156437025,-0.341488070049095,0.0415148905569959,0.040086883445443,0.740570203327535,2.42151810921928e-07,1.74798219590094e-06,0.212949316474947,0.212410052243728,0.143688584048744,-0.585036116558771,0.000178591879108268,0.000845032886289445,0.178129667878241,0.298618388080448,0.290375123010282,-0.22391085857235,0.189252631335341,0.378010457261344,-0.598048122317957,0.000117136774197904,0.000412221598751124,0.689299404220904,3.33387970523508e-06,2.77757165612917e-05,0.326764677744061,0.0517550381975693,0.12604661769011,0.0188965063239383,0.912895293956408,0.999638761172362,-0.298683527760451,0.0768110430672543,0.348221933597471,"turquoise",0.740570203327535,2.42151810921928e-07,1.74798219590094e-06,TRUE,TRUE
"K03980","blue",-0.25535235486474,0.132816366308015,0.343990158917176,0.496504103155105,0.00206989971977328,0.00372675933694151,0.0515787656716053,0.76513106969558,0.381066467210117,0.860327273630084,1.75435793669361e-11,6.29645743489764e-10,-0.262707238776159,0.121635141905621,0.147750153476074,-0.218451793729964,0.200552643640225,0.230819586937736,0.158105151687347,0.357069757028644,0.452263139863404,-0.771591512342684,3.61447736530791e-08,7.45807059907674e-07,0.691571407915582,3.00195172832776e-06,2.57636311709047e-05,-0.294963592459871,0.0807389569409869,0.157857140602461,-0.0463311585558527,0.788452754948034,0.999638761172362,-0.265676688914365,0.117325805742393,0.411935794730243,"blue",0.860327273630084,1.75435793669361e-11,6.29645743489764e-10,TRUE,TRUE
"K04063","turquoise",0.495291083393172,0.00213114809718169,0.0308116656005868,-0.590413247216244,0.00015035498283354,0.000454975778761487,0.814130094091213,1.54983625146016e-09,2.18320205433216e-08,-0.140216022251899,0.414702439351122,0.229770154222542,-0.631790362823895,3.58676552141054e-05,0.000231925254033907,-0.391990553438581,0.0180572270371554,0.0560794439591647,-0.283089396052774,0.0943248911101008,0.31405913359703,-0.44828305563276,0.00610729930622237,0.00913430729207976,0.401336681366336,0.01526586709334,0.0190777908144587,0.219111150457039,0.199163390889264,0.250658573119863,-0.104068873730754,0.545830085525326,0.999638761172362,-0.344467212093394,0.0396571792630825,0.262663601183122,"turquoise",0.814130094091213,1.54983625146016e-09,2.18320205433216e-08,TRUE,TRUE
"K04074","black",-0.372904589686965,0.0250941410990194,0.135151061250182,0.749439028057681,1.44577970682367e-07,1.80354866642358e-06,-0.476794534566732,0.00328208824144038,0.00603959596799814,0.639509841978254,2.68199508695787e-05,8.72866925911826e-05,0.358841592288134,0.0316168731048723,0.0530633054479487,0.0840485719190378,0.626004669006064,0.43009526899014,0.272586383132451,0.107742414445766,0.324632925807779,-0.132365295986055,0.441561672201074,0.242175593643097,0.101872673728308,0.554382449514747,0.29860374723709,-0.405135329698972,0.0142399856311263,0.0574550245196999,0.102413065358192,0.55227228053026,0.999638761172362,-0.399994530383609,0.0156428768162223,0.1769517708521,"black",0.749439028057681,1.44577970682367e-07,1.80354866642358e-06,TRUE,TRUE
"K04099","purple",-0.0299139373640237,0.862503720294005,0.92854661014489,-0.110107728513575,0.522641209932569,0.250857172209766,0.0228727499548824,0.894659733286564,0.419549224563935,0.00975620654451038,0.954965308204195,0.386065853283786,0.181725759939262,0.288809087008524,0.274712390825025,0.45008510226299,0.00588117419489281,0.0302812386622266,-0.0466693865655472,0.786943874432407,0.581902887123113,0.0413783799095478,0.810631922125782,0.373549482734,0.0396843197809673,0.81825252295608,0.387801811661813,0.0447111075734413,0.795690445587002,0.489730629359958,0.952357999232813,4.15259026107058e-19,1.35083761192626e-15,-0.0643833116466082,0.709108159169942,0.704130620767717,"purple",0.952357999232813,4.15259026107058e-19,1.35083761192626e-15,TRUE,TRUE
"K04488","turquoise",0.452783481478278,0.00555605579517976,0.0537912187551184,-0.518770366456255,0.00118869665858603,0.00240594624596515,0.885527911371055,7.29115289598524e-13,2.77618094506987e-11,0.0423542097201027,0.806249947076278,0.349687221675906,-0.824093561246434,6.59306963302557e-10,5.18685762271404e-08,-0.38486175489577,0.0204626977652845,0.0595584263458155,-0.275638753176227,0.103702562656425,0.321182577002924,-0.656293720603974,1.38572159068894e-05,7.39044379538576e-05,0.648702655803789,1.87729861426043e-05,0.000108360595935817,0.285210191217731,0.0917780875520621,0.168610440765989,-0.0683437094281021,0.692065120957929,0.999638761172362,-0.110177141650638,0.522377506659888,0.659663706471203,"turquoise",0.885527911371055,7.29115289598524e-13,2.77618094506987e-11,TRUE,TRUE
"K04565","greenyellow",-0.172490927478389,0.314422045990474,0.540599849686581,0.239018753108658,0.160335162848839,0.110118577266523,-0.28128282081127,0.0965367264168854,0.0888949073159311,0.225646176246973,0.185756397475655,0.13107987005402,0.249714330201179,0.141888972269577,0.164473324919708,0.107135970878603,0.533991929503701,0.397089766138322,0.758798192109457,8.19457794180338e-08,8.41342083749419e-06,0.0475326493182892,0.783096217394487,0.364864643654494,-0.0653706021671687,0.704846074014007,0.351598925156537,-0.0266278147581855,0.877487051079861,0.510539301123486,-0.0588649792684148,0.733087685887104,0.999638761172362,-0.230079154056335,0.177032722918191,0.47406264163806,"greenyellow",0.758798192109457,8.19457794180338e-08,8.41342083749419e-06,TRUE,TRUE
"K04566","blue",-0.40447678107188,0.0144135553451284,0.0978857944419681,0.614387683285668,6.71681576378346e-05,0.000244385804402133,-0.241089297188992,0.156635633099074,0.127320309981542,0.80938945305452,2.28689647926944e-09,2.9846394696347e-08,-0.0713013826976209,0.679433084488964,0.474951487012903,0.313394881513256,0.0627153026989716,0.116154821302368,0.264073348643459,0.119638163934887,0.331533600000558,-0.430579749928877,0.00875607113309101,0.0122565997487694,0.485113217949901,0.00271071577762616,0.00501539006360426,-0.0141195562681074,0.934860250218535,0.525871208680491,0.0688841733634208,0.689750593639376,0.999638761172362,-0.0347461916093834,0.840557664338321,0.72774370895486,"blue",0.80938945305452,2.28689647926944e-09,2.9846394696347e-08,TRUE,TRUE
"K04646","purple",-0.176296405057662,0.303699874290553,0.530585792511366,0.0600621751152917,0.727863273072657,0.310112944973181,-0.125623509876663,0.465365795154191,0.276612639369351,0.0109482155747681,0.949469638261927,0.384686662392701,0.260284968099526,0.125237052805406,0.150229775027524,0.269994689276002,0.111265017649998,0.163955668037442,-0.00751367738582809,0.965309669969994,0.622598201272559,0.104915409343903,0.542550310191344,0.282785762108609,-0.0599723182406324,0.728254981585388,0.359260169493934,-0.105199214797661,0.541452852542675,0.407954452733989,0.832737369513623,3.0046791495202e-10,8.14518439449101e-08,-0.0229986163368819,0.894083311911544,0.738449816972057,"purple",0.832737369513623,3.0046791495202e-10,8.14518439449101e-08,TRUE,TRUE
"K04757","blue",-0.236157634368192,0.165550457401864,0.38979167253854,0.418376823806279,0.0111058083997532,0.014113246318787,0.0136317787617685,0.937106046079922,0.430003722540601,0.74256138495072,2.16065211289257e-07,1.3888948125858e-06,-0.131492225520052,0.444606250329701,0.365780694326138,-0.0415942631082906,0.809662002779123,0.488113062960678,0.416044754633296,0.0116109156566808,0.187732199068581,-0.571327286050608,0.000273281125951411,0.000788325364185958,0.554133677931245,0.000454085835857743,0.00120693705874662,-0.158029659886651,0.357302333085754,0.329237423894173,0.0515525207454032,0.76524722275477,0.999638761172362,-0.355320965674264,0.033450560704527,0.255467741741082,"blue",0.74256138495072,2.16065211289257e-07,1.3888948125858e-06,TRUE,TRUE
"K04763","blue",-0.384157268691303,0.0207142552137984,0.121521290216765,0.568331981066034,0.000299158437819439,0.000802465529294304,-0.233263598714858,0.170948649006413,0.135315812306045,0.795982461632011,6.49914631930553e-09,7.11631025262385e-08,0.0165178904084016,0.923825507268506,0.560143430703276,-0.233099868302007,0.171257770022619,0.211478615428229,0.411793124228918,0.0125819241717608,0.193577694177122,-0.543315339654167,0.000616437615616045,0.00146495676959434,0.416818211979985,0.0114412773110368,0.0153365923739912,-0.411399935171356,0.012675091047535,0.0535983627798408,-0.0105995494635511,0.951076911363598,0.999638761172362,-0.131324498062732,0.44519245766168,0.632372543395407,"blue",0.795982461632011,6.49914631930553e-09,7.11631025262385e-08,TRUE,TRUE
"K04767","pink",-0.0200821878912004,0.907452598446439,0.950583829060218,-0.153867308723369,0.370266413173706,0.20153773985233,0.209532993012808,0.220010623541399,0.162866934274404,-0.0529194971740927,0.759204112827977,0.336318963292006,-0.408992952598891,0.0132582300098943,0.0273884376758387,0.267638941530526,0.114541606770859,0.166553907885376,-0.0747304588094422,0.664894802912963,0.554284722565322,0.00967811408376746,0.955325421861225,0.411381067504154,0.12759237353428,0.458344554394183,0.259224093924152,0.755733728156655,9.89608320760075e-08,8.31980009064036e-06,0.00889696900067195,0.958928042878802,0.999638761172362,0.361052432761874,0.0305080507474846,0.247837714086364,"pink",0.755733728156655,9.89608320760075e-08,8.31980009064036e-06,TRUE,TRUE
"K05275","turquoise",0.537648618070435,0.000720540818605127,0.0167422805923034,-0.583662531234303,0.000186528531764276,0.000537812920910951,0.872538922931906,4.08562683508929e-12,1.23024717100201e-10,-0.0954604429921714,0.579704628332414,0.285119723772364,-0.633720681989121,3.33776101735536e-05,0.000218064666412368,-0.337777504920845,0.0439264238737835,0.0935310990638725,-0.179378484935509,0.295188117305694,0.427062795797943,-0.515564002560261,0.0012905238688676,0.00263463456780927,0.520588148901348,0.00113417269019831,0.0024561020563762,0.206796228857661,0.226232221236264,0.267552476151192,-0.090275351667835,0.600551588174641,0.999638761172362,-0.231541648668919,0.174219690203475,0.47337352280381,"turquoise",0.872538922931906,4.08562683508929e-12,1.23024717100201e-10,TRUE,TRUE
"K05349","pink",0.0606684482343018,0.725222156251643,0.854144704665674,-0.132349812470817,0.441615566912372,0.226103591678615,0.414266628925724,0.0120089976636813,0.0175824117726115,0.115774057359795,0.501331799947285,0.259879143697016,-0.626441186082772,4.36718810737791e-05,0.00026859098334451,-0.0188257919283858,0.913220023703138,0.517904303940804,-0.000759352463243542,0.996493056987817,0.63037906211862,-0.246304281858355,0.147592436794952,0.108776235798543,0.343194255106763,0.0404425430139752,0.0404897423098366,0.716593673596117,8.85624120857426e-07,4.32936452326149e-05,0.0434076321356173,0.801526057711856,0.999638761172362,-0.0243793530332,0.88776361965429,0.736924244848099,"pink",0.716593673596117,8.85624120857426e-07,4.32936452326149e-05,TRUE,TRUE
"K05350","blue",-0.431156996478739,0.00865633607581693,0.0707514101875188,0.748379617180594,1.5393574114117e-07,1.86324476608719e-06,-0.396747327465047,0.0165874792972371,0.0228341644210311,0.758116151996792,8.54803508321362e-08,6.03525706118272e-07,0.0828154873718471,0.631097278187602,0.454055715594094,-0.0941875796820526,0.584792136698401,0.417217240094888,0.357859451687606,0.0321199306683826,0.256458517762687,-0.368695836827299,0.0269175695282132,0.0294890271223895,0.297687727676575,0.0778476279804501,0.0680407726260335,-0.219637125186452,0.198059997837658,0.24994698539096,-0.139962605318621,0.415554749755544,0.999638761172362,-0.0786175334969024,0.648559359054381,0.694236608794815,"blue",0.758116151996792,8.54803508321362e-08,6.03525706118272e-07,TRUE,TRUE
"K05358","green",-0.213358768684411,0.211511422927065,0.444452189035262,0.256521872959155,0.130989380780211,0.095262109074619,-0.660958209996547,1.14504001226496e-05,5.53789540853235e-05,-0.380258459758587,0.0221534280270882,0.0260924510651393,0.745575016414525,1.81470740287282e-07,3.60670740622126e-06,0.110243006634627,0.522127343359002,0.391872010971509,-0.130678410595943,0.44745446102062,0.492822957401239,0.782771246209321,1.6914516991398e-08,4.3913491825556e-07,-0.79735331408696,5.86174926767235e-09,2.3860011589991e-07,-0.285861962539659,0.0910060907534306,0.16736632259922,-0.0471486416074529,0.784807162255711,0.999638761172362,-0.0776860514271764,0.652459586397384,0.694236608794815,"green",0.782771246209321,1.6914516991398e-08,4.3913491825556e-07,TRUE,TRUE
"K05364","blue",-0.218427527118035,0.200603901494335,0.431450408327594,0.530347061565339,0.000877496977426518,0.00185918083025723,0.00451516403766809,0.979149669063273,0.441340157603595,0.785763586303146,1.36998159045379e-08,1.35121358266419e-07,-0.272134628961476,0.108350286365271,0.136112806558685,-0.0596762144318446,0.72954625121164,0.466339483830321,0.158369503071214,0.356256058098439,0.452263139863404,-0.640848856456934,2.5480442015305e-05,0.000121317473012026,0.641839781443324,2.4528555292741e-05,0.000131371690843166,-0.0857012805329118,0.619205689847797,0.439216745315298,-0.0305761760391354,0.859489731768911,0.999638761172362,-0.155438824874189,0.365339339954958,0.60114909219041,"blue",0.785763586303146,1.36998159045379e-08,1.35121358266419e-07,TRUE,TRUE
"K05366","turquoise",0.414499845766247,0.0119561365455368,0.0868154289790873,-0.408762756068557,0.0133151670332282,0.0161969176399138,0.830275694149365,3.77511168683804e-10,6.9334287100146e-09,0.107073596619944,0.53423143727544,0.271194053167798,-0.757183687698529,9.05406267146069e-08,2.2174235797662e-06,-0.298650274247704,0.0768454842366237,0.131888427445,-0.19085866274419,0.264839429172097,0.411676279179469,-0.66145045967134,1.12200162642543e-05,6.37958401633672e-05,0.679076322839776,5.28400410146793e-06,4.11361377037095e-05,0.307220061372068,0.0683597890451564,0.145059519703483,-0.0767774045725288,0.656272965736083,0.999638761172362,-0.158732254397239,0.35514129346005,0.597153629749141,"turquoise",0.830275694149365,3.77511168683804e-10,6.9334287100146e-09,TRUE,TRUE
"K05515","blue",-0.240299207253999,0.158039955470803,0.38099553567991,0.612861272571158,7.08425737555136e-05,0.000255473848036949,-0.0763968335247962,0.65787268596937,0.346093094930237,0.834235536858603,2.61024937226347e-10,5.03436622806637e-09,-0.233469618082397,0.170560254218835,0.187448764046655,-0.216429499111345,0.204855666217354,0.234241024687007,0.296178226034137,0.0794396576556456,0.30930536019383,-0.646037737979937,2.08435092822217e-05,0.000101703517242192,0.605177497320147,9.22434497536163e-05,0.000358080712529123,-0.162010363055402,0.345162990297784,0.324833069795281,-0.0778947730834249,0.65158484976785,0.999638761172362,-0.114213881662233,0.50715496726474,0.654320225696041,"blue",0.834235536858603,2.61024937226347e-10,5.03436622806637e-09,TRUE,TRUE
"K05520","pink",-0.0365856044469723,0.832233911318205,0.914613822134501,-0.128109800410543,0.456508802254862,0.230804714749064,0.374053863302212,0.0246143693862396,0.0315491474524123,0.269774094603343,0.111568808569085,0.0897031068850304,-0.784334433719428,1.51570998411739e-08,5.11041289622564e-07,-0.0836936422376159,0.627468788126595,0.430597173714563,0.04018001463904,0.816020946297844,0.58932216229803,-0.410109353072244,0.0129850046872503,0.0168399565894119,0.489283534371861,0.00245844994246126,0.00463901604935909,0.721630220232342,6.81936533873077e-07,3.62681401728464e-05,-0.0687400662530874,0.690367459864249,0.999638761172362,0.251278626811421,0.139327405509099,0.435998674718508,"pink",0.721630220232342,6.81936533873077e-07,3.62681401728464e-05,TRUE,TRUE
"K05523","blue",-0.375067882144537,0.0241973850382638,0.131628918945606,0.53780204893129,0.000717528774087179,0.00158622944406967,-0.0986275999364433,0.567132692456023,0.316314377691975,0.831282139756443,3.44026381427861e-10,6.08904878953717e-09,-0.156975202695841,0.360560433950885,0.316003966499821,-0.0792733188043139,0.645819011882268,0.437200040767428,0.352642427524407,0.0349030802953279,0.256458517762687,-0.633874488181344,3.31861086840204e-05,0.000149096404281123,0.601282742628573,0.000105177746669461,0.00039021512117033,-0.265258236164769,0.117926046591812,0.190410488503304,-0.102007768335802,0.553854567156973,0.999638761172362,0.00197297174182823,0.99088831941212,0.757313742350476,"blue",0.831282139756443,3.44026381427861e-10,6.08904878953717e-09,TRUE,TRUE
"K05540","red",0.284966755904095,0.0920677121995069,0.280828725863398,-0.139302724732482,0.417778739202866,0.218450802686749,0.580234204347997,0.000207735193271452,0.000634544099044673,0.40781683632003,0.0135513026510311,0.0173013941038337,-0.456563463606683,0.00512671536348735,0.0127870755912258,0.0309137388963625,0.857954161003164,0.502820079556167,-0.0481284036501454,0.780443820787945,0.581434809862302,-0.702473983661354,1.79070925060099e-06,1.61045237837213e-05,0.727221665528815,5.06806847137337e-07,7.14879028213234e-06,0.146847299230411,0.392752854120273,0.347288984138407,0.100879170662505,0.558271768050272,0.999638761172362,-0.313224360528511,0.062866072349506,0.320170846451041,"red",0.727221665528815,5.06806847137337e-07,7.14879028213234e-06,TRUE,TRUE
"K05551","blue",-0.28861109091987,0.0878046136354734,0.273067311812806,0.625269840678645,4.55735561144441e-05,0.000177206483718604,-0.16017601922865,0.350725358586199,0.226772118014636,0.861802462875655,1.48213416844388e-11,5.47141984999753e-10,-0.0832576284409018,0.629269305886853,0.45383168371677,0.0292151652120503,0.865686053759026,0.50473531888109,0.264854650204,0.118507138801284,0.329991843384162,-0.593551890456803,0.000135792536389581,0.000452418222862084,0.544485209055366,0.000596690577493352,0.00150070680558081,-0.147439910611531,0.390824637884926,0.346213089168033,-0.0914891209019687,0.595642618656046,0.999638761172362,-0.215631157779909,0.206571890851431,0.502440510248765,"blue",0.861802462875655,1.48213416844388e-11,5.47141984999753e-10,TRUE,TRUE
"K05558","red",0.080505367957582,0.640683035511882,0.797910380750442,0.0703657724555377,0.68341992606705,0.299860965735022,0.459539593205488,0.00480911749418841,0.0083174527874914,0.635488117920096,3.12361787040534e-05,9.91904796958765e-05,-0.575904916356826,0.000237589308339863,0.00105238854098973,-0.318728994085346,0.0581414614088734,0.110686528475755,0.0711832862734197,0.679935850135448,0.558333209416987,-0.866165509224104,8.89782758076039e-12,1.53041156772145e-09,0.812448638308168,1.78137800036654e-09,1.26892965119288e-07,0.0166604118367034,0.923170186028519,0.522800344624128,-0.101692643718911,0.55508628217866,0.999638761172362,-0.181789811919515,0.28863627064585,0.555091397850175,"red",0.812448638308168,1.78137800036654e-09,1.26892965119288e-07,TRUE,TRUE
"K05592","turquoise",0.49607418861746,0.00209142849764052,0.0303723968876099,-0.569207339286301,0.000291378483464964,0.000786341312993394,0.801141572901627,4.38891259310586e-09,5.21966273297926e-08,-0.165910464129555,0.333516320010695,0.197760898492454,-0.605593286977346,9.0951033706023e-05,0.000479681002512988,-0.435772512981996,0.00789316760679006,0.0361647727693764,-0.156129603846969,0.363186016304043,0.454833292987978,-0.422996792519463,0.0101600160876629,0.0137734454767014,0.397271219635414,0.0164319227947381,0.0201983738639641,0.182112886339757,0.287765609931856,0.295722643325358,-0.180746886079316,0.291458435888937,0.999638761172362,-0.187128854836242,0.2744651746585,0.543637450718307,"turquoise",0.801141572901627,4.38891259310586e-09,5.21966273297926e-08,TRUE,TRUE
"K05594","pink",0.193225908966335,0.258846829498319,0.49047665031683,-0.329558679179106,0.0496706528053165,0.0461068985372339,0.584594259906131,0.000181111248585413,0.000568785858346619,-0.003071257344041,0.985816578860533,0.393125915348977,-0.743553468560414,2.04057922943798e-07,3.88192977853873e-06,-0.0836224074361726,0.627762807651122,0.430631121126328,-0.0478294707817948,0.781774416242602,0.581434809862302,-0.316342186501927,0.0601542146591711,0.054419066542197,0.403247830767802,0.0147422279981179,0.0185372228304985,0.71028460471406,1.21922894397967e-06,5.51936994907372e-05,-0.0874862162861576,0.611897552557364,0.999638761172362,0.294334749185752,0.0814180760995987,0.353566478394759,"pink",0.71028460471406,1.21922894397967e-06,5.51936994907372e-05,TRUE,TRUE
"K05710","turquoise",0.542262534807412,0.000634702500683857,0.0157609712574396,-0.650736361682957,1.73206122788133e-05,8.05117577577187e-05,0.929354782137669,2.81419569836717e-16,5.10398804946719e-14,-0.107584069302655,0.532272823079442,0.270544875890921,-0.791895879886526,8.80063176894792e-09,3.19724759257915e-07,-0.413491007759626,0.0121862255886971,0.0453309376731017,-0.29073957352743,0.0853860451515638,0.313094104336547,-0.569130772280128,0.000292051699349115,0.000821798074317498,0.546828299296218,0.000558821666148737,0.0014227161054147,0.311450058514559,0.0644518934923344,0.140423191220398,-0.097539934046874,0.571436060163291,0.999638761172362,-0.113058099661353,0.51149055551823,0.654852410249084,"turquoise",0.929354782137669,2.81419569836717e-16,5.10398804946719e-14,TRUE,TRUE
"K05712","turquoise",0.333908453471606,0.0465599493100296,0.189561345563863,-0.355110547384686,0.0335628493796852,0.0338202284116901,0.738624275830171,2.70419641293829e-07,1.92332822929531e-06,0.214579241878147,0.208848420262015,0.141953836109546,-0.663927768345108,1.01233567043334e-05,8.4575389536288e-05,0.0269144347657756,0.87617843812488,0.507688774149548,0.0151832093017056,0.929964782640688,0.613317999061933,-0.623054552851167,4.93761418354962e-05,0.000200415679038584,0.693812766108732,2.70439185417925e-06,2.42317037956605e-05,0.345123233837233,0.0392572923968662,0.108976304055564,0.0103302297157177,0.95231854586871,0.999638761172362,0.0961447669748619,0.5769776764088,0.672609821045075,"turquoise",0.738624275830171,2.70419641293829e-07,1.92332822929531e-06,TRUE,TRUE
"K05791","blue",-0.273417984645251,0.106630174212617,0.302824719045271,0.674852692767686,6.3580504682795e-06,3.50124751172346e-05,-0.112404651253969,0.513949932593661,0.296633692356432,0.859069398470125,2.02258599076156e-11,7.06294521163264e-10,-0.162627279667016,0.343304426350665,0.306893251518271,-0.111926369407359,0.515753753483002,0.389939962302742,0.3193147561818,0.0576557581869925,0.283474153937337,-0.660784098352663,1.15329137986333e-05,6.530508711908e-05,0.610966481012069,7.56556595111313e-05,0.00030883566749632,-0.272907134909251,0.107312384754712,0.181998565203468,-0.00842520144144936,0.961104215340289,0.999638761172362,-0.122467466154281,0.476738757161408,0.646636029466992,"blue",0.859069398470125,2.02258599076156e-11,7.06294521163264e-10,TRUE,TRUE
"K05792","blue",-0.400467067614712,0.0155092591200819,0.103173046866312,0.768286164567312,4.48783394810554e-08,6.85801781916881e-07,-0.260541237387141,0.124852268693032,0.107877990261465,0.941262445388686,1.33893390359897e-17,1.72997451437692e-14,-0.0836083279305584,0.627820927073787,0.453133274306432,0.0321991028091838,0.852111794687718,0.501499710585297,0.369152835285455,0.0267144386582945,0.25163183080623,-0.583237929660562,0.000189045116672698,0.000585863894236068,0.5622801353102,0.000358220417515093,0.00101864783539979,-0.203303101425578,0.234345987474715,0.270711412745004,-0.0367979453308156,0.831274159429996,0.999638761172362,-0.0841372022918265,0.625639279527361,0.691827526007043,"blue",0.941262445388686,1.33893390359897e-17,1.72997451437692e-14,TRUE,TRUE
"K05794","turquoise",0.626203823685229,4.40513335413958e-05,0.00377102600026738,-0.806152518852536,2.96451224532572e-09,7.24828165700566e-08,0.920642000008092,1.89846981136974e-15,2.50412700286945e-13,-0.29176283580449,0.0842417871534529,0.073148463324262,-0.665499088343183,9.47933599908197e-06,8.02603335570446e-05,-0.271403394828774,0.109339709050492,0.162532497460795,-0.320425583489943,0.0567435295537415,0.282482919236655,-0.419960055273539,0.0107736180860294,0.0144213235337212,0.42237725129564,0.0102827287530689,0.013991786023932,0.264855143390587,0.118506427394016,0.190757821610381,0.0819684291650676,0.634605344929184,0.999638761172362,0.0369547715598148,0.830565480406782,0.727293826981827,"turquoise",0.920642000008092,1.89846981136974e-15,2.50412700286945e-13,TRUE,TRUE
"K05837","purple",-0.212706889891095,0.212943348106279,0.445197748355947,0.250749199837708,0.140190517438012,0.099866156021927,-0.186769712505297,0.275403924838579,0.191650257390249,0.297953782576074,0.0775696174519272,0.0687689278399709,0.217485754179874,0.202600246863596,0.212635960324847,0.191395247121302,0.263473150336664,0.268933566063643,0.222179696672529,0.192786393351093,0.37846063368332,-0.072903912204502,0.672624257835952,0.329133016656949,0.0747224704753998,0.664928534144597,0.338804570210747,-0.235343116489273,0.167057214802572,0.228458774001431,0.759458197365031,7.8654285658236e-08,1.3466441644539e-05,0.00178281506981702,0.99176647947182,0.757313742350476,"purple",0.759458197365031,7.8654285658236e-08,1.3466441644539e-05,TRUE,TRUE
"K05947","magenta",0.135953535415629,0.429169218851176,0.64147956725891,-0.123738183718039,0.472142268324998,0.235976223347632,0.0937904608731865,0.586383428455278,0.323089612577534,-0.227650873032205,0.181774502404174,0.129045285592598,-0.339304163082467,0.0429209114248187,0.0673085685874983,-0.157216836464394,0.359812256997816,0.323427703224582,0.0607146322715287,0.725021091494831,0.568488904843699,0.115797477335695,0.501244646177126,0.267120826494181,-0.0587139577826894,0.733747569916984,0.361584696237433,0.315702875471687,0.0607025943669994,0.136758795130986,-0.145838796013228,0.396046913688858,0.999638761172362,0.839641219737403,1.55251828723577e-10,1.17493115940406e-07,"magenta",0.839641219737403,1.55251828723577e-10,1.17493115940406e-07,TRUE,TRUE
"K05972","black",-0.659954926174501,1.19333466846193e-05,0.00177362503350215,0.941170865678098,1.37389206483079e-17,3.35918890803047e-15,-0.640393848821624,2.59286498402373e-05,0.000110769947348067,0.666273753115937,9.17577429532145e-06,3.45644116570684e-05,0.292115793102979,0.0838498553784322,0.111491531086094,0.0221832289124679,0.897818419269451,0.513636164939277,0.349077971487526,0.0369153451734853,0.256458517762687,-0.0839284983723686,0.626499826712132,0.313474704867245,0.0642441417257488,0.70970965241733,0.353258674108055,-0.356620042974547,0.0327640909715244,0.0957701201128125,-0.107001109124453,0.534509843415553,0.999638761172362,-0.0497956280274382,0.773034111091249,0.713834388167866,"black",0.941170865678098,1.37389206483079e-17,3.35918890803047e-15,TRUE,TRUE
"K05991","black",-0.566556972133584,0.000315506537292865,0.0103670986445827,0.909597976070758,1.59483639716086e-14,1.14688278491809e-12,-0.684568155445543,4.13526874009776e-06,2.25253270591848e-05,0.584463350657868,0.000181863761758498,0.00044168749559816,0.382469454088328,0.0213274256502758,0.0392864219942898,0.0590476194543812,0.732289896523142,0.466986460076251,0.242902655598698,0.153446745306258,0.355230362898412,0.00162694835710214,0.992486292665743,0.420458113711927,-0.0358940472828438,0.835361304910118,0.393423621763746,-0.404457585709666,0.0144186411495673,0.0575931604828366,-0.0958417191940582,0.578184574387021,0.999638761172362,0.0968419347293953,0.57420549648972,0.672609821045075,"black",0.909597976070758,1.59483639716086e-14,1.14688278491809e-12,TRUE,TRUE
"K06001","brown",-0.21475782903692,0.208460708166593,0.44177373528725,0.338496719150898,0.0434503830357592,0.0415962834341618,-0.60381926962374,9.65814279608057e-05,0.000335245287219596,0.0312630589641745,0.856365647146705,0.361709842908633,0.726108729429547,5.37956659538585e-07,7.97220690187072e-06,0.658013986444372,1.29206429406498e-05,0.00113760064214802,0.218630998546671,0.200174395708807,0.38059729337503,0.467038513331965,0.00408315700133547,0.00664895832936061,-0.440144833994346,0.00722402763527596,0.0106761292172487,-0.160270002050255,0.35043905800082,0.327142316869368,0.229505974820148,0.178143969250062,0.999638761172362,-0.0808235001789568,0.63935950799621,0.692774376523684,"brown",0.726108729429547,5.37956659538585e-07,7.97220690187072e-06,TRUE,TRUE
"K06020","turquoise",0.499853302955119,0.00190872091418218,0.0295669958754031,-0.58099084821604,0.000202877397286545,0.000575450817355266,0.869444784292609,5.99192366915461e-12,1.73876787991279e-10,0.0282371953240302,0.870143387799755,0.364844499760269,-0.631420430278993,3.63636372595896e-05,0.000231954878922414,-0.182912966443713,0.285616746685484,0.282690108762373,-0.184054076800815,0.282569911045928,0.422393445182922,-0.624234377608594,4.73166697514534e-05,0.000194349579005734,0.600438812980903,0.000108186944306745,0.000399299720895858,0.210925444515531,0.216890539359628,0.26281485229442,-0.00912758706125312,0.957864351797935,0.999638761172362,-0.302048788882077,0.0733872846475763,0.340621109163399,"turquoise",0.869444784292609,5.99192366915461e-12,1.73876787991279e-10,TRUE,TRUE
"K06044","pink",0.217669837793428,0.202208948565823,0.43418198659051,-0.445983223861396,0.00640671346712919,0.00933523289162606,0.587485427930994,0.000165188045103093,0.00052675971973654,-0.169980382350673,0.321624157033169,0.193102083898028,-0.644116334768983,2.2462726810307e-05,0.000161262962153203,0.130686244768701,0.447426995642233,0.361601539462142,-0.380655941778155,0.0220030055541789,0.232540251177049,-0.156685439467144,0.361458863852637,0.210657600428015,0.336276466092992,0.0449334926646091,0.0438759307504644,0.785598094697972,1.38616618973539e-08,1.55946503110255e-06,0.0434339614681982,0.801408076389191,0.999638761172362,0.314544175869147,0.0617065631500795,0.318211025861778,"pink",0.785598094697972,1.38616618973539e-08,1.55946503110255e-06,TRUE,TRUE
"K06045","blue",-0.381516606410989,0.0216802026560314,0.1230198884383,0.623160176724288,4.91885183032231e-05,0.00018850586815831,-0.246911007111898,0.146565615555271,0.120895907006235,0.814955765630461,1.4466712391891e-09,1.98848610454588e-08,-0.159606583288234,0.352463062738554,0.311813185580219,0.0882883776266927,0.608625150663939,0.424970483314265,0.337816698689978,0.0439003740423224,0.271790606019796,-0.44936439655479,0.00597073038817109,0.0089788477506221,0.468539275997172,0.00394987500301574,0.00666733631457564,0.0246012326618277,0.886748691896501,0.513700970316216,-0.101911043705975,0.554232494875971,0.999638761172362,0.0295197866975157,0.86429849422898,0.730622331385578,"blue",0.814955765630461,1.4466712391891e-09,1.98848610454588e-08,TRUE,TRUE
"K06077","turquoise",0.379831073540726,0.0223161191037115,0.125378817693219,-0.336981486124672,0.0444581936390778,0.0424613365420916,0.745047729743435,1.87128782453332e-07,1.41411491909174e-06,0.12124572198714,0.481180066918548,0.253036422257026,-0.532786845817139,0.000821979947689613,0.00284247390475995,-0.0691329889075335,0.688685975096646,0.451674233498826,-0.156732733277859,0.361312134826571,0.45460940004579,-0.657836598644827,1.30144824714339e-05,7.1062519765018e-05,0.662290290908004,1.0836679183793e-05,7.14749601772618e-05,0.145178627886382,0.398211812848096,0.350465688713933,-0.00234272360229263,0.989180804239251,0.999932767264777,-0.072321923142644,0.67509408372232,0.696409611640439,"turquoise",0.745047729743435,1.87128782453332e-07,1.41411491909174e-06,TRUE,TRUE
"K06151","green",-0.0423555713093364,0.806243836868158,0.90010412464903,-0.225530284661908,0.185988458908586,0.123037031881485,-0.266940270731968,0.115527185295738,0.10165034984285,-0.521574985210186,0.0011055068589416,0.00209132391782307,0.476364020811452,0.00331431359288662,0.00890156113819087,0.499424860768634,0.00192870582566913,0.0163353213064991,-0.0589144364432239,0.732871625105989,0.570033000244707,0.713319611617622,1.04653454423166e-06,1.09925009881648e-05,-0.604441641914387,9.45713586606141e-05,0.000361212069509684,0.298157036261336,0.0773577510338376,0.154446088365423,0.209906743659183,0.219170152691061,0.999638761172362,-0.113119848403987,0.511258456281587,0.654852410249084,"green",0.713319611617622,1.04653454423166e-06,1.09925009881648e-05,TRUE,TRUE
"K06180","purple",-0.105594263392056,0.539926989360808,0.725879666622025,0.104377629384712,0.544632770892578,0.256775196083741,0.0442949373140227,0.79755245504745,0.391984901414952,0.264304677907352,0.119302449717778,0.0945675904807757,-0.0218235031070488,0.899466935159185,0.554635831037964,0.259350690377749,0.126647332286532,0.177555308046374,0.118447885818089,0.491431309091276,0.509099476210268,-0.1473361079861,0.391161989553819,0.22296342210589,0.225038981035385,0.186974518622039,0.131348745704308,0.113226077502846,0.51085928864158,0.396450290960826,0.73253737054158,3.79637298758731e-07,5.58176872498659e-05,-0.0259929162789719,0.88038692346846,0.734395246014247,"purple",0.73253737054158,3.79637298758731e-07,5.58176872498659e-05,TRUE,TRUE
"K06189","greenyellow",-0.0531782883019478,0.758061620064093,0.871506939212196,0.220146032224247,0.196996481005122,0.127535266014801,-0.100410962637481,0.560109067750727,0.313963423321229,0.390457542216908,0.0185534902815532,0.0226151942520836,0.00612667741125108,0.971710536231183,0.573668591044612,-0.0920330703386136,0.593448356637145,0.420074503611898,0.937325945303461,3.9120364448911e-17,4.01651057275076e-14,-0.297705737050902,0.0778287849102536,0.0663473392984436,0.266090484558532,0.116734500216991,0.0923415100524525,-0.131100973569451,0.445974329287278,0.371797662105522,0.0151557519011064,0.930091124389446,0.999638761172362,0.0651241393931668,0.705909219259094,0.703318338898706,"greenyellow",0.937325945303461,3.9120364448911e-17,4.01651057275076e-14,TRUE,TRUE
"K06204","purple",-0.204771507209397,0.230911549873939,0.465880530897154,0.104840853218826,0.542838789512795,0.256225840276606,-0.204234977375034,0.232162450369408,0.169698033163581,-0.00995967941175418,0.954027059836987,0.385928052540225,0.211955445325962,0.214602257372242,0.220950232708542,0.319320034465593,0.0576513962194786,0.110159391978445,0.0507295765570441,0.768891900566661,0.578757908104321,0.212870305866353,0.212583760385333,0.143318192098962,-0.123872424657331,0.471658052730272,0.264867835694939,0.106525269462006,0.536339157527963,0.405702329502144,0.876131638047154,2.58617788346599e-12,1.68256733098297e-09,0.0758266875810492,0.66027208006379,0.694683637761072,"purple",0.876131638047154,2.58617788346599e-12,1.68256733098297e-09,TRUE,TRUE
"K06207","turquoise",0.52309599758037,0.00106257577872184,0.0208886405177654,-0.590470236693048,0.000150078532833759,0.000454975778761487,0.848518141269953,6.33726681880573e-11,1.41460105293969e-09,-0.0859719465208789,0.618095152502634,0.296001532038865,-0.604859283537158,9.32437199884584e-05,0.000490402921763383,-0.304493177985156,0.0709760319392546,0.125483919752247,-0.00492044221695538,0.977278620324012,0.624847834639952,-0.554259797286348,0.000452442764941705,0.0011465105594299,0.538152864303427,0.000710683725137138,0.00170905210533129,0.132141951675451,0.44233943285072,0.370119570128214,-0.0711258234720736,0.680180532655583,0.999638761172362,-0.142423663181795,0.407319408606089,0.615290059419485,"turquoise",0.848518141269953,6.33726681880573e-11,1.41460105293969e-09,TRUE,TRUE
"K06221","turquoise",0.482243585624917,0.00289714962707115,0.0362477989879325,-0.561142498019245,0.000370418195866908,0.000951343107795647,0.866241209678055,8.81801835064312e-12,2.50868517376782e-10,0.0443890036474728,0.79713149122786,0.347482017100535,-0.728840485294218,4.64449918706974e-07,7.01547020095502e-06,-0.191089544127052,0.264250976655552,0.269438692747702,-0.125778208251788,0.464812061180695,0.497562067470171,-0.620444105034827,5.42237975576332e-05,0.00021689309612122,0.64896840321033,1.85771180725594e-05,0.000108024860419941,0.33285198618965,0.0473006793526408,0.119985008417547,0.0147559814966986,0.931930806301243,0.999638761172362,-0.0265197937969544,0.87798032253507,0.734395246014247,"turquoise",0.866241209678055,8.81801835064312e-12,2.50868517376782e-10,TRUE,TRUE
"K06281","green",-0.134802209081095,0.433124278903884,0.645125127872864,0.0739893561077922,0.668026905452297,0.295397195505112,-0.544641462282075,0.000594096068081797,0.00151492018655494,-0.640246083772847,2.60757378287522e-05,8.52943132659622e-05,0.553998374020133,0.000455854468396984,0.00178199709420851,-0.0153596055731522,0.929153157890225,0.523474074469133,-0.059259026972908,0.731366793743424,0.570033000244707,0.901567511287212,6.36100280235523e-14,2.91755178296411e-11,-0.898892807012632,9.82378756268005e-14,4.66518815686118e-11,-0.146598072520832,0.39356542053453,0.347390440395532,-0.132222533996094,0.442058731598387,0.999638761172362,0.173536918941103,0.311451498040826,0.571060022796907,"green",0.901567511287212,6.36100280235523e-14,2.91755178296411e-11,TRUE,TRUE
"K06282","green",-0.194503123884367,0.255651172886393,0.486051002571266,0.179203411734426,0.295667485621502,0.170710819905722,-0.594847783005077,0.000130159294727868,0.000430185737369717,-0.493484056840316,0.00222533028447505,0.00377328903502811,0.695961739562916,2.44468942727514e-06,2.7759449834372e-05,0.158405525360037,0.356145264531511,0.321609050579231,0.0984728498365668,0.567744057775294,0.528459373287077,0.86359271961017,1.20470246084576e-11,1.71230619238462e-09,-0.802821928097895,3.85259681501337e-09,1.77053014002528e-07,-0.202673964557109,0.235827989384294,0.271241299332078,-0.0915643515357427,0.595338931927671,0.999638761172362,0.104268601706702,0.545055423799329,0.666309355379172,"green",0.86359271961017,1.20470246084576e-11,1.71230619238462e-09,TRUE,TRUE
"K06324","brown",-0.191379422229715,0.263513377895157,0.494560746980858,0.21985233510377,0.197609762571271,0.127684764859275,-0.547932869227611,0.00054172242019053,0.0014153318730931,-0.25175519319341,0.13855381768413,0.105678260827018,0.833453467260733,2.8097048771762e-10,3.31564960729916e-08,0.323213038921586,0.0545048747508701,0.106760685442589,0.111198650372229,0.518504321927568,0.516595248189456,0.629602353690821,3.88926835086101e-05,0.000168288728965565,-0.607669848209723,8.47373483572683e-05,0.000333486114694018,-0.379018579198214,0.022628142929449,0.0752355741899028,0.244585613966982,0.150529597750544,0.999638761172362,-0.108972864175445,0.526961846288105,0.661450522963293,"brown",0.833453467260733,2.8097048771762e-10,3.31564960729916e-08,TRUE,TRUE
"K06336","turquoise",0.552903259361423,0.000470396577724855,0.0126478456104453,-0.839708793623684,1.54228197351545e-10,5.86520262646977e-09,0.830452369966597,3.71422053429239e-10,6.90905142138547e-09,-0.474296348312617,0.00347294826643596,0.00548561819554148,-0.410049778548162,0.0129994637511038,0.026912776518056,-0.0178632229878869,0.917641620839338,0.519408187773723,-0.334401509754012,0.0462174540491817,0.277070779184685,-0.155411539779447,0.365424550121282,0.212214847564648,0.211798765640554,0.214949265565828,0.145615682360708,0.261607674293138,0.123260480825906,0.194127513803374,0.249128709129937,0.142856770872865,0.999638761172362,-0.0809224128052328,0.638948224299828,0.692774376523684,"turquoise",0.830452369966597,3.71422053429239e-10,6.90905142138547e-09,TRUE,TRUE
"K06378","green",-0.208643058045298,0.222020744640989,0.454520756650181,0.141537226324295,0.410274887867915,0.216191575920141,-0.591957863191333,0.000143021804784987,0.00046842910229537,-0.538823855768847,0.000697752557357975,0.00139292152468991,0.562663728415914,0.000354189078409862,0.00146015040563372,-0.101712542289892,0.555008467628854,0.406706897171431,-0.0204890114310506,0.905586078669665,0.60810252054343,0.813735362785254,1.60153289423999e-09,6.67784238121513e-08,-0.867048271829653,8.00765769598657e-12,1.62974222122255e-09,-0.255267443089334,0.132949742746378,0.203047905912653,-0.0876822895269841,0.611096988894811,0.999638761172362,0.0685158432081401,0.691327661699279,0.700954715202344,"green",0.813735362785254,1.60153289423999e-09,6.67784238121513e-08,TRUE,TRUE
"K06400","blue",-0.256526527211825,0.130982147426524,0.34070657848203,0.428388603457203,0.00914362360714255,0.0122137683510367,-0.129044655456376,0.453202110875908,0.27115993557226,0.76613096041933,5.15822165713435e-08,4.11401198563276e-07,-0.079615802580782,0.644389686064653,0.458951463345074,0.000989755275098508,0.995428989759743,0.540781576346615,0.338667396300971,0.0433380266873406,0.271790606019796,-0.55640973116371,0.000425236272991016,0.00109368123792482,0.501358857274886,0.00183992571632753,0.00366611179692752,-0.311100713263481,0.0647678111284974,0.140522076389363,0.0567579058276613,0.74231130518448,0.999638761172362,-0.0657419001986461,0.703245477288711,0.70301253428035,"blue",0.76613096041933,5.15822165713435e-08,4.11401198563276e-07,TRUE,TRUE
"K06596","greenyellow",-0.2404646281751,0.157745181847511,0.380954028619119,0.232834920159958,0.171758835208814,0.11557052723642,-0.130695131694802,0.447395840584324,0.268905705767996,0.370361028367059,0.0261834906332209,0.0298065869168046,0.10358561495342,0.547706599621047,0.416317137295167,0.0422059016795375,0.806915555284271,0.487110350291756,0.902904566450279,5.09494905500005e-14,2.09240553203526e-11,-0.214247834156957,0.209569226838824,0.141851632270259,0.216531781197894,0.204636504266985,0.140297205894412,-0.112463288505351,0.513729000468092,0.397803026885181,0.0784514964633774,0.649253905860514,0.999638761172362,-0.00158916197337644,0.992660796108535,0.757313742350476,"greenyellow",0.902904566450279,5.09494905500005e-14,2.09240553203526e-11,TRUE,TRUE
"K06880","pink",0.139018783132372,0.418737761731028,0.632383444248391,-0.406813605788848,0.0138055950576197,0.0166334131668595,0.463311286483575,0.00443114739595844,0.00781199042379092,-0.166260481768546,0.33248306540743,0.197598741245653,-0.62672577034464,4.32208389388106e-05,0.000268242131232175,0.119257069009438,0.488455010427421,0.378408455662229,-0.147810784241563,0.389620702721206,0.466129048206643,-0.0815351850424466,0.63640265338652,0.31619751750992,0.202680002663834,0.235813735926453,0.156834791807122,0.85781282751392,2.32831544720486e-11,1.02766289427049e-08,-0.0101754813154862,0.953032026681065,0.999638761172362,0.246884616472121,0.14661017019268,0.446452169277403,"pink",0.85781282751392,2.32831544720486e-11,1.02766289427049e-08,TRUE,TRUE
"K06882","turquoise",0.727497934919104,4.99335727855467e-07,0.000406084780678458,-0.729769308685366,4.41641949392415e-07,3.85650678020191e-06,0.825405290504451,5.86808386737652e-10,9.78638733233267e-09,-0.307197079943404,0.0683815171550605,0.062705885572417,-0.620275958807296,5.45503173011166e-05,0.000314015686386059,-0.359210738105386,0.0314294708474256,0.0764423803600737,-0.0668341338538949,0.698544361287389,0.562509457954691,-0.32636017641775,0.0520625115133452,0.048865841870301,0.291787966471246,0.0842138347648012,0.0723706349343586,0.287449171076794,0.0891469657791086,0.166167530475024,-0.142273382426337,0.407819606009727,0.999638761172362,-0.0154550722906683,0.928713931020939,0.746178371619691,"turquoise",0.825405290504451,5.86808386737652e-10,9.78638733233267e-09,TRUE,TRUE
"K06884","pink",-0.0961397511129066,0.576997643015454,0.752595562441568,-0.0378833124674538,0.826372228982459,0.335164419836553,0.166488317302444,0.331811555466594,0.21784348380177,0.0939199112600421,0.585864498173856,0.286947838141385,-0.421833433426393,0.0103914785413043,0.0227086600371858,0.298305508274432,0.077203272370106,0.132244705390889,0.0558883305049575,0.74612824274292,0.573393867334876,-0.0815160398609574,0.636482124238321,0.31619751750992,0.229415044278358,0.178320714675295,0.126769721328963,0.772823315561357,3.33134573990718e-08,3.09552955210698e-06,-0.00533810951223218,0.975350499754457,0.999638761172362,0.223996325265987,0.189079360346915,0.486184115215672,"pink",0.772823315561357,3.33134573990718e-08,3.09552955210698e-06,TRUE,TRUE
"K06894","brown",-0.08795506308738,0.609983997344693,0.777538379060457,0.346371678913967,0.0385053180455065,0.0375982994772865,-0.716692523315886,8.81139937673235e-07,5.65694280670549e-06,-0.203706946495116,0.233398013038645,0.153388996995496,0.759760317091413,7.71886893948001e-08,1.99645126391125e-06,0.399762081821794,0.0157089594636142,0.0528607129197456,0.034055735748269,0.843686581997038,0.594989226270509,0.656902294341065,1.35190520679261e-05,7.26642032900527e-05,-0.619745808144923,5.559147395083e-05,0.000247496845262523,-0.33850354716978,0.0434458836603652,0.114142717891734,-0.0281606568132484,0.870492398684773,0.999638761172362,0.09530803309653,0.580312749333349,0.672609821045075,"brown",0.759760317091413,7.71886893948001e-08,1.99645126391125e-06,TRUE,TRUE
"K06907","brown",-0.237350443153997,0.163361568173722,0.386551807247045,0.491985203050763,0.00230619254631329,0.00408599932131772,-0.677101180645377,5.76374291396404e-06,2.97607329175394e-05,0.0553756903503346,0.748381236881276,0.332971333268257,0.881152966120937,1.33216314815095e-12,4.19212352623954e-10,0.0480872378546595,0.780627019608681,0.47971515342362,0.224715324128944,0.187626118073531,0.377383433373198,0.345591020878345,0.0389741481709956,0.03905892942769,-0.440794193500657,0.00712891922261896,0.0105905019225819,-0.798461280044174,5.3894679419876e-09,9.31144939264896e-07,0.00241907857472291,0.988828202403328,0.999932767264777,-0.245104826486127,0.149637826939965,0.448421521677628,"brown",0.881152966120937,1.33216314815095e-12,4.19212352623954e-10,TRUE,TRUE
"K06911","turquoise",0.620646420928551,5.38332664459015e-05,0.00380303440644592,-0.676709180628311,5.863557208183e-06,3.27317231084027e-05,0.903981041364628,4.25129422401016e-14,2.41188640696331e-12,-0.150427525157621,0.38118760656938,0.217062521092678,-0.753563601502558,1.12920473655323e-07,2.50831266793839e-06,-0.478996323294272,0.00312150132101786,0.0214476198665209,-0.213425856152199,0.211364435953321,0.384720294255628,-0.529331452426987,0.00090156812374447,0.00200411269913743,0.479879340811151,0.00305904595143266,0.00554465988877594,0.275924627967613,0.103330174019943,0.177806915302955,-0.119870601901814,0.486204546189676,0.999638761172362,-0.138929966209562,0.419037997781947,0.619080597017596,"turquoise",0.903981041364628,4.25129422401016e-14,2.41188640696331e-12,TRUE,TRUE
"K06921","blue",-0.375193156909517,0.0241462778453235,0.131628918945606,0.505289211536234,0.00167047624635127,0.00311114645093025,-0.129618006616614,0.451180507582973,0.270508118370943,0.800679952549865,4.54792438592184e-09,5.39097483001518e-08,-0.150435730217992,0.381161333258621,0.327721102842542,-0.0407403613695814,0.813500028067374,0.489240272122772,0.429043141408946,0.00902635232856682,0.161897245457313,-0.542142182632041,0.000636820761043719,0.00150043990909176,0.53004188743059,0.000884669487396093,0.00202955537462762,-0.055380033713451,0.748362139651747,0.479804076700011,-0.0837946499932585,0.627051978456444,0.999638761172362,-0.205996749563841,0.228072113142708,0.517929670680216,"blue",0.800679952549865,4.54792438592184e-09,5.39097483001518e-08,TRUE,TRUE
"K06937","green",-0.188617187033001,0.270597143588647,0.499669388919906,0.165459731270916,0.334849797731894,0.1872996180939,-0.627181769368993,4.25069015977895e-05,0.000167139240541949,-0.47259816026712,0.00360812829351795,0.00567899429079516,0.473577186354412,0.00352964853869006,0.00932080296386418,-0.170504460273976,0.320112283282311,0.302245053624548,0.03979570639867,0.817750946559645,0.589392526057698,0.72453092953275,5.85139878648577e-07,7.38664861765464e-06,-0.775017695075151,2.87716562742393e-08,8.26821085226997e-07,-0.247965453948876,0.144793503358775,0.212144060412176,-0.155129510157622,0.366306010533381,0.999638761172362,0.513059568230064,0.00137532673078762,0.0567387464227606,"green",0.72453092953275,5.85139878648577e-07,7.38664861765464e-06,TRUE,TRUE
"K06941","turquoise",0.365047610566555,0.0285852489145765,0.144840832895822,-0.431468904190956,0.00860285006794538,0.0117246996887763,0.732336438625869,3.83853054834353e-07,2.66479654184207e-06,0.0517725460406809,0.764273605642587,0.33760041029045,-0.619562101136425,5.59564221101025e-05,0.000319190421259455,0.000138136742424144,0.999362036540996,0.541137972145991,-0.0435551739289382,0.800864981104233,0.585858734889265,-0.517972912891211,0.00121333657650341,0.00251435995460599,0.602051600896456,0.000102502058433479,0.000382279210847836,0.356669736931763,0.0327380617466351,0.0957701201128125,-0.0309930753762187,0.857593334261746,0.999638761172362,0.0254591886777967,0.882825889501481,0.735030320136025,"turquoise",0.732336438625869,3.83853054834353e-07,2.66479654184207e-06,TRUE,TRUE
"K06945","black",-0.445965304892861,0.00640909495122704,0.0587289742995537,0.773068112617378,3.27758083816957e-08,5.20372698968234e-07,-0.743302133859057,2.07040275987005e-07,1.54845450159629e-06,0.27457806728457,0.10509314655953,0.0858861414646627,0.507673371960797,0.001574504958712,0.004930087492915,-0.14904022072915,0.385645126845505,0.334359466506633,0.227709537673262,0.18165889603296,0.374864520928107,0.274941610898056,0.104614949644043,0.082610712950911,-0.374745478768623,0.0243293248219279,0.0272278349835515,-0.467341549211095,0.0040559349693109,0.0271241354145623,-0.148664165670888,0.386858639527237,0.999638761172362,-0.154146340092068,0.369388718538103,0.601757159075586,"black",0.773068112617378,3.27758083816957e-08,5.20372698968234e-07,TRUE,TRUE
"K06956","turquoise",0.600521083962034,0.000107890219054112,0.00539949050127735,-0.734678239632458,3.37289632079899e-07,3.22140136780418e-06,0.949844111847926,9.7617503684802e-19,7.08178997665491e-16,-0.243356433049883,0.15265618188179,0.11374855005103,-0.676352172444927,5.95583172774101e-06,5.62264066653744e-05,-0.317806241285802,0.0589131701812738,0.111548861949209,-0.296008389489014,0.0796203499437018,0.30930536019383,-0.463943111188416,0.00437041214033955,0.00698447043361142,0.463640011963622,0.00439945758899662,0.00724593584934402,0.276321181355091,0.102815294202617,0.177806915302955,-0.0887309661511943,0.606822811948056,0.999638761172362,-0.156786775079413,0.36114451383711,0.598951822841096,"turquoise",0.949844111847926,9.7617503684802e-19,7.08178997665491e-16,TRUE,TRUE
"K06980","red",0.153431025628116,0.371641220751798,0.594370152952605,-0.0650868625725864,0.706070064869801,0.305406489703559,0.478229082434051,0.00317666585118725,0.00589399987566621,0.564027301252489,0.000340184444582234,0.000748784621619175,-0.3218096412646,0.0556230078482344,0.0817295764555528,-0.0442023241532939,0.797966970603382,0.484532169843194,0.239725525078564,0.159065321285427,0.357359497996305,-0.749634294079988,1.42911527088351e-07,2.20132348262915e-06,0.722733078206296,6.43522397882979e-07,8.56823454538532e-06,-0.0694638231355363,0.687271331450849,0.461847503628418,0.0589689030556709,0.732633703266317,0.999638761172362,-0.406525420401375,0.0138793818626448,0.170764251923679,"red",0.722733078206296,6.43522397882979e-07,8.56823454538532e-06,TRUE,TRUE
"K06988","turquoise",0.554027850312474,0.000455468645664598,0.0126478456104453,-0.562060807135853,0.000360543780961541,0.000927932137096448,0.861426550484216,1.54749018193893e-11,4.00945382515348e-10,-0.0364828830781511,0.832698283756468,0.357201495630819,-0.590867741010466,0.000148162945274183,0.000724736616286821,-0.347402156958954,0.0378934752749176,0.0855471476108562,-0.138203612228978,0.421497894062259,0.478975472630429,-0.554866992655742,0.000444606153007184,0.00113712297371642,0.506968863136369,0.00160234644480834,0.00326114296249057,0.140900548753868,0.412405130418393,0.356286455606869,-0.0195233100861048,0.910017542272154,0.999638761172362,-0.226116402529875,0.184816913628766,0.480907901841071,"turquoise",0.861426550484216,1.54749018193893e-11,4.00945382515348e-10,TRUE,TRUE
"K06996","blue",-0.564758144559761,0.000332883628009814,0.0106896944352083,0.653353326806769,1.56021007124488e-05,7.36436202120959e-05,-0.321697775137707,0.0557129146829497,0.0595691458624174,0.834234145435618,2.61059223232204e-10,5.03436622806637e-09,0.0121498726072976,0.943931810377104,0.56561396661826,0.00311746684651748,0.985603199998448,0.538448867074145,0.381369127424536,0.0217352353542783,0.232455130870558,-0.473584877063256,0.00352903795971678,0.00593631949709131,0.447074687966505,0.0062630804595746,0.00959437080626331,-0.260241267053674,0.125302757205935,0.196119318500503,-0.00726748188702747,0.966445693058151,0.999638761172362,-0.0665654839967875,0.699699649569319,0.702504278332521,"blue",0.834234145435618,2.61059223232204e-10,5.03436622806637e-09,TRUE,TRUE
"K06999","turquoise",0.699252672182941,2.09095352257388e-06,0.00075576353432587,-0.606884938975178,8.70395492733699e-05,0.000301068101397718,0.817062392227077,1.21162314845229e-09,1.82405737056401e-08,-0.153547529992119,0.371273798686173,0.213487177626769,-0.540780508160474,0.000661227781863233,0.00236006153366452,-0.35502078481804,0.0336108443079161,0.0798724329320376,-0.206637785132525,0.226596051585308,0.392823368939535,-0.479089398576352,0.00311486625718714,0.00544601599528694,0.420851035085293,0.0105904107610753,0.0143147461524114,0.122331692288516,0.477231263590128,0.384026426534192,-0.123556001315193,0.472799829982164,0.999638761172362,-0.179883370856517,0.293808474145842,0.558069146726813,"turquoise",0.817062392227077,1.21162314845229e-09,1.82405737056401e-08,TRUE,TRUE
"K07034","pink",-0.209441335551289,0.220217074784504,0.453109515669825,-0.0568357361415645,0.741969968094549,0.313750967641698,-0.178494946867044,0.297612414756806,0.202349422622416,-0.214976726780627,0.207986161926608,0.141953836109546,-0.110705547110802,0.520372216417042,0.40206461956983,0.309729661872818,0.0660194778720593,0.119973134988756,0.0794241601437827,0.645189334548822,0.548133754732717,0.425080922036904,0.00975630670971766,0.0133710641615101,-0.298397094826652,0.077108100320125,0.0677685893619538,0.716121958675015,9.0731278475347e-07,4.32936452326149e-05,0.0212303957731457,0.902185870537295,0.999638761172362,0.279270247281251,0.0990471877108503,0.383078058490362,"pink",0.716121958675015,9.0731278475347e-07,4.32936452326149e-05,TRUE,TRUE
"K07051","green",-0.281011928569703,0.0968717740419014,0.288839487587814,0.247054488927284,0.146323551974473,0.102923910776343,-0.629604595139484,3.88894698704665e-05,0.00015630402513298,-0.283759142805361,0.0935148348281301,0.0791783676640391,0.51623593190208,0.00126857034433109,0.00410137626243778,0.241984897223622,0.155054727716046,0.199472640051126,0.144063296353647,0.401884763783711,0.472643098032902,0.701228580209469,1.90175944506324e-06,1.69273061913417e-05,-0.667912757813423,8.56250493458468e-06,5.95056811061462e-05,-0.0388554690319618,0.821987075224023,0.496865512622283,-0.0250741062074351,0.884586254823991,0.999638761172362,0.264137686350193,0.1195447236408,0.41497832796473,"green",0.701228580209469,1.90175944506324e-06,1.69273061913417e-05,TRUE,TRUE
"K07054","pink",0.284241810000494,0.0929343627265918,0.28253783359776,-0.482828143048169,0.00285829136943652,0.00485992340192279,0.580862669126191,0.000203693098166413,0.000624828044636052,-0.194457578988749,0.255764676248783,0.16371837692499,-0.613581734554314,6.90862397702207e-05,0.000383654719083141,-0.0498692756654144,0.77270724607048,0.477511681206611,-0.127468236744645,0.458785560223156,0.497098161976363,-0.182418318570735,0.286944051164757,0.178148720264117,0.276478665858399,0.102611359814911,0.0832260163074196,0.723264981651245,6.25715365716586e-07,3.56355916653638e-05,-0.0799967724207285,0.642801216198866,0.999638761172362,0.238804951231561,0.160720733562952,0.461519167801925,"pink",0.723264981651245,6.25715365716586e-07,3.56355916653638e-05,TRUE,TRUE
"K07058","pink",0.186046704246796,0.277300111724484,0.505130718652403,-0.40415745943745,0.0144983562070446,0.0172583844350804,0.552232642268172,0.000479504286186778,0.00127890691289836,-0.00730920325631087,0.966253172963901,0.388702341944388,-0.775753413207147,2.73819637705138e-08,8.76275129954222e-07,-0.038190181392582,0.824987455102234,0.492448736910324,-0.0754431634366427,0.661887978456212,0.553616486699524,-0.262042738393881,0.122615458734381,0.0936277703931754,0.372302816217529,0.025348422435917,0.0281034259114218,0.850475577740517,5.16136084448231e-11,1.82248123816132e-08,-0.134172254685385,0.43529680552997,0.999638761172362,0.158599542851524,0.355548882805794,0.597153629749141,"pink",0.850475577740517,5.16136084448231e-11,1.82248123816132e-08,TRUE,TRUE
"K07063","blue",-0.435487222928375,0.00793861173000762,0.0665574844271,0.666783062245474,8.98105035902639e-06,4.73250371385429e-05,-0.293700808597213,0.0821071721898823,0.079315214557675,0.729604800413645,4.45604963035569e-07,2.49240495504434e-06,-0.0862470815593631,0.616967132263898,0.448664678405685,-0.317963745249071,0.0587808762160379,0.111548861949209,0.158443339957544,0.356028980693579,0.452263139863404,-0.48825872461012,0.00251846076450514,0.0046159151753823,0.349433452498968,0.0367105228022419,0.0375718682656762,-0.423697998306274,0.0100226318974721,0.0468121758768145,-0.225982119744841,0.185084859340544,0.999638761172362,-0.0465823415205003,0.787332121286265,0.720203587632214,"blue",0.729604800413645,4.45604963035569e-07,2.49240495504434e-06,TRUE,TRUE
"K07089","red",0.0164888528552676,0.923959029578557,0.959348459374097,0.0237249298796979,0.890758117599385,0.349025382372199,0.479178133939648,0.00310855200521942,0.0057785902611277,0.55585153522175,0.000432156114904198,0.000929066406862145,-0.68387939196261,4.26559665732609e-06,4.33006832520563e-05,-0.164439642144949,0.337879790919236,0.311667837433904,-0.00217428365606985,0.989958654983301,0.628374843445089,-0.741950403485775,2.23780334524404e-07,3.14202823817038e-06,0.781025632712002,1.90988153296966e-08,6.18393918271099e-07,0.216578056862083,0.204537401966814,0.253946356676823,-0.0204995660833892,0.90553766016326,0.999638761172362,-0.06584802240507,0.702788234576019,0.70301253428035,"red",0.781025632712002,1.90988153296966e-08,6.18393918271099e-07,TRUE,TRUE
"K07092","blue",-0.432341536366212,0.00845470671090108,0.0695827977052148,0.583948096951046,0.000184852944813083,0.000535507723955598,-0.229234603441907,0.178671813868886,0.139751820305307,0.782431746292615,1.73203126369211e-08,1.64549809995087e-07,-0.0682488361106853,0.692471698566295,0.479803517882804,0.0146932723838688,0.932219415750992,0.524289035666054,0.355885101881567,0.0331510256705405,0.256458517762687,-0.46549347708206,0.00422442390913804,0.00683049491972733,0.478432733491267,0.00316194131020334,0.00565916287772824,-0.163290077927586,0.341314454833442,0.323279094400024,-0.138315906106955,0.421117067865466,0.999638761172362,0.0265794629966657,0.877707840988896,0.734395246014247,"blue",0.782431746292615,1.73203126369211e-08,1.64549809995087e-07,TRUE,TRUE
"K07098","blue",-0.221260198188896,0.194682046903754,0.423612507409975,0.531167551424724,0.000858467473816227,0.00183082537869264,-0.0320149048782203,0.852948561650802,0.407097299563923,0.882254777664779,1.1471210516022e-12,5.92856803115633e-11,-0.180263679746299,0.292771980260177,0.275919449000039,-0.0614884964903922,0.721654734112863,0.464630626733941,0.495762636721992,0.00210715229948197,0.0666882052337061,-0.671785395681529,7.25904380769932e-06,4.49925578450357e-05,0.659618151566328,1.20995685883116e-05,7.83535470609186e-05,-0.115571342094869,0.502086493246231,0.392923759538366,-0.0191158681369896,0.911888044445647,0.999638761172362,-0.105763172030871,0.53927521278626,0.663674545876443,"blue",0.882254777664779,1.1471210516022e-12,5.92856803115633e-11,TRUE,TRUE
"K07107","turquoise",0.337771103664418,0.0439306796022748,0.182511495205875,-0.581687865834931,0.000198492777555498,0.000565638853757404,0.774681088399181,2.9428966955752e-08,2.80916190533725e-07,-0.12235024324279,0.477163956134617,0.251480298906852,-0.873588311420068,3.57992270263631e-12,7.93649327827927e-10,-0.339672046166495,0.0426814096217162,0.0924959298960709,-0.186503451290963,0.276101245356584,0.41841292188962,-0.443284984814535,0.00677399049959404,0.00990533574247797,0.439456437788023,0.00732603858118498,0.010766761455382,0.587319821885812,0.000166065005659225,0.00311902688779398,-0.061920392331478,0.719778192162885,0.999638761172362,0.143717649232581,0.403026957914111,0.613911591963445,"turquoise",0.774681088399181,2.9428966955752e-08,2.80916190533725e-07,TRUE,TRUE
"K07126","greenyellow",-0.137708061931111,0.423180773843883,0.635552658039774,0.378639400297163,0.022774993809637,0.0248816970409802,-0.0206953979105462,0.90463936050966,0.422046625081652,0.597076921423314,0.000120958940126073,0.000319938809536302,-0.0172238774227795,0.920579832538272,0.559101488634287,0.094376476575465,0.584035883069587,0.417178555327233,0.729299636736261,4.53043097244459e-07,4.22856348286206e-05,-0.4478942090779,0.0061570612511998,0.00918414074815889,0.465959759831373,0.00418135128220458,0.00696725966898788,-0.0267932082253643,0.876731879501408,0.510508167233872,-0.0133577101080918,0.938368107320296,0.999638761172362,-0.080535029041161,0.640559590092383,0.693243109594672,"greenyellow",0.729299636736261,4.53043097244459e-07,4.22856348286206e-05,TRUE,TRUE
"K07131","blue",-0.281778844388373,0.0959255250447368,0.287334929070469,0.759270559605896,7.95774099473396e-08,1.09307914873513e-06,-0.279930351147077,0.0982183585077635,0.0899806871498654,0.794871880901436,7.06198924114317e-09,7.66762132945638e-08,-0.0224961525593538,0.896384725944713,0.553458259115519,-0.0871396422139685,0.613313691489514,0.426030209215233,0.365885916480062,0.0281947147713035,0.256458517762687,-0.464002416808808,0.0043647484411627,0.00698447043361142,0.426905023737535,0.00941424654491668,0.0130483088635963,-0.299973506802758,0.0754842415547145,0.153392431221129,-0.0585409132875668,0.734503913842391,0.999638761172362,-0.0790967771526375,0.646556281479091,0.694236608794815,"blue",0.794871880901436,7.06198924114317e-09,7.66762132945638e-08,TRUE,TRUE
"K07149","turquoise",0.467460332302576,0.00404530753693933,0.0438646180588788,-0.632145212801896,3.53976611723223e-05,0.000143291174242552,0.849303243071338,5.83849160891743e-11,1.34463822130763e-09,-0.103003580758237,0.54997069881714,0.275673468361848,-0.57839351193386,0.00021999083588412,0.000996085093660502,-0.147381131936704,0.391015643958773,0.336530323538624,-0.296199871099112,0.0794166519572718,0.30930536019383,-0.463871139397259,0.00437729400188446,0.00698735312459208,0.499100885741682,0.00194393934230049,0.00380942787383527,0.293236675534814,0.0826145441811057,0.159405853354841,0.159447870800704,0.352948319205434,0.999638761172362,-0.254956215533568,0.133439454749683,0.430078905090081,"turquoise",0.849303243071338,5.83849160891743e-11,1.34463822130763e-09,TRUE,TRUE
"K07159","blue",-0.225510609572912,0.186027876640524,0.414777356058274,0.319424223197947,0.0575653483812258,0.0513679680652721,0.177662245951698,0.299908820184071,0.20310513609982,0.702723223374336,1.76921163424174e-06,8.69169753441744e-06,-0.360261471156855,0.0309010257868746,0.0520469386615013,-0.225011282650042,0.187030219619169,0.221928757690903,0.274944468240727,0.104611197707377,0.322537312818186,-0.681122060210388,4.82580674826636e-06,3.2391443774837e-05,0.619476571596943,5.6127070636755e-05,0.000247560476952227,-0.0428012424357533,0.80424447165655,0.491654188076131,-0.243278059604942,0.152792510889799,0.999638761172362,-0.311859047653132,0.0640835836746118,0.322033797647665,"blue",0.702723223374336,1.76921163424174e-06,8.69169753441744e-06,TRUE,TRUE
"K07175","blue",-0.4763329398496,0.00331665071329199,0.0386728013755966,0.794503149266516,7.25863067158914e-09,1.529954525921e-07,-0.446973834349523,0.00627623538552784,0.0104069974012732,0.791737494728355,8.90344166362566e-09,9.20297984951306e-08,0.0417264938502616,0.809068054687947,0.524231861103575,-0.124184942290242,0.470531795467233,0.370952606775213,0.325720682281171,0.0525515844718636,0.282482919236655,-0.372726533667684,0.0251691586465255,0.0280555798613334,0.276473539043026,0.102617993936331,0.0832260163074196,-0.336853133115251,0.0445444216801675,0.116310426336744,-0.109814747258292,0.523754976506644,0.999638761172362,-0.115545861362433,0.502181396646719,0.654241030473496,"blue",0.791737494728355,8.90344166362566e-09,9.20297984951306e-08,TRUE,TRUE
"K07177","blue",-0.325270301475464,0.0528982228420336,0.203642507580042,0.469314451545331,0.00388252119728207,0.00627003222287487,0.00832558123306728,0.961563780004606,0.435519585082967,0.735165535514361,3.28279101975421e-07,1.94566160933518e-06,-0.34655046220837,0.0383985950861301,0.0618608138327507,0.139401628826727,0.417444977668786,0.347652452899173,0.113867861005573,0.508451028758572,0.513650367566505,-0.508811876534063,0.00153041045470269,0.00305654549799402,0.602352159216059,0.000101472867093665,0.000380432658018004,0.231451654121944,0.174391863909678,0.233747430031396,0.0376331522536355,0.827501481601208,0.999638761172362,0.0710790710143305,0.680379633163525,0.697941601328435,"blue",0.735165535514361,3.28279101975421e-07,1.94566160933518e-06,TRUE,TRUE
"K07192","black",-0.417338453372048,0.0113283608007322,0.0840467150336501,0.81889801939716,1.03625645428641e-09,2.87916390316245e-08,-0.582192215485947,0.000195373320265371,0.00060343813815485,0.707247639856976,1.4178534761825e-06,7.18408957151253e-06,0.314958837146945,0.0613457780125342,0.087948170530087,0.038356056056359,0.824239146869039,0.492168896190613,0.312067702417351,0.0638963226922209,0.296890053472247,-0.20932215484419,0.220485718413053,0.14757701232147,0.13677401139471,0.426362983827518,0.246518914190838,-0.526456510206999,0.00097290435078665,0.010145459656532,-0.00556128079677434,0.974320306863973,0.999638761172362,-0.0415367426458246,0.809920403306656,0.724118734709753,"black",0.81889801939716,1.03625645428641e-09,2.87916390316245e-08,TRUE,TRUE
"K07213","turquoise",0.482544997008485,0.00287705631608122,0.0361353829969583,-0.494437090251324,0.00217521425412204,0.00387943690706078,0.858882751517572,2.06549806769752e-11,5.07946675665491e-10,0.0975208436337417,0.5715117239754,0.282488080298205,-0.710284483350796,1.21923634368557e-06,1.54500374878275e-05,-0.463471539372431,0.00441567410936697,0.025746948826995,-0.0926087190000331,0.591130079973314,0.53210537452696,-0.698390599220271,2.1787746006487e-06,1.84061407191315e-05,0.645684362980277,2.11331067749787e-05,0.000118068657106708,0.124882512614979,0.468023001688673,0.380789219667055,-0.116950668521967,0.496962726008375,0.999638761172362,-0.23671949973462,0.164516783644901,0.465993846209411,"turquoise",0.858882751517572,2.06549806769752e-11,5.07946675665491e-10,TRUE,TRUE
"K07217","pink",0.129739007637135,0.450754488685734,0.658561780991113,-0.393655726422579,0.0175308057363317,0.0201046487213177,0.367724391823257,0.0273535977992573,0.0345413867299818,-0.341050636522063,0.0417934904867805,0.0428849869988127,-0.569848178312637,0.00028579806525594,0.00122904337529565,0.155762105001618,0.364330652253912,0.325495348172941,-0.260453190096099,0.124984370852547,0.333535210428696,0.138271882459851,0.42126634382818,0.235728707809267,0.0142214472032168,0.934391192035314,0.420867867754792,0.906631627993569,2.69731642803957e-14,4.76212449740034e-11,0.0275929667062717,0.873081778289387,0.999638761172362,0.372087292479495,0.0254400088774917,0.228986388398631,"pink",0.906631627993569,2.69731642803957e-14,4.76212449740034e-11,TRUE,TRUE
"K07222","blue",-0.234814681003315,0.168040003690394,0.393519441339005,0.610046886305955,7.80962611198574e-05,0.00027396637756723,-0.0835139035305336,0.628210762750467,0.336963952863891,0.840004461762888,1.49822744545887e-10,3.39612337848033e-09,-0.229716782188872,0.17773469334937,0.193978685572052,-0.18228717908231,0.287296607778794,0.283418357533561,0.19537599007649,0.253482344379952,0.405692591398655,-0.649687114154411,1.80566604075889e-05,9.03480903077384e-05,0.562483963934972,0.000356073229077265,0.00101456710092786,-0.186998008873809,0.27480694655272,0.289482650199598,-0.0409346161584378,0.812626533299909,0.999638761172362,-0.201126904691606,0.239499148594516,0.529252091362533,"blue",0.840004461762888,1.49822744545887e-10,3.39612337848033e-09,TRUE,TRUE
"K07249","brown",-0.389422862409835,0.0188948342081666,0.115502826568093,0.516483058153796,0.00126057930158639,0.00250173483820289,-0.713207487513314,1.05249252845498e-06,6.54971373603209e-06,0.0455568830114186,0.791909749083601,0.3465951298503,0.762842798045687,6.36103121224805e-08,1.7662270018827e-06,0.319287604009741,0.0576782008502904,0.110159391978445,0.141806728584363,0.409375052292515,0.473403404414034,0.450038701854721,0.0058869049789459,0.00888191123066017,-0.473720070648502,0.00351831967114671,0.00613514309733923,-0.486762442902804,0.00260837607646113,0.0199038486054228,-0.0136766538203231,0.936899414810769,0.999638761172362,-0.0820937115190786,0.634085995147384,0.691827526007043,"brown",0.762842798045687,6.36103121224805e-08,1.7662270018827e-06,TRUE,TRUE
"K07273","black",-0.570796093743001,0.000277718753948535,0.0101507755817042,0.885099464206165,7.7427594313314e-13,4.50742270376587e-11,-0.498950644636681,0.00195103948984075,0.00388848136006921,0.759475969378729,7.85673668195729e-08,5.67113170925302e-07,0.0670388529734598,0.697664444904287,0.481598705800666,-0.0616359526723838,0.721013871985509,0.464387808114087,0.298134682295426,0.0773810301755896,0.30930536019383,-0.291758625801971,0.0842464705646574,0.069874637894133,0.263899050033405,0.119891579463261,0.0941073424041496,-0.24262343557454,0.153934672848797,0.218291059730063,-0.169834818253661,0.322044872913586,0.999638761172362,0.0579129232682625,0.737250798447446,0.708858464828889,"black",0.885099464206165,7.7427594313314e-13,4.50742270376587e-11,TRUE,TRUE
"K07284","blue",-0.116814171413672,0.497468580776627,0.693939357626825,0.355238908762683,0.0334943134117459,0.0337856506400229,0.0973931380875332,0.572017994969057,0.318146780548824,0.76786032676365,4.61354089909494e-08,3.74902051813941e-07,-0.364421072447694,0.0288800241950642,0.0496618757123715,-0.0123828659720543,0.942858353625769,0.527074006272499,0.151697649328189,0.377133209111137,0.460683949351946,-0.719683182179841,7.54936782740344e-07,8.62602650419633e-06,0.676410443016704,5.94068082405101e-06,4.57484040330405e-05,-0.00337752766320332,0.984402351448734,0.538543137930805,0.0949578047373424,0.581711253802163,0.999638761172362,-0.0853217130467631,0.620764446843236,0.690282364783667,"blue",0.76786032676365,4.61354089909494e-08,3.74902051813941e-07,TRUE,TRUE
"K07290","pink",0.18031202469426,0.292640389113607,0.519486463458271,-0.399505842715083,0.0157820770221555,0.0184838683011563,0.320217051302917,0.0569138992512186,0.0606127433183288,-0.178212014744494,0.298391416870003,0.182287345854856,-0.320310813047996,0.0568372461876034,0.0829970027345764,0.41587208345029,0.0116490762308275,0.045035728300875,-0.202863102465024,0.235381789906448,0.396501809385508,0.0357613828376491,0.835961532428787,0.381010918420637,0.0938129817310989,0.586293134030676,0.31132177680719,0.721936909750257,6.71047970145658e-07,3.62681401728464e-05,0.233418792157838,0.170656014278399,0.999638761172362,0.107222561232739,0.533659521451188,0.663674545876443,"pink",0.721936909750257,6.71047970145658e-07,3.62681401728464e-05,TRUE,TRUE
"K07303","brown",-0.428136762530125,0.00918908966114425,0.073990367989362,0.47734817091724,0.00324104746324184,0.00539075840536128,-0.815482056730091,1.38427978950411e-09,2.00848789779541e-08,-0.0432674048369833,0.802154486783099,0.348847754532612,0.826822526761424,5.16849205370311e-10,4.32872521666879e-08,0.322807356391969,0.0548262395513384,0.107270832000575,0.125131244755153,0.467130157669528,0.498198682833756,0.615976834321534,6.35263384228652e-05,0.000247580332970183,-0.617354489007084,6.05145469881269e-05,0.000260461327390867,-0.456100181102547,0.00517774725462648,0.0311376425382379,-0.0460387401058519,0.78975788438623,0.999638761172362,0.011856429218957,0.945283913155106,0.750431851388973,"brown",0.826822526761424,5.16849205370311e-10,4.32872521666879e-08,TRUE,TRUE
"K07304","turquoise",0.437711866074718,0.00759010179745477,0.0646655834835213,-0.583297974043039,0.000188687399153565,0.000542643001046902,0.784667003651525,1.48057188183574e-08,1.51281734027526e-07,-0.204306713137849,0.231994935467735,0.152957587601489,-0.76069551331244,7.28102650293495e-08,1.93625329233293e-06,-0.551077235248054,0.00049556466270723,0.00793310759465491,-0.333828657494394,0.0466155698447229,0.277070779184685,-0.405294238439348,0.0141983676973139,0.0180291898675212,0.351968566931866,0.0352764835217064,0.0363654277579469,0.285916181807381,0.0909420955767449,0.16736632259922,-0.0679323731845437,0.693828505295862,0.999638761172362,-0.064703273623275,0.707725938774785,0.703318338898706,"turquoise",0.784667003651525,1.48057188183574e-08,1.51281734027526e-07,TRUE,TRUE
"K07315","blue",-0.466035973794049,0.00417434734091477,0.0448156828382698,0.580631089844097,0.00020517426916711,0.000580618627825419,-0.203344373130561,0.234248988123624,0.170402004526674,0.841931959061106,1.23851715159432e-10,3.01930316536626e-09,-0.0241640587946305,0.888748592410264,0.551076653927749,0.0861746787067373,0.617263891617001,0.427761709513392,0.422856517797407,0.0101876907674342,0.175940426168176,-0.513055647216822,0.00137546325627155,0.00279147369813442,0.515078446061117,0.00130659578192341,0.00276180373166618,-0.193106469050976,0.2591470197377,0.2834728929853,0.0275909050554558,0.873091184389043,0.999638761172362,-0.139106679997565,0.418440754903037,0.619080597017596,"blue",0.841931959061106,1.23851715159432e-10,3.01930316536626e-09,TRUE,TRUE
"K07335","brown",-0.212613669707404,0.213148661660943,0.445326009237668,0.492076392973316,0.00230120052701751,0.00408307220127879,-0.724286525207974,5.92779795338992e-07,3.94532005257747e-06,0.0888561521836094,0.60631343452705,0.292527827127932,0.812143475112191,1.82669577011421e-09,1.18931290481593e-07,0.324779440286146,0.05327809244436,0.104892200528768,0.46433408998816,0.00433319051828721,0.105926474037966,0.384397542558661,0.020628170730534,0.0240951518471902,-0.381194391934853,0.0218005891756667,0.0251078767452891,-0.516318283934089,0.00126590247524335,0.0122128776676299,0.101776977034228,0.554756526660323,0.999638761172362,0.0540351510073443,0.754282415796579,0.711533341501598,"brown",0.812143475112191,1.82669577011421e-09,1.18931290481593e-07,TRUE,TRUE
"K07346","turquoise",0.477656117696372,0.00321841327203618,0.03834981089353,-0.600314566419207,0.000108636454681799,0.000356056213528575,0.75981782961038,7.691256599309e-08,6.527207671308e-07,-0.243400763932483,0.152579108366835,0.11374855005103,-0.561763934584187,0.000363709993831298,0.00148964305162155,-0.183444018482655,0.284196176736355,0.282027614795566,-0.221956049819631,0.19324627067537,0.379001089092906,-0.27460186351212,0.105061794966381,0.0828444894599093,0.28155789223939,0.0961974164183459,0.0791731268500868,0.336367297769172,0.0448720286047703,0.116593154126633,-0.0424280328900539,0.805918677763141,0.999638761172362,-0.0531181205023178,0.75832719968416,0.711685929801215,"turquoise",0.75981782961038,7.691256599309e-08,6.527207671308e-07,TRUE,TRUE
"K07393","turquoise",0.642179243359602,2.42099635903709e-05,0.00307596056588557,-0.614690298448516,6.64604682944604e-05,0.000242532758753046,0.747078186677847,1.66194741724807e-07,1.27585351875363e-06,-0.228515371875873,0.180076164342913,0.128257854278727,-0.518466659669205,0.00119802814983646,0.00391351578930162,0.00292844039634201,0.986476062219082,0.538465505482923,-0.382843251929638,0.021190342647986,0.2311251713341,-0.295439618747776,0.0802277999260072,0.0677336903387998,0.335885979946336,0.0451984997854168,0.0440199074845593,0.392418259806871,0.0179207681798932,0.0656414901082896,0.0007245775732415,0.996653658110551,0.999932767264777,-0.177674342840899,0.299875379078207,0.561055815745982,"turquoise",0.747078186677847,1.66194741724807e-07,1.27585351875363e-06,TRUE,TRUE
"K07396","turquoise",0.553492207250547,0.000462525378597202,0.0126478456104453,-0.590104216995369,0.000151862036791809,0.00045727241525559,0.828647378877163,4.38167447070324e-10,7.75303238093604e-09,-0.151099458707565,0.379039535804504,0.216316005990874,-0.567685868467157,0.000305019447888313,0.0012914656740276,-0.162306695024815,0.34426947752566,0.314858018787729,-0.373752724563971,0.0247393419963277,0.244220579202278,-0.412227169848068,0.0124797490707257,0.0162767477966317,0.421614157613341,0.0104356037142689,0.0141592332596127,0.272776176908094,0.107487802143164,0.182065819352685,-0.0185635373880364,0.914424451254274,0.999638761172362,-0.303507633418858,0.0719406415550869,0.339759861042485,"turquoise",0.828647378877163,4.38167447070324e-10,7.75303238093604e-09,TRUE,TRUE
"K07407","black",-0.604213617508695,9.53033894429005e-05,0.00500035364286702,0.91506202115789,5.76877563423482e-15,5.42490469215467e-13,-0.688308213599185,3.48893536302062e-06,1.91749543094362e-05,0.578100876934001,0.000221997811305151,0.000518685524730547,0.411278559358222,0.012703968763916,0.0264344873132474,0.135215887286905,0.431700890422567,0.353882635772552,0.305685875426421,0.0698222455792815,0.302956412686892,0.0411136461134362,0.811821696301168,0.373722271295642,-0.0343054341854873,0.842554756650374,0.395895344367908,-0.324644766336322,0.0533826939143369,0.127076249124468,-0.0273142103734332,0.874353734386193,0.999638761172362,-0.00848593587222051,0.960824043312014,0.752156079985917,"black",0.91506202115789,5.76877563423482e-15,5.42490469215467e-13,TRUE,TRUE
"K07442","blue",-0.250338843206083,0.140862209169815,0.357429614999538,0.404324878674257,0.0144538431798525,0.0172221669294152,0.125331095230537,0.466413432473521,0.276668641536455,0.752457891494489,1.20711463825191e-07,8.25215314207452e-07,-0.40665959162657,0.013844987497356,0.0282910132908903,-0.061691276875079,0.720773474650697,0.464387808114087,0.150799756633328,0.37999675806617,0.462530980199862,-0.689166602482596,3.35428214397975e-06,2.49483657720608e-05,0.703933293113319,1.66816143847687e-06,1.69754579386161e-05,-0.0380094657350467,0.825802888224709,0.497936741213276,-0.00562240486687761,0.974038155846642,0.999638761172362,0.0965075200286001,0.575534493153151,0.672609821045075,"blue",0.752457891494489,1.20711463825191e-07,8.25215314207452e-07,TRUE,TRUE
"K07451","black",-0.637058492338055,2.9438828291362e-05,0.00330222442868278,0.843323995944809,1.07772653656297e-10,4.25009560393611e-09,-0.710044182110843,1.23396894429218e-06,7.61871466090561e-06,0.629108810783665,3.9606175822656e-05,0.000122131995979799,0.363184109702018,0.0294693309585404,0.0504455277403328,-0.0456132326703883,0.791658025735492,0.482364652526057,0.343020562587964,0.0405506738461558,0.26350387788106,-0.0476611232956888,0.782524025255572,0.364750224515292,-0.0577776134078816,0.737843077232506,0.36310054069437,-0.376557313308161,0.0235955167587583,0.0775754056191158,-0.0277334831252562,0.872440724996752,0.999638761172362,-0.148622448250706,0.386993396714322,0.607150714231501,"black",0.843323995944809,1.07772653656297e-10,4.25009560393611e-09,TRUE,TRUE
"K07478","blue",-0.190781101935889,0.265037303499118,0.496068094523954,0.474952727685114,0.00342189025338609,0.00562270059150353,-0.0440660197695233,0.79857713712805,0.392239857448984,0.837806534109619,1.85583392520183e-10,3.99639517291269e-09,-0.167047309448987,0.330167562464012,0.299776984916945,0.0564251358849141,0.743771265378176,0.469561302676356,0.295713070678048,0.079935304699053,0.30930536019383,-0.632653194031564,3.47345533962456e-05,0.000154175109735472,0.623441666235357,4.86916426714014e-05,0.000222561710367812,-0.0837374894613307,0.627287838096133,0.442284164859606,0.114850097478491,0.504776278709243,0.999638761172362,-0.114320678775345,0.506755281017146,0.654320225696041,"blue",0.837806534109619,1.85583392520183e-10,3.99639517291269e-09,TRUE,TRUE
"K07486","purple",-0.0374257539728302,0.828437960262829,0.912323920405018,-0.140695680070594,0.41309192437128,0.216741762508359,0.0111400146780538,0.948585570434885,0.432943603023732,0.0249017583080595,0.885374302527101,0.368455894883462,0.0512708723907726,0.766494040354189,0.509946126662637,0.263205674866168,0.120903664889617,0.172388466829305,0.093926601083582,0.58583768608056,0.531415604739476,0.0129843878677712,0.940087459637421,0.407160168466467,0.0176865245054885,0.918453560347487,0.41764594001147,0.0494460556530554,0.774586116628983,0.485333090257222,0.752460351038265,1.20693596547516e-07,1.96308134784535e-05,0.103115098387458,0.549536557047408,0.667004760230313,"purple",0.752460351038265,1.20693596547516e-07,1.96308134784535e-05,TRUE,TRUE
"K07506","blue",-0.397000149480079,0.0165122567569023,0.107644030521449,0.701460864660739,1.88058028698189e-06,1.23603495249676e-05,-0.301730695063835,0.0737057143646628,0.0729478557193954,0.842054855515842,1.22347047350859e-10,3.01930316536626e-09,-0.0282953712466029,0.86987812533823,0.544215486186531,-0.0596867936424998,0.72950010402512,0.466339483830321,0.388156485932383,0.0193197362388436,0.22319433748782,-0.485285861263137,0.00269984110211181,0.00485613789359,0.405074936561615,0.0142558294151105,0.0181175026772183,-0.176776358493776,0.3023642565511,0.303654993542008,-0.0510274402310098,0.767572145862989,0.999638761172362,-0.111439631422598,0.5175926817829,0.657357149642681,"blue",0.842054855515842,1.22347047350859e-10,3.01930316536626e-09,TRUE,TRUE
"K07513","purple",-0.147587142588182,0.390346433294436,0.608723368891083,-0.0270034984826922,0.875771868070658,0.346148845312204,-0.219492582772803,0.198362793365061,0.151878514988234,-0.0342071778151319,0.84300009314521,0.359198924262286,0.431808971350588,0.00854485688832927,0.0192525686590854,0.309144216848299,0.0665597096704912,0.120581547511277,0.0850777976063977,0.621766985787862,0.541961952114597,0.195345949277936,0.25355678342132,0.162880842874412,-0.252135557758509,0.137938660840328,0.104920338918817,-0.258643460258992,0.127722712492881,0.19836549752617,0.73183079842493,3.9465318375251e-07,5.58176872498659e-05,-0.230337489928444,0.176533492155462,0.47406264163806,"purple",0.73183079842493,3.9465318375251e-07,5.58176872498659e-05,TRUE,TRUE
"K07533","turquoise",0.615708384423535,6.41287357415849e-05,0.00386316254384029,-0.850444997006163,5.17805312497694e-11,2.34452330689285e-09,0.811828963165415,1.87451984212926e-09,2.58617640672371e-08,-0.527767543184285,0.000939777401224361,0.00180960190099999,-0.567400738492474,0.000307638385851134,0.0012965534229023,-0.333702224158616,0.0467038075359815,0.0967540295793072,-0.433283411877401,0.00829725757630492,0.156309038816221,-0.177158697386252,0.301302956136884,0.184343648188749,0.155731116651784,0.364427268942627,0.219621498769312,0.254628276938631,0.133956902263034,0.203784703468066,-0.0315088774576332,0.855248133711226,0.999638761172362,0.163641835661931,0.340261215481653,0.589393474167242,"turquoise",0.811828963165415,1.87451984212926e-09,2.58617640672371e-08,TRUE,TRUE
"K07552","turquoise",0.475618934411606,0.00337073601357952,0.0390574926340764,-0.505252549102355,0.00167199127931477,0.00311114645093025,0.88615733488992,6.67214540023374e-13,2.68910860328263e-11,0.096371271032681,0.576076357581412,0.28434789668716,-0.669953175006134,7.85131673332753e-06,6.92718251586545e-05,-0.312435719135324,0.0635670914482697,0.117455981689326,-0.10609220858937,0.538006624266426,0.523351842408358,-0.682918948156088,4.45360211932559e-06,3.04880465135787e-05,0.673189701340922,6.83300498326796e-06,5.09670887130173e-05,0.181696446034327,0.288888200018006,0.296531069283348,-0.0253109022517244,0.883503700835981,0.999638761172362,-0.267187791254178,0.115177295348066,0.406120457333191,"turquoise",0.88615733488992,6.67214540023374e-13,2.68910860328263e-11,TRUE,TRUE
"K07571","greenyellow",-0.128334049499781,0.455714428378519,0.662067267011721,0.164894242285889,0.336527410538538,0.188008415337767,-0.141029940593397,0.411971695465805,0.253602270400087,0.221916589824295,0.193327490703286,0.134802752911096,0.179801147134738,0.294032875328363,0.276753338329428,-0.03341248891171,0.846603686555988,0.499928867874134,0.82478391647587,6.20174167306889e-10,7.95920531104729e-08,-0.120611740481098,0.483493177991383,0.259469652736377,0.0837951769608214,0.627049804216687,0.324895448678759,-0.187519678618724,0.273445987826353,0.289111937188952,0.0898935044960036,0.602099534449501,0.999638761172362,-0.0189963127725361,0.912436993349058,0.744169205199023,"greenyellow",0.82478391647587,6.20174167306889e-10,7.95920531104729e-08,TRUE,TRUE
"K07669","turquoise",0.570879539312267,0.000277017404099773,0.0101507755817042,-0.65510798514737,1.45382838522543e-05,7.04464844375655e-05,0.725406605239224,5.58503687099355e-07,3.75160956447215e-06,-0.242345126922535,0.154422127504652,0.114733572385236,-0.330949890540201,0.0486581484960438,0.0736154379585884,-0.174936576904729,0.307504308319343,0.295722782074787,-0.114329345124666,0.506722854300959,0.51355335436777,-0.315850501491802,0.0605756157913536,0.054728327360584,0.275434260907497,0.103969564306767,0.0839214484697158,0.0316145050547467,0.854768025990373,0.50524362407123,0.101397361240971,0.556241599943607,0.999638761172362,-0.17961795662332,0.294533224998129,0.558661680948863,"turquoise",0.725406605239224,5.58503687099355e-07,3.75160956447215e-06,TRUE,TRUE
"K07678","brown",-0.380071307447092,0.0222245487787198,0.125080375739058,0.400326638435326,0.0155488672680295,0.0182703168332361,-0.748997154453209,1.4841536967153e-07,1.15774063035384e-06,-0.239922450111597,0.158712808625838,0.117274297728007,0.791561100998144,9.01924997209071e-09,3.21308681647762e-07,0.211044931609271,0.216624226929751,0.240059461653351,0.107337142786656,0.533219812721953,0.523351842408358,0.704725358065244,1.60491205404286e-06,1.49212004378172e-05,-0.719581788380001,7.58928058592026e-07,9.74067577011128e-06,-0.366066179803194,0.028111313230506,0.0869188303921546,-0.125975185694215,0.464107498596591,0.999638761172362,0.107055685241425,0.5343002238464,0.663674545876443,"brown",0.791561100998144,9.01924997209071e-09,3.21308681647762e-07,TRUE,TRUE
"K07690","purple",0.126685950670237,0.461569913057836,0.666438937939255,-0.408776785040921,0.0133116911995831,0.0161969176399138,0.322537600251686,0.0550407629786686,0.059058055428703,-0.182452906968376,0.286851109905632,0.17744569621749,0.109996817426528,0.523062701075899,0.403153786362016,0.322556455994357,0.0550257462718678,0.107541688122377,-0.0208645698512628,0.90386344613477,0.60792784642358,-0.0182417390678057,0.915902595178117,0.401498463131216,0.0482997621538432,0.779681354721896,0.376536073467587,0.0295393598818078,0.864209351436817,0.507126417223667,0.709881611562058,1.24402837386156e-06,0.000149882381487839,-0.345624098217391,0.0389541898373941,0.261698943305545,"purple",0.709881611562058,1.24402837386156e-06,0.000149882381487839,TRUE,TRUE
"K07768","blue",-0.31920848112482,0.0577436395223478,0.212970588850564,0.654073026481817,1.51574821415701e-05,7.18222780667771e-05,-0.322306814214388,0.0552248253501025,0.0591344275313952,0.723995963396846,6.01981796677783e-07,3.25436323140365e-06,0.0813301292617543,0.637254039062589,0.456380448950101,-0.0415890629713283,0.809685362662407,0.488113062960678,0.4890736839352,0.00247063564663145,0.0746063526210202,-0.321308723672456,0.0560264959084362,0.0516683468803912,0.308374105301263,0.0672756339093721,0.0606997811722705,-0.189970364457513,0.267111492104967,0.286850846512648,-0.0743403600091748,0.666542774769954,0.999638761172362,-0.134781221892037,0.433196560898066,0.625238882918005,"blue",0.723995963396846,6.01981796677783e-07,3.25436323140365e-06,TRUE,TRUE
"K07778","blue",-0.243618447937115,0.152201054070756,0.372889463106742,0.360520025998924,0.0307721136003176,0.031799800775596,0.0142531384508641,0.934245304789759,0.429234023436474,0.718914843023006,7.85668536359776e-07,4.17747302612601e-06,-0.189961504022531,0.267134219343831,0.259454477147502,0.271208970772985,0.10960392593644,0.162532497460795,0.29321763826466,0.0826354066656964,0.31016494643286,-0.486392227826671,0.00263105081555953,0.00476981682238818,0.575826772810418,0.000238161761123723,0.000736008050176839,0.217422667727027,0.202734468048346,0.252774456999042,0.0586443856509636,0.734051626591614,0.999638761172362,-0.306194023018656,0.0693351648626688,0.332605137861379,"blue",0.718914843023006,7.85668536359776e-07,4.17747302612601e-06,TRUE,TRUE
"K07793","turquoise",0.383327175079249,0.0210139625472082,0.121521290216765,-0.645766745588386,2.10652679756191e-05,9.43828379275962e-05,0.748839470245053,1.49807337157845e-07,1.16234972954433e-06,-0.147446158097459,0.390804339355303,0.220883725113884,-0.575848902814168,0.000237999519117979,0.00105238854098973,-0.0555091349483791,0.747794564887566,0.470619906620254,-0.0239156699796397,0.889885176866675,0.605072086030326,-0.372187597775146,0.0253973503644778,0.0282509431631576,0.45387193930678,0.00542936241681101,0.00858490508885376,0.390384872031709,0.0185772949778218,0.0674862125481363,0.0570598904141634,0.740987175287197,0.999638761172362,0.0926206002743436,0.591082273118962,0.677548052775792,"turquoise",0.748839470245053,1.49807337157845e-07,1.16234972954433e-06,TRUE,TRUE
"K07794","turquoise",0.346934026166806,0.0381704402629268,0.171740583921578,-0.53576388070569,0.000758465893675064,0.0016617040342082,0.784828654934337,1.46376612468564e-08,1.50625298498043e-07,0.0512380846152128,0.766639224821738,0.337731501781831,-0.699025965378847,2.11372879565376e-06,2.47885597241945e-05,-0.0124794009784094,0.942413622451207,0.526992693178636,-0.0238494589839455,0.890188183572044,0.605072086030326,-0.557310680529865,0.000414275493483423,0.00106948888424653,0.62730043055614,4.23228776269108e-05,0.000202334705403671,0.409574937675934,0.0131151970464954,0.0546107085011908,0.154540218880278,0.368151875634042,0.999638761172362,0.0829335801693831,0.630608827938868,0.691827526007043,"turquoise",0.784828654934337,1.46376612468564e-08,1.50625298498043e-07,TRUE,TRUE
"K08137","pink",0.223539506720615,0.190006789785607,0.418194916896198,-0.429706762147361,0.00890876503972988,0.0119945365784771,0.312270608140642,0.0637146354030267,0.0655985325740704,-0.304722746316017,0.070752800941579,0.0642872143317015,-0.387291668623632,0.0196144619917414,0.0368134335594459,0.0428545967651154,0.804005195701571,0.486019920269067,-0.0561341047770478,0.745048826705524,0.573393867334876,0.110163099439234,0.522430848310689,0.274965237436774,-0.00292150286357138,0.986508097772881,0.435390135621878,0.78768678165937,1.19429622091778e-08,1.55946503110255e-06,0.0686466510053966,0.690767439031272,0.999638761172362,0.16008963273616,0.350988643297328,0.594964916798725,"pink",0.78768678165937,1.19429622091778e-08,1.55946503110255e-06,TRUE,TRUE
"K08166","red",0.150189868620103,0.381949063976677,0.601976892013629,-0.0385150801133854,0.823521886920335,0.334504903719337,0.572083171303322,0.000267075707027146,0.000781264428905162,0.523717820579781,0.00104545296188008,0.00198940304910062,-0.601567029639118,0.000104181165079914,0.00053598304508114,-0.474956446932697,0.0034216028115322,0.0229091800140552,0.0747318302148669,0.66488901213441,0.554284722565322,-0.858691274140564,2.11040146046916e-11,2.15556092577381e-09,0.778900616567684,2.21094414363875e-08,6.99965627213487e-07,-0.046934339758371,0.785762415839727,0.487639953622285,-0.179165400164502,0.295771630917794,0.999638761172362,-0.371345568923789,0.0257572948023743,0.229747692693845,"red",0.778900616567684,2.21094414363875e-08,6.99965627213487e-07,TRUE,TRUE
"K08167","turquoise",0.289719863593763,0.0865382297889584,0.271634245158627,-0.386597287924927,0.0198538089066301,0.0222265990805876,0.743356889820705,2.0638713808275e-07,1.54845450159629e-06,0.240358812278157,0.157933695765682,0.11680527599833,-0.477460476875018,0.00323277695204789,0.00871512473547445,-0.180405144326497,0.292387031703165,0.286036398024414,-0.00552083301928123,0.974507017022913,0.624604719052652,-0.686448529976058,3.79777134590912e-06,2.69365098858067e-05,0.655440165810645,1.43444787820351e-05,8.84676007530419e-05,0.0286729250300802,0.868156949338403,0.508066065472675,0.098424768226974,0.567934073286739,0.999638761172362,-0.384537038346459,0.0205783294533974,0.208055987997322,"turquoise",0.743356889820705,2.0638713808275e-07,1.54845450159629e-06,TRUE,TRUE
"K08169","turquoise",0.465380793646312,0.00423489043233214,0.0449134799477294,-0.459503503778515,0.0048128645395484,0.00741028570714379,0.713135886049663,1.05631351259631e-06,6.54971373603209e-06,-0.126031376606894,0.463906615194214,0.247376088378882,-0.551338263218161,0.000491895056933456,0.00188308212884272,-0.513451400543653,0.00136174355769155,0.01332166546533,-0.273248588218058,0.106856028664605,0.324632925807779,-0.484450451097736,0.00275281859408152,0.0049385160544074,0.404103121746343,0.0145128281653998,0.0183468518718015,0.0326436624540499,0.85009292349265,0.504298737533133,-0.102979632069512,0.550063952889884,0.999638761172362,-0.290845084916418,0.0852675057328862,0.358947832924639,"turquoise",0.713135886049663,1.05631351259631e-06,6.54971373603209e-06,TRUE,TRUE
"K08223","greenyellow",-0.282468880611759,0.095080185830277,0.286246237664054,0.272739732169184,0.107536658184778,0.0820115142227537,-0.190849006371151,0.264864059359109,0.18592076393687,0.368393274390702,0.0270527544731824,0.0306073657774767,0.126410469818928,0.462552560137298,0.374346913145481,0.1829829443511,0.285429293279957,0.282684818043718,0.825564443499523,5.78534955978611e-10,7.91980272552113e-08,-0.115903595582809,0.500849839825626,0.26701384181069,0.184232440048471,0.282095579002895,0.179175433203592,-0.0665742204495913,0.699662069306823,0.465940423736256,0.156195699637042,0.362980378335443,0.999638761172362,0.0767931902444062,0.656206643528079,0.694236608794815,"greenyellow",0.825564443499523,5.78534955978611e-10,7.91980272552113e-08,TRUE,TRUE
"K08234","blue",-0.59279398186697,0.000139187814996995,0.00646825660264604,0.683916988278336,4.25838696109334e-06,2.51493401403844e-05,-0.420693279504794,0.0106226550899614,0.0158415521285556,0.74537347713729,1.83614475284322e-07,1.21661417210364e-06,0.186077827244362,0.27721831294759,0.266642592181543,-0.054422258486275,0.752576908527792,0.471942929893641,0.253180297708332,0.136259368459797,0.34414129731896,-0.349663461066354,0.0365784888379499,0.0370902834847041,0.224930437252292,0.187192865314125,0.131437321955902,-0.428621094041429,0.00910182127327094,0.0441464481058082,-0.0136308603994186,0.93711027480478,0.999638761172362,-0.29600822122316,0.0796205291229686,0.349533877194903,"blue",0.74537347713729,1.83614475284322e-07,1.21661417210364e-06,TRUE,TRUE
"K08256","greenyellow",-0.0387291314175941,0.822556655193934,0.909818700899649,0.218535701031346,0.200375478371982,0.128791107065452,-0.0156981158994835,0.927595820750072,0.427804556580951,0.304894428159499,0.0705862180763791,0.0641809885792226,-0.136148648455431,0.428500955414221,0.355942842995239,-0.28414136087271,0.0930549381309112,0.149235719509245,0.843346454083072,1.07529952766952e-10,2.19648515358176e-08,-0.300769788169409,0.0746741907204062,0.0639792617498506,0.280082258056741,0.098028374508172,0.0801764306660463,-0.0765655886586261,0.657163143080668,0.453337464758534,-0.140314312571084,0.414372128021709,0.999638761172362,0.130253328277062,0.448946104520522,0.633382730705447,"greenyellow",0.843346454083072,1.07529952766952e-10,2.19648515358176e-08,TRUE,TRUE
"K08300","purple",0.0677215720545147,0.694732817215164,0.831808822407892,-0.331875662703867,0.0479936026389769,0.0448455211618366,0.248169095900495,0.144453075080753,0.119766148556658,-0.18099238250235,0.290792532077991,0.178999318348678,-0.0342752907456621,0.842691373461613,0.536807104375668,0.201146002043982,0.239453597477973,0.254315329469761,-0.167333715861351,0.329327197431002,0.439976771853614,0.0322496477616693,0.851882208865041,0.384446901272198,-0.00547046602516033,0.974739516939021,0.432743260421816,0.0997053911129547,0.562883083371474,0.416152705028211,0.840746976175973,1.39270229122893e-10,4.53046055336771e-08,0.0195177549035052,0.910043042065303,0.744169205199023,"purple",0.840746976175973,1.39270229122893e-10,4.53046055336771e-08,TRUE,TRUE
"K08301","greenyellow",-0.260820316527369,0.124434238030771,0.330976759046687,0.416523838865643,0.0115055913921351,0.0145156666516845,-0.343466093934153,0.0402737806640142,0.0468223445155305,0.329921200160562,0.049405203932462,0.0488706263738188,0.0974196131287846,0.57191302160117,0.426426402953304,-0.215775961831669,0.206259862344173,0.234654588220261,0.842446531911629,1.17664360611258e-10,2.19648515358176e-08,-0.0849597675494865,0.622252352751495,0.312688987023364,0.00567567371462789,0.973792267361781,0.432587556610492,-0.214556675994227,0.208897446202255,0.256652329328414,-0.112315221277623,0.514286975741862,0.999638761172362,0.215221162674116,0.207457136506893,0.502836825255182,"greenyellow",0.842446531911629,1.17664360611258e-10,2.19648515358176e-08,TRUE,TRUE
"K08348","green",-0.0036558663336824,0.983117141125162,0.99119043441116,-0.232788438190626,0.171846848999214,0.11557052723642,-0.282913171974921,0.0945389234598213,0.0879175772707031,-0.682709955530024,4.49550200011367e-06,1.89817974731106e-05,0.384448201283368,0.0206100589665503,0.038226044617947,0.363368424614671,0.0293808997038977,0.0738033518461843,-0.055741632858803,0.746772751134937,0.57354081220172,0.830251438784859,3.78354336133269e-10,2.08244216003634e-08,-0.73585511823808,3.15906291143818e-07,5.07718689351352e-06,0.363136333096913,0.0294922890257761,0.0896192276079388,0.0530885922709452,0.758457546749567,0.999638761172362,0.170084557860609,0.321323274806224,0.578869349117042,"green",0.830251438784859,3.78354336133269e-10,2.08244216003634e-08,TRUE,TRUE
"K08349","brown",-0.176021691752924,0.30446603029981,0.530775989584824,0.185886227616645,0.277722132390551,0.163622945655594,-0.531637871866,0.000847724875237451,0.00198065423952886,-0.222126384079461,0.192895948416448,0.13464717738118,0.848999792435586,6.02677170610504e-11,1.01163398529256e-08,0.325391971218579,0.052804399617678,0.104468606540267,0.129798554591742,0.450544916397421,0.49420628879085,0.523871985406527,0.00104124568561289,0.00224215998474754,-0.544831610373123,0.00059095227159062,0.00149010000224213,-0.559965561949993,0.000383425974830656,0.00545919607444487,0.1650710384374,0.336002362821419,0.999638761172362,-0.179069780735596,0.296033715738055,0.56021990438946,"brown",0.848999792435586,6.02677170610504e-11,1.01163398529256e-08,TRUE,TRUE
"K08364","turquoise",0.444415522971506,0.00661796338590262,0.0598006524842812,-0.624938090554314,4.61255974351381e-05,0.000177883046548198,0.779413807730175,2.13446480008279e-08,2.12119933528178e-07,-0.247629778095844,0.145355933412481,0.109317620889005,-0.624281340291136,4.72363249665536e-05,0.000284086242911851,-0.113573631736977,0.509554402815491,0.387425054325169,-0.29096441716671,0.0851335920728185,0.313094104336547,-0.321426119026637,0.0559317260209877,0.0516683468803912,0.37750324327853,0.023219753007596,0.0263798010611037,0.355478726372637,0.0333665739298511,0.097049158102471,0.0819652162973544,0.634618665922505,0.999638761172362,0.167609519465002,0.328519195048988,0.584471812174854,"turquoise",0.779413807730175,2.13446480008279e-08,2.12119933528178e-07,TRUE,TRUE
"K08368","pink",0.0327110809832577,0.849786838499857,0.924224869822813,-0.264376634253805,0.11919816768522,0.0887999692055133,0.383776775079824,0.0208511887030493,0.0276540559796344,0.0293034851978389,0.865283712817477,0.363456771544881,-0.493157664519057,0.00224272453712103,0.00647479603847988,0.310441926323576,0.0653668797521331,0.119351885558251,-0.100801562305795,0.558576118178709,0.525331673497731,-0.220216599551714,0.19684932485335,0.135702432774039,0.332245783885752,0.0477299653115637,0.0458832710923917,0.706100778877403,1.50027780738555e-06,6.30654127295793e-05,0.293545409581047,0.0822767788489162,0.999638761172362,0.101988834521107,0.553928536897009,0.667773390318276,"pink",0.706100778877403,1.50027780738555e-06,6.30654127295793e-05,TRUE,TRUE
"K08369","pink",-0.0318998240364375,0.853471426566763,0.926677415388505,-0.178148957497857,0.29856521057248,0.172087905861572,0.350485404890003,0.036109814093689,0.0430240354473966,0.0436241356601575,0.800556037451776,0.348269830414628,-0.699486173128373,2.06773084982866e-06,2.44006800711576e-05,0.0821015218162779,0.634053623767952,0.432811137275292,-0.108499155644046,0.528770477273571,0.522614685439646,-0.176253014882711,0.30382080499806,0.185554101801761,0.318845282195401,0.0580447800724266,0.0536626342645216,0.881578880673677,1.25755582988347e-12,7.40073524198923e-10,-0.00754721757996074,0.965154910172314,0.999638761172362,0.389320818762429,0.0189287809245548,0.202831670605349,"pink",0.881578880673677,1.25755582988347e-12,7.40073524198923e-10,TRUE,TRUE
"K08372","turquoise",0.443664410745642,0.00672127725575954,0.0605659692880492,-0.645944652808058,2.09194426148819e-05,9.43697131004727e-05,0.753527236294047,1.13169150539829e-07,8.92391806203749e-07,-0.283495787403136,0.093832724038257,0.0793435333690276,-0.666225307568791,9.19449539552725e-06,7.89101965059762e-05,-0.256408125011251,0.131166252832173,0.180610785288692,-0.228452585473416,0.180199129870084,0.373007045938007,-0.244623372294586,0.150464615974394,0.110596855037039,0.291810095224713,0.0841892272855757,0.0723706349343586,0.473375092981211,0.00354572600376795,0.0243579590891644,-0.121811318680597,0.479121328299081,0.999638761172362,0.114503279058013,0.506072269300189,0.654320225696041,"turquoise",0.753527236294047,1.13169150539829e-07,8.92391806203749e-07,TRUE,TRUE
"K08483","turquoise",0.469529261604871,0.00386403382751461,0.0426063887603562,-0.554882628913911,0.000444405954395503,0.00110649688042508,0.714902752986342,9.65648362664657e-07,6.11827321977184e-06,-0.175384811898348,0.306246952856362,0.186067295380225,-0.364478566117572,0.0288528707266152,0.0496604108700345,0.0596542037682195,0.729642266117786,0.466339483830321,-0.30870355804849,0.0669686253431048,0.302956412686892,-0.282341859924628,0.095235364934014,0.076902932470083,0.30272739279587,0.0727115558499221,0.0647433119075153,0.123451252279238,0.473178124722475,0.382683529361817,0.0567377625543704,0.742399654567814,0.999638761172362,-0.164161479262264,0.338708933629999,0.589215531023791,"turquoise",0.714902752986342,9.65648362664657e-07,6.11827321977184e-06,TRUE,TRUE
"K08641","blue",-0.422437510404002,0.0102707381930628,0.0791723017583727,0.738012142478687,2.79921178549101e-07,2.87089824583362e-06,-0.34146210350523,0.0415313865297339,0.0480151229726693,0.833180458915744,2.88260620357335e-10,5.32068861839833e-09,-0.0303853319174751,0.860358105186356,0.541904028001939,-0.186436776201002,0.276276042886655,0.277680143001342,0.333341479252387,0.0469563090013728,0.277070779184685,-0.48854410213376,0.00250162249410857,0.00460793080214482,0.388397950387388,0.0192381092743107,0.0227828587018363,-0.28827293841987,0.0881936607206918,0.165468981511118,-0.165460606325112,0.3348472057398,0.999638761172362,-0.0762238075716593,0.658600491594658,0.694548147761325,"blue",0.833180458915744,2.88260620357335e-10,5.32068861839833e-09,TRUE,TRUE
"K08676","blue",-0.480744157902839,0.00299893511736228,0.03667494713075,0.598876747033213,0.00011396200524998,0.000371080752743116,-0.283187820628146,0.0942055114284295,0.0876936033368965,0.770777919069159,3.81350659634877e-08,3.15849701075062e-07,0.0827172327900504,0.631503791810969,0.454055715594094,-0.0445642946539673,0.796347182779345,0.483715419648369,0.459101245869226,0.00485480064397795,0.1105368906933,-0.410250979286032,0.0129506857407827,0.0168112938933588,0.376934675026627,0.0234450130297587,0.0265576632585038,-0.344492022003096,0.0396419962282592,0.10987146900185,-0.051386865444386,0.765980485296437,0.999638761172362,-0.160595554184217,0.349448420949176,0.594964916798725,"blue",0.770777919069159,3.81350659634877e-08,3.15849701075062e-07,TRUE,TRUE
"K08677","black",-0.509182065655994,0.00151630873962835,0.0247054093490733,0.835103776381747,2.40428550418572e-10,8.39788281995355e-09,-0.617881753325353,5.93964165403381e-05,0.000224426615908823,0.651899247626948,1.65367867180587e-05,5.79035679969232e-05,0.351809768338376,0.0353649501015276,0.0580634872057573,-0.0762899274665994,0.658322332461369,0.44111342441121,0.346730621452117,0.0382912937485682,0.257197452504772,-0.121824998929178,0.479071589955351,0.257498493445367,0.00992623940736201,0.954181253300153,0.426620758382083,-0.452322557709605,0.00561046867523272,0.0327543525010729,-0.106272639464499,0.537311587487333,0.999638761172362,-0.198762986524982,0.245182689894979,0.533161614770916,"black",0.835103776381747,2.40428550418572e-10,8.39788281995355e-09,TRUE,TRUE
"K08678","greenyellow",-0.00743588425769005,0.965668624648538,0.982802105369213,0.12887759358193,0.453792078791577,0.230101722782597,-0.165742341093437,0.334013323093016,0.218987909908726,0.123708058079253,0.472250969343749,0.25048177990906,0.10975369064437,0.52398722916416,0.403588504781392,-0.0953741561599857,0.580048880855073,0.416392352085071,0.886511358017142,6.34591686099788e-13,2.17179658429834e-10,-0.000426117770064272,0.998032041829208,0.422287463256126,-0.0249697636022834,0.885063340498328,0.408989618779212,-0.0222938702467036,0.8973114674587,0.515766216712211,0.02184290970761,0.899377989872045,0.999638761172362,0.00560990843650295,0.974095839590219,0.753960045131036,"greenyellow",0.886511358017142,6.34591686099788e-13,2.17179658429834e-10,TRUE,TRUE
"K08995","pink",0.100719086415059,0.558899641278558,0.739442799047316,-0.329455401611528,0.0497464844495168,0.046129266643968,0.297991023281937,0.0775307649634301,0.0758028455823853,-0.274096527758662,0.105729100886466,0.086296700443218,-0.458636941987518,0.00490359714297791,0.0123612067876809,0.171086423322529,0.318438630791952,0.301704123885056,-0.153629203072355,0.371016353107664,0.458780405247176,0.104977776518327,0.542309049537727,0.282785762108609,0.0308724690902239,0.858141869599016,0.40082942308326,0.808143254689199,2.52864683147583e-09,5.58042194098304e-07,-0.00845609898986217,0.960961682288703,0.999638761172362,0.297070935820205,0.078495116487573,0.349332951747633,"pink",0.808143254689199,2.52864683147583e-09,5.58042194098304e-07,TRUE,TRUE
"K08998","blue",0.0586797027671226,0.733897272381366,0.859074424993373,0.237577562845986,0.162947160061249,0.111287293748004,0.364562040347076,0.0288134843543273,0.0358851854868143,0.722458692049619,6.52889227137408e-07,3.50028193599686e-06,-0.431690345888933,0.00856504860804706,0.0192750617140639,-0.112532886698733,0.51346683122926,0.389073960672599,0.35460069664336,0.0338362057646773,0.256458517762687,-0.833044056640066,2.91968508531234e-10,1.67393662033774e-08,0.839411190208209,1.58783979190128e-10,1.7401023191233e-08,-0.0525439187866762,0.760863082418761,0.482389238501282,-0.0240374143762796,0.889328068314902,0.999638761172362,-0.210187260937222,0.218540788342307,0.513959421486825,"blue",0.722458692049619,6.52889227137408e-07,3.50028193599686e-06,TRUE,TRUE
"K09012","turquoise",0.622451757128012,5.04593508002147e-05,0.00380303440644592,-0.707817659620268,1.37845041010352e-06,9.52071790367368e-06,0.804467938599258,3.38674514372875e-09,4.19992945726854e-08,-0.303254659787155,0.072189887738396,0.0651349246533873,-0.406424804170152,0.013905221742987,0.0283527271306701,-0.276702656251022,0.102321833221328,0.155864129217222,-0.0941175626913103,0.585072561961917,0.531415604739476,-0.302825103510147,0.072614660948079,0.062801262580005,0.289623466132446,0.0866477678378752,0.0735221400550965,0.0989892923217922,0.565704944395475,0.417016562905591,0.0375208323547119,0.828008617798117,0.999638761172362,-0.189271368484152,0.268908336698114,0.543308881936733,"turquoise",0.804467938599258,3.38674514372875e-09,4.19992945726854e-08,TRUE,TRUE
"K09013","turquoise",0.411576842913754,0.0126331005404298,0.0901216580219696,-0.629645932476841,3.88302462665506e-05,0.000155640322600123,0.763991151241254,5.91429149469978e-08,5.29703755495407e-07,-0.29991425102881,0.0755447946974755,0.0675810585167192,-0.803531666049151,3.64488445397765e-09,1.81104013437246e-07,-0.510860977957287,0.00145377736473228,0.0139128396189121,-0.403359939862282,0.0147119862754053,0.206737438998008,-0.305077388003576,0.0704090304540227,0.0615513916818251,0.286840955086298,0.089855895818741,0.0753024512586111,0.420532054274884,0.0106556946766209,0.0478227155620114,-0.195029552749079,0.254341675124921,0.999638761172362,0.0132367695534824,0.938925074788711,0.749265719233096,"turquoise",0.763991151241254,5.91429149469978e-08,5.29703755495407e-07,TRUE,TRUE
"K09019","turquoise",0.717432490014339,8.4822867150276e-07,0.000459881311399746,-0.73233473730915,3.83888933341416e-07,3.47635116810893e-06,0.917044923338673,3.9214139331709e-15,3.79820851065594e-13,-0.246960648406727,0.146481834239795,0.109972339933546,-0.648589433834879,1.88570044553573e-05,0.000138000577484316,-0.358530818581633,0.0317753504142893,0.077008837269324,-0.271470881970749,0.109248108425842,0.326692305366259,-0.472108994114613,0.00364790476175027,0.00604027495673935,0.43580230726497,0.00788843450114057,0.011447261509174,0.192708477279148,0.260148960653873,0.284049992522207,-0.0571344085972077,0.740660543461278,0.999638761172362,-0.0868905060770644,0.614332541175087,0.686196236117279,"turquoise",0.917044923338673,3.9214139331709e-15,3.79820851065594e-13,TRUE,TRUE
"K09118","turquoise",0.493916510837391,0.00220246555043728,0.0314237738402301,-0.553095607058263,0.000467812866677191,0.00115536386435403,0.765756162715055,5.28383921143573e-08,4.76177705934984e-07,-0.118586179973864,0.490921984215245,0.25617834000317,-0.587856028385362,0.000163240587262781,0.000786965981133635,-0.239141478268467,0.160114141927262,0.202256560577628,-0.141647158662157,0.409907701556503,0.473403404414034,-0.394357223499093,0.0173129151723582,0.0209335160560187,0.413507677949439,0.0121823933459788,0.0160833673873704,0.297991600739425,0.0775301626327069,0.154446088365423,0.372933110432655,0.0250821420911005,0.780560822521571,-0.116929839872114,0.497039899518389,0.653380299299296,"turquoise",0.765756162715055,5.28383921143573e-08,4.76177705934984e-07,TRUE,TRUE
"K09252","brown",-0.143571930313998,0.403509043532279,0.620180597891086,0.351171635701442,0.0357222778748879,0.0354943475910445,-0.424157082384707,0.00993354378658478,0.015187396770216,0.203722199792951,0.233362258846823,0.153388996995496,0.701818117623014,1.84842822071324e-06,2.22295588487064e-05,0.431085985880316,0.00866855256246551,0.0376750521981041,0.179001865557615,0.296219955669027,0.427109654351396,0.130908903294325,0.446646772695035,0.244268690556396,-0.14400698628697,0.402070714339638,0.235823121412859,-0.502605654866214,0.00178461013902482,0.0155208737307294,0.18221471957807,0.287491528279014,0.999638761172362,-0.384080032072661,0.0207419907063027,0.208055987997322,"brown",0.701818117623014,1.84842822071324e-06,2.22295588487064e-05,TRUE,TRUE
"K09386","purple",-0.232044997832785,0.173258939149362,0.400292137111416,0.0117961388912443,0.945561732420658,0.362506383790807,-0.0454545784113917,0.792366813783322,0.38998162065138,0.0867221871406431,0.615021289269631,0.29518593501263,0.14740578656422,0.390935520154538,0.333498891887862,0.47865450446323,0.00314597422395258,0.0214719334877851,0.208311606655052,0.222772603555677,0.389313919747135,0.145844158513634,0.396029356205918,0.225085143665015,-0.00129006337668608,0.994042091493047,0.436686013834443,0.277186762933934,0.101698205294296,0.176721109101717,0.703738663290179,1.68404904956141e-06,0.000188903846835285,-0.235700201819728,0.166395444177649,0.466450787358167,"purple",0.703738663290179,1.68404904956141e-06,0.000188903846835285,TRUE,TRUE
"K09565","blue",-0.440508650309876,0.00717060827478879,0.0622026365810345,0.724179703181125,5.96147681771193e-07,4.95779244641211e-06,-0.251534794958702,0.138911186076449,0.116502825253026,0.881413471388938,1.28605453679665e-12,6.3909674324785e-11,-0.0401841560472774,0.816002308001006,0.527449281794556,-0.0136886664813328,0.936844102113922,0.525806868254753,0.307545682619101,0.0680525079737157,0.302956412686892,-0.569229659125174,0.000291182497429794,0.000821031245999563,0.529646420651288,0.000894041276405491,0.00204447111961539,-0.341324150626244,0.041619113838858,0.112524863619525,-0.00725500084206527,0.966503286257013,0.999638761172362,0.0327697609244084,0.849520444927155,0.728965180956997,"blue",0.881413471388938,1.28605453679665e-12,6.3909674324785e-11,TRUE,TRUE
"K09690","turquoise",0.498695843916106,0.00196313291105134,0.029595312708653,-0.780664092507779,1.95826489341775e-08,3.4695580983715e-07,0.781254246054602,1.87986056459626e-08,1.89412434606508e-07,-0.356904994870221,0.0326150652435304,0.0357122169250272,-0.584960337524738,0.00017902170789963,0.000845032886289445,0.022412697842788,0.896767051288988,0.513292573825035,-0.379271076906949,0.0225307904295238,0.232540251177049,-0.210081643629811,0.218777604035175,0.1466970347849,0.303100935360083,0.0723416766286195,0.0645349697222565,0.472200302214301,0.00364045129759846,0.0248155730720588,0.138481199959361,0.420556851994327,0.999638761172362,0.077182317294133,0.654572577361255,0.694236608794815,"turquoise",0.781254246054602,1.87986056459626e-08,1.89412434606508e-07,TRUE,TRUE
"K09692","blue",-0.0879646623263252,0.609944845463157,0.777538379060457,0.466882902760944,0.00409719706723397,0.00649468199022743,0.100024844280557,0.561626341387746,0.314624867580676,0.792343358467294,8.51607935580101e-09,8.9457169966519e-08,-0.395157372415238,0.017067155445396,0.0331871394455236,-0.314570786555418,0.0616833596947093,0.114940190077736,0.219159085214628,0.199062655769593,0.38059729337503,-0.768880792678955,4.31758986318574e-08,8.25131429406935e-07,0.669745898944728,7.92102188258018e-06,5.64238445320729e-05,-0.182809101822449,0.285895120652276,0.29508384810002,-0.167050056892277,0.330159494706292,0.999638761172362,-0.171471714955649,0.317333597776695,0.575267926284691,"blue",0.792343358467294,8.51607935580101e-09,8.9457169966519e-08,TRUE,TRUE
"K09693","blue",-0.277159645002659,0.101733062122728,0.295976548169413,0.520294065290869,0.00114284117085019,0.00232855469692793,-0.017894709301488,0.917496948037689,0.424790654154609,0.823129532896751,7.17802180871624e-10,1.09110466955156e-08,-0.352902084943575,0.03476006037585,0.0572695552642947,-0.243946995419518,0.151631752098061,0.196713816394512,0.25980702375523,0.125957035575163,0.334006849505166,-0.717503287365214,8.45139749930137e-07,9.30320854447496e-06,0.656428537450806,1.3781646115782e-05,8.6153826624058e-05,-0.140875808004861,0.412488036021773,0.356286455606869,-0.192592312498908,0.260441886579258,0.999638761172362,-0.00855531369576129,0.960504004385706,0.752156079985917,"blue",0.823129532896751,7.17802180871624e-10,1.09110466955156e-08,TRUE,TRUE
"K09748","turquoise",0.331552980253008,0.0482244015524458,0.193046897093176,-0.318012439915875,0.0587400232925043,0.0521343577802101,0.732445975212226,3.81549556264508e-07,2.66153976288512e-06,0.273112370781574,0.107037908362658,0.087199701357984,-0.786009684116006,1.34623718150821e-08,4.62154086620748e-07,-0.162097006743038,0.344901592594251,0.314858018787729,-0.0967837469843724,0.574436640506451,0.530137024791483,-0.742003002577105,2.23106295235876e-07,3.14202823817038e-06,0.807641936343729,2.63242144559082e-09,1.56262811994371e-07,0.365176656001229,0.028524843622411,0.0875838990491524,-0.00218690014336232,0.989900392089469,0.999932767264777,0.0752231299680206,0.662815723241587,0.695245487146313,"turquoise",0.732445975212226,3.81549556264508e-07,2.66153976288512e-06,TRUE,TRUE
"K09877","green",-0.382999616781952,0.0211332167085473,0.121521290216765,0.220954269892819,0.195315639227714,0.126869138125224,-0.659337292149675,1.22398011024217e-05,5.84179238053541e-05,-0.346768493418489,0.0382687685119339,0.0399719516904974,0.53220624904909,0.000834901463145231,0.00287291034696053,0.283198266776585,0.0941928480333144,0.150512314163837,-0.0639842072580285,0.710833553377314,0.565968680870405,0.772499898821886,3.40362832025408e-08,7.20514977047885e-07,-0.694752748388159,2.58783814619859e-06,2.3334122857639e-05,0.0256961717750098,0.881742819519285,0.511623968308077,0.0308280035758187,0.858344121895823,0.999638761172362,0.27616105688117,0.103022962689467,0.385795962434674,"green",0.772499898821886,3.40362832025408e-08,7.20514977047885e-07,TRUE,TRUE
"K09878","green",-0.3828996166809,0.0211697357071675,0.121521290216765,0.287291162314995,0.0893307240425322,0.0711913635473526,-0.692409873501198,2.88729948761955e-06,1.62374366166915e-05,-0.309447350182445,0.0662795546006559,0.0612128264902645,0.478489973138088,0.00315781342927735,0.008541987877805,0.239889593964157,0.158771584656607,0.20113779199463,0.104689011062113,0.543426536553627,0.52475467160561,0.769456109705057,4.15857291268947e-08,8.05935363439141e-07,-0.687055421286789,3.69434264908317e-06,3.04230343164388e-05,0.0592718938011533,0.731310623208535,0.473938876891972,-0.148306698006033,0.388014231583925,0.999638761172362,0.327807625232471,0.0509689526443247,0.295820242361089,"green",0.769456109705057,4.15857291268947e-08,8.05935363439141e-07,TRUE,TRUE
"K09932","turquoise",0.444421812759676,0.0066171040272453,0.0598006524842812,-0.437622346027867,0.00760386869780994,0.0106603126183923,0.716375714047272,8.9558568177732e-07,5.7243558756893e-06,0.0402039615554328,0.815913175216819,0.352105425223413,-0.47855498877147,0.00315313046516251,0.00854155749618263,-0.122707117140166,0.475870095790353,0.373090646578862,-0.207945739241159,0.223604549963058,0.389442056093309,-0.457571116740504,0.0050172157216669,0.00782224368873179,0.472700759674092,0.00359983337757445,0.00621641368235714,0.276058007145176,0.103156778214405,0.177806915302955,-0.0398727134305171,0.817404223844757,0.999638761172362,-0.36514279299202,0.0285406844988248,0.241780117526499,"turquoise",0.716375714047272,8.9558568177732e-07,5.7243558756893e-06,TRUE,TRUE
"K09969","brown",-0.177386105508236,0.30067283931392,0.527271561341338,0.258973241263527,0.127220422553724,0.0931305524767714,-0.573746398649224,0.00025386316041909,0.000753244838244783,-0.113988263798581,0.507999857700528,0.261933353061027,0.737567421910605,2.87015848874893e-07,4.71233269696514e-06,0.24262465291472,0.15393254314671,0.198724664915507,0.00833756400579034,0.961508500823873,0.621396005510974,0.427645270140008,0.00927837613549984,0.0128053383123693,-0.414516316810216,0.0119524106628666,0.0158992812644837,-0.467006025759734,0.00408608476635176,0.0272226466192234,-0.00495380201868794,0.977124613232109,0.999638761172362,0.0062477782215342,0.971151593047268,0.753921305206657,"brown",0.737567421910605,2.87015848874893e-07,4.71233269696514e-06,TRUE,TRUE
"K10009","turquoise",0.685305820866228,3.99973152504093e-06,0.00108426055424651,-0.799976597138105,4.80050245132175e-09,1.10729322565975e-07,0.892967093178337,2.46821326702366e-13,1.08521074073778e-11,-0.331690930591392,0.0481256237405924,0.0477579804797341,-0.685885282223134,3.89612348686346e-06,4.08684450626663e-05,-0.409904673716171,0.0130347383882482,0.0471312607431282,-0.304994692448542,0.0704890738358437,0.303444621025351,-0.385963047512218,0.0200745485834367,0.0235685257308542,0.347725306042623,0.0377032411935763,0.0383948016762238,0.282464625616788,0.0950853809551978,0.171299668586202,-0.0961452516043446,0.576975747264078,0.999638761172362,-0.0529039957718065,0.759272563286389,0.711685929801215,"turquoise",0.892967093178337,2.46821326702366e-13,1.08521074073778e-11,TRUE,TRUE
"K10112","green",-0.0131200210432214,0.939462763711685,0.969203490635504,-0.117605864464125,0.494538235901219,0.242891846032155,-0.44851115643806,0.0060782697327739,0.0101602778464491,-0.696122191299644,2.4262462648513e-06,1.09994402879043e-05,0.541664036441649,0.000645298505817189,0.00232518374697595,-0.00911283076982188,0.957932410843807,0.531097419727397,-0.119764367411619,0.486593834958435,0.507833617822109,0.895341469465503,1.71765600853871e-13,5.90867962089518e-11,-0.917855803940564,3.33950702318077e-15,2.37883227546821e-12,-0.0495517450623545,0.774116793576132,0.485333090257222,0.0295929197877328,0.8639654302507,0.999638761172362,-0.022789005023895,0.895043283483481,0.738988214260272,"green",0.895341469465503,1.71765600853871e-13,5.90867962089518e-11,TRUE,TRUE
"K10117","brown",-0.520826267560848,0.001127196399677,0.0212635499094198,0.724582930666383,5.83526078590583e-07,4.88606489699731e-06,-0.92747949782298,4.32935413329182e-16,6.97952622320515e-14,0.175489466025745,0.305953854182185,0.186067295380225,0.756993835562801,9.16041940513112e-08,2.2174235797662e-06,0.168572242516195,0.325708406133847,0.304589092171717,0.263750802494612,0.120107434680354,0.331565284930793,0.474496802055608,0.00345728576813606,0.00587306084721892,-0.519667446281751,0.00116150673706411,0.00250720158932065,-0.436841869867192,0.00772480271854135,0.0397614418382093,-0.0178514307466701,0.917695804308174,0.999638761172362,-0.0177858510835983,0.917997139061925,0.745099941176504,"brown",0.756993835562801,9.16041940513112e-08,2.2174235797662e-06,TRUE,TRUE
"K10187","blue",-0.40686372327986,0.013792796823604,0.0944871380337814,0.684978800735041,4.05930847925105e-06,2.42155894019271e-05,-0.289781746127426,0.0864679679270611,0.0821064432691421,0.825548261609937,5.79371179423693e-10,9.24171210433572e-09,-0.0567277434943874,0.742443599862891,0.500307308379282,-0.17155273602313,0.317101531803088,0.301016377602452,0.674099839869504,6.56920368859336e-06,0.000465147561210977,-0.507456006276637,0.00158304933308131,0.00313869575101488,0.444531842974893,0.00660208634915821,0.00995834858317592,-0.276140118631451,0.103050141436316,0.177806915302955,-0.145943033528582,0.395705707759962,0.999638761172362,0.0441557810258435,0.798175307662576,0.722644798130279,"blue",0.825548261609937,5.79371179423693e-10,9.24171210433572e-09,TRUE,TRUE
"K10200","black",-0.498826248091339,0.00195693545233166,0.029595312708653,0.879775707818971,1.60268608133492e-12,8.90589562920113e-11,-0.769589617293669,4.12245371339862e-08,3.78568123319878e-07,0.584204093913281,0.000183362345093977,0.00044365917193441,0.498695920495478,0.00196312926657602,0.00579836861207111,0.0435706291668154,0.80079574014911,0.485580056602516,0.295132504346694,0.0805572911023933,0.30930536019383,0.0182157419133132,0.916022022337529,0.401498463131216,-0.121049407851897,0.48189571252773,0.269125010975282,-0.463998492524529,0.00436512301481458,0.0280397561822667,-0.115075102179339,0.503936375993818,0.999638761172362,-0.133365768342968,0.438086882985214,0.627903660752676,"black",0.879775707818971,1.60268608133492e-12,8.90589562920113e-11,TRUE,TRUE
"K10215","turquoise",0.585435601200237,0.000176341217430634,0.00754786816186647,-0.746263856173888,1.74316593684544e-07,2.01041021501648e-06,0.785545387575101,1.39135783869008e-08,1.44196973230642e-07,-0.419675161710638,0.0108327637910697,0.0144741598963918,-0.431444286984363,0.00860706115641565,0.019346549051054,-0.255491116175114,0.13259861789064,0.181424589715814,-0.386737525546006,0.0198052750433362,0.225935456516749,-0.241199026173851,0.156441315497548,0.113894799879149,0.197595331630439,0.248023138611457,0.163236628085277,0.0637457460091472,0.711865137170867,0.468955655736927,0.0751010111188657,0.663330836131076,0.999638761172362,-0.0543012365995769,0.753109979847649,0.711080447794227,"turquoise",0.785545387575101,1.39135783869008e-08,1.44196973230642e-07,TRUE,TRUE
"K10228","brown",-0.229437205223813,0.178277628056031,0.407545413960835,0.128152629352341,0.456357028769621,0.230804714749064,-0.524284758515629,0.00103005431416649,0.0023025430115082,-0.375450952992302,0.0240413882487968,0.0279341410276245,0.751776646516533,1.25755341984331e-07,2.66786802536731e-06,0.240874978170567,0.157015671781947,0.20004984227252,0.0491160501510432,0.776052040575212,0.581040543961331,0.689262319108694,3.33956566951101e-06,2.49483657720608e-05,-0.682867248199461,4.46393383561082e-06,3.53310627054151e-05,-0.325030624235297,0.0530834343122999,0.126647359734382,0.0482754817420433,0.779789379030366,0.999638761172362,-0.17723186535664,0.301100126120248,0.562485060968356,"brown",0.751776646516533,1.25755341984331e-07,2.66786802536731e-06,TRUE,TRUE
"K10232","brown",-0.30031145552096,0.0751396164673675,0.250696587044458,0.31005868845938,0.0657173795967458,0.0567373178537366,-0.730207219309656,4.31250101375253e-07,2.96546017401988e-06,-0.319775190944569,0.0572762396050617,0.0547771855952097,0.796918958105459,6.05714655673141e-09,2.72299408217585e-07,0.38896677205276,0.019046956210088,0.0569437400024711,0.018492373866305,0.914751308614184,0.609659519184442,0.795066449157383,6.96022846815857e-09,2.17663225095665e-07,-0.75832651634776,8.43754443445599e-08,1.90803782667049e-06,-0.222954140205451,0.191199867649198,0.24621753560926,0.00937544640520181,0.956721217832577,0.999638761172362,0.0742273839892781,0.667020329419745,0.69573767154795,"brown",0.796918958105459,6.05714655673141e-09,2.72299408217585e-07,TRUE,TRUE
"K10236","green",-0.159360051580946,0.353216995973033,0.577975295724485,-0.0333264187750048,0.846994165196861,0.339160628202427,-0.482067148238595,0.00290896830267192,0.00546015329869244,-0.54320309426563,0.00061836245284575,0.00125820078714996,0.61456640365721,6.6749388088111e-05,0.000373977344879095,0.35203692785656,0.0352384552668654,0.0820787560548257,0.00501807829760282,0.976827881072041,0.624847834639952,0.857278859097018,2.47083953535674e-11,2.26656158338089e-09,-0.766600080220516,5.00487881269496e-08,1.29334412066569e-06,0.06645791669303,0.700162412929779,0.465940423736256,0.190441648703345,0.265904466181097,0.999638761172362,0.005027446110521,0.976784634713778,0.754575120686298,"green",0.857278859097018,2.47083953535674e-11,2.26656158338089e-09,TRUE,TRUE
"K10237","green",0.189017751756339,0.269562240628336,0.499018234208765,-0.4360392176116,0.00785088533080499,0.0109438682868578,0.0105406977429706,0.951348223608497,0.433522650769267,-0.756326386264354,9.54354863926136e-08,6.66528508271476e-07,0.262086828526789,0.122550231913882,0.148516460418252,0.348667415489613,0.0371530562061928,0.0844167331342111,-0.245695883154536,0.148627352653352,0.353642103073445,0.704457432543819,1.62605658287745e-06,1.5016323862847e-05,-0.583871133182064,0.000185303203651764,0.000615371094321636,0.358729810534346,0.0316738008847629,0.093668744406164,0.0916417545386431,0.59502654635609,0.999638761172362,0.0594328309877115,0.730608163262137,0.707567573831615,"green",0.704457432543819,1.62605658287745e-06,1.5016323862847e-05,TRUE,TRUE
"K10240","black",-0.512120531583762,0.00140836566052147,0.0241127025982966,0.929366473190841,2.80654494367896e-16,3.1191131735852e-14,-0.719722015714321,7.53413248174783e-07,4.92848053127014e-06,0.554815359033724,0.000445267814064172,0.000952499884166779,0.492472900759955,0.00227960413681695,0.00655319745388226,-0.0378537562150387,0.826505631559845,0.492686911645429,0.234373648679439,0.168863407683052,0.363580534725674,0.0237553705176888,0.890618794532255,0.394864902509728,-0.0809970205127059,0.638638071825034,0.328658441282783,-0.555321247778729,0.000438822718777466,0.00582513923444139,-0.131994071181453,0.442854814494951,0.999638761172362,-0.0811550790883055,0.63798120434612,0.692642948439979,"black",0.929366473190841,2.80654494367896e-16,3.1191131735852e-14,TRUE,TRUE
"K10241","black",-0.498641295292312,0.00196573043149555,0.029595312708653,0.958332748906885,4.45664866456814e-20,5.44828998733968e-17,-0.644005334724039,2.2559668061076e-05,9.71288273203837e-05,0.692127775760727,2.92541854840352e-06,1.29445132936566e-05,0.289516002300709,0.086770006774116,0.114487455614712,-0.00892586526243305,0.95879475935753,0.531246144582035,0.326000466257222,0.0523371616830988,0.282482919236655,-0.156848078595505,0.360954425648362,0.210534432051397,0.105042699489775,0.542057956349136,0.293854143787552,-0.427197085170217,0.00936043838287933,0.0450296915559514,-0.166647188658278,0.331343802538544,0.999638761172362,0.0772216549902348,0.65440747385207,0.694236608794815,"black",0.958332748906885,4.45664866456814e-20,5.44828998733968e-17,TRUE,TRUE
"K10242","black",-0.379395280063155,0.0224830306049912,0.125449911763356,0.91222811108116,9.85643164873131e-15,8.58886675910358e-13,-0.532743566442363,0.000822937010818564,0.00194149742980885,0.725364129698289,5.59769536929542e-07,3.05169749194755e-06,0.270013011625678,0.111239813182951,0.138910912993668,-0.0262837495534416,0.879058362117345,0.508687957457371,0.32041841743152,0.0567493774543511,0.282482919236655,-0.261343471768789,0.123653417900874,0.0941173500537841,0.180426756587243,0.292328249763977,0.183790194610214,-0.46467943943278,0.00430054136112045,0.0278562352202399,-0.133108457796975,0.438979123110471,0.999638761172362,-0.056333631882937,0.744172875015682,0.710663387204308,"black",0.91222811108116,9.85643164873131e-15,8.58886675910358e-13,TRUE,TRUE
"K10256","purple",-0.114596456003168,0.505723921644381,0.699753261211898,-0.0275911978031793,0.873089848752381,0.345983658888315,-0.0767808153954475,0.656258635223681,0.345444608781829,-0.0349287760750464,0.839730651946879,0.358670116440879,0.270446947965568,0.110644141646613,0.138350069849505,0.257075617202875,0.130130859946861,0.179442413420393,0.0223534908658122,0.897038306022884,0.606957584241814,0.138055863148461,0.421999254539079,0.235925123695763,-0.0876556503487897,0.611205730169845,0.319428029559224,-0.0820994660927874,0.634062144070954,0.444930912096191,0.936720474082714,4.58501250913238e-17,7.45752284610381e-14,-0.0490503336188018,0.776344052454972,0.7149078545009,"purple",0.936720474082714,4.58501250913238e-17,7.45752284610381e-14,TRUE,TRUE
"K10356","greenyellow",-0.0677229875936673,0.694726743333964,0.831808822407892,0.220907095383197,0.195413468262573,0.126869138125224,-0.162194227169978,0.344608429245909,0.22381442229829,0.309458992065238,0.0662688137278782,0.0612128264902645,0.108158680554471,0.530072280933882,0.406843979080502,-0.0569295737072705,0.74155849313722,0.469042160398119,0.949708733517874,1.02087888989555e-18,2.09628458861542e-15,-0.188546173030203,0.270780887131533,0.170600230456367,0.15873944431423,0.355119219526561,0.215195410680688,-0.161474758826129,0.346781546058728,0.325661918371739,-0.0128213133110431,0.940838590984769,0.999638761172362,0.0700534286586321,0.6847527779124,0.699878294161739,"greenyellow",0.949708733517874,1.02087888989555e-18,2.09628458861542e-15,TRUE,TRUE
"K10543","brown",-0.22550884824959,0.186031405622202,0.414777356058274,0.282635760598562,0.0948766053479267,0.0745420550219625,-0.684434062586519,4.16035286755996e-06,2.25253270591848e-05,-0.317554952170571,0.0591247266799814,0.0562535510439835,0.88690661893316,5.99932148932584e-13,3.0283499499071e-10,0.114039348615292,0.507808494283308,0.387098556758087,0.0390131257203074,0.821276422176685,0.589863084778954,0.688543864606306,3.45148563442042e-06,2.53967827770615e-05,-0.725666948862513,5.50802275670221e-07,7.54525363768349e-06,-0.583932144152808,0.000184946192289561,0.0033662200912808,0.136222561764726,0.428247952922163,0.999638761172362,-0.124067805591218,0.470953768792941,0.642637547655921,"brown",0.88690661893316,5.99932148932584e-13,3.0283499499071e-10,TRUE,TRUE
"K10544","blue",-0.374036121922444,0.0246217175559688,0.133268630964337,0.713073135079687,1.05967265552676e-06,7.80396757703066e-06,-0.347205608176268,0.0380095619908939,0.0446189899871702,0.737028634560061,2.95832819003631e-07,1.79451591842027e-06,0.252654215757045,0.137103087310499,0.160886311970305,0.00138762521572055,0.993591529913987,0.540506449418554,0.323141637422936,0.0545613269814128,0.282482919236655,-0.34415349676036,0.0398495719181222,0.039704910608321,0.276410902316968,0.102699072442815,0.0832260163074196,-0.500512459196417,0.00187832862983677,0.0160202791871949,-0.0254474985963906,0.882879321428092,0.999638761172362,-0.343838539152705,0.0400434864069762,0.262663601183122,"blue",0.737028634560061,2.95832819003631e-07,1.79451591842027e-06,TRUE,TRUE
"K10552","turquoise",0.617619190092256,5.99508603930167e-05,0.00380303440644592,-0.771444194342338,3.64978825460277e-08,5.72038004918059e-07,0.835399271864967,2.33770901699195e-10,4.5835721635412e-09,-0.461888917793116,0.00457055304381529,0.00698037825773735,-0.480154624938833,0.00303979899778111,0.00829405057168192,-0.174766731834671,0.30798159645565,0.295722782074787,-0.31684566714045,0.0597251125037656,0.287887889226112,-0.185717597263097,0.278166045509587,0.174320615416836,0.223694977391158,0.189690795930298,0.132343305549298,0.205043592943261,0.230278942708542,0.268731706911453,0.0737219532050788,0.669158383482428,0.999638761172362,-0.0232714105906441,0.892834199087555,0.738449816972057,"turquoise",0.835399271864967,2.33770901699195e-10,4.5835721635412e-09,TRUE,TRUE
"K10553","turquoise",0.569165840581282,0.000291743188721945,0.010167811502455,-0.782352849352251,1.74158972943708e-08,3.14032696769451e-07,0.82704947750669,5.06394655571532e-10,8.85230486383702e-09,-0.425706931627852,0.00963774320204397,0.0131530042115902,-0.476063246631695,0.00333699041263127,0.00893776539090278,-0.195731496725063,0.252602526873751,0.261652246855049,-0.29437552452097,0.0813739070193465,0.30930536019383,-0.220411377323698,0.196443547916964,0.135626548993146,0.234869025496578,0.16793874252002,0.120836228988504,0.208268884798966,0.222869639580078,0.26658358305844,0.0119505160514354,0.944850371501571,0.999638761172362,-0.0109169116718176,0.949613934350822,0.75169956715608,"turquoise",0.82704947750669,5.06394655571532e-10,8.85230486383702e-09,TRUE,TRUE
"K10554","turquoise",0.62365508179663,4.83179590463078e-05,0.00380303440644592,-0.778541319972053,2.2659891242133e-08,3.84748682564027e-07,0.84712388686083,7.32210523221789e-11,1.60967193333277e-09,-0.466385976638446,0.00414231294240606,0.00643280143663082,-0.54679103231971,0.00055940684828957,0.00207917944246044,-0.303134111993231,0.0723088966237546,0.126973773518642,-0.279878699726093,0.0982830208474161,0.31405913359703,-0.209104710796673,0.220976434297191,0.147817519629756,0.217019647215113,0.203593384610789,0.139649254803089,0.221935755150962,0.193288039954649,0.247131085629311,-0.0563265228683447,0.744204079153456,0.999638761172362,-0.00200667946039368,0.990732655305363,0.757313742350476,"turquoise",0.84712388686083,7.32210523221789e-11,1.60967193333277e-09,TRUE,TRUE
"K10559","brown",-0.28907104787241,0.0872775529604421,0.272103270092095,0.150789890743456,0.380028292963493,0.205025482252997,-0.521834571491233,0.00109807338084011,0.00242499772249785,-0.129276425556501,0.452384315385695,0.24415406514384,0.75651495985486,9.43383191049703e-08,2.22544176898828e-06,0.558152994907173,0.000404256541325253,0.00726667676675315,0.118510766098969,0.491199693111251,0.509099476210268,0.498314663199758,0.00198134723604651,0.00380769200310058,-0.43394106449288,0.00818881146277562,0.0117485178330568,-0.261909887528589,0.122812154543132,0.193594125776494,0.300124553773196,0.075330058620881,0.999638761172362,-0.0965779944043421,0.575254305711083,0.672609821045075,"brown",0.75651495985486,9.43383191049703e-08,2.22544176898828e-06,TRUE,TRUE
"K10680","turquoise",0.45592811100775,0.00519681254375949,0.0513836814737071,-0.360049523790768,0.0310070299278641,0.0319884822599241,0.8061244132186,2.97113689757539e-09,3.74860917111543e-08,0.133254539425114,0.438472453806693,0.239750300305365,-0.718782412824064,7.91080062346987e-07,1.08746509142886e-05,-0.47499902779491,0.00341831344663519,0.0229091800140552,-0.0862752931100969,0.616851517058104,0.540890361213743,-0.688546894159957,3.45100657925606e-06,2.53967827770615e-05,0.654091026528305,1.51465112227483e-05,9.18239995975209e-05,0.160786074488018,0.348869466657483,0.326580402922003,-0.193799003069454,0.257409664830264,0.999638761172362,-0.218588987940506,0.200263022901673,0.494721832218715,"turquoise",0.8061244132186,2.97113689757539e-09,3.74860917111543e-08,TRUE,TRUE
"K10713","brown",-0.364139534768885,0.0290132940047768,0.145873640490786,0.326821724760596,0.0517117920653529,0.0472868078151079,-0.638928082784666,2.74215776944336e-05,0.000115996172500913,-0.18688213156961,0.275109851674801,0.172005368579635,0.828458253291938,4.45771533403917e-10,4.20833439606306e-08,0.32221425273302,0.0552987848453278,0.107574247800711,0.133132643395859,0.438895215633626,0.488939666321661,0.6269650682492,4.28448391540093e-05,0.000180840274460029,-0.581321141500909,0.000200788966381124,0.000654047324940118,-0.418649415519944,0.0110480025211504,0.0486416434162868,0.325182967856906,0.0529656504118638,0.999638761172362,-0.047944584162987,0.78126195670067,0.716504455168715,"brown",0.828458253291938,4.45771533403917e-10,4.20833439606306e-08,TRUE,TRUE
"K10773","blue",-0.363914532596089,0.0291201649370775,0.146185025525174,0.556998784585286,0.000418041125117205,0.00104940194176587,-0.097377665148349,0.572079349122135,0.318146780548824,0.841194616833797,1.33247060552819e-10,3.16384255246759e-09,-0.202609272489266,0.235980736969877,0.236748497172849,-0.168665654130467,0.325436476680574,0.304589092171717,0.349558987398767,0.0366384128674286,0.256458517762687,-0.61528752893447,6.50835162223697e-05,0.000252264939929356,0.581521473598483,0.00019953168371499,0.000651983844993612,-0.195579246248593,0.252979071335139,0.280550067931687,-0.0641988579771971,0.70990540633809,0.999638761172362,0.00895601687355399,0.958655686731386,0.752156079985917,"blue",0.841194616833797,1.33247060552819e-10,3.16384255246759e-09,TRUE,TRUE
"K10804","black",-0.60993874158925,7.83878942603962e-05,0.0043969136220293,0.936206116729937,5.2404931006387e-17,8.00818289646892e-15,-0.539519124188526,0.000684574081059899,0.00169210649256115,0.807235989619992,2.71933423976815e-09,3.41119018125934e-08,0.186818174420348,0.275277129869177,0.265209583634314,-0.0244385968709953,0.887492607631565,0.511142813096371,0.311452130796977,0.0644500231295409,0.296890053472247,-0.291628790713458,0.08439100423629,0.0699170451540014,0.239001365374807,0.160366494955481,0.116743919044087,-0.36537373778016,0.0284327935943318,0.0874533575042536,-0.167261227888736,0.32953976423417,0.999638761172362,-0.087357053573709,0.612425163741351,0.686196236117279,"black",0.936206116729937,5.2404931006387e-17,8.00818289646892e-15,TRUE,TRUE
"K10820","black",-0.50007886075509,0.00189827276685382,0.0295499837924843,0.743481563431682,2.04907086139624e-07,2.25790931637721e-06,-0.391960876649472,0.0180667275029268,0.0245024089652557,0.647295517868758,1.98417367185943e-05,6.68830924455416e-05,0.289112418582485,0.0872302663897297,0.115014365220265,0.467382871902491,0.00405223511911986,0.0244369772115326,0.254360194481431,0.134381003848491,0.342705619527509,-0.190335290209723,0.26617655153024,0.168859104978705,0.281743446938702,0.0959690436109631,0.0790765348782308,-0.195857234821861,0.252291833958269,0.280550067931687,0.140274128342029,0.414507151903854,0.999638761172362,-0.0810032453167484,0.638612197355354,0.692774376523684,"black",0.743481563431682,2.04907086139624e-07,2.25790931637721e-06,TRUE,TRUE
"K10843","turquoise",0.590841874282766,0.000148286926547554,0.00679404749379144,-0.673189669655156,6.83301433314247e-06,3.72920390335906e-05,0.941825009170898,1.14183336373146e-17,5.52238670665274e-15,-0.153051845636661,0.372838538451831,0.21375328565898,-0.690713923017011,3.12349902822533e-06,3.40896999039878e-05,-0.295419200323188,0.0802496735674416,0.135348303804497,-0.158276303851126,0.356542806737661,0.452263139863404,-0.501947561841023,0.00181362258171126,0.00353974550086395,0.520580889583071,0.00113438596736904,0.0024561020563762,0.29498191793918,0.0807192324191197,0.157857140602461,0.0101991780685433,0.952922768417457,0.999638761172362,-0.122413326742582,0.476935110711458,0.646636029466992,"turquoise",0.941825009170898,1.14183336373146e-17,5.52238670665274e-15,TRUE,TRUE
"K10944","magenta",0.058325291721465,0.735446698139345,0.860205253194619,-0.217259107080151,0.203082743729164,0.129780627292637,-0.153714786414142,0.370746695377098,0.23490223412022,-0.618482833566161,5.81445409134403e-05,0.000168822179020074,0.00843126640426873,0.961076237050715,0.571533926929322,-0.251752529984109,0.138558131948175,0.186534846766299,-0.019774312258199,0.908865467054686,0.608700235837486,0.56073573118626,0.000374868660509373,0.000999640109803251,-0.562795120475973,0.00035281756313986,0.00100730527257795,0.140340423168461,0.41428440656724,0.356596253377429,-0.166146193408697,0.332820228132371,0.999638761172362,0.730298029554899,4.29123482119398e-07,6.18949055933414e-05,"magenta",0.730298029554899,4.29123482119398e-07,6.18949055933414e-05,TRUE,TRUE
"K10947","blue",-0.324234076390693,0.0537026890310987,0.205027351326847,0.443161255054749,0.00679125665346916,0.00974456295010644,0.00270520585389338,0.987506906037793,0.443142186153973,0.82617508469358,5.47786767982333e-10,8.84712405682511e-09,-0.192476530684496,0.260734063596074,0.254547718940445,0.0779718814561184,0.651261810164966,0.438718277461328,0.326320208071117,0.0520929716537726,0.282482919236655,-0.65939326432166,1.22117368500839e-05,6.80290998803131e-05,0.641901518309599,2.44703325097953e-05,0.000131371690843166,-0.164021627386969,0.339126272232698,0.322417332022766,-0.0422486355483369,0.806723751466183,0.999638761172362,-0.183858754108449,0.283089936332118,0.550022056400194,"blue",0.82617508469358,5.47786767982333e-10,8.84712405682511e-09,TRUE,TRUE
"K10956","magenta",-0.192678370268122,0.260224858826184,0.49215782893115,0.107245818302223,0.533570257885498,0.254206574225802,-0.333255153829268,0.0470168943326943,0.0525967977266892,-0.16486263291835,0.336621336856876,0.198781008383605,0.0421041402939227,0.807372338860893,0.523312715661375,-0.105144343385419,0.54166495422676,0.400223011101559,0.0845070381621846,0.624115534666181,0.542490072741698,0.294782601072926,0.0809339667549293,0.068195996957399,-0.297321984923733,0.0782310699295275,0.0681607453652738,-0.0410830147544968,0.81195938747392,0.493295944372026,-0.0571424451628406,0.740625319850987,0.999638761172362,0.821664320435066,8.16003961242459e-10,3.3664031099279e-07,"magenta",0.821664320435066,8.16003961242459e-10,3.3664031099279e-07,TRUE,TRUE
"K11004","purple",-0.0102594933605651,0.952644677423442,0.976971354242893,-0.151780448039803,0.376869789998197,0.203761531855168,0.080775487880209,0.639559183751484,0.340401712279229,-0.108583945982481,0.528446524045762,0.269129401128051,0.062556685648218,0.717016503316148,0.489804903571714,0.227559892146518,0.181953895268326,0.218109840819118,-0.022691684302886,0.895489039979164,0.606957584241814,0.103480089744394,0.54811676328454,0.284806220958423,-0.00824195599218215,0.961949566635277,0.428832791847399,0.105154119016002,0.541627164297165,0.407954452733989,0.918883024905338,2.71815281410211e-15,2.94738370142472e-12,0.00566025156917403,0.973863455592016,0.753960045131036,"purple",0.918883024905338,2.71815281410211e-15,2.94738370142472e-12,TRUE,TRUE
"K11009","blue",-0.505042148673472,0.001680709187415,0.026800720522848,0.706337766325177,1.48289402910263e-06,1.01276550847448e-05,-0.403212880264619,0.0147516666766766,0.0207198262924822,0.762654668889558,6.43712127724169e-08,4.8844385622625e-07,0.185167752317337,0.279616694242932,0.268129925118628,0.0777709092336499,0.652103898610284,0.438940021953151,0.483146372192161,0.00283732873446801,0.0832314832944657,-0.339412908038082,0.0428500028709445,0.0421752751644286,0.332858965091105,0.0472957553136187,0.04561977374503,-0.27596067489506,0.103283290434,0.177806915302955,0.0374078425545787,0.828518847776065,0.999638761172362,-0.0861501213231854,0.617364559129292,0.688047210728749,"blue",0.762654668889558,6.43712127724169e-08,4.8844385622625e-07,TRUE,TRUE
"K11021","blue",-0.459744366427188,0.00478790424605137,0.0485204128112309,0.748141347019423,1.5611585745471e-07,1.87110717319004e-06,-0.466039385319054,0.00417403406492931,0.00741274863523942,0.74003373524123,2.49660011452377e-07,1.56589390017767e-06,0.196894656236495,0.249738123925938,0.246868141417076,-0.0196656388728298,0.909364244842801,0.516882894453727,0.242415746361006,0.154298332404665,0.355509110093196,-0.285842268950585,0.091029343719243,0.0742032983502957,0.217468690708448,0.202636544583874,0.139261133528243,-0.364109309802112,0.029027631409483,0.0886677253968915,-0.120748242186893,0.482994658792661,0.999638761172362,-0.244251124676444,0.151106143515908,0.449725199966889,"blue",0.74003373524123,2.49660011452377e-07,1.56589390017767e-06,TRUE,TRUE
"K11068","red",0.168497517881439,0.325926037700132,0.550201038214079,0.0732364468543796,0.671214569283885,0.295912507299508,0.490662984115648,0.00237964607204844,0.00458524697937517,0.544099957735546,0.000603130536649336,0.00123108538079745,-0.54706126792616,0.000555175807951895,0.00207160963618559,-0.0625733431483562,0.716944252429082,0.462951983025889,0.146636619488038,0.393439680391773,0.467693962066489,-0.781167615963602,1.89118486735815e-08,4.81897269023942e-07,0.805913961877282,3.02117956832514e-09,1.67307292396203e-07,0.115622668467937,0.501895354856994,0.392923759538366,-0.029383320554815,0.864920052224313,0.999638761172362,-0.192367925109557,0.26100832802031,0.541980523325903,"red",0.805913961877282,3.02117956832514e-09,1.67307292396203e-07,TRUE,TRUE
"K11069","brown",-0.271565266371837,0.109120097224363,0.306270643892022,0.233304379187397,0.170871718089799,0.115282612461951,-0.649594988147102,1.81226251373706e-05,8.06582598532663e-05,-0.272690934729792,0.107602099948979,0.087493827680721,0.920124768820463,2.11158046059363e-15,1.99345090847669e-12,0.406122213542722,0.0139831763854917,0.0489009655833043,0.102372784720069,0.552429441945069,0.525093188712629,0.662944937459487,1.05461832988499e-05,6.07171887495367e-05,-0.637600584216824,2.88405026083445e-05,0.000150505244772926,-0.425543082868,0.00966865634434399,0.0456264066076351,0.157333604077211,0.359451040372905,0.999638761172362,-0.0726924378074613,0.673521317383138,0.696215067227126,"brown",0.920124768820463,2.11158046059363e-15,1.99345090847669e-12,TRUE,TRUE
"K11085","turquoise",0.30162759607235,0.0738091533878187,0.247272065881127,-0.306666901975732,0.0688842880880712,0.0588892405596026,0.733661151949435,3.56834224024019e-07,2.50116012612298e-06,0.176495251581006,0.303146069312613,0.184677252203058,-0.716819904489503,8.75392202093994e-07,1.1722263164265e-05,-0.0558871784419799,0.746133303610812,0.470078417519434,-0.176654822024882,0.302702115661042,0.430451555192009,-0.596409147996785,0.000123651668515801,0.000425357632853722,0.671662065217587,7.29759353716871e-06,5.3315871885879e-05,0.460636592239379,0.00469641577091467,0.0293217845159483,-0.0183029293030973,0.915621503266868,0.999638761172362,-0.0967511411333698,0.574566181824557,0.672609821045075,"turquoise",0.733661151949435,3.56834224024019e-07,2.50116012612298e-06,TRUE,TRUE
"K11103","turquoise",0.659829508086862,1.19950048377028e-05,0.00177362503350215,-0.793844370474391,7.62263311466834e-09,1.57944614552747e-07,0.906418509234042,2.79920638729726e-14,1.93402002596331e-12,-0.367585451563003,0.0274164333751597,0.0308836132445982,-0.606694590800938,8.76062813951398e-05,0.000468585069944638,-0.289105840486369,0.0872377838092792,0.143433584738151,-0.314162589469774,0.0620400506027002,0.292187526680847,-0.349307163398835,0.036783182400757,0.0372153488401119,0.339806805936013,0.0425939478677935,0.0421109821933318,0.236130441553971,0.16560060263037,0.226818170504227,-0.0491774800190415,0.775779103856653,0.999638761172362,-0.00970880172086914,0.955183908601809,0.752156079985917,"turquoise",0.906418509234042,2.79920638729726e-14,1.93402002596331e-12,TRUE,TRUE
"K11259","turquoise",0.497802149292319,0.00200607045372175,0.029595312708653,-0.581522255818998,0.000199526788368947,0.00056726315131338,0.769436320917755,4.16395139562547e-08,3.79973989014255e-07,-0.303478906268494,0.0719689114994392,0.0649809216875016,-0.657269707312757,1.33185456222233e-05,0.00010407614602803,-0.0781992895999471,0.65030946552231,0.438412170642847,-0.35573007883135,0.0332331178144018,0.256458517762687,-0.208943456452756,0.221340826826188,0.147989328064762,0.287519997740325,0.0890646914650086,0.0748595689431258,0.530711762025838,0.000868992939105682,0.00944380946124183,-0.028367993269166,0.869547013190507,0.999638761172362,-0.082931252146985,0.630618455514403,0.691827526007043,"turquoise",0.769436320917755,4.16395139562547e-08,3.79973989014255e-07,TRUE,TRUE
"K11263","blue",0.0677384740359522,0.694660294391362,0.831808822407892,0.335737815163301,0.045299381871266,0.0428297528000625,0.223603210068727,0.189877268096713,0.146857010267698,0.773994849801717,3.08122438083809e-08,2.61914959553327e-07,-0.279235192406943,0.0990913513479714,0.126844498820478,0.0468642995183023,0.786074688106314,0.480241393657533,0.22310088933858,0.190900274372272,0.378010457261344,-0.759926357268226,7.63939958075908e-08,1.29774226323807e-06,0.771126946864144,3.72691507045786e-08,1.02107492052361e-06,-0.0991909779920831,0.564909525138314,0.416604156984255,0.133095311884408,0.439024734122458,0.999638761172362,-0.279627003353468,0.0985985838731756,0.382538456673915,"blue",0.773994849801717,3.08122438083809e-08,2.61914959553327e-07,TRUE,TRUE
"K11381","green",-0.313709037872515,0.0624382824873046,0.224251022193556,-0.000342837146969775,0.998416659800499,0.375214464962211,-0.500385161670626,0.00188416476861134,0.00379165622880394,-0.419601125978926,0.0108481791046859,0.014479783091862,0.518518702109521,0.00119642455796038,0.00391351578930162,0.48569235101833,0.00267438675223016,0.0198706267418467,0.0144801673802237,0.933200263517763,0.613317999061933,0.777902909173985,2.36693341435736e-08,5.52011683557463e-07,-0.70444890871277,1.62673345016397e-06,1.67937919048504e-05,0.190392007510402,0.2660314350719,0.286517420041739,0.315003772800698,0.0613067811428118,0.999638761172362,0.210296230481555,0.218296640650124,0.513959421486825,"green",0.777902909173985,2.36693341435736e-08,5.52011683557463e-07,TRUE,TRUE
"K11533","turquoise",0.233966262520375,0.169626559432174,0.395357671507818,-0.628650822039178,4.02788473517989e-05,0.000159874107937263,0.760066467944188,7.57292873612384e-08,6.50163382748026e-07,-0.214751193719442,0.20847510449931,0.141953836109546,-0.504230850826548,0.00171469997528201,0.00523874877830278,0.0880902043902027,0.609432902218364,0.424970483314265,-0.282897374281269,0.0945581286332272,0.31405913359703,-0.284173042125094,0.0930168961949468,0.075554907566027,0.394147142570985,0.0173779288083927,0.0211062684884409,0.339699883798926,0.0426633305756998,0.11360830372712,0.209594806836206,0.219871467655842,0.999638761172362,0.0778353119253157,0.651834000387103,0.694236608794815,"turquoise",0.760066467944188,7.57292873612384e-08,6.50163382748026e-07,TRUE,TRUE
"K11600","magenta",-0.161066016455468,0.348019833675984,0.574382810222211,0.180285732109453,0.292711950756388,0.169754644031767,-0.32034066708727,0.0568128568307678,0.060611224913282,-0.157567161269812,0.358729192346728,0.208032936712784,0.0262939972744127,0.879011555206328,0.547914634481448,0.110820974377569,0.519934676668643,0.391001356497332,0.0900599474413657,0.601424590657972,0.536148142198027,0.341922528299875,0.0412396737442342,0.0407652609159847,-0.294942556516455,0.0807616034622568,0.0701144947289621,0.157880574190859,0.3577619056433,0.32948893147351,0.0406025514233942,0.814119844864351,0.999638761172362,0.824846650780449,6.16727223852092e-10,3.05315053793372e-07,"magenta",0.824846650780449,6.16727223852092e-10,3.05315053793372e-07,TRUE,TRUE
"K11608","turquoise",0.395880490106759,0.016847575715369,0.109173633071903,-0.470087955325874,0.0038163075561436,0.00617125352748826,0.885362790839654,7.46220258339171e-13,2.77618094506987e-11,0.0933673953019293,0.588080797468713,0.287055473692511,-0.792724511266606,8.2804506019096e-09,3.12688473549003e-07,-0.263910026976,0.119875608075814,0.171759904601245,-0.0679025239208634,0.693956529837157,0.561240868604536,-0.6557239395669,1.41807804040628e-05,7.50483286214966e-05,0.713590065244182,1.03229048032497e-06,1.17996269621786e-05,0.34133550792498,0.0416118858254845,0.112524863619525,-0.0313929350875516,0.855775183955073,0.999638761172362,-0.0523573444273079,0.761687592274709,0.711685929801215,"turquoise",0.885362790839654,7.46220258339171e-13,2.77618094506987e-11,TRUE,TRUE
"K11609","turquoise",0.429783100813642,0.00889532270378318,0.0723412118885167,-0.650393393063949,1.75581485716048e-05,8.13067514394716e-05,0.85180236720186,4.48356760516757e-11,1.08422099614613e-09,-0.1409737246743,0.412159975045848,0.228947903646807,-0.656833671316186,1.35568043306023e-05,0.000105336518489536,-0.203564000282012,0.23373326355864,0.251009781667504,-0.439839795613702,0.00726907901752501,0.147786251656901,-0.478482573449796,0.0031583467994377,0.00550106738832937,0.484934032481451,0.00272204291901662,0.00502330010702649,0.271202258067528,0.109613056915765,0.183086427252305,-0.0139887570601681,0.935462420200217,0.999638761172362,-0.103876771662637,0.54657566114358,0.666468079304448,"turquoise",0.85180236720186,4.48356760516757e-11,1.08422099614613e-09,TRUE,TRUE
"K11610","blue",-0.368643953795889,0.0269407112361385,0.14038708344361,0.499883365585273,0.00190732546687719,0.00349583390716535,-0.0707193409870523,0.681912294173988,0.354470709370047,0.803344628478328,3.69859089556453e-09,4.55121721858209e-08,-0.15347292895061,0.371509044638354,0.321914150263421,0.179632048261067,0.294494717059831,0.287938338802542,0.286712933459865,0.0900056670190041,0.31332436628903,-0.536436137818199,0.000744740405181077,0.00171077279383859,0.551198678212167,0.000493854363624386,0.00129181518948714,0.0723336883488773,0.675044121713375,0.458839861482121,0.198395306735332,0.246074749994965,0.999638761172362,-0.227897728283627,0.18128839340466,0.478064131002437,"blue",0.803344628478328,3.69859089556453e-09,4.55121721858209e-08,TRUE,TRUE
"K11645","green",-0.0316426063328503,0.854640306263911,0.926832092329553,-0.0704707443786067,0.682972194949914,0.299860965735022,-0.481568234511768,0.00294261568779812,0.00551617361052918,-0.490631975721695,0.00238139294157298,0.00400311170185282,0.684364421060824,4.17343517200062e-06,4.28671357514428e-05,0.349264518576847,0.0368077442162106,0.0841752037502789,0.0024790309234562,0.9885513481752,0.628063997021536,0.778270359296485,2.30833633064491e-08,5.49834498783423e-07,-0.735783161859189,3.17177009550658e-07,5.07718689351352e-06,-0.0834871333408882,0.628321302795985,0.442526286743539,0.187287928096785,0.274050046183689,0.999638761172362,-0.0199665048426589,0.907983445658397,0.743718480398539,"green",0.778270359296485,2.30833633064491e-08,5.49834498783423e-07,TRUE,TRUE
"K11717","turquoise",0.226169548199153,0.184710943364446,0.414675430479327,-0.440231675445502,0.00721124577466964,0.0102153045428886,0.793857501957112,7.6152151644766e-09,8.56520593626416e-08,0.0688233369615948,0.690010986511956,0.316118143841576,-0.84730680447352,7.18523671818335e-11,1.01163398529256e-08,-0.219725779459307,0.197874439742893,0.228858533087894,-0.201577069680225,0.238426964477056,0.396898155509383,-0.549477730069025,0.00051858772045854,0.0012663575588941,0.626480125036813,4.36099156284026e-05,0.000207097782411569,0.526896364305745,0.000961676957063252,0.0101062206464629,-0.0382822871531342,0.824571920772144,0.999638761172362,0.0248497780628052,0.885611999548964,0.736112006873301,"turquoise",0.793857501957112,7.6152151644766e-09,8.56520593626416e-08,TRUE,TRUE
"K11730","purple",0.0361173038894816,0.834351408762867,0.916084700735293,-0.122014184822516,0.478384028241323,0.237928578364213,0.209759223431725,0.219501625034606,0.162656114340153,0.0736714014844038,0.669372366779976,0.310655548945157,-0.0304430495735577,0.860095462912642,0.541904028001939,0.310866408856421,0.0649803784240172,0.118944088720093,-0.0684178517732499,0.691747444483334,0.560774674200166,-0.106954342261187,0.534689500214812,0.279743592715779,0.197918683617976,0.247234357269756,0.162916319464233,0.0994980838387939,0.563699331526596,0.416407426552562,0.787856021821688,1.1798801657779e-08,2.25773539957383e-06,-0.246001039449845,0.148107607448308,0.447083473765286,"purple",0.787856021821688,1.1798801657779e-08,2.25773539957383e-06,TRUE,TRUE
"K11735","turquoise",0.483733322085996,0.00279901598958753,0.0354287899382422,-0.718574363990741,7.99650774986712e-07,6.17894960234966e-06,0.766491551422872,5.03997479496195e-08,4.57039486238058e-07,-0.342925161754507,0.0406101643357043,0.0419764107169663,-0.568801196891908,0.000294965392483801,0.00125717357594369,0.115725986799197,0.501510711016938,0.384128863039516,-0.375196531849563,0.0241449022390733,0.241850844588092,-0.181125012939484,0.290433181827717,0.179850660274416,0.299655186297971,0.0758099761794637,0.0670412767568614,0.624280481994123,4.72377922521477e-05,0.00114244573143702,0.169406150324772,0.32328581954903,0.999638761172362,0.128820455845068,0.453993951820934,0.634422419353489,"turquoise",0.766491551422872,5.03997479496195e-08,4.57039486238058e-07,TRUE,TRUE
"K11779","blue",-0.317127163714672,0.0594862598554671,0.217181597429668,0.548627815481083,0.000531204253366859,0.00127834962460438,-0.195324899423208,0.253608952180155,0.180139776065753,0.727854802152164,4.89834887709208e-07,2.69316162883704e-06,-0.0552126031526327,0.749098417694569,0.503518053385116,0.151718331211122,0.377067400789866,0.331225880165204,0.255266222770051,0.132951660302606,0.340917455299031,-0.407810746528623,0.013552834250206,0.0174611609328351,0.401412307444014,0.0152448530779841,0.0190777908144587,0.019392148636469,0.910619632437509,0.519611313012934,0.16445426223546,0.337836246101332,0.999638761172362,-0.191043819287818,0.264367448142093,0.54261532781177,"blue",0.727854802152164,4.89834887709208e-07,2.69316162883704e-06,TRUE,TRUE
"K11900","brown",-0.299385290712323,0.0760870150721825,0.253078793486513,0.434933611608355,0.00802743546021864,0.0111139371306179,-0.666768965651054,8.98638882897621e-06,4.46875861201056e-05,-0.0346104228189137,0.84117273516952,0.358901606345045,0.841880631280255,1.24485224832769e-10,1.56694753316067e-08,0.00456575006100388,0.978916122262602,0.536951882887204,0.215080933229131,0.207760516847528,0.383726425570292,0.390658956943611,0.0184876456762355,0.0221206563813594,-0.481144591363506,0.00297145235736827,0.00540655707396446,-0.785324862819383,1.41327532269009e-08,1.55946503110255e-06,-0.00676092394886772,0.968783312103168,0.999638761172362,-0.0869465748553536,0.614103184137501,0.686196236117279,"brown",0.841880631280255,1.24485224832769e-10,1.56694753316067e-08,TRUE,TRUE
"K11901","brown",-0.329504851926142,0.0497101639538777,0.196485010136044,0.394924617063078,0.0171383412073317,0.0197634912471646,-0.627199874720599,4.24787764437178e-05,0.000167139240541949,0.0296796627475403,0.863570413904394,0.363327696209435,0.795999859858883,6.49066931257161e-09,2.74034116012805e-07,0.0101820257363531,0.953001852333658,0.530052068223946,0.202935700418928,0.235210674101605,0.396501809385508,0.298441066929779,0.0770624392161829,0.0658205416338344,-0.399735309116038,0.0157165856927426,0.0195382221835839,-0.743188800234378,2.08398191170893e-07,1.47171184080931e-05,0.0386572937337892,0.822880567758929,0.999638761172362,-0.109695649411054,0.524208058388255,0.661010709672316,"brown",0.795999859858883,6.49066931257161e-09,2.74034116012805e-07,TRUE,TRUE
"K11903","brown",-0.117766761553092,0.493943776773481,0.691393763272002,0.253949247999593,0.135033037206129,0.097409030513171,-0.479682309563266,0.00307288677716124,0.00572409402765076,0.0179365823936725,0.917304554277874,0.376375595539362,0.79533615354968,6.82141678911234e-09,2.74034116012805e-07,0.124277097592116,0.470199955323782,0.370952606775213,0.317656720785208,0.059038976797387,0.28659886942998,0.239778178363163,0.158971012034724,0.115127368736442,-0.305365465318687,0.0701307481519482,0.0626803786976765,-0.674893600967945,6.34675632697094e-06,0.000249005051996694,0.259517017665092,0.126395403582923,0.999638761172362,-0.207948342905157,0.223598622000977,0.51583986302595,"brown",0.79533615354968,6.82141678911234e-09,2.74034116012805e-07,TRUE,TRUE
"K11927","turquoise",0.567900239217153,0.000303063576295128,0.0102939422968117,-0.749170238761157,1.46901190147177e-07,1.81401943828711e-06,0.932271119944709,1.40598187667639e-16,3.39996004328456e-14,-0.259196780022946,0.126880785968168,0.099355630262681,-0.739292192271552,2.60391622444235e-07,4.46953382685473e-06,-0.40594592935524,0.0140287609860419,0.0489009655833043,-0.222351305604866,0.192434040961768,0.37846063368332,-0.446453954937463,0.00634442357954041,0.0093869274823197,0.440535449300377,0.00716668678361127,0.0106134067621552,0.279315037434411,0.0989907809821424,0.174419837159964,-0.12927611716448,0.452385403010471,0.999638761172362,-0.0288442665067415,0.867376041522377,0.730908386354343,"turquoise",0.932271119944709,1.40598187667639e-16,3.39996004328456e-14,TRUE,TRUE
"K11936","turquoise",0.522336725257249,0.00108381887934193,0.0208944021509899,-0.734762905660431,3.35707926168274e-07,3.22140136780418e-06,0.83602226156672,2.20292690490734e-10,4.38036992634641e-09,-0.199206674194424,0.244109108705217,0.15849350701588,-0.642986836121937,2.34670610467869e-05,0.000167835057731074,-0.139252779789066,0.417947340335105,0.347809629458037,-0.192825403064672,0.259854335741003,0.409592076112857,-0.449235933479229,0.00598681600207704,0.00899320882407569,0.464797471174368,0.00428943162978835,0.00711406850417238,0.264058554440532,0.119659657887458,0.191570415746126,0.0209586736082461,0.903431873113827,0.999638761172362,0.085095632579739,0.621693657898477,0.690490608236649,"turquoise",0.83602226156672,2.20292690490734e-10,4.38036992634641e-09,TRUE,TRUE
"K11996","turquoise",0.454825232466292,0.00532045476473209,0.0522883364038474,-0.43632873238801,0.00780520622369501,0.0108926134702595,0.808886199537384,2.3818173050181e-09,3.11337051747909e-08,0.0407945851478611,0.813256180663053,0.351529911993359,-0.799360243880947,5.03246547874211e-09,2.3754654553054e-07,-0.464594105460328,0.00430858892032432,0.0255557837971277,-0.305264557481428,0.070228126745906,0.302956412686892,-0.600246630028321,0.000108882951361912,0.000390160142039043,0.565333247563261,0.000327237295707536,0.000947315652550544,0.25571821428213,0.132242818499227,0.202845613589568,-0.125699751093116,0.465092850333118,0.999638761172362,-0.0982967382599716,0.568440181383358,0.672484464063861,"turquoise",0.808886199537384,2.3818173050181e-09,3.11337051747909e-08,TRUE,TRUE
"K12063","blue",-0.520702038263149,0.00113083127400234,0.0212635499094198,0.766926666779538,4.90062464433769e-08,7.30616379034014e-07,-0.30423469607157,0.0712280379092846,0.0713064013412088,0.91460966514956,6.29152381189702e-15,1.01612333345221e-12,-0.0303649366485399,0.860450916708305,0.541904028001939,0.00126189787159635,0.994172166203584,0.540655287701659,0.30307355989429,0.0723687335671536,0.305767076929733,-0.547874447032633,0.000542615033286922,0.00131531887744249,0.492730749718591,0.00226565528818414,0.00431522746283613,-0.246042848831061,0.148036500714256,0.214756117004778,0.0123935511386316,0.942809126843325,0.999638761172362,-0.180289778980944,0.292700935484082,0.557607706603576,"blue",0.91460966514956,6.29152381189702e-15,1.01612333345221e-12,TRUE,TRUE
"K12111","black",-0.403138701787476,0.0147717160498211,0.0994873546792299,0.786075887912318,1.33991494802552e-08,2.55946429167927e-07,-0.382480498554657,0.0213233647641184,0.0280793868252152,0.650787567307685,1.72853995074399e-05,5.97138685961865e-05,0.166019494244388,0.33319425036484,0.301008748798034,0.197147096580554,0.249119337078138,0.259675929193062,0.112165415126697,0.514851810088251,0.515595945428275,-0.225781391704496,0.185485900411986,0.129622211656145,0.260395210300971,0.125071417914173,0.0973153134627963,-0.176076894993403,0.304311974056468,0.305263740236302,-0.0358601323266936,0.835514741166449,0.999638761172362,-0.0612407662224686,0.72273181940401,0.704745541763378,"black",0.786075887912318,1.33991494802552e-08,2.55946429167927e-07,TRUE,TRUE
"K12132","brown",-0.438607990931066,0.00745346206577777,0.0638055581578291,0.425977429301025,0.00958689280615918,0.0126703308506983,-0.666781373978862,8.98168956395237e-06,4.46875861201056e-05,0.0765927175672636,0.657049105180406,0.306316854623085,0.743079926944032,2.0971038653626e-07,3.88192977853873e-06,0.363276073724303,0.0294251808525115,0.0738033518461843,0.303255120394694,0.072189433304874,0.305767076929733,0.459505878193152,0.00481261793448658,0.00755947299234763,-0.443143984353156,0.00679366973339358,0.0101988140758108,-0.342124117876526,0.0411124747140664,0.111840157550391,0.145710235352964,0.396467971417339,0.999638761172362,-0.119711926369219,0.486786060743341,0.650612276750421,"brown",0.743079926944032,2.0971038653626e-07,3.88192977853873e-06,TRUE,TRUE
"K12421","turquoise",0.335824697307176,0.0452402038099647,0.186522665391401,-0.59836129830854,0.000115927645727816,0.000374927273080752,0.794869122635596,7.06344169573673e-09,8.06971105701431e-08,-0.104337721742155,0.544787457426816,0.274209058910209,-0.614046816818374,6.79734422302114e-05,0.000379708631231242,-0.0770366145439788,0.655184244182055,0.439869865694343,-0.25356709510079,0.135641477174128,0.34414129731896,-0.451332461307214,0.00572890502929529,0.00873274149321024,0.492143743792159,0.0022975196019376,0.00437007473838683,0.262875213133951,0.121388263862157,0.192339458455618,0.0736809167190842,0.669332087234161,0.999638761172362,0.0167007037748469,0.922984930528651,0.745639318867932,"turquoise",0.794869122635596,7.06344169573673e-09,8.06971105701431e-08,TRUE,TRUE
"K12434","black",-0.369996977993185,0.0263425501072811,0.139110901784067,0.786780533835331,1.27430574800228e-08,2.47277675400071e-07,-0.364637404395417,0.0287779626551003,0.0358851854868143,0.690442294291223,3.16293067595204e-06,1.38531400228707e-05,0.0163669161250811,0.924519749046903,0.560204573140687,0.135184442512495,0.431808994934401,0.353882635772552,0.131890746552884,0.443215107987541,0.491434289340867,-0.293178850701402,0.0826779256372356,0.0690799512366423,0.29811600309093,0.0774004866459444,0.0678367908886904,-0.102007133418698,0.553857047546509,0.411890649323451,-0.0524402735416733,0.761321079771276,0.999638761172362,-0.0558420936530046,0.746331363635532,0.71080685766148,"black",0.786780533835331,1.27430574800228e-08,2.47277675400071e-07,TRUE,TRUE
"K12448","purple",-0.00908845088615609,0.958044856514469,0.979321920106772,0.0130388226244341,0.939836741130508,0.361307615620323,0.0445383405215512,0.796463297560278,0.391679321049864,0.135646543076683,0.43022184001423,0.23613837021285,0.059725296438959,0.729332160291338,0.495205013312358,0.257506632122893,0.12946550944428,0.179226685160873,0.0811362699458111,0.638059358074659,0.544912784362823,-0.0925194064731867,0.591489502412879,0.301549350599503,0.152945827324021,0.373173714934675,0.223662575229566,0.0107600722975523,0.950336912866105,0.529250126275671,0.805231132716064,3.18898308053073e-09,7.40982997211891e-07,-0.080405084619723,0.641100471505512,0.693243109594672,"purple",0.805231132716064,3.18898308053073e-09,7.40982997211891e-07,TRUE,TRUE
"K12454","pink",0.0267244506916815,0.87704580719049,0.937263472664476,-0.0717475469755037,0.677534883339772,0.298161273988538,0.329737156799308,0.0495398236954063,0.0547438165392461,0.237027275771664,0.163952534388577,0.120156256339899,-0.42840995077744,0.00913977850162221,0.0203982642680663,0.396236649115753,0.0167402987783202,0.0540876522605207,0.0413140848581897,0.810920840471596,0.58879198968087,-0.267683069941794,0.114479569943276,0.0889891521906155,0.418440581365829,0.0110922650241269,0.0149082212368138,0.753593878514909,1.12713814414384e-07,9.0453070527026e-06,0.18864802316268,0.27051738277963,0.999638761172362,0.0311102931000365,0.857060273537594,0.729274262773737,"pink",0.753593878514909,1.12713814414384e-07,9.0453070527026e-06,TRUE,TRUE
"K12510","blue",-0.490658346612965,0.00237990725627523,0.0329439927858014,0.713278559231008,1.04871236076532e-06,7.77005797854041e-06,-0.42392819198389,0.00997787684152208,0.0152230951929864,0.79350728384724,7.81535993250286e-09,8.34534279092716e-08,0.232515277644362,0.172364730899085,0.189321717225758,0.222390247959533,0.192354146375393,0.225315414517578,0.265230182786038,0.117966369312363,0.329991843384162,-0.36595196975208,0.02816413062975,0.0305385891100325,0.33700462601637,0.0444426624888908,0.0435159563456894,-0.294709529221905,0.0810128016759978,0.158042510604283,0.193534546800708,0.258072191076319,0.999638761172362,-0.222637192816774,0.191848053462099,0.490123271615919,"blue",0.79350728384724,7.81535993250286e-09,8.34534279092716e-08,TRUE,TRUE
"K12548","purple",-0.225958642677724,0.185131733274205,0.414777356058274,0.227885360394635,0.181312726384339,0.120703128984744,-0.192776416757624,0.259977742613276,0.183735281917314,0.280986776529031,0.0969029278350953,0.0811430895571406,0.398205560020058,0.0161575306117743,0.0317783731564571,0.291602879782974,0.0844198714542778,0.139845057288375,0.337018124649397,0.044433604426714,0.272359642494032,-0.0611665312909407,0.723054681445313,0.346525954954623,0.0638814168089012,0.71127816314233,0.353446137116214,-0.244717359194836,0.150302953974859,0.216216374772803,0.706011803750095,1.50685250729977e-06,0.000175063971651649,-0.203711309751733,0.233387785054313,0.522333761968282,"purple",0.706011803750095,1.50685250729977e-06,0.000175063971651649,TRUE,TRUE
"K12599","turquoise",0.468782097581104,0.00392866850435199,0.043030163786724,-0.738499191660326,2.72336711538771e-07,2.82147364863862e-06,0.829091349567058,4.20788167459964e-10,7.5374395317283e-09,-0.307040202770178,0.0685299836977476,0.0627974606513965,-0.532979189193361,0.000817738453150745,0.00283722972514095,-0.300323831525161,0.075127019293165,0.130336428208815,-0.300901946051593,0.0745404061488731,0.30930536019383,-0.324998022917767,0.0531086670208933,0.0496445789822486,0.281439023775463,0.0963439327316506,0.0792022034720214,0.215313624370374,0.207257267616536,0.255468251354707,-0.113231761035586,0.510837936520386,0.999638761172362,-0.219043070437605,0.19930652250818,0.494209770038143,"turquoise",0.829091349567058,4.20788167459964e-10,7.5374395317283e-09,TRUE,TRUE
"K12632","brown",-0.252881163250017,0.136738643109206,0.349969162890832,0.35355474160059,0.0344026847047133,0.0345300226849262,-0.658616520660404,1.26064767223548e-05,5.97747324271069e-05,-0.190277973254273,0.266323255112863,0.168019506439834,0.758354068262725,8.42317124166706e-08,2.12051951004641e-06,0.322162817236485,0.0553399174621033,0.107574247800711,0.114490745118541,0.506119137390954,0.513220209635292,0.651503610219596,1.67997645333772e-05,8.57480076009964e-05,-0.645372831471599,2.13914379354314e-05,0.000118581874804436,-0.365399567064303,0.0284207477653457,0.0874533575042536,0.0190988080540695,0.911966374856551,0.999638761172362,-0.118409160025017,0.491573981236165,0.652522104677471,"brown",0.758354068262725,8.42317124166706e-08,2.12051951004641e-06,TRUE,TRUE
"K12706","turquoise",0.514255540403771,0.00133423678207258,0.0234609310923356,-0.546572418919081,0.000562850591675603,0.00132835814783706,0.790745727078124,9.5729272872743e-09,1.03653817808148e-07,-0.0787016844730997,0.648207459892852,0.303558844454074,-0.529654360913317,0.000893852247166687,0.00305741621578489,-0.138279194860214,0.421241546791308,0.349066332948375,-0.0660969401084222,0.701716140162517,0.563296358649193,-0.412103052616013,0.0125088946138659,0.0162993113689424,0.469195340052284,0.00389280540116603,0.00658661167248194,0.297470458891358,0.0780752343091934,0.155053074766737,-0.0510843102057493,0.767320243176421,0.999638761172362,-0.293324147841534,0.0825187377892947,0.355747457465354,"turquoise",0.790745727078124,9.5729272872743e-09,1.03653817808148e-07,TRUE,TRUE
"K12855","black",-0.336503462265653,0.0447800155303056,0.184859632639701,0.756760141163056,9.29291962198007e-08,1.24842542625803e-06,-0.41176972222341,0.0125874530738783,0.0182088396924814,0.536195669781693,0.00074962454564596,0.00147645605718006,0.254076690499012,0.134830579732475,0.159010197135688,-0.0968084634918029,0.574338451930652,0.414324854823697,0.260891698933187,0.124327482467119,0.332849411768386,-0.215435907897535,0.206993139654676,0.140752784449242,0.161243296668342,0.347482432814734,0.21119649329903,-0.44120365494332,0.00706950078787128,0.0377076616104456,-0.0422905220243234,0.806535761801673,0.999638761172362,-0.0632120206790245,0.714175857737556,0.704130620767717,"black",0.756760141163056,9.29291962198007e-08,1.24842542625803e-06,TRUE,TRUE
"K12949","turquoise",0.485981494133353,0.00265640829016708,0.0351397964982746,-0.562772142347879,0.000353057074190041,0.000912505716585744,0.815213834010205,1.4157582749869e-09,2.03382263268098e-08,-0.0356253857925269,0.836576932687486,0.358105363407856,-0.734694494208425,3.36985437966027e-07,5.34851847576927e-06,-0.26704709757538,0.11537607929555,0.166977779961181,-0.16695467760888,0.330439643502116,0.440146055056857,-0.5463378467921,0.000566566670091912,0.00136530334693352,0.524600149645101,0.0010215749608507,0.0022883612278804,0.21818540210276,0.201115837200736,0.251573366659983,-0.167937145446969,0.327560969230975,0.999638761172362,0.0411720110900369,0.811559354995021,0.724689827381259,"turquoise",0.815213834010205,1.4157582749869e-09,2.03382263268098e-08,TRUE,TRUE
"K12953","brown",-0.201698455750056,0.238138406978878,0.472159127736431,0.269503120894923,0.111942833630574,0.0843717899861184,-0.53494871488841,0.000775409514992309,0.00184843035730851,-0.149447934479207,0.384331965615683,0.218371829869432,0.752680183641839,1.19106444942928e-07,2.56048539303566e-06,0.130456735235654,0.448231999315369,0.361601539462142,0.0870439180531833,0.61370507405184,0.539926794524975,0.474552395957854,0.00345295281079153,0.00587306084721892,-0.538406963707294,0.000705762003233018,0.0017084988172638,-0.530152312236392,0.000882068206411703,0.00944380946124183,-0.0798467443934151,0.643426578730678,0.999638761172362,-0.227583855481701,0.181906633057063,0.478064131002437,"brown",0.752680183641839,1.19106444942928e-07,2.56048539303566e-06,TRUE,TRUE
"K12960","brown",-0.123321944132214,0.47364533246617,0.677260776488989,0.417758762057668,0.0112378254842783,0.0142513847929323,-0.638222700425341,2.81674545889044e-05,0.000118804940525399,0.0792646540736245,0.645855189604404,0.302731394977783,0.827709384414515,4.77101849688218e-10,4.28962879180266e-08,0.472692314632714,0.00360051551306327,0.023395433392643,0.118725887211878,0.490407730284202,0.509099476210268,0.381588117455682,0.0216535595818811,0.0249508718440914,-0.391051874602397,0.0183597586103744,0.022081611358917,-0.438256902503017,0.00750674244889826,0.0392106158181786,0.081661972366957,0.635876465375007,0.999638761172362,-0.164683017795331,0.337155363674714,0.588059329528658,"brown",0.827709384414515,4.77101849688218e-10,4.28962879180266e-08,TRUE,TRUE
"K13049","blue",-0.308191094575162,0.0674466541372959,0.234907886411803,0.675787290238126,6.10454530373995e-06,3.37685851041405e-05,-0.253302168678104,0.136064461657369,0.114740304181285,0.894656804213046,1.90862307274662e-13,2.04944515546896e-11,0.0215312931064139,0.900806351616863,0.555099178792295,0.0968399005784407,0.574213576207107,0.414324854823697,0.356368995535002,0.0328958460220488,0.256458517762687,-0.562093106731183,0.00036020078633811,0.000969166626256388,0.497090500631446,0.00204084770150514,0.00395563845752363,-0.250062018212702,0.141316662485778,0.209483807157322,0.000618976544494214,0.997141356863268,0.999932767264777,-0.160849342311183,0.348677336783547,0.594964916798725,"blue",0.894656804213046,1.90862307274662e-13,2.04944515546896e-11,TRUE,TRUE
"K13063","blue",-0.485265479115619,0.00270112297453152,0.0351397964982746,0.73896113565689,2.65318460770113e-07,2.77225658731415e-06,-0.331072002760231,0.0485700728148093,0.0538137783498667,0.838236650748693,1.78014684883037e-10,3.92753364687954e-09,0.0389278146363263,0.821660952932348,0.528942534591458,0.0392561185756067,0.820181382461527,0.491264751394183,0.292183847403213,0.0837744487180525,0.311636644137402,-0.48098358197062,0.00298247635888289,0.0052478872724418,0.438832805999458,0.00741951495317176,0.0108747856714396,-0.199300433564989,0.243882645387088,0.27602698228405,-0.132575058223924,0.440831890564369,0.999638761172362,-0.229865539097141,0.17744628910897,0.47406264163806,"blue",0.838236650748693,1.78014684883037e-10,3.92753364687954e-09,TRUE,TRUE
"K13276","brown",-0.0494961114906424,0.774363829492724,0.879253594636427,0.277373860248907,0.101457961660773,0.0782050443498475,-0.593866338851758,0.000134405858623924,0.000442206326024747,-0.135802710693052,0.42968619074727,0.235944596625456,0.711064581794748,1.17251428320569e-06,1.49583721042126e-05,0.198456442319107,0.245926273203757,0.257616048388555,0.254120420316568,0.134761161403008,0.342899797435611,0.530063182382193,0.000884167313926418,0.00196861242334877,-0.498578237592028,0.00196873689304443,0.00384743780699781,-0.360898510783977,0.0305842012114452,0.0914848595815637,0.105818878961879,0.539060336132279,0.999638761172362,-0.052141199780469,0.762643102342897,0.711824496599836,"brown",0.711064581794748,1.17251428320569e-06,1.49583721042126e-05,TRUE,TRUE
"K13288","blue",-0.226693793427211,0.183667920485138,0.413846129044998,0.490982577664082,0.0023617067894819,0.0041511897644112,-0.138831007151972,0.419372660633527,0.257067514171647,0.755834880998035,9.8350760185891e-08,6.81574823157026e-07,-0.0846969133441666,0.623333833758712,0.451274734607112,0.156973472997661,0.360565793019356,0.323903276605472,0.221606857615031,0.19396584042639,0.379534198083111,-0.472618630969743,0.00360647196250013,0.00603705292910576,0.476916011628242,0.00327304471849329,0.00579251964556215,-0.0418200852929378,0.808647728327177,0.492923213886461,-0.00345636782191288,0.984038308189379,0.999932767264777,-0.0611032841584893,0.723329792582822,0.704745541763378,"blue",0.755834880998035,9.8350760185891e-08,6.81574823157026e-07,TRUE,TRUE
"K13292","blue",-0.232560401404139,0.172279104506575,0.398594542645723,0.421572193560646,0.0104440663156075,0.0134258230995212,0.0717209588402654,0.677647947640158,0.35329400009858,0.857159602289168,2.50376247474035e-11,8.08748897109749e-10,-0.238088336904836,0.162017956353298,0.180689626937154,0.122433729561738,0.476861108526221,0.373143202252699,0.42888349934973,0.00905483596591173,0.161897245457313,-0.687123654463732,3.68287659932439e-06,2.65318810101821e-05,0.718336235049284,8.09565267112893e-07,1.02066889690862e-05,0.0295172443337088,0.864310073120534,0.507126417223667,0.183119942883497,0.28506253832883,0.999638761172362,-0.18997983130107,0.267087210816142,0.543308881936733,"blue",0.857159602289168,2.50376247474035e-11,8.08748897109749e-10,TRUE,TRUE
"K13315","blue",-0.281917715084096,0.0957549393734193,0.287088311319569,0.608030028705223,8.3699405084548e-05,0.000291519138203961,-0.133804135780897,0.436569113514271,0.264149120562143,0.875930421514141,2.65425612899569e-12,1.27016350829257e-10,-0.116836932083422,0.497384212132152,0.391490553176492,0.145643473383867,0.396686729830788,0.339068128065043,0.31465932269212,0.0616062093603,0.291488486266582,-0.586668991633727,0.000169552079688027,0.000542561416555028,0.596475867345942,0.00012338022612932,0.000447264540479987,-0.0761600745094898,0.658868652297525,0.453595116912286,-0.010682451518928,0.950694733895533,0.999638761172362,-0.129561015209464,0.451381237584627,0.633747549921004,"blue",0.875930421514141,2.65425612899569e-12,1.27016350829257e-10,TRUE,TRUE
"K13356","turquoise",0.484558531862231,0.00274591400966252,0.0352640526716549,-0.550284086635997,0.000506864891154956,0.00122459789911558,0.8195179893569,9.82567747861929e-10,1.53293908345562e-08,-0.0808043247886326,0.639439252498448,0.301240246871725,-0.665552877039676,9.45796629516217e-06,8.02603335570446e-05,-0.0694210601654579,0.687454126740695,0.451501434326933,-0.266673971399461,0.115904511113217,0.329991843384162,-0.499254242659599,0.00193671530836363,0.00372712522331768,0.560912261053491,0.000372931410175614,0.00104586759693511,0.361766278234222,0.0301569170116921,0.0907021720457855,-0.0408591887920076,0.812965676985468,0.999638761172362,0.0449626784809293,0.794565416792748,0.72187316526232,"turquoise",0.8195179893569,9.82567747861929e-10,1.53293908345562e-08,TRUE,TRUE
"K13448","pink",0.0863198580410642,0.616668901709758,0.781770825121529,-0.210693686570481,0.217407721807509,0.136786436253699,0.46243419881377,0.00451666854958427,0.00794345818952991,0.113482318851721,0.509897073832193,0.262580472195885,-0.754605216362072,1.06007979400046e-07,2.41150613017511e-06,0.0591898869530429,0.731668650174185,0.466980177508231,-0.0281065969418414,0.870738922883025,0.599165056428002,-0.318304688001648,0.0584953113440205,0.0533838050402375,0.430800755083083,0.00871777128511924,0.0123457917502965,0.801992859325257,4.10911318663797e-09,8.06073126166022e-07,-0.0701980123828318,0.684135684887309,0.999638761172362,0.316496015833502,0.0600228521813302,0.312996439091987,"pink",0.801992859325257,4.10911318663797e-09,8.06073126166022e-07,TRUE,TRUE
"K13525","magenta",0.0917293875055225,0.594672960662549,0.766430721487826,-0.185573861739947,0.278544787856422,0.163949598156618,-0.0928581521528041,0.590126788792827,0.324206912001542,-0.476651136907463,0.0032927916276175,0.00523304259633299,-0.0867323440126468,0.614979718936349,0.447629528847374,-0.252367168192469,0.13756506753677,0.185908586645191,0.0322893438538159,0.85170190925504,0.595875505450073,0.376053359138651,0.0237977569699915,0.0269066536014128,-0.408753245049031,0.0133175239295123,0.017185646297612,0.0597210106817115,0.729350853542924,0.473854516645696,-0.152451901208636,0.37473760797568,0.999638761172362,0.78729733178023,1.22809164669261e-08,2.33836621562528e-06,"magenta",0.78729733178023,1.22809164669261e-08,2.33836621562528e-06,TRUE,TRUE
"K13633","red",0.0764604063359313,0.657605354987316,0.811411951481207,0.0555119983222233,0.747781977960549,0.31555736121483,0.406592991264478,0.013862051296311,0.0197184453367168,0.623123887166482,4.92529079373951e-05,0.00014701811145437,-0.368170710124312,0.027152552991407,0.04717873920464,-0.123203287305368,0.474074268616327,0.372013954020598,0.271432745035256,0.109299864750055,0.326692305366259,-0.761289143408857,7.01511877564154e-08,1.20658877975969e-06,0.71784067297441,8.30560848469175e-07,1.0379538894772e-05,-0.0517046018093201,0.764574222560122,0.482393306258826,-0.0554436631767235,0.748082385692382,0.999638761172362,-0.323667111723045,0.0541469586199739,0.300492312098383,"red",0.71784067297441,8.30560848469175e-07,1.0379538894772e-05,TRUE,TRUE
"K13643","turquoise",0.552340116697966,0.000478034187927694,0.0126768442056193,-0.666455823714945,9.1057258333137e-06,4.77760747570674e-05,0.849482083186963,5.73010869256596e-11,1.34096212496242e-09,-0.205712144081129,0.228729543689392,0.151675208151132,-0.795497931451834,6.73938830945195e-09,2.74034116012805e-07,-0.285988913521158,0.0908563043774233,0.147135781892392,-0.261118849788111,0.123988222261055,0.332808964669976,-0.429674919697576,0.00891437723554545,0.0123812035075176,0.443023114077577,0.00681057844740203,0.0102134355147123,0.485659175287231,0.00267645633885259,0.020193572284098,-0.10124242188706,0.556848261069891,0.999638761172362,-0.00317011935677971,0.985360070843545,0.756363711356972,"turquoise",0.849482083186963,5.73010869256596e-11,1.34096212496242e-09,TRUE,TRUE
"K13688","purple",0.162124953241436,0.344817305768233,0.570834959625478,-0.308932793849768,0.0667556569367143,0.0574309252271671,0.206699666845205,0.226453906752903,0.16627931173588,-0.116153766729871,0.499919716969318,0.259487379942192,0.00379284902782235,0.98248464780141,0.575727632589869,0.28723840042673,0.0893921489736656,0.146126639725087,-0.06196194374222,0.719597740471974,0.567581371345004,-0.00674374720950698,0.968862582409536,0.4144278103819,0.0236767956157327,0.890978428796002,0.41052891666472,0.240846338212393,0.157066507767487,0.219550064868361,0.826587628361069,5.27880881858011e-10,1.32092039129547e-07,-0.148374170804772,0.387795957419533,0.607150714231501,"purple",0.826587628361069,5.27880881858011e-10,1.32092039129547e-07,TRUE,TRUE
"K13787","blue",-0.0413066487994568,0.810954256976217,0.903127079063209,0.44414491414063,0.00665502685345099,0.00958283341827658,0.120909305111693,0.482406782412565,0.283489942734018,0.784070650786921,1.54412748528415e-08,1.50007191155568e-07,-0.38279439853256,0.0212082169329456,0.0391396163387708,0.0338259879524415,0.844728248158567,0.498988734276701,0.0796298470138109,0.644331099611104,0.547656160896498,-0.691100019379434,3.06822393217513e-06,2.30701386269212e-05,0.691600264071205,2.99793771496568e-06,2.57636311709047e-05,0.0367153551751573,0.831647427211149,0.499163001371322,-0.00709044667243914,0.967262629281109,0.999638761172362,0.0392801220933373,0.820073229491647,0.725864937713327,"blue",0.784070650786921,1.54412748528415e-08,1.50007191155568e-07,TRUE,TRUE
"K13798","magenta",0.118609171999675,0.490837332933161,0.687637314397749,0.0961409475802039,0.576992880218196,0.267492827348842,-0.0579669231648052,0.737014471494592,0.372986972689353,-0.0248840875706645,0.885455106767889,0.368455894883462,-0.137770631052578,0.422968083272408,0.35326027524046,-0.0476302028027355,0.78266172742437,0.47971515342362,0.074831357279012,0.664468808721355,0.554284722565322,0.00396657834946617,0.98168249860913,0.417442830719432,0.0133644546681971,0.938337047446772,0.421973470178262,0.00290364894877648,0.986590542170457,0.538599294101509,-0.071564813106222,0.678312087017295,0.999638761172362,0.7945063954164,7.25687761095747e-09,1.49690298811152e-06,"magenta",0.7945063954164,7.25687761095747e-09,1.49690298811152e-06,TRUE,TRUE
"K13889","green",-0.0646850776488706,0.707804519897362,0.840017549517008,0.0102741463942869,0.952577118658499,0.364085389339335,-0.498198344837299,0.00198693479066439,0.00394376999275846,-0.598962632760921,0.000113637414883257,0.00030273328499389,0.671505252745642,7.34687843428412e-06,6.57428163097173e-05,0.0946413090800644,0.582976352137443,0.417133456230665,-0.126600211788841,0.461875626373253,0.497336541318003,0.845612843120524,8.54925084339457e-11,5.60174075336448e-09,-0.783908902780404,1.56179575778394e-08,5.29768833788203e-07,-0.198001755029309,0.247031984941752,0.277793694206459,-0.0113521164375919,0.947607991135514,0.999638761172362,0.102307838606812,0.552682883832644,0.667427351168092,"green",0.845612843120524,8.54925084339457e-11,5.60174075336448e-09,TRUE,TRUE
"K13890","green",-0.0497190754326833,0.773373909734226,0.879077516673122,-0.113058384412051,0.51148948508567,0.247741735904046,-0.423285118749928,0.0101033330534636,0.015382152403901,-0.55158464409412,0.00048845356763613,0.00102836258029455,0.562431304006435,0.000356626860476773,0.00146699715246705,0.487610429124516,0.00255708064362902,0.0192426227898386,-0.123246862472807,0.473916723741893,0.501479607995066,0.847229257005952,7.24296824440089e-11,5.24538320003487e-09,-0.749853452535397,1.41062282090723e-07,2.79119299112233e-06,0.158072694831726,0.357169739341838,0.329237423894173,0.193373672244444,0.258475772264169,0.999638761172362,-0.0593492199436812,0.730973082537065,0.707567573831615,"green",0.847229257005952,7.24296824440089e-11,5.24538320003487e-09,TRUE,TRUE
"K13924","green",-0.302933639642911,0.0725071493618164,0.244167450180113,0.0840276533353386,0.62609092120789,0.283381367622172,-0.596970110131936,0.000121386070246228,0.00040674881505754,-0.389528034688164,0.0188598999019483,0.0228592904252201,0.505950502035361,0.00164335536924153,0.00505348548947752,0.403888740209577,0.0145700438836864,0.0498183489118543,0.0127680921885042,0.941083741629094,0.614849379117391,0.786296049879831,1.3190873862846e-08,3.6300934383948e-07,-0.728114619050049,4.83022676000458e-07,6.88143443614323e-06,0.201876855922112,0.237714743751783,0.272523680483684,-0.0563299219959959,0.744189159054202,0.999638761172362,0.194157270134077,0.256513919233504,0.541266551009233,"green",0.786296049879831,1.3190873862846e-08,3.6300934383948e-07,TRUE,TRUE
"K14059","blue",-0.203093569420059,0.234838861915642,0.470219975792187,0.417775739999771,0.0112341813295565,0.0142513847929323,-0.0439811973012262,0.798956904218408,0.392293588138202,0.762587651294867,6.46442937498393e-08,4.8844385622625e-07,-0.270067095643018,0.111165439591126,0.138909910473556,-0.13132968045948,0.445174338890874,0.36102399494654,0.160431948216273,0.349946052394651,0.450240159765,-0.60988207399633,7.85411012552231e-05,0.000295277354900318,0.554781396230227,0.000445703509745996,0.00119356445969309,-0.10445936594062,0.544316015833964,0.408869177802257,0.108461965780384,0.528912596750909,0.999638761172362,0.0155862184971447,0.928110582460051,0.746178371619691,"blue",0.762587651294867,6.46442937498393e-08,4.8844385622625e-07,TRUE,TRUE
"K14063","black",-0.628611111218148,4.03376571296778e-05,0.00374909710408119,0.808563633810253,2.4445666651694e-09,6.09898579727061e-08,-0.598725816242946,0.000114534444236202,0.000388125640559146,0.665690515821273,9.40348351522184e-06,3.5319202733144e-05,0.172467854155055,0.314487772621194,0.289935716498134,0.0312043643355871,0.856632519083312,0.502820079556167,0.319754569608395,0.0572931944305132,0.282804115258848,-0.107523518781018,0.532504965523911,0.279025041176612,0.075367416622225,0.662207299965384,0.337538727301063,-0.160435291427722,0.34993587923282,0.327142316869368,-0.168555509047674,0.3257571336364,0.999638761172362,-0.117212185434588,0.495994282847409,0.653000306246623,"black",0.808563633810253,2.4445666651694e-09,6.09898579727061e-08,TRUE,TRUE
"K14155","brown",0.00755898161303462,0.96510062934674,0.982802105369213,0.0262738708463094,0.879103483923785,0.346619985045264,-0.28112545200919,0.096731256926012,0.0889980474558778,-0.151343554879538,0.378260962026744,0.215967069565685,0.743200056419588,2.08262958317312e-07,3.88192977853873e-06,0.19583332106244,0.252350904131624,0.261545459765088,0.13019112254846,0.449164614565384,0.493113684128979,0.25729413108383,0.129793227734402,0.0979669539410235,-0.338489498571946,0.0434551415005105,0.042902864933962,-0.65267683272021,1.60308063054448e-05,0.000449245426886465,0.229923894107827,0.177333243574056,0.999638761172362,-0.426646750525185,0.00946204894045115,0.14723025449185,"brown",0.743200056419588,2.08262958317312e-07,3.88192977853873e-06,TRUE,TRUE
"K14163","blue",-0.299036896225281,0.0764457957775544,0.254012434795081,0.56765951779073,0.00030526064238331,0.000813036316558412,-0.0836830729733478,0.627512408882892,0.336745576309733,0.858316839911677,2.20085131019123e-11,7.48320551370989e-10,-0.165157326242833,0.335746288978002,0.302879513340847,0.170509434966205,0.32009795345905,0.302245053624548,0.216805208151321,0.204051426379691,0.382300705020282,-0.610313343433582,7.73818795358938e-05,0.00029171626906357,0.629436662434359,3.91309073707088e-05,0.000190918724312185,-0.0303454308386988,0.860539682344679,0.5068595625579,0.168194012489868,0.326810909010584,0.999638761172362,-0.0183162711047512,0.915560215862139,0.744804447959763,"blue",0.858316839911677,2.20085131019123e-11,7.48320551370989e-10,TRUE,TRUE
"K14189","blue",-0.449308838586161,0.00597768255871786,0.0558775901250265,0.715333924768332,9.44635704033522e-07,7.08853997069283e-06,-0.219375102244149,0.198609136191586,0.151906806103676,0.786079830321217,1.33953933013e-08,1.33135135228539e-07,-0.161336333334715,0.347200606641889,0.309191706438471,-0.28795767929723,0.0885575629655118,0.145196809825573,0.259683675698526,0.12614334785989,0.334006849505166,-0.563820075883781,0.000342280384784041,0.000936328553085381,0.474660555842453,0.00344453640711653,0.00602122182932965,-0.303018037642209,0.072423634085738,0.150961342868677,-0.246666427263126,0.146978912535462,0.999638761172362,-0.0361535928216321,0.834187281217875,0.727293826981827,"blue",0.786079830321217,1.33953933013e-08,1.33135135228539e-07,TRUE,TRUE
"K14251","blue",-0.477852648269379,0.00320404018862575,0.038318907108822,0.685857904865678,3.90096281924818e-06,2.34924109785953e-05,-0.244654298976439,0.150411406622172,0.123436572213492,0.851601454632473,4.58057536612177e-11,1.28659769233492e-09,-0.0697702034145908,0.685962184507447,0.476734330949766,-0.176719267379977,0.30252293423075,0.292956025719645,0.367692897191968,0.0273678308024763,0.255442827934874,-0.552259668344838,0.00047913422945082,0.0011943520549524,0.479101324599843,0.00311401697366926,0.00560123935786873,-0.310322978748322,0.0654755083591819,0.141489975083122,-0.00417252758910257,0.980731605443274,0.999932767264777,-0.107065062170311,0.534264212306432,0.663674545876443,"blue",0.851601454632473,4.58057536612177e-11,1.28659769233492e-09,TRUE,TRUE
"K14267","blue",-0.2225670112998,0.19199178940861,0.420677675592855,0.422573256164444,0.0102437705665322,0.013251951906596,-0.102618554434043,0.551470858115992,0.310211152453373,0.749323005514078,1.45576598494357e-07,9.79649915752536e-07,-0.082589811408679,0.632031137250436,0.454089039861001,-0.0497768349131858,0.773117525380895,0.477511681206611,0.247620514327391,0.145371477620245,0.350157489289392,-0.574115011887316,0.000251015339328961,0.000735960337997929,0.481088873212272,0.00297526324925194,0.00540655707396446,-0.205830112673354,0.228456883422981,0.267552476151192,0.0447140846692608,0.795677129593683,0.999638761172362,-0.232525234037707,0.172345835133855,0.47337352280381,"blue",0.749323005514078,1.45576598494357e-07,9.79649915752536e-07,TRUE,TRUE
"K14440","turquoise",0.573625175341545,0.000254806001055199,0.00975157554626543,-0.785210756800922,1.42474112812999e-08,2.67962747076861e-07,0.916709951309476,4.18845104988258e-15,3.79820851065594e-13,-0.269235475124458,0.112313191525653,0.0900773901447253,-0.556918990321327,0.00041900939664122,0.00167613760544636,-0.181073969936491,0.290571444462486,0.285210948421459,-0.360428547946,0.030817672911284,0.256458517762687,-0.400425114811976,0.0155210830480436,0.0192403640302051,0.413221546709809,0.0122483125178036,0.016142173904018,0.26834775810858,0.113548186637809,0.186657209625924,0.0943613411795241,0.584096461992165,0.999638761172362,-0.204600473036394,0.231309812375477,0.522333761968282,"turquoise",0.916709951309476,4.18845104988258e-15,3.79820851065594e-13,TRUE,TRUE
"K14534","magenta",0.170616962043327,0.319788314820686,0.547223244666855,-0.311522264616036,0.0643867482478474,0.0559043566841001,-0.0352190700321133,0.838416119962469,0.403074872521844,-0.557957327227826,0.000406564459834529,0.000876966807525466,-0.0251737469434498,0.884130704807728,0.549702668841174,-0.178082861138764,0.298747449725656,0.290375123010282,-0.0243653197294238,0.887827817096995,0.604774854541842,0.368567715473293,0.0269747460365652,0.0295281560712909,-0.409047727238864,0.0132447123062381,0.017160100658863,-0.0290923817741269,0.866245447885792,0.508066065472675,-0.201267666593688,0.239163539474863,0.999638761172362,0.74695925564958,1.6735875404341e-07,2.589128194431e-05,"magenta",0.74695925564958,1.6735875404341e-07,2.589128194431e-05,TRUE,TRUE
"K14647","brown",-0.153809191490373,0.370449376778459,0.593924013139639,0.317033511979755,0.0595656401324311,0.0527295362199941,-0.437835312926451,0.007571152433612,0.0121383247342337,0.0304461426575462,0.860081388353897,0.36280487974559,0.734688628062778,3.37095190045952e-07,5.34851847576927e-06,0.336202447946153,0.0449836294447672,0.0947510245537322,0.172104783263472,0.315523151609863,0.434831483264726,0.297637707808934,0.0778999819940559,0.0663473392984436,-0.284791814195627,0.092276279878302,0.0770137043280358,-0.371092857584333,0.0258661401756051,0.0827296899473453,0.116079518193147,0.500195677636651,0.999638761172362,-0.268537744736622,0.113283021317352,0.403519001305657,"brown",0.734688628062778,3.37095190045952e-07,5.34851847576927e-06,TRUE,TRUE
"K14670","blue",-0.137248454050746,0.424744945964999,0.637143862270342,0.513918075902586,0.00134572009113833,0.00262385005154542,-0.0711477850236993,0.68008701431054,0.354310990361338,0.73166909064341,3.98165702873821e-07,2.28161910148128e-06,-0.285918512108091,0.0909393458900403,0.118828730061585,-0.281947314843186,0.0957186096899312,0.151457175639007,0.185427822097365,0.278929944598037,0.420527160858813,-0.608086990530155,8.3536310341174e-05,0.000310661765495862,0.537239737153227,0.000728622488971763,0.00174460479866255,-0.158598424957828,0.355552317325023,0.328942010271163,-0.152591166961024,0.374296266755746,0.999638761172362,-0.0181921434878306,0.916130431651173,0.744804447959763,"blue",0.73166909064341,3.98165702873821e-07,2.28161910148128e-06,TRUE,TRUE
"K14671","blue",-0.187886373876607,0.272491973025782,0.501083317271266,0.549591302155262,0.000516922150966987,0.00124643317664419,-0.0603198459462026,0.726740398471198,0.369851535725518,0.798565665686943,5.34684105483334e-09,6.06000509548018e-08,-0.258253173140137,0.128319060692722,0.15318583258812,-0.146440335947232,0.394080199068245,0.337682447469181,0.137138007117039,0.42512130751827,0.481199368945263,-0.625856978555673,4.46111732428473e-05,0.00018545130427227,0.604442283445018,9.45693063095941e-05,0.000361212069509684,-0.111364040693601,0.517878558978527,0.399614058495613,-0.0225242956861969,0.896255800953526,0.999638761172362,-0.00760781356779225,0.964875313815622,0.752795572074831,"blue",0.798565665686943,5.34684105483334e-09,6.06000509548018e-08,TRUE,TRUE
"K14673","blue",-0.552898939097344,0.000470454755260954,0.0126478456104453,0.633388351530926,3.37948126903681e-05,0.000139105855376166,-0.372909223956576,0.0250921910853662,0.0319358938306992,0.703351796115989,1.71604147611883e-06,8.46266317410449e-06,0.141172930098758,0.411493011527767,0.346695746461892,0.0573885267727884,0.739547015988247,0.468803746555375,0.237073053000958,0.163868729594345,0.358731296022641,-0.28532493889765,0.0916418103564515,0.0745700257666237,0.230571877339023,0.176081409223792,0.125609665405711,-0.233175300992626,0.171115304411441,0.231853302387792,0.10216878355578,0.553225707187178,0.999638761172362,-0.314583970330332,0.0616718665247128,0.318211025861778,"blue",0.703351796115989,1.71604147611883e-06,8.46266317410449e-06,TRUE,TRUE
"K14743","blue",-0.19657321355605,0.250527533904938,0.480805939700746,0.453607490115451,0.00545991231333465,0.00824047916803438,-0.0476033193737365,0.782781456108406,0.386970415849446,0.762827209477812,6.36730440990467e-08,4.8844385622625e-07,-0.264120518499007,0.119569651873815,0.145840422739195,-0.037889442893932,0.826344559812175,0.492686911645429,0.261638450685456,0.123214769035417,0.332808964669976,-0.527350827925623,0.000950197091343008,0.00208486128024952,0.538055660537541,0.000712574524725949,0.00170905210533129,0.0909260789430738,0.597917613188632,0.431043806585404,0.0239033585525529,0.889941517479321,0.999638761172362,-0.117404537627099,0.495282583199871,0.652803645331337,"blue",0.762827209477812,6.36730440990467e-08,4.8844385622625e-07,TRUE,TRUE
"K14949","blue",-0.460731035480422,0.00468682060893829,0.0478344801197528,0.731633356841935,3.98945760350984e-07,3.55995988103298e-06,-0.332115532626714,0.0478226104151886,0.0531294649875352,0.89672077924483,1.38590950237696e-13,1.62788137358615e-11,0.0880579868180346,0.609564263635063,0.445749809478405,0.063381205259779,0.713443114632954,0.462046667851856,0.410680414852295,0.012847092590629,0.194380046349299,-0.490951662003228,0.00236343695482819,0.00438874203930909,0.439343941105671,0.00734282578811413,0.010773466148203,-0.271268621915616,0.109522810495229,0.183086427252305,0.0676636590270879,0.694981329988126,0.999638761172362,-0.118447406112252,0.491433076276,0.652522104677471,"blue",0.89672077924483,1.38590950237696e-13,1.62788137358615e-11,TRUE,TRUE
"K14956","black",-0.470755260739848,0.00375997390485029,0.0420039436602507,0.797297237557367,5.88664290645521e-09,1.28508389616316e-07,-0.606294733558095,8.88076399656319e-05,0.000310489968471873,0.516813409335421,0.00124996640003183,0.00232251246379263,0.371343019367884,0.0257583910307165,0.0456235876266586,0.108881030095571,0.527312235294036,0.39378552393672,0.157215198958886,0.359817324112762,0.453562356762148,-0.0181728638872398,0.916219001728255,0.401498463131216,-0.0160510973863351,0.925972190340254,0.419591675265378,-0.37913506855179,0.022583186253232,0.0752355741899028,-0.0615359271867764,0.721448574273387,0.999638761172362,0.0399388081765372,0.817106660699582,0.724724278932955,"black",0.797297237557367,5.88664290645521e-09,1.28508389616316e-07,TRUE,TRUE
"K15019","turquoise",0.522276956673535,0.00108550690547719,0.0208944021509899,-0.585173435444358,0.000177815346473532,0.000518808441812983,0.714619601193346,9.79679900780952e-07,6.18018823673496e-06,-0.22387352924915,0.189328346037331,0.132874737344586,-0.375505076302627,0.0240194150566458,0.0429463653827537,-0.137985966986758,0.422236551139666,0.349342881423141,-0.283384893375399,0.093966828571074,0.31405913359703,-0.290465812501473,0.0856942021114763,0.0707767608891938,0.283125037851835,0.0942816476183672,0.078183563433601,0.0619983925272282,0.719439461024118,0.471832712035723,-0.00356045263099423,0.983557703006449,0.999932767264777,-0.340097408227019,0.0424058337315192,0.271231261507491,"turquoise",0.714619601193346,9.79679900780952e-07,6.18018823673496e-06,TRUE,TRUE
"K15042","black",-0.627109813645234,4.26188454743936e-05,0.00377102600026738,0.896368588128307,1.46439039508237e-13,8.95114706989898e-12,-0.672153256284867,7.1451611763416e-06,3.63757964307801e-05,0.572062415235822,0.000267244406034846,0.000613311057997846,0.258311503320565,0.128229802620973,0.15318583258812,0.169152712087241,0.324020893707897,0.303535560145409,0.351473353878825,0.035552963507338,0.256458517762687,0.0182726740487303,0.915760486722207,0.401498463131216,0.00730890193719831,0.96625456337137,0.430048404390736,-0.129443321879252,0.45179591911043,0.374597740676704,-0.105694971477341,0.539538336498446,0.999638761172362,0.063526305079637,0.712814884336473,0.704130620767717,"black",0.896368588128307,1.46439039508237e-13,8.95114706989898e-12,TRUE,TRUE
"K15046","brown",-0.049446907239318,0.774582334771157,0.879253594636427,0.153215848731294,0.372320394297118,0.202029979960457,-0.422223547328061,0.0103133671612077,0.0155550262404799,-0.150126542044806,0.382152114130195,0.217420103887823,0.743160773746149,2.08735255536394e-07,3.88192977853873e-06,0.377502364729906,0.0232200996891208,0.0631968597082578,0.175723289770178,0.305299639697063,0.430455506465919,0.43517165382515,0.00798913941128537,0.0113446333257704,-0.470494748452996,0.00378187980714505,0.00643715136108984,-0.38944301792338,0.0188881351170442,0.0680552836462965,0.146879721639064,0.392647217145322,0.999638761172362,-0.235999168690759,0.165842831417845,0.466450787358167,"brown",0.743160773746149,2.08735255536394e-07,3.88192977853873e-06,TRUE,TRUE
"K15256","blue",-0.358327359209661,0.0318794551852981,0.154321231722879,0.704898960102441,1.5913463472284e-06,1.07905005613738e-05,-0.371981139873665,0.0254852186262091,0.0324076888228869,0.764197174565592,5.83727696755184e-08,4.59882643183885e-07,0.222425318222804,0.192282215748223,0.204816310578365,0.0573813096889419,0.739578633546105,0.468803746555375,0.396361417245098,0.0167028536528775,0.214361462491943,-0.377861061437497,0.0230789117226398,0.0263070829170857,0.306025472828746,0.0694964310201127,0.062348134086203,-0.379106844819854,0.0225940718144766,0.0752355741899028,-0.00140824336155612,0.993496311122371,0.999932767264777,-0.423919312476501,0.00997960006963002,0.14723025449185,"blue",0.764197174565592,5.83727696755184e-08,4.59882643183885e-07,TRUE,TRUE
"K15314","blue",-0.393884432747738,0.0174595169790488,0.111802773096153,0.717768456359064,8.33661862648526e-07,6.36974092102772e-06,-0.223092595956948,0.190917196786402,0.14742253974435,0.838159784103771,1.79345861400958e-10,3.92753364687954e-09,-0.0343467771286682,0.842367388546562,0.536781821581897,-0.21135342547795,0.215937696254142,0.239974072662286,0.286692469278542,0.0900296256327588,0.31332436628903,-0.598719560522819,0.00011455822620727,0.000407314204995052,0.475637258495989,0.00336933845444431,0.00592089983276009,-0.383673718967907,0.0208884062960732,0.0718880641463504,-0.128873316729464,0.453807187641359,0.999638761172362,-0.226579577459265,0.183894805454036,0.479746254242976,"blue",0.838159784103771,1.79345861400958e-10,3.92753364687954e-09,TRUE,TRUE
"K15315","blue",-0.467502201538045,0.00404156728397438,0.0438646180588788,0.782310382095539,1.74675487780477e-08,3.14032696769451e-07,-0.333357468167352,0.0469450944693964,0.0525569987225245,0.791949164140642,8.76629221891016e-09,9.13429061560591e-08,-0.0183351284960369,0.915473592654012,0.558250662915344,-0.200605840977975,0.240744244903925,0.254797335588561,0.280116557861092,0.0979855159140205,0.31405913359703,-0.471424278080694,0.00370422134474426,0.00611518800778233,0.386732403217841,0.0198070460523217,0.023320926372045,-0.342683167783532,0.0407613849554041,0.111572731278446,-0.0855369715583109,0.619880251767218,0.999638761172362,-0.00469768217010515,0.978307023015837,0.754575120686298,"blue",0.791949164140642,8.76629221891016e-09,9.13429061560591e-08,TRUE,TRUE
"K15512","turquoise",0.587789168238368,0.000163590397501706,0.00728985702839794,-0.731726625743044,3.96912677699995e-07,3.55995988103298e-06,0.777534937867992,2.42698975882292e-08,2.36334441198415e-07,-0.36891666754464,0.0268192542662026,0.0303697781855606,-0.635053368538064,3.17510437972513e-05,0.000210349291273281,-0.080637649277692,0.640132571831844,0.435217010084738,-0.24333088475126,0.15270061291154,0.354903057497413,-0.25667170951381,0.130756662512573,0.0985859893094977,0.291105557129785,0.0849754156664143,0.0726470428139991,0.393724828383512,0.0175092407160864,0.0653544283542844,0.0364609338795491,0.832797516723281,0.999638761172362,0.278699967822814,0.0997675156213496,0.38406372296277,"turquoise",0.777534937867992,2.42698975882292e-08,2.36334441198415e-07,TRUE,TRUE
"K15526","red",0.0173849229965856,0.919839623528812,0.957746266204008,0.0839506347941155,0.626408528730455,0.283415849825079,0.437715118468947,0.00758960202767012,0.0121544733829878,0.512595847762385,0.00139155593937295,0.00252878341884693,-0.481697671486899,0.00293385388816587,0.00807945716709601,-0.299370696125495,0.0761020183775418,0.131252061210138,0.0958152440802994,0.578290066253584,0.530593185620172,-0.714074397944712,1.00722574317533e-06,1.06609941647776e-05,0.726980228812012,5.13419996079898e-07,7.17107168793762e-06,-0.0515308909025636,0.765342954473607,0.482449848242244,0.00742785695518306,0.965705664775016,0.999638761172362,-0.0764531568890994,0.657635837632796,0.694548147761325,"red",0.726980228812012,5.13419996079898e-07,7.17107168793762e-06,TRUE,TRUE
"K15532","green",-0.239474677313589,0.159515179194858,0.381184723970737,0.13135535716646,0.445084573538198,0.226905582078363,-0.534219445258589,0.000790851043228667,0.00187188669882278,-0.465343438334494,0.00423836510607512,0.00656618147418283,0.579982207743239,0.00020937604586207,0.000957556033296805,0.413589999429933,0.0121634837375739,0.0453309376731017,-0.0443443425959242,0.797331350474553,0.58457741624725,0.849353405315411,5.80790056936821e-11,4.43977445798444e-09,-0.746746649701742,1.69458330338351e-07,3.21894174006454e-06,0.0494290526154278,0.774661627454112,0.485333090257222,0.0656468036365233,0.703655301548936,0.999638761172362,0.12108839844488,0.481753531824578,0.649143710547686,"green",0.849353405315411,5.80790056936821e-11,4.43977445798444e-09,TRUE,TRUE
"K15539","blue",-0.441194872460569,0.0070707707768853,0.0621178789658661,0.709970742521461,1.23850391318841e-06,8.60273474299625e-06,-0.374933897365554,0.0242521446300576,0.0312392098821799,0.774791480555833,2.92118834731205e-08,2.50954674064996e-07,0.0805994904625347,0.640291343124788,0.457382806629554,0.0155025926489836,0.928495305290924,0.523364650888227,0.355036373640009,0.0336025051392959,0.256458517762687,-0.384173428830722,0.0207084560515898,0.0241540387377853,0.302942914150035,0.072497968177022,0.0645935016132809,-0.291678748575357,0.0843353680017986,0.161315794312132,-0.221385965838834,0.194421994154551,0.999638761172362,-0.156920554501052,0.360729771773965,0.598951822841096,"blue",0.774791480555833,2.92118834731205e-08,2.50954674064996e-07,TRUE,TRUE
"K15555","blue",-0.173378061499753,0.311901500717521,0.53813178495503,0.5372698884943,0.00072802380500049,0.00160652553245834,0.0493093363291756,0.77519334743161,0.384198494051106,0.740629154164448,2.41339565430683e-07,1.52614184441246e-06,-0.316262391413711,0.0602224452301719,0.0871228655023803,-0.00921064804504901,0.95748126297313,0.531097419727397,0.0718127719015929,0.67725754801009,0.557166878111689,-0.615914457380863,6.36658537244807e-05,0.000247580332970183,0.608503903512572,8.23512896157083e-05,0.000326804037058222,0.0516625867787852,0.764760133578363,0.482393306258826,-0.0519590882520312,0.763448430606173,0.999638761172362,-0.141972331785456,0.408822679818466,0.615290059419485,"blue",0.740629154164448,2.41339565430683e-07,1.52614184441246e-06,TRUE,TRUE
"K15580","green",-0.107455252694478,0.532766747077159,0.720020867570418,-0.0424485883586613,0.805826444401859,0.33046947919974,-0.536398791067533,0.000745497099197146,0.00179414260629587,-0.623114542024588,4.92695016354776e-05,0.00014701811145437,0.571681176273986,0.000270360000943186,0.001170803079533,0.234777829769103,0.168108694229217,0.208761132013056,-0.0863018682860635,0.616742616261796,0.540890361213743,0.936926328614696,4.34489145283245e-17,5.93843462687206e-14,-0.888013062082452,5.12080994119929e-13,1.82385422161215e-10,0.0642035833373066,0.709884978557601,0.46835028246012,0.130267947834285,0.448894758768609,0.999638761172362,0.177984011086411,0.299020128819636,0.561035150805975,"green",0.936926328614696,4.34489145283245e-17,5.93843462687206e-14,TRUE,TRUE
"K15582","green",-0.193764334110796,0.257496454617914,0.488417473394796,0.186749982738757,0.275455556381067,0.162601016054457,-0.52588133430151,0.00098776057558094,0.0022323485322663,-0.312011620299259,0.0639466121427776,0.0596945057268775,0.50606858078121,0.00163855362510243,0.00504693940718127,0.488340609945281,0.00251361915056975,0.0191612216989767,-0.147928658355494,0.38923850980233,0.466129048206643,0.722989535479333,6.34879409848536e-07,7.87996703040924e-06,-0.608084777604938,8.35426410991255e-05,0.0003296950719981,0.213541787915691,0.211110598619236,0.258292950772788,0.201256282885748,0.239190669102077,0.999638761172362,0.0842294486132276,0.625259076111745,0.691827526007043,"green",0.722989535479333,6.34879409848536e-07,7.87996703040924e-06,TRUE,TRUE
"K15620","blue",-0.224340144757619,0.188383446008465,0.416821920063447,0.723449603692042,6.19641232037046e-07,5.01666589300623e-06,-0.206456243333306,0.227013411224385,0.166605826869178,0.754621906203831,1.05900468746318e-07,7.27814325959041e-07,-0.0392068824218212,0.820403236675121,0.5286246458389,-0.152020952699523,0.376105253762928,0.331041680453136,0.421356550025558,0.0104876456580088,0.175940426168176,-0.480438132361906,0.00302008737987014,0.00530051034726822,0.461688337381386,0.00459051368795052,0.00747419958083639,-0.281848567436682,0.0958398497928981,0.17220759197285,-0.113877917601948,0.508413337192835,0.999638761172362,-0.0703717690255603,0.683394346352466,0.699878294161739,"blue",0.754621906203831,1.05900468746318e-07,7.27814325959041e-07,TRUE,TRUE
"K15642","blue",-0.461354447475439,0.00462390770074102,0.0478344801197528,0.606164106223171,8.92033111547699e-05,0.000305467194310049,-0.2038639101215,0.233030262836325,0.169989807806297,0.704556055863014,1.61824377173476e-06,8.1041002522137e-06,0.0810499541718518,0.638418057367118,0.456592886945429,0.138628492717574,0.420057998015053,0.348853723453945,0.0216086776182498,0.90045161424642,0.607423725309158,-0.424970329311366,0.0097773809469071,0.0133852711155739,0.412450598926,0.0124274275384274,0.0163479853446796,-0.225877722141956,0.185293362180995,0.241774253222507,0.0602754550436508,0.726933804674962,0.999638761172362,-0.216799968965671,0.204062626232616,0.500489211323292,"blue",0.704556055863014,1.61824377173476e-06,8.1041002522137e-06,TRUE,TRUE
"K15734","purple",-0.0689382476335913,0.689519173593011,0.829820892230139,-0.0390307548904958,0.821196965653254,0.334194443181047,0.146025026082637,0.395437436609006,0.246350605825608,0.207319686669844,0.225033049240609,0.150135664917387,-0.144383139629871,0.400829492962769,0.33985744110365,0.388435396626672,0.0192254764002454,0.0572829438109757,0.0418209230507246,0.808643966130544,0.58879198968087,-0.152333560918333,0.375112876543236,0.215962483128291,0.260694665582985,0.124622320466686,0.0971275924007475,0.400376819540679,0.0155347039060844,0.0604109930340731,0.776943688952479,2.52644581597623e-08,4.5658490218726e-06,-0.0243757613901459,0.887780050094577,0.736924244848099,"purple",0.776943688952479,2.52644581597623e-08,4.5658490218726e-06,TRUE,TRUE
"K15770","black",-0.58687632161972,0.000168434162934304,0.00740427475709851,0.763598992169856,6.06348535155139e-08,8.72077785367463e-07,-0.660046633230519,1.18884443428356e-05,5.71744643600794e-05,0.594013363309882,0.000133761877264221,0.000344085884973129,0.341971562338745,0.0412087049811049,0.0652740586433714,0.159342325588838,0.35327124238622,0.319998339153268,0.323109245601328,0.0545869523067187,0.282482919236655,0.00867150196666957,0.959968043162715,0.412009754844475,-0.0056122227042317,0.974085156879689,0.432587556610492,-0.188969676380942,0.269686311486386,0.287629521527919,0.157746279896498,0.358176186165775,0.999638761172362,0.00413680495987905,0.980896539411819,0.754774189932854,"black",0.763598992169856,6.06348535155139e-08,8.72077785367463e-07,TRUE,TRUE
"K15777","turquoise",0.699685213566828,2.04812218371141e-06,0.00075576353432587,-0.724997647161426,5.70801437341147e-07,4.81247927866324e-06,0.894367439931168,1.995151650834e-13,9.04630600906674e-12,-0.20326413903233,0.234437584269595,0.15391562497785,-0.518244880391594,0.00120488313453922,0.00392911072482199,-0.281718446539702,0.095999788857928,0.151611138722053,-0.163797642794167,0.339795331347106,0.444056264873514,-0.458355891903466,0.00493333967795665,0.00770511901986347,0.432166540287276,0.00848423925304368,0.0120630365098644,0.143528184321551,0.403653833858138,0.352897352008905,0.0612808749036605,0.722557398623475,0.999638761172362,-0.287961777641386,0.0885528248622755,0.362903021375588,"turquoise",0.894367439931168,1.995151650834e-13,9.04630600906674e-12,TRUE,TRUE
"K15781","blue",-0.148060237113707,0.388812138644414,0.607230218360684,0.251611814002447,0.138786225292109,0.0991626607202211,0.213008323872691,0.212280385888159,0.159032677595032,0.739807590892525,2.52888798540252e-07,1.57848265586734e-06,-0.308890484191555,0.0667949240243175,0.0939529509265243,-0.0299235620474731,0.862459902521529,0.504219508417682,0.172986379754408,0.313012783116251,0.434580182688304,-0.7068293589324,1.44742151027242e-06,1.40255828793032e-05,0.670336940699581,7.72373413919582e-06,5.55742464832931e-05,-0.0403667747256085,0.815180536516977,0.494232475179097,0.0661639091634889,0.701427799541707,0.999638761172362,-0.309296148771904,0.0664191783858908,0.327502699869239,"blue",0.739807590892525,2.52888798540252e-07,1.57848265586734e-06,TRUE,TRUE
"K15836","green",-0.022900218384103,0.894533933519931,0.947239220618598,-0.198826128019966,0.245029715074182,0.149178715480278,-0.316382860222254,0.0601194592432118,0.0629357158396087,-0.538306216156098,0.000707709782492809,0.00140676776673061,0.387048492948623,0.0196980072318238,0.0368968819314936,0.411140851169466,0.012736799576242,0.0466595898936557,-0.132340158798204,0.441649171044263,0.490474605528489,0.715133849681013,9.54333378020126e-07,1.02589847629125e-05,-0.64907291707029,1.8500596630186e-05,0.000108024860419941,0.348472849493653,0.0372661432668368,0.104933885930144,0.0237809580583121,0.890501685991791,0.999638761172362,0.258960063452795,0.12724046550023,0.423328411018162,"green",0.715133849681013,9.54333378020126e-07,1.02589847629125e-05,TRUE,TRUE
"K15862","green",-0.244431201626455,0.150795552766275,0.372183560810843,0.218366905103059,0.200731991998846,0.128935756049956,-0.58125843178639,0.000201183988885042,0.000619751873815865,-0.321563081514647,0.0558213213308943,0.053617810372685,0.441310277420576,0.00705409825607989,0.0165955977354282,0.349608548291722,0.0366099757714752,0.0838318018555332,-0.128858138426823,0.453860810264862,0.495725035988501,0.747438037639049,1.627180656731e-07,2.41556971998456e-06,-0.614505424520189,6.68920059959838e-05,0.000281392360684645,0.102047129330911,0.553700808250448,0.411890649323451,0.0615183478713238,0.721524981373525,0.999638761172362,0.339321996024548,0.042909276736673,0.27374397632576,"green",0.747438037639049,1.627180656731e-07,2.41556971998456e-06,TRUE,TRUE
"K15920","black",-0.367611139765303,0.0274048069640923,0.140833865804411,0.780150602167437,2.02893434182699e-08,3.54341296455417e-07,-0.409052379332893,0.0132435647631041,0.0189314639319778,0.651339352167212,1.69100582252535e-05,5.88913838967042e-05,-0.01467238080305,0.932315568064663,0.562425425319381,0.0786332183104639,0.648493763246563,0.437690805740723,0.288656565254631,0.0877523960500878,0.31332436628903,-0.217130416665033,0.203357061289442,0.138821739264052,0.261742980772631,0.12305960618437,0.0962697020220389,0.00582260887117658,0.973114028502623,0.534880843888952,-0.0372618140683061,0.82917837346662,0.999638761172362,0.11889746790693,0.489776530803201,0.65214427132559,"black",0.780150602167437,2.02893434182699e-08,3.54341296455417e-07,TRUE,TRUE
"K15921","black",-0.368648695339824,0.0269385956554509,0.14038708344361,0.843932177635798,1.01376965094887e-10,4.13113937882348e-09,-0.555268984525991,0.000439484688945294,0.00118966394788048,0.486502202864653,0.00262429723447919,0.00435826860109805,0.340461016376313,0.0421714066885827,0.0662983906679466,0.074763861067317,0.664753766845494,0.442893537200594,0.316632283722718,0.0599066761071061,0.288086804743774,-0.0253624076317485,0.883268262542138,0.393449464185446,0.0421443993984155,0.807191617443129,0.384349668452147,-0.348962232784608,0.0369822321034486,0.104635096185864,-0.0549786977749823,0.750127385316001,0.999638761172362,0.0551884023222424,0.749204859245337,0.71080685766148,"black",0.843932177635798,1.01376965094887e-10,4.13113937882348e-09,TRUE,TRUE
"K15923","black",-0.652286337000207,1.62831180142056e-05,0.0023029992565309,0.93405194412257,9.06320423603323e-17,1.1079842412747e-14,-0.631832989413172,3.58108997045776e-05,0.000147192563104895,0.710170310905368,1.22621589156025e-06,6.28705075003546e-06,0.225614032702213,0.185820741244956,0.199573660696596,0.0683188230395188,0.69217176285797,0.452985280505396,0.345549767911993,0.0389990511672176,0.257197452504772,-0.117485249107952,0.494984107410567,0.264810091694267,0.09513770801518,0.580992690168847,0.309427094062159,-0.292973919341415,0.0829028527608731,0.15978751739808,-0.0684122762258028,0.691771332138053,0.999638761172362,0.0698498066210121,0.685622191251318,0.699878294161739,"black",0.93405194412257,9.06320423603323e-17,1.1079842412747e-14,TRUE,TRUE
"K15924","black",-0.569841019132961,0.000285859875804567,0.0101507755817042,0.818604275194716,1.06263444923565e-09,2.88684318929385e-08,-0.471698013121153,0.00368161729095441,0.00668555094713395,0.709984536440833,1.23765096046994e-06,6.32059886241252e-06,0.134128011514749,0.435449612499197,0.359972823815792,0.0153007249909435,0.929424068176722,0.523474074469133,0.395931283353936,0.0168322413960512,0.214680250284095,-0.254965334534509,0.133425087205628,0.100284865783079,0.250567774838448,0.140487191943311,0.106517608837216,-0.236647077430638,0.164649759006922,0.226570462206872,-0.107876184714597,0.531153580490459,0.999638761172362,0.0837328421407321,0.62730701578321,0.691827526007043,"black",0.818604275194716,1.06263444923565e-09,2.88684318929385e-08,TRUE,TRUE
"K15932","turquoise",0.661769090930771,1.10731483550059e-05,0.00177362503350215,-0.656131513749705,1.39486383414762e-05,6.83557428152919e-05,0.880785213258733,1.39988695196144e-12,4.95398229182687e-11,-0.132780423015635,0.440118048150117,0.240141957725594,-0.552537283020276,0.000475347658731989,0.0018391597051479,-0.299418552498589,0.0760528304053394,0.131252061210138,-0.150371656935876,0.381366529658954,0.463100217930595,-0.523708151678494,0.00104571733318567,0.00224827055922988,0.47850150143279,0.0031569826249709,0.00565739522829306,0.165298023708969,0.335329002561415,0.320999846631325,-0.0374383050338668,0.828381281022943,0.999638761172362,-0.288628306834117,0.0877848420113814,0.362726111052592,"turquoise",0.880785213258733,1.39988695196144e-12,4.95398229182687e-11,TRUE,TRUE
"K15949","blue",-0.511063566224948,0.00144638749123077,0.0245057214009046,0.770828165607636,3.80092723278878e-08,5.88185454912264e-07,-0.411625223847041,0.0126216374216806,0.018240104760425,0.735376698953294,3.24443743757152e-07,1.93179143792249e-06,0.110268441329939,0.52203075500718,0.402635981032075,-0.282560160359739,0.0949687903443858,0.150930442408222,0.28979696485841,0.0864506952152234,0.31332436628903,-0.392114512036977,0.0180175891775384,0.0215957868825325,0.257476928551412,0.129511281249405,0.0999742318767355,-0.473913126742844,0.00350306300069067,0.0243491092863942,-0.178812299340699,0.296740188441058,0.999638761172362,-0.160844836308989,0.348691018355231,0.594964916798725,"blue",0.735376698953294,3.24443743757152e-07,1.93179143792249e-06,TRUE,TRUE
"K15973","turquoise",0.553381378201255,0.000463997571697263,0.0126478456104453,-0.414820031580003,0.0118838838657088,0.0148701603630035,0.844016781328412,1.00515801320698e-10,2.14472081885811e-09,0.195609637993732,0.252903876938564,0.162489006397307,-0.734399214586912,3.42550966929146e-07,5.3897901671915e-06,-0.439502800718271,0.00731912968951431,0.0341864332009645,-0.0772546347610062,0.654269067513721,0.550473903662465,-0.771101009294689,3.73328696330937e-08,7.55434303540692e-07,0.712826272479954,1.07298289472611e-06,1.2036508709537e-05,0.100837065598478,0.558436878363043,0.414108492155939,-0.0981797722049202,0.568902733288229,0.999638761172362,-0.216038450871432,0.205695076050009,0.501629369923297,"turquoise",0.844016781328412,1.00515801320698e-10,2.14472081885811e-09,TRUE,TRUE
"K15975","turquoise",0.770051385389525,3.99975012354084e-08,0.0001240805487328,-0.833649271476442,2.75847934183342e-10,9.36739970470034e-09,0.810866540242478,2.02818056810885e-09,2.6997618773534e-08,-0.474574441293383,0.00345123591659956,0.0054579953021372,-0.488975642192626,0.00247634684176531,0.00703101028882783,-0.260203742371877,0.125359195931681,0.176421337387852,-0.347483226658636,0.0378456773994977,0.257197452504772,-0.186060657227612,0.277263437969202,0.173888243914038,0.161503637634187,0.346694158965861,0.210807322871153,0.227812825218534,0.181455481008665,0.238477764209588,-0.0144017824196139,0.93356106651065,0.999638761172362,-0.146823166663205,0.392831492251924,0.611827732704801,"turquoise",0.810866540242478,2.02818056810885e-09,2.6997618773534e-08,TRUE,TRUE
"K15980","blue",-0.425890222745034,0.00960326161461492,0.0756402179959863,0.623815971342211,4.80379635620468e-05,0.000184675500693678,-0.236593339238362,0.164748478215628,0.131992210568786,0.794554227234355,7.23109180638125e-09,7.78579914869475e-08,-0.144429045548789,0.400678164424776,0.33985744110365,0.181074365035266,0.290570374077062,0.285210948421459,0.383675242995534,0.020887855507678,0.231052364745916,-0.404198784176243,0.0144873581711278,0.0182556064040351,0.455855747781509,0.00520484842456541,0.00829075868191126,0.07019682757329,0.684140740915962,0.461365014863297,-0.0582068949237588,0.735964538634391,0.999638761172362,0.105778816074196,0.53921486535457,0.663674545876443,"blue",0.794554227234355,7.23109180638125e-09,7.78579914869475e-08,TRUE,TRUE
"K16011","greenyellow",-0.27954702005838,0.0986990240925584,0.291614827768476,0.310507463088293,0.0653070891101968,0.0564628419768311,-0.164068883101136,0.338985218987651,0.221375557420679,0.404121290775023,0.014507987788095,0.0183057611439739,-0.00955942049778282,0.95587277920804,0.570019396417309,0.0515352503417869,0.76532365971624,0.476373825835541,0.882028095587251,1.18310693680395e-12,3.47057935338702e-10,-0.218081512929804,0.201335773517195,0.137828532126914,0.260692457511666,0.124625627542164,0.0971275924007475,0.0641655551924305,0.710049380266338,0.46835028246012,0.071334030988337,0.67929411666517,0.999638761172362,0.242887547223174,0.15347311790512,0.450888932729276,"greenyellow",0.882028095587251,1.18310693680395e-12,3.47057935338702e-10,TRUE,TRUE
"K16019","blue",0.0398544112295897,0.81748662607214,0.906660406053262,0.27509418630839,0.104414747712339,0.0800802357787661,0.205772046568645,0.228591063705967,0.167594126899982,0.731626749202127,3.99090156935063e-07,2.28161910148128e-06,-0.269268250269726,0.112267789034003,0.139876153709126,0.00224226134398403,0.989644734872261,0.53935916102889,0.179566070224184,0.29467504171198,0.426720140105485,-0.758533269424457,8.33023623030019e-08,1.39784077854865e-06,0.752389236086403,1.21211194366752e-07,2.53948279426553e-06,-0.192228483888941,0.261360741756475,0.28448433146304,-0.00246955455108352,0.988595109072153,0.999932767264777,-0.102073699366546,0.553597026950198,0.667773390318276,"blue",0.731626749202127,3.99090156935063e-07,2.28161910148128e-06,TRUE,TRUE
"K16047","blue",-0.460332376060925,0.00472743875783159,0.0480573696225817,0.791566606089058,9.01561470464573e-09,1.83694396926371e-07,-0.32575028914272,0.0525288610373758,0.0571759218962117,0.882732376667259,1.074621677811e-12,5.78528717951439e-11,0.0567125197114349,0.742510375489796,0.500307308379282,-0.0755354373692515,0.66149906386444,0.442398936220873,0.34500409828208,0.0393296691126866,0.257197452504772,-0.536950245297409,0.000734392878725224,0.00169549470566266,0.43980305948917,0.00727452081008114,0.0107396105795565,-0.381044806368209,0.0218566661629785,0.0737124057016275,-0.131190312892256,0.445661737577072,0.999638761172362,-0.216507967006321,0.204687516879488,0.50065199109406,"blue",0.882732376667259,1.074621677811e-12,5.78528717951439e-11,TRUE,TRUE
"K16048","blue",-0.0352319659760589,0.838357733494806,0.917315071328155,0.386150342121466,0.0200091512226585,0.0223595552713456,0.148746838585148,0.386591667150733,0.242401037930346,0.718386050162324,8.07481927247229e-07,4.25840823640853e-06,-0.28268986661466,0.0948106719005648,0.122611801827606,-0.0583440816947791,0.73536452564733,0.468320575745819,0.23897894126962,0.160406908957313,0.357851259379074,-0.651464872855681,1.68257162682799e-05,8.57480076009964e-05,0.64460593570983,2.20396332629498e-05,0.000121701551397265,0.013335984812723,0.938468156696528,0.526245012080693,-0.015825415026764,0.927010241674658,0.999638761172362,-0.192779769866201,0.259969294188275,0.541980523325903,"blue",0.718386050162324,8.07481927247229e-07,4.25840823640853e-06,TRUE,TRUE
"K16087","brown",-0.381712629539614,0.0216072346949203,0.122881703605902,0.398792397941518,0.0159871648678623,0.0186314983425799,-0.631106177211998,3.67898385759404e-05,0.000149101746472766,0.0171037868838282,0.92113184394444,0.377107672419898,0.705483227446458,1.54645857932747e-06,1.92097896975189e-05,0.120147033923092,0.485192334943038,0.37704199521404,0.0995018300386894,0.56368457647069,0.527324130655555,0.365967546449502,0.0281569222497963,0.0305385891100325,-0.395372249702633,0.017001657540993,0.0207199264621297,-0.49109020347484,0.00235569224493964,0.0188189386369538,0.000696806894882156,0.996781911725955,0.999932767264777,-0.0135501244798472,0.937482040981118,0.749265719233096,"brown",0.705483227446458,1.54645857932747e-06,1.92097896975189e-05,TRUE,TRUE
"K16089","brown",-0.256067087984847,0.131697607308282,0.341364395676368,0.198185937977994,0.246583687559036,0.149975425346642,-0.485655588806812,0.00267668015629214,0.00508999413947224,-0.0709524990826022,0.68091876048313,0.31353656773232,0.723218713834407,6.27246143707887e-07,9.1100876140859e-06,0.367196199012686,0.0275931058297484,0.0714541361424229,0.198235179351966,0.246463927389524,0.400630758516706,0.40691032179674,0.0137809061859863,0.0176722682478303,-0.384040055668718,0.0207563582759828,0.0242184838381488,-0.367109465547704,0.0276325995340272,0.0860799441200518,0.392663452497513,0.0178429296445312,0.682859413337176,-0.095792789335837,0.578379545463026,0.672609821045075,"brown",0.723218713834407,6.27246143707887e-07,9.1100876140859e-06,TRUE,TRUE
"K16092","greenyellow",-0.10347416363264,0.548139801658878,0.733785504031412,0.274449279803644,0.105262947461219,0.0805953179662741,-0.326913111895336,0.0516425735964164,0.0564228660885869,0.22104536604966,0.195126823907299,0.135691246653237,0.446735827940273,0.0063073741140117,0.0152094929321828,0.0660663428330325,0.701847892833783,0.456889765818546,0.784734738961504,1.47350829297362e-08,1.68095503912846e-06,-0.00304598152217576,0.985933293925785,0.418455001273291,-0.0491624086558027,0.7758460644123,0.375192610045532,-0.353368539228475,0.0345043366981716,0.0992970347860244,0.143470478332223,0.403844874368641,0.999638761172362,-0.0961090056401399,0.577120038099093,0.672609821045075,"greenyellow",0.784734738961504,1.47350829297362e-08,1.68095503912846e-06,TRUE,TRUE
"K16130","pink",-0.0264450872569263,0.878321492098776,0.937394952033241,-0.220112983630573,0.197065424662716,0.127535266014801,0.3053603506825,0.0701356813572772,0.0704233230761994,0.00102313949527862,0.995274812318086,0.395554755871075,-0.37802049447463,0.0230163855862374,0.0416658956805609,0.323693592364372,0.0541261435838562,0.106255236294843,0.042315745025742,0.806422564217168,0.588198541289759,-0.0343719948714261,0.842253104771079,0.382139685926938,0.237874050201768,0.162407322040029,0.11784520697325,0.797489928023173,5.8015110634546e-09,9.31144939264896e-07,0.163976756929648,0.339260239022297,0.999638761172362,-0.0760025863600663,0.659531472808952,0.694683637761072,"pink",0.797489928023173,5.8015110634546e-09,9.31144939264896e-07,TRUE,TRUE
"K16137","red",0.168084427350295,0.327130770808558,0.551662207071146,-0.0189843495573993,0.912491925697528,0.354361167031408,0.551987848327848,0.000482867751940939,0.00128316025898182,0.522257000924191,0.00108607102624129,0.00206362072966531,-0.662295797414218,1.08342056134234e-05,8.97201792343087e-05,-0.474239705308386,0.00347738523475389,0.0230200821060953,0.0422669562441746,0.806641525488185,0.588198541289759,-0.861802074021117,1.48220042446046e-11,1.71230619238462e-09,0.750536423524298,1.3543997373454e-07,2.75651447672499e-06,0.0324065998218224,0.851169376030311,0.504445595360058,-0.195855628083317,0.252295802528159,0.999638761172362,-0.224556133852536,0.187947193120233,0.484272219893085,"red",0.750536423524298,1.3543997373454e-07,2.75651447672499e-06,TRUE,TRUE
"K16147","pink",0.179236325293156,0.295577326961702,0.52199405244648,-0.164464135375506,0.337806841658983,0.188399483614395,0.356996826269407,0.0325671570176303,0.0395088154939918,-0.00167984053681292,0.992242028867729,0.395200367520186,-0.687787328395169,3.57303645274391e-06,3.81146632165089e-05,-0.174536963587019,0.308628021599752,0.295774746335062,-0.211039168916309,0.216637065639917,0.386363131145357,-0.195635502638919,0.252839895079094,0.162648123703641,0.246311698158626,0.147579853841444,0.110542178739279,0.731892358880358,3.93323512646109e-07,2.48005164835118e-05,-0.0606337168250865,0.725373373281244,0.999638761172362,0.210678359790055,0.217441954315947,0.513578888219158,"pink",0.731892358880358,3.93323512646109e-07,2.48005164835118e-05,TRUE,TRUE
"K16153","blue",-0.344163112427167,0.0398436636916193,0.174552132714659,0.658555790680706,1.26378237579466e-05,6.30605895976121e-05,-0.186715181336133,0.275546644811871,0.191657652356542,0.873780434982952,3.49391602402057e-12,1.55666453547593e-10,-0.0186404521015226,0.914071193947722,0.558250662915344,0.0787170200703274,0.648143338191517,0.437690805740723,0.358991734047304,0.0315405413592318,0.256458517762687,-0.537203589854912,0.00072934080368543,0.00168950043171377,0.533306277563994,0.00081057008871281,0.00188999571749928,-0.151969737683793,0.37626798364694,0.338584529581695,0.0837134466254061,0.627387056137863,0.999638761172362,-0.228830998434021,0.179458919917663,0.476111321320353,"blue",0.873780434982952,3.49391602402057e-12,1.55666453547593e-10,TRUE,TRUE
"K16217","blue",-0.355175589591376,0.0335281071056564,0.158297434564151,0.680439373094872,4.97451109986732e-06,2.84176687537371e-05,-0.144279519467696,0.401171196607247,0.249059581375524,0.853635534834515,3.68271208385289e-11,1.10657251208532e-09,-0.209255394708678,0.220636299581046,0.225060071442069,-0.17890235800007,0.296492964788562,0.288929535560324,0.249949543301929,0.141501615452521,0.349156178723164,-0.630186735921543,3.80629289195564e-05,0.000165740773797346,0.574269140462815,0.00024983307806621,0.000767084866762408,-0.238152721146866,0.161901099721008,0.224185986245866,-0.188934995210819,0.269775838384395,0.999638761172362,0.0315634365191934,0.855000140728136,0.729274262773737,"blue",0.853635534834515,3.68271208385289e-11,1.10657251208532e-09,TRUE,TRUE
"K16218","blue",-0.364417435032598,0.0288817428023648,0.14543701135618,0.733080582809105,3.68452465394248e-07,3.38655280544315e-06,-0.152805672523294,0.373617087183282,0.236205160341359,0.922030189919092,1.42178352962141e-15,4.01278293478202e-13,-0.115490753751739,0.502386676827957,0.393431210579411,-0.0846789165773075,0.623407907639127,0.428960406704112,0.307733392495429,0.0678758640703837,0.302956412686892,-0.646476027747986,2.04893313292428e-05,0.000100689456086863,0.602756722755598,0.000100102228915635,0.000376284210142988,-0.247995103469809,0.144743901773588,0.212144060412176,-0.0481048101077183,0.780548816950449,0.999638761172362,-0.136587358074938,0.427000485536226,0.622353618956722,"blue",0.922030189919092,1.42178352962141e-15,4.01278293478202e-13,TRUE,TRUE
"K16263","greenyellow",-0.0433187615477405,0.801924317317888,0.89675483129429,0.185998246803041,0.27742750087981,0.16360705391593,-0.0383336671327097,0.824340140839537,0.398685585842027,0.336856815253656,0.0445419461298956,0.0447516225823239,-0.016100971861493,0.925742803274637,0.560358961540175,-0.0487421112077423,0.777714043243142,0.479129689162882,0.8088819816572,2.3826280834086e-09,2.87795072005686e-07,-0.27236766674469,0.108036392293271,0.0849466517207103,0.25382595015202,0.135229123840557,0.103411499626679,-0.0660378481136715,0.701970599541756,0.466527977524683,0.0235896615145979,0.891377263228001,0.999638761172362,0.0316716488587534,0.854508312408329,0.729274262773737,"greenyellow",0.8088819816572,2.3826280834086e-09,2.87795072005686e-07,TRUE,TRUE
"K16329","blue",-0.245629249858108,0.148741019841008,0.369354608811298,0.541345129711034,0.000651008404252662,0.00147929958784069,-0.140024427302402,0.415346734454252,0.255093124756233,0.70187789629321,1.84309771028241e-06,8.95706873897831e-06,0.00287666401237327,0.986715151337725,0.576610763496534,-0.01358825796308,0.93730644540142,0.525806868254753,0.144183029074781,0.40148953887686,0.472643098032902,-0.497514342775393,0.0020200721232292,0.00386054500627196,0.452705382236595,0.00556524343629612,0.00872231445433872,-0.286020351380931,0.0908192408760412,0.16736632259922,-0.109563657683212,0.524710416261855,0.999638761172362,-0.24273475271427,0.153740015103182,0.450888932729276,"blue",0.70187789629321,1.84309771028241e-06,8.95706873897831e-06,TRUE,TRUE
"K16423","blue",-0.554347039245209,0.000451309285073037,0.0126478456104453,0.760879757303037,7.19751784353541e-08,1.01138221962585e-06,-0.320404905468376,0.0567604052674545,0.060611224913282,0.778801173390749,2.22605391913423e-08,2.05441515681126e-07,-0.0709093217025093,0.681102708184339,0.474951487012903,-0.174549130001088,0.308593771398712,0.295774746335062,0.199669639289019,0.242992248351197,0.398850238969434,-0.449462307447764,0.0059584953698425,0.0089788477506221,0.370887439672656,0.0259548953247618,0.0286033757392599,-0.276513650293796,0.102566098499942,0.177806915302955,-0.0825107639165558,0.632358372672739,0.999638761172362,-0.0453530605153571,0.792820431114028,0.72187316526232,"blue",0.778801173390749,2.22605391913423e-08,2.05441515681126e-07,TRUE,TRUE
"K16568","turquoise",0.23727408698302,0.163501059777799,0.386551807247045,-0.328575445886144,0.0503963592875327,0.0465094855189724,0.716262810230794,9.00786150825936e-07,5.73234333723021e-06,0.244332784123738,0.150965242377953,0.112618476404865,-0.732768263865972,3.7484554113682e-07,5.80123454696047e-06,-0.147839727536968,0.389526837311585,0.336252779602988,-0.0164773293283754,0.924012018354808,0.612057105716288,-0.657959747184071,1.29492703712154e-05,7.1062519765018e-05,0.725776689324068,5.47585307924281e-07,7.54525363768349e-06,0.415034674863657,0.0118356549940633,0.051114087335556,0.0644488498334785,0.708824962678411,0.999638761172362,0.0501014382893046,0.771677107658636,0.713834388167866,"turquoise",0.716262810230794,9.00786150825936e-07,5.73234333723021e-06,TRUE,TRUE
"K16624","black",-0.526015693114477,0.000984272392771976,0.0201373465011776,0.845985238177724,8.23020330164006e-11,3.46947995022799e-09,-0.57832496505074,0.000220459486873269,0.000669837313896921,0.658172861972053,1.2837119684481e-05,4.62012481427398e-05,0.149882269416948,0.382935941263323,0.328349773704119,0.0131347197258089,0.939395067013069,0.526036113783804,0.265880265990953,0.117034618306907,0.329991843384162,-0.138292556064182,0.421196239805725,0.235728707809267,0.105678967719641,0.53960008929176,0.292856024064731,-0.242515493407234,0.154123599645215,0.218383563794212,-0.121049019179866,0.481897129945022,0.999638761172362,0.109377279418997,0.525420168961194,0.66126027014537,"black",0.845985238177724,8.23020330164006e-11,3.46947995022799e-09,TRUE,TRUE
"K16645","turquoise",0.569699977286078,0.00028708003489603,0.0101507755817042,-0.747588080169623,1.61288343270064e-07,1.8959263318439e-06,0.932966214388401,1.18623082496548e-16,3.39996004328456e-14,-0.26811404452064,0.113875021967956,0.0911602505184467,-0.606391548702187,8.85154075341327e-05,0.000471855801135462,-0.151720771681222,0.377059635828884,0.331225880165204,-0.337868791048826,0.0438657705428048,0.271790606019796,-0.402567447335001,0.0149268874017117,0.0186199446138306,0.444448670043748,0.0066134356585934,0.00995856645674133,0.333042218458173,0.0471666061668106,0.119985008417547,0.0241495512830909,0.888814970301302,0.999638761172362,-0.166306689817115,0.332346806622308,0.584702972003258,"turquoise",0.932966214388401,1.18623082496548e-16,3.39996004328456e-14,TRUE,TRUE
"K16650","turquoise",0.509496548837636,0.00150441892184102,0.0247054093490733,-0.774303492335268,3.01828280711218e-08,4.91983438218587e-07,0.865530756839065,9.59404038774577e-12,2.67697021888387e-10,-0.326159407128582,0.0522156629597858,0.0508789147224764,-0.476059669622444,0.00333726091015995,0.00893776539090278,-0.0556950250328559,0.746977555603252,0.470441997046874,-0.347899089457659,0.0376012581664281,0.256992562565867,-0.310847683774488,0.064997390010249,0.057826532347557,0.370455921488764,0.0261421607726256,0.0287529187879859,0.269428791577175,0.11204559528297,0.185221920622643,0.0286069705242347,0.868457577118847,0.999638761172362,-0.131863208117771,0.443311161643462,0.632097464010447,"turquoise",0.865530756839065,9.59404038774577e-12,2.67697021888387e-10,TRUE,TRUE
"K16699","pink",0.193186678387194,0.258945402947115,0.49047665031683,-0.379964851548713,0.0222650881694498,0.0244118879919023,0.482286614809484,0.00289427366630708,0.00543987523828436,-0.222849355160519,0.191413991927546,0.134119933815931,-0.600010896139816,0.000109742184514384,0.00056001515887968,0.0523829326216914,0.761574497551517,0.475553063242648,-0.370149476138109,0.026275824458483,0.250953877280798,-0.0844712271909579,0.62426301091071,0.312688987023364,0.185001273535093,0.280056879847014,0.178198321583352,0.7063456927869,1.48231580261544e-06,6.30654127295793e-05,-0.155728872151124,0.364434267528479,0.999638761172362,0.352877774995326,0.0347734300441136,0.257706971591839,"pink",0.7063456927869,1.48231580261544e-06,6.30654127295793e-05,TRUE,TRUE
"K16818","blue",-0.362815401374914,0.0296468871976513,0.147495622531461,0.690986748037754,3.08434682816402e-06,1.91403025420134e-05,-0.204627305754688,0.231247300113065,0.169114304582119,0.77700372947259,2.51617690610504e-08,2.22673678117226e-07,-0.0828301419582017,0.631036656160407,0.454055715594094,-0.182757731496564,0.28603286612174,0.282690108762373,0.170243193265294,0.320865437548671,0.437205588692204,-0.549445288625877,0.000519064359801128,0.0012663575588941,0.442862026200058,0.00683316936616269,0.0102257858550871,-0.31434905448405,0.0618769120267454,0.13765537846941,-0.168424021143873,0.326140181134516,0.999638761172362,-0.0543437438299271,0.752922733244003,0.711080447794227,"blue",0.77700372947259,2.51617690610504e-08,2.22673678117226e-07,TRUE,TRUE
"K17218","pink",0.0751418735786838,0.663158456123576,0.814312335641545,-0.423692974173699,0.010023610606956,0.0130778518394775,0.422829121752394,0.0101931031811363,0.0154701266490822,-0.176438502411927,0.303304055295582,0.184677252203058,-0.360507552631929,0.0307783225258595,0.0519329228400596,0.387244064725276,0.0196307934474385,0.0579999064320828,-0.170259592578678,0.320818130758319,0.437205588692204,0.0129876516656137,0.940072426903087,0.407160168466467,0.19458294713435,0.255452324390142,0.16694169624343,0.728825407399409,4.64828942609408e-07,2.82985388057919e-05,0.213478840775759,0.211248397819582,0.999638761172362,0.0126223407036358,0.94175513895932,0.749728898311157,"pink",0.728825407399409,4.64828942609408e-07,2.82985388057919e-05,TRUE,TRUE
"K17244","green",0.147446170754588,0.390804298232002,0.609145367584429,-0.184706707811904,0.280836840561154,0.164822548645846,-0.257589231870286,0.129338290185727,0.110518446204667,-0.60641081598139,8.84573535754982e-05,0.000244863555765286,0.443397706840384,0.00675829324265747,0.0160710567819863,0.0279650900602815,0.871384280281079,0.506076560865221,-0.296173327915134,0.0794448643938362,0.30930536019383,0.704818490672565,1.59762131208778e-06,1.49212004378172e-05,-0.682956062093541,4.44619874866029e-06,3.53310627054151e-05,0.000435377959679491,0.997989275179606,0.541973125935348,0.06496465779129,0.706597453731828,0.999638761172362,-0.157532545381325,0.358836123623736,0.598531977574777,"green",0.704818490672565,1.59762131208778e-06,1.49212004378172e-05,TRUE,TRUE
"K17285","green",-0.01888895310353,0.912929978670044,0.953986900293496,-0.0239944486802196,0.889524675578791,0.348765651023801,-0.40699449753105,0.0137594487992827,0.0195917032248969,-0.464950405588316,0.00427507363913862,0.00659931271889337,0.685688714473756,3.93099169346803e-06,4.10063823971119e-05,0.470500939941603,0.00378135789703124,0.0235442453249799,-0.204299796486889,0.232011083424023,0.396501809385508,0.709632766883876,1.25957197629895e-06,1.25590891719626e-05,-0.650291251807825,1.76294604284482e-05,0.000104215768303769,-0.227263110231515,0.182539951029074,0.238899272718455,0.140678779411585,0.41314861037026,0.999638761172362,-0.055475724817124,0.747941435151162,0.71080685766148,"green",0.709632766883876,1.25957197629895e-06,1.25590891719626e-05,TRUE,TRUE
"K17315","brown",-0.175626585515357,0.305570100573179,0.532130373214428,0.368217809193179,0.0271314083527693,0.0289427329238149,-0.562491187130858,0.000355997349056075,0.000991412480307332,0.102096839977958,0.553506648233474,0.276550779981255,0.817454874672726,1.17196060526252e-09,8.19553209290756e-08,0.390580398325948,0.0185133040564649,0.0566091456706408,0.26543376008074,0.117673990455358,0.329991843384162,0.278623371397551,0.0998645687756428,0.0798444624725376,-0.29164059375944,0.0843778570597988,0.0724155544463382,-0.526300907260015,0.000976903806863436,0.010145459656532,0.180557727076671,0.291972192874069,0.999638761172362,-0.333908233788498,0.0465601023634446,0.282474251206645,"brown",0.817454874672726,1.17196060526252e-09,8.19553209290756e-08,TRUE,TRUE
"K17326","black",-0.411146503330411,0.0127354506432187,0.0904444167728581,0.726004102738583,5.40973744071796e-07,4.61278371464792e-06,-0.65531052014688,1.44198369384099e-05,6.70580771763785e-05,0.279756818426969,0.0984357325674589,0.0821073293893775,0.260448070767371,0.124992054860968,0.150031202905796,-0.169612878410952,0.322686993270378,0.303212829416817,0.104351436598121,0.544734294744067,0.52475467160561,0.205931779698487,0.228222078310872,0.151632326306835,-0.29393402028063,0.0818531469083678,0.0707173832293702,-0.221723168465848,0.193725953873542,0.247257575147967,-0.0477584271123115,0.782090732263805,0.999638761172362,0.0249228131399896,0.885278025082451,0.736112006873301,"black",0.726004102738583,5.40973744071796e-07,4.61278371464792e-06,TRUE,TRUE
"K17329","brown",-0.011733198909959,0.94585176809904,0.972765033710457,-0.0206888856869844,0.90466923084574,0.352555194269017,-0.344132690774442,0.0398623583260521,0.0464184129063221,-0.283223137464391,0.09416270366402,0.0794372607950502,0.702482442947492,1.7899757073304e-06,2.16645885144726e-05,0.0827476539012341,0.631377917634053,0.431933158446851,0.115535699469238,0.502219247310333,0.510526160817653,0.459787653951155,0.00478343028880815,0.0075308198267809,-0.519179831966328,0.00117621717220239,0.00251986530583357,-0.388149591007486,0.0193220713022029,0.0689155662775756,0.0932120593443548,0.58870456028806,0.999638761172362,-0.422964060204872,0.0101664680958106,0.14723025449185,"brown",0.702482442947492,1.7899757073304e-06,2.16645885144726e-05,TRUE,TRUE
"K17640","blue",-0.339041505407274,0.0430925714478271,0.181111285426074,0.550586982254187,0.000502522673544725,0.00122134819061426,-0.178117550994868,0.298651794920205,0.202771049063849,0.834376588801175,2.57570932060949e-10,5.03436622806637e-09,-0.00543007229886841,0.97492598057047,0.574522501306966,0.208156133164429,0.223125876032593,0.245014813681671,0.485165777280861,0.00270740106657552,0.0805711426939947,-0.474368288880155,0.00346732009742208,0.0058828438841392,0.517700469643863,0.00122185718408822,0.0026019909739038,-0.021399275308314,0.901411576392153,0.515766216712211,0.102530756079638,0.551813211309119,0.999638761172362,-0.243770876094755,0.15193673601755,0.450809641968815,"blue",0.834376588801175,2.57570932060949e-10,5.03436622806637e-09,TRUE,TRUE
"K17675","turquoise",0.543579761171916,0.000611924203954272,0.0155514799645566,-0.723657046565937,6.12880957188144e-07,5.01666589300623e-06,0.824299091158269,6.47423068072212e-10,1.05546419191406e-08,-0.257876952667758,0.128895869586081,0.100628632140829,-0.470066426868761,0.00381813710318879,0.00991619399221386,-0.0291633975612091,0.865921896313416,0.50473531888109,-0.325945814126026,0.0523789913714227,0.282482919236655,-0.287030007986328,0.0896350751880746,0.073458411339808,0.325093696147371,0.0530346451783947,0.0498759416197717,0.289390538422654,0.0869128887373626,0.164464204506123,0.0530336669491109,0.758700022142095,0.999638761172362,-0.241707926587709,0.155542392855572,0.454023180112741,"turquoise",0.824299091158269,6.47423068072212e-10,1.05546419191406e-08,TRUE,TRUE
"K17686","turquoise",0.542319327296921,0.000633705097538749,0.0157609712574396,-0.610658618285553,7.64649539186295e-05,0.000271240229391476,0.9298870371984,2.48497575918189e-16,5.10398804946719e-14,-0.0584699883422871,0.734813984153725,0.328877162239614,-0.757954946197494,8.63360796847739e-08,2.14489797039891e-06,-0.337993888380177,0.0437827616864671,0.093400239225194,-0.227131534923334,0.182800200176228,0.374864520928107,-0.593021568230771,0.000138160346250366,0.000458088676996796,0.591299840540263,0.000146105582003416,0.000504556435975901,0.248010656606533,0.144717887430338,0.212144060412176,-0.115964193581487,0.500624459364789,0.999638761172362,-0.0837344714899409,0.627300292064492,0.691827526007043,"turquoise",0.9298870371984,2.48497575918189e-16,5.10398804946719e-14,TRUE,TRUE
"K17818","turquoise",0.56340151445331,0.000346549032491589,0.010736419073287,-0.718544320992243,8.00895438230702e-07,6.17894960234966e-06,0.804038956555446,3.50283885049423e-09,4.3070854854003e-08,-0.355432512065832,0.0333911590960074,0.0363158004301943,-0.497984798938105,0.00199722878141707,0.00588298434150326,-0.165878915334151,0.333609549388365,0.308861417421714,-0.283414705315738,0.093930762472749,0.31405913359703,-0.223691658749484,0.189697537198518,0.131828934856975,0.281130895380202,0.0967245231401915,0.0794234183461349,0.306868506812451,0.0686927643913538,0.145560936089441,0.00445923773158468,0.979407872999157,0.999932767264777,-0.0877273173294279,0.610913203775916,0.686196236117279,"turquoise",0.804038956555446,3.50283885049423e-09,4.3070854854003e-08,TRUE,TRUE
"K17947","pink",0.0347255031765847,0.840651382767011,0.918588830413533,-0.130345849912767,0.448621210395938,0.228517980725139,0.187951922286309,0.272321668084698,0.189869610473024,0.0865007321037613,0.615927960027641,0.2952920238844,-0.369949011986437,0.0263635665376174,0.0460987607476513,0.221791315071154,0.193585500871202,0.225747709319703,-0.108148569167044,0.530110965502255,0.522614685439646,-0.0830731164042875,0.630031882934725,0.314669873257047,0.125900473002856,0.464374669267836,0.261906714378641,0.736703127651731,3.01279684672848e-07,1.97003948900919e-05,-0.012347021987839,0.943023489120646,0.999638761172362,-0.108381485050901,0.529220213975232,0.662940553422231,"pink",0.736703127651731,3.01279684672848e-07,1.97003948900919e-05,TRUE,TRUE
"K18118","turquoise",0.374743295914461,0.0243302201541735,0.132130561204552,-0.809078048249287,2.34520883631836e-09,5.97299431274369e-08,0.700017020427782,2.01581215552942e-06,1.1937937925343e-05,-0.484356314731359,0.00275884468997037,0.00452357298270288,-0.606324535339816,8.87175920432256e-05,0.000471855801135462,-0.156369068675732,0.362441321458039,0.324772385575611,-0.262642635861868,0.121730190928913,0.332808964669976,-0.0450514302136074,0.794168614981558,0.367686898900229,0.0854522922034838,0.620228017833048,0.322840521595965,0.592216272691973,0.000141826868803742,0.00275160424080865,-0.0864094856772629,0.616301699849571,0.999638761172362,-0.0257006143029977,0.881722518104054,0.734395246014247,"turquoise",0.700017020427782,2.01581215552942e-06,1.1937937925343e-05,TRUE,TRUE
"K18220","purple",-0.2380374919581,0.162110282278794,0.384923173907238,0.299022180618914,0.0764609790262215,0.0640672937400149,-0.234460742069506,0.168700576353695,0.133843218820949,0.339492976557135,0.0427978536273175,0.0436786141046717,0.338079417373976,0.0437260814999962,0.0682312135521579,0.46758443726588,0.00403422974235002,0.0244119986405148,0.152385463308848,0.374948261720047,0.460683949351946,-0.0139514748836696,0.935634065384703,0.406063477184544,0.104407477200461,0.544517091009246,0.29507498002332,-0.0610512473003209,0.723556167098748,0.472951397339562,0.845897317003426,8.30451343883755e-11,3.00162024628206e-08,-0.201205229333549,0.239312365309575,0.529252091362533,"purple",0.845897317003426,8.30451343883755e-11,3.00162024628206e-08,TRUE,TRUE
"K18232","blue",-0.196290385448718,0.251223487445787,0.481573367508041,0.496842705178987,0.00205308042843005,0.00371838202444186,0.0722022775991621,0.675602246944485,0.352734451750583,0.896916922234483,1.3439246303131e-13,1.62788137358615e-11,-0.249117249387238,0.142875757406808,0.165398851929315,-0.0392488553975651,0.820214108903445,0.491264751394183,0.321339825143053,0.0560013761628382,0.282482919236655,-0.762299948199799,6.58288131632412e-08,1.16127656877112e-06,0.748127053131842,1.56247543731683e-07,3.04931152692817e-06,-0.155488380474789,0.365184610271546,0.333309719792813,-0.019372796778234,0.910708470346447,0.999638761172362,-0.10660236872477,0.536042553603642,0.663674545876443,"blue",0.896916922234483,1.3439246303131e-13,1.62788137358615e-11,TRUE,TRUE
"K18233","blue",-0.316228514001224,0.0602514313881551,0.218992074084546,0.440840580575439,0.00712216640172083,0.0101243111018951,-0.000534253617072329,0.997532634725601,0.445318915318328,0.734464731424212,3.41308832289774e-07,2.00449700998528e-06,-0.163852429860938,0.33963160356613,0.305117657518158,-0.0129804659653009,0.940105523564414,0.526036113783804,0.213630596520495,0.210916291015751,0.384720294255628,-0.600495096693962,0.000107983867607359,0.000387948739533235,0.595054657756217,0.000129279724641216,0.000459301118033387,-0.0711952665123297,0.679884841099817,0.46007658041797,0.0140100529253912,0.935364376439294,0.999638761172362,-0.260821374360834,0.124432655495482,0.421349123841017,"blue",0.734464731424212,3.41308832289774e-07,2.00449700998528e-06,TRUE,TRUE
"K18235","greenyellow",-0.420263834116523,0.0107108538265212,0.0806537210594294,0.541113634898761,0.000655181269953572,0.00148601955698861,-0.524380028110101,0.00102748644366777,0.0023025430115082,0.439832622055663,0.00727014137635874,0.0102885138226761,0.446294224972745,0.00636550140488427,0.0153105526626074,-0.0978716091095209,0.57012221119256,0.413703181113351,0.766032202527066,5.19105097854845e-08,5.61019182524471e-06,-0.0488773825442468,0.777112705993088,0.362965634539845,-0.0378173772110196,0.826669835292601,0.390822884463873,-0.505352472329279,0.00166786490105793,0.0149473254591254,-0.13344584471871,0.437809416602022,0.999638761172362,-0.0835104821355594,0.628224890004711,0.691827526007043,"greenyellow",0.766032202527066,5.19105097854845e-08,5.61019182524471e-06,TRUE,TRUE
"K18244","turquoise",0.539336549411088,0.000688013143544168,0.0163365456638626,-0.457921274447384,0.00497964034509698,0.0076478035906673,0.787086404809718,1.2467628529074e-08,1.31084127774698e-07,-0.00146536209572193,0.993232525654917,0.39537872677284,-0.697578807967284,2.2645484457423e-06,2.62314270398584e-05,-0.272305041944085,0.108120678173658,0.161896380185912,-0.206512029029681,0.226885105755824,0.392823368939535,-0.509963908189996,0.00148690067319551,0.0029867964562846,0.526629530986395,0.000968474202225102,0.00219007488061799,0.286137495604457,0.0906812365431722,0.16736632259922,0.062999715242015,0.715095714654515,0.999638761172362,-0.0847485348744202,0.623121382060971,0.691350349151436,"turquoise",0.787086404809718,1.2467628529074e-08,1.31084127774698e-07,TRUE,TRUE
"K18285","blue",-0.43087291415174,0.00870529722178431,0.0709732628131939,0.618017493695849,5.91115994748286e-05,0.000220992113293194,-0.322855570696906,0.0547879673760624,0.0589712912452597,0.741022676807039,2.3598142511511e-07,1.50197376967883e-06,0.191106138276236,0.264208715969805,0.257274792983103,0.223642746509003,0.18979691382723,0.22409481440611,0.299577249894941,0.0758898944831326,0.30930536019383,-0.335429259014827,0.0455100525475295,0.0440994561236475,0.331447027655191,0.048300378101746,0.0463440937061789,-0.253877586890943,0.135146977840768,0.20496555763315,0.162052675246536,0.345035322425913,0.999638761172362,-0.295987867721008,0.0796422050247124,0.349533877194903,"blue",0.741022676807039,2.3598142511511e-07,1.50197376967883e-06,TRUE,TRUE
"K18292","blue",-0.360866408415909,0.0306001029776187,0.149462665144435,0.664789710962247,9.7653105435333e-06,5.07743934646753e-05,-0.185924608106436,0.277621161582169,0.192823280839926,0.892088294430283,2.81659321587708e-13,2.27449356711005e-11,-0.123505246898732,0.472983106594658,0.379534804618679,-0.1286077851373,0.45474576241965,0.362749602999321,0.438871426328442,0.00741369662191985,0.149248734201755,-0.629941101461486,3.84097282407968e-05,0.00016672326744067,0.572477982483899,0.000263884887386522,0.000796496693346275,-0.203242862536885,0.234487613462676,0.270711412745004,-0.111575682729307,0.517078344838282,0.999638761172362,-0.0839793181672743,0.62629023707154,0.691827526007043,"blue",0.892088294430283,2.81659321587708e-13,2.27449356711005e-11,TRUE,TRUE
"K18294","blue",-0.247501225989885,0.14557174697873,0.364826573899698,0.48417950273685,0.00277019432289393,0.00473648329410539,0.0596968013305261,0.729456450717792,0.370713667208967,0.834944265527352,2.4409528674913e-10,5.03436622806637e-09,-0.328623150717811,0.0503609545024555,0.0753463994960488,-0.337167004043684,0.0443337997027345,0.0940717867913936,0.300101396731212,0.075353680491063,0.30930536019383,-0.755526434191388,1.00221984804499e-07,1.62240140732473e-06,0.662464406341779,1.07587134754879e-05,7.12907754163034e-05,-0.197907071927323,0.247262653627194,0.277876095814065,-0.182234531291361,0.28743822509497,0.999638761172362,-0.173775144555562,0.310777432330786,0.570455301129494,"blue",0.834944265527352,2.4409528674913e-10,5.03436622806637e-09,TRUE,TRUE
"K18301","turquoise",0.467849887303273,0.00401062348199008,0.0437803966003816,-0.331996300979118,0.047907543953638,0.0448105357051943,0.760396898449423,7.41827556499914e-08,6.445132228301e-07,0.201578394691374,0.238423813404778,0.155774146308346,-0.579970450782107,0.00020945288301561,0.000957556033296805,-0.396534568609351,0.0166510042111212,0.0540876522605207,-0.0347046459506193,0.84074586801096,0.59477249890338,-0.728877645445856,4.63517010193786e-07,6.07422141060777e-06,0.668097161488962,8.49589791957071e-06,5.95056811061462e-05,-0.0335827270455228,0.845831464830438,0.503390709793326,-0.0746500768037611,0.665234250409118,0.999638761172362,-0.256120469927553,0.131614330302962,0.428606742885383,"turquoise",0.760396898449423,7.41827556499914e-08,6.445132228301e-07,TRUE,TRUE
"K18302","red",0.195463918495913,0.253264547306367,0.483775438865304,-0.210144137736144,0.218637458160321,0.137323913510147,0.649139235043578,1.84521895359626e-05,8.18614258548526e-05,0.448857346916031,0.00603443801173465,0.00887010012098576,-0.626566283535433,4.34730901138441e-05,0.000268242131232175,-0.169933156575594,0.321760613511413,0.303030946332681,-0.0324374340254411,0.851029349239654,0.595875505450073,-0.85411573788954,3.49615895399983e-11,3.00666767097381e-09,0.814512210415498,1.50127136936914e-09,1.18822354547214e-07,0.0545091209532302,0.752194370401928,0.480464038785305,0.0785299021575883,0.648925891941949,0.999638761172362,-0.118480534299321,0.491311043255768,0.652522104677471,"red",0.814512210415498,1.50127136936914e-09,1.18822354547214e-07,TRUE,TRUE
"K18303","red",0.00362314583493319,0.983268223745716,0.99119043441116,-0.0929283690257803,0.589844491714251,0.271573313406397,0.571955016489123,0.000268118833879129,0.000782737740199247,0.480133240306038,0.00304129035437845,0.00488137947610433,-0.75264800824744,1.19337536587167e-07,2.56048539303566e-06,-0.212109235931655,0.214262023088998,0.239008103554088,-0.177159710529057,0.301300146995514,0.430087464324722,-0.810781054969349,2.04237969961547e-09,7.5953711709807e-08,0.80129183601519,4.33827482154007e-09,1.87289994631769e-07,0.241079278538206,0.15665338369858,0.219550064868361,0.0264371936921239,0.87835754166454,0.999638761172362,-0.0734903866311467,0.670138805202714,0.696090693425127,"red",0.80129183601519,4.33827482154007e-09,1.87289994631769e-07,TRUE,TRUE
"K18307","blue",-0.340220892463169,0.0423261027007605,0.180318243313514,0.505301077886367,0.00166998614134869,0.00311114645093025,-0.160471073689291,0.349827007503551,0.226292105059438,0.704570247970252,1.61712232759733e-06,8.1041002522137e-06,0.00145418954102105,0.993284122639374,0.578837140366379,-0.00271711040350837,0.98745193315253,0.538664230419485,0.0286328091760651,0.868339799578881,0.598629906110114,-0.492324761179264,0.00228765195422366,0.0042710701453386,0.441197838329589,0.00707034187617216,0.0105144451961887,-0.227838084472483,0.181405759880158,0.238477764209588,-0.131702489652015,0.443871971857875,0.999638761172362,-0.296312655538577,0.0792968614491964,0.349533877194903,"blue",0.704570247970252,1.61712232759733e-06,8.1041002522137e-06,TRUE,TRUE
"K18334","blue",-0.356299584612143,0.0329323506820341,0.157345179348132,0.703404386052764,1.71166002574492e-06,1.14973548904651e-05,-0.27258710932469,0.107741439375459,0.096616120940263,0.85666905012442,2.64353541726988e-11,8.33070667574753e-10,-0.0359071355787598,0.835302093132011,0.534082107542308,0.0630141675119913,0.715033084672288,0.462554913870872,0.327450752231452,0.0512368514931001,0.282482919236655,-0.49685620054507,0.00205241256376772,0.00390607527115883,0.442880560299797,0.00683056688132178,0.0102257858550871,-0.183541303390706,0.283936434425365,0.294703747414959,0.0340147679817097,0.843872308928406,0.999638761172362,-0.183497956776748,0.284052147179376,0.551211635557972,"blue",0.85666905012442,2.64353541726988e-11,8.33070667574753e-10,TRUE,TRUE
"K18354","blue",-0.293986305602326,0.0817962788739402,0.263448807105869,0.660782172085163,1.15338297006729e-05,5.85070645314428e-05,-0.183844473860524,0.283127980205948,0.195153359346779,0.884845339764806,8.02282798235795e-13,4.62897381348247e-11,-0.144125370965938,0.401679834306289,0.340249790756754,-0.00583012581850266,0.973079331476243,0.535803428046482,0.298834476850644,0.0766548538373938,0.30930536019383,-0.610937306310455,7.5732019721038e-05,0.00028628091489469,0.550205432244043,0.000507997901167348,0.00132066544965801,-0.158455434654685,0.355991793062709,0.328942010271163,0.020677836634281,0.904719911052544,0.999638761172362,-0.195919458677666,0.252138175880076,0.536641178349278,"blue",0.884845339764806,8.02282798235795e-13,4.62897381348247e-11,TRUE,TRUE
"K18369","pink",-0.0094806110723246,0.956236221113558,0.977880046300662,-0.403434025781453,0.0146920300651057,0.0174210753773089,0.311125174412789,0.0647456509338337,0.0662498482153269,-0.359033699467077,0.0315192332379881,0.0347479028718976,-0.453661796322393,0.00545362665419489,0.0133901971025031,-0.0245595041332216,0.88693955415832,0.511065274131627,-0.341380638731829,0.0415831736998666,0.264140585411871,0.182201729534967,0.287526481296071,0.178357071052051,-0.0839008817411964,0.626613734568002,0.324858801872258,0.789851684749869,1.02161046442769e-08,1.50304829177557e-06,0.0266964095051141,0.877173840719818,0.999638761172362,0.10258389539963,0.551605992599236,0.667427351168092,"pink",0.789851684749869,1.02161046442769e-08,1.50304829177557e-06,TRUE,TRUE
"K18383","blue",-0.389487868304522,0.0188732353049584,0.115502826568093,0.760189142490909,7.51516866396706e-08,1.0440177358592e-06,-0.265877832640679,0.117038095658116,0.102606432877436,0.789930438123953,1.01578816788212e-08,1.02535380347555e-07,-0.0283288343401844,0.869725551322421,0.544215486186531,-0.1789168403894,0.29645322088521,0.288929535560324,0.18108058683785,0.290553518558331,0.42434279877618,-0.517316930641505,0.00123394166927763,0.00254174752061838,0.409697397671369,0.0130852668637866,0.0170196495268116,-0.380988598094837,0.0218777686030504,0.0737124057016275,-0.259595094418103,0.126277272724751,0.999638761172362,-0.191850014886054,0.262318840070631,0.541980523325903,"blue",0.789930438123953,1.01578816788212e-08,1.02535380347555e-07,TRUE,TRUE
"K18455","turquoise",0.439527053464892,0.00731551782754414,0.0629560304047648,-0.357044502432619,0.0325423071793213,0.0331803508443236,0.758645219657509,8.27265926601758e-08,6.85886775382661e-07,0.253045745467401,0.136474795233302,0.104462538610896,-0.738426755157531,2.7345260410032e-07,4.60990469530522e-06,-0.419598346156036,0.0108487582665321,0.0429294891492567,0.00113286715581057,0.994768061246207,0.630012089840999,-0.77675667869155,2.55867964329283e-08,5.67856322035263e-07,0.698467744362878,2.17078024034258e-06,2.06175025748046e-05,0.150920799475715,0.379609987091283,0.340032049423766,-0.0986556011999765,0.567022101130153,0.999638761172362,-0.208187538981995,0.223054483764446,0.51583986302595,"turquoise",0.758645219657509,8.27265926601758e-08,6.85886775382661e-07,TRUE,TRUE
"K18472","turquoise",0.283758752537538,0.0935153052987136,0.283509122215019,-0.576951281336662,0.000230041792882235,0.000642073062532219,0.739457614658179,2.57961472482972e-07,1.8437589876695e-06,-0.0638468304874902,0.71142778390292,0.322527335397087,-0.67026681407798,7.74690556570194e-06,6.8671504862381e-05,0.0981589165319923,0.568985226803036,0.413317230463052,-0.268368409726994,0.113519340472689,0.329991843384162,-0.377781287034752,0.023110250317683,0.0263070829170857,0.47681986347483,0.00328020080613237,0.00579798177642384,0.544536140113001,0.000595843788427156,0.00730531205014479,-0.027186612599079,0.874936062560499,0.999638761172362,0.0767724585868291,0.656293746422456,0.694236608794815,"turquoise",0.739457614658179,2.57961472482972e-07,1.8437589876695e-06,TRUE,TRUE
"K18545","black",-0.274302868612444,0.105456236926805,0.301416808419581,0.786800458591525,1.27249456316095e-08,2.47277675400071e-07,-0.447358924842686,0.00622613319535511,0.0103478352250552,0.559629528047441,0.000387213905541522,0.0008380253974696,0.062642894755353,0.716642602737862,0.489804903571714,-0.224702500369585,0.187651968321636,0.222318949688861,0.0983862533855302,0.568086302491329,0.528459373287077,-0.182728251698387,0.286111933207862,0.177816720434431,0.0834810855380959,0.628346276616504,0.325281348824984,-0.323473472836237,0.054299361865241,0.128678888406167,-0.221846075433275,0.193472689235798,0.999638761172362,-0.0545228244682416,0.752134026087405,0.711080447794227,"black",0.786800458591525,1.27249456316095e-08,2.47277675400071e-07,TRUE,TRUE
"K18562","blue",-0.620941251488299,5.32687049909728e-05,0.00380303440644592,0.754463202946976,1.06926866383521e-07,1.40558044903355e-06,-0.430935887849102,0.00869442347059102,0.0137119210099405,0.732296597125199,3.84694069378543e-07,2.22890313288085e-06,0.00373204421763066,0.982765401965557,0.575727632589869,-0.0726797439852798,0.673575177813734,0.446238253336252,0.324668658437516,0.0533641249407034,0.282482919236655,-0.299561429463362,0.0759061252352889,0.0649134990032636,0.268603726082589,0.113191039889225,0.0902399724607984,-0.213947936866599,0.210222979942912,0.257563936939685,-0.164545962640836,0.337563202010366,0.999638761172362,0.0921358642207646,0.593034089271707,0.678026800384748,"blue",0.732296597125199,3.84694069378543e-07,2.22890313288085e-06,TRUE,TRUE
"K18576","black",-0.59503569232938,0.00012936013690963,0.00609867428068153,0.90214336174089,5.78339933642933e-14,3.9279187206256e-12,-0.545335290168009,0.000582696028973123,0.00149372609548025,0.675646274892109,6.1421944392604e-06,2.48001409314028e-05,0.0804931813927068,0.640733757099212,0.457382806629554,0.00104328181626455,0.995181789662697,0.540781576346615,0.285871598964863,0.0909947143236195,0.31332436628903,-0.155381323573736,0.365518927847117,0.212214847564648,0.151510521333857,0.377728944832391,0.225255587493998,-0.125747838526678,0.464920740251871,0.379525179711586,-0.145170454942534,0.398238657098014,0.999638761172362,0.150310043320546,0.381563909969284,0.605588301958908,"black",0.90214336174089,5.78339933642933e-14,3.9279187206256e-12,TRUE,TRUE
"K18578","black",-0.522744465603866,0.00107236488363566,0.0208886405177654,0.826015030205705,5.55695782252194e-10,1.83606136937023e-08,-0.779242525225868,2.15971407555826e-08,2.13169106554085e-07,0.447776772655759,0.00617215832660449,0.00901443493163021,0.716011919576998,9.12441836967335e-07,1.20475034343152e-05,0.211770353333111,0.215012233404143,0.239478759389262,0.270953524575247,0.109951802437059,0.327686952419806,0.17439672664391,0.309022982017944,0.187980335025112,-0.200696906954762,0.240526326821011,0.159232534874754,-0.588015767586398,0.000162407553786274,0.00308313203691814,-0.0312526524899079,0.8564129620188,0.999638761172362,-0.137796498531374,0.42288016968775,0.619730073513499,"black",0.826015030205705,5.55695782252194e-10,1.83606136937023e-08,TRUE,TRUE
"K18650","green",-0.1993218101585,0.243831032797209,0.475887146827346,0.147073777379677,0.392015298958913,0.20982592161219,-0.519086926794184,0.00117903851077983,0.00256861552080468,-0.351264636199032,0.0356700191753322,0.0379009708270272,0.591909106774557,0.000143248275724393,0.00070410608608156,0.487764198004799,0.00254787395277844,0.0192426227898386,-0.0321544623600928,0.852314570966508,0.595898078032523,0.761724382780961,6.82588812103702e-08,1.18890270522879e-06,-0.684286306502136,4.18815387788359e-06,3.352077757296e-05,0.0888478162126137,0.606347347613961,0.433659963106416,0.119330561816012,0.488185153312898,0.999638761172362,-0.0750822783541334,0.663409866779822,0.695245487146313,"green",0.761724382780961,6.82588812103702e-08,1.18890270522879e-06,TRUE,TRUE
"K18887","blue",-0.339141925130318,0.0430268768010331,0.181111285426074,0.603876815848434,9.63939699882382e-05,0.000323742935392001,-0.0250053393685885,0.884900672948507,0.416318295682,0.924141867753132,9.06351680572961e-16,3.9035168309138e-13,-0.273641024831949,0.1063333483976,0.134225563407663,-0.0271225360794968,0.87522851812047,0.507305288555318,0.241898699926104,0.155206377224044,0.355678746246424,-0.722699710444046,6.44654854139854e-07,7.91996888332527e-06,0.7047867948885,1.60009915272737e-06,1.66394047076029e-05,-0.107505081664203,0.532575660635578,0.404937453088567,-0.00989537364915526,0.954323578244595,0.999638761172362,-0.126242994778337,0.463150492074699,0.63991518355299,"blue",0.924141867753132,9.06351680572961e-16,3.9035168309138e-13,TRUE,TRUE
"K18888","blue",-0.366160925507602,0.0280675591611626,0.143306407928402,0.46912689906738,0.00389872534152714,0.0062781806666628,-0.0222749048306111,0.897398362995051,0.420033986600261,0.775373687950479,2.80912788143755e-08,2.43593563378189e-07,-0.22295330447806,0.191201574760338,0.204191241758434,0.285629079555649,0.0912813566020909,0.147601205761807,0.142068939621404,0.408500638427603,0.473403404414034,-0.520348205655699,0.00114124094051363,0.00240111983568938,0.579299669889756,0.000213878816709774,0.000690173125342919,0.132395873007131,0.441455250882741,0.369630101540463,0.0707176172068391,0.681919641513632,0.999638761172362,-0.27746041629198,0.10134696488508,0.385795962434674,"blue",0.775373687950479,2.80912788143755e-08,2.43593563378189e-07,TRUE,TRUE
"K18889","turquoise",0.532598007813052,0.000826163080428995,0.0179167233375701,-0.531117360628248,0.000859620966547975,0.00183082537869264,0.790478688010944,9.76099455962682e-09,1.04907283928866e-07,-0.0752867821521384,0.662547290557911,0.308025040825195,-0.506309889691809,0.00162877895972294,0.00503521189313072,-0.249554288015712,0.142152979407738,0.188553303980222,-0.21137509802482,0.215889521893478,0.386363131145357,-0.4668425478977,0.004100844933036,0.00666986778645634,0.446797691383776,0.00629926768919246,0.00962909804205448,0.135443224534894,0.430919769707997,0.363492988739793,-0.0496366070397148,0.773740013612243,0.999638761172362,-0.241342421218571,0.156187642370078,0.454299450981599,"turquoise",0.790478688010944,9.76099455962682e-09,1.04907283928866e-07,TRUE,TRUE
"K18890","turquoise",0.500876477829,0.00186172703834328,0.0292569954383126,-0.572938071068841,0.000260209560331557,0.000713247415964878,0.806705487821932,2.8369288712194e-09,3.6426323867597e-08,-0.116715921520398,0.497832854366659,0.258843776760454,-0.700099429739875,2.0078601772165e-06,2.38431838741512e-05,-0.410950916937393,0.0127821991286768,0.0466595898936557,-0.243669284718598,0.152112863422797,0.354903057497413,-0.465332599681288,0.00423937374539574,0.00684662201029001,0.417827824143867,0.0112230082108088,0.0150697259154285,0.341411479857371,0.0415635618537545,0.112524863619525,-0.109286812260461,0.52576484870116,0.999638761172362,-0.240754345247669,0.157229876068141,0.454513735120685,"turquoise",0.806705487821932,2.8369288712194e-09,3.6426323867597e-08,TRUE,TRUE
"K18894","blue",-0.0206558834256114,0.904820607948143,0.950583829060218,0.264221233393317,0.11942346633562,0.088913629072216,0.177838228922678,0.299422560125118,0.202918007718129,0.728406947404355,4.7546224494001e-07,2.62531092478096e-06,-0.211814132659125,0.214915214207679,0.221135770284269,-0.0865625511644769,0.615674806942242,0.427164806221299,0.354406076995037,0.0339410292066885,0.256458517762687,-0.672453289868623,7.05348572423135e-06,4.4115921134658e-05,0.657270920159565,1.33178882463231e-05,8.52967703608532e-05,-0.10538219397299,0.540745845460786,0.407771215708277,0.0559622812258187,0.745803408412452,0.999638761172362,-0.438808132784653,0.00742323413359363,0.133198007372498,"blue",0.728406947404355,4.7546224494001e-07,2.62531092478096e-06,TRUE,TRUE
"K18911","blue",-0.29784735180645,0.0776807380487267,0.256283408592807,0.426795320691032,0.00943452570608775,0.0124959761562841,0.138645566298715,0.42000019436293,0.257234829553112,0.777824828727954,2.37956077676285e-08,2.15749588313608e-07,-0.455222473366878,0.0052756315400059,0.0130379407616479,-0.0652543588961595,0.705347434142734,0.458828656483484,0.141711770266688,0.409691978658407,0.473403404414034,-0.686528828300096,3.78393632469642e-06,2.69365098858067e-05,0.707288088483779,1.41502375562575e-06,1.53887694085969e-05,0.193342800370822,0.258553267364317,0.282998745657709,-0.0178354264313752,0.917769342170019,0.999638761172362,-0.099609974729657,0.563258706562416,0.670833778270016,"blue",0.777824828727954,2.37956077676285e-08,2.15749588313608e-07,TRUE,TRUE
"K18917","turquoise",0.531810924564579,0.000843802222632901,0.018018527389308,-0.610350643831833,7.72823475051584e-05,0.000272676087183282,0.878490508114239,1.90062086517873e-12,6.12813494136569e-11,-0.0799712589449092,0.642907547095404,0.302046824678242,-0.720335291817922,7.29724336202321e-07,1.03594117538662e-05,-0.389473182333376,0.0188781130723486,0.0566794250322678,-0.237171346608641,0.163688886752951,0.358720025919495,-0.553504256863014,0.000462365568999526,0.00116735574372043,0.523663610507265,0.00104693595980544,0.00232687762948635,0.246364132298471,0.147490913175357,0.21431759849545,0.157327922772432,0.359468610257736,0.999638761172362,-0.160030398929009,0.351169242448929,0.594964916798725,"turquoise",0.878490508114239,1.90062086517873e-12,6.12813494136569e-11,TRUE,TRUE
"K18926","turquoise",0.484139138055904,0.00277279104789742,0.0352640526716549,-0.505943430374441,0.00164364333446402,0.00307713264986701,0.821883854096375,8.0053579173263e-10,1.27639384868613e-08,0.0130486841167745,0.939791321151528,0.38281654021046,-0.557894264562926,0.000407310788413766,0.0016394189654584,-0.0553933045363013,0.748303790401326,0.470737065525303,-0.396592889638048,0.016633570632873,0.214361462491943,-0.520147661797858,0.00114717834639277,0.00240992696816942,0.564708123068048,0.000333378824441899,0.000957563957932829,0.250200406804615,0.141089340758485,0.209322585524828,0.0551551413366988,0.749351157161729,0.999638761172362,-0.255602478270259,0.132424056193709,0.428606742885383,"turquoise",0.821883854096375,8.0053579173263e-10,1.27639384868613e-08,TRUE,TRUE
"K18958","blue",-0.335335862358938,0.0455739755124329,0.186777109378556,0.737854794730938,2.82412694001952e-07,2.87089824583362e-06,-0.406458011876783,0.013896688986156,0.019748355511492,0.724055292990483,6.00092249743798e-07,3.25436323140365e-06,0.138382832532108,0.420890189664907,0.352099290608958,-0.212089222079734,0.214306279126603,0.239008103554088,0.279625251404601,0.0986007830740223,0.31405913359703,-0.359682704714625,0.0311911963157106,0.0330143628841246,0.226592624048599,0.183868878958438,0.129807122588327,-0.487691240022611,0.0025522385932188,0.0196768074939141,-0.0704057922148398,0.683249219379491,0.999638761172362,-0.132587819077368,0.440787515726926,0.63031453274618,"blue",0.724055292990483,6.00092249743798e-07,3.25436323140365e-06,TRUE,TRUE
"K19071","brown",-0.0930274523515272,0.589446242260712,0.763627489475944,0.316586954825024,0.0599453017715107,0.0530272279487558,-0.446885273796628,0.00628780642628937,0.0104069974012732,0.102449294107783,0.5521309461206,0.276285172036008,0.719743476067745,7.52572517997095e-07,1.0604042572758e-05,0.164217886843267,0.338540694235734,0.311787494250223,0.222768586511359,0.191579154555041,0.378155044784876,0.208165359074929,0.223104901907713,0.148879428241214,-0.276035768382787,0.103185673727243,0.083525328644882,-0.605843500572426,9.01811717296904e-05,0.00183780861787582,0.0774209318440064,0.653571340881936,0.999638761172362,-0.360613328034676,0.0307257027741898,0.247837714086364,"brown",0.719743476067745,7.52572517997095e-07,1.0604042572758e-05,TRUE,TRUE
"K19225","blue",-0.246259118717585,0.147669080275999,0.368057317638919,0.489426441097936,0.00245018163658139,0.0042790962711771,-0.0947863732385555,0.582396348676382,0.321542677332448,0.807450172269715,2.6731516248451e-09,3.38613281162659e-08,-0.250090724976878,0.141269485713724,0.164345474778126,-0.130191832816095,0.44916211928329,0.361601539462142,0.301439108972833,0.0739985551030624,0.308840434735265,-0.633519374937848,3.36297670158992e-05,0.000150240625441362,0.535795729406498,0.000757810614929066,0.00179637775767922,-0.0552438530508979,0.74896097926213,0.479895665628789,0.0202242918151717,0.906800564985868,0.999638761172362,-0.204650126664892,0.231194143191695,0.522333761968282,"blue",0.807450172269715,2.6731516248451e-09,3.38613281162659e-08,TRUE,TRUE
"K19267","red",0.198434093398326,0.245980543899754,0.477475714429141,0.0351279881305372,0.838828518021894,0.337105465630207,0.546347343581703,0.000566415800045313,0.00146493325912915,0.559817058721964,0.000385095877984027,0.000835379463381901,-0.551291449553329,0.000492551391934774,0.00188308212884272,-0.055965763369151,0.74578811388862,0.470078417519434,0.0482693077587229,0.779816847922226,0.581434809862302,-0.77251430103984,3.40037887429132e-08,7.20514977047885e-07,0.80797216551504,2.56362839655062e-09,1.56262811994371e-07,0.247742516554403,0.145166860492886,0.212508988114127,0.0112674314672772,0.947998296122371,0.999638761172362,-0.328770761538804,0.0502515291951276,0.295820242361089,"red",0.80797216551504,2.56362839655062e-09,1.56262811994371e-07,TRUE,TRUE
"K19360","blue",-0.294852412663189,0.0808587047938762,0.261131405845797,0.645979197947017,2.08912334851822e-05,9.43697131004727e-05,-0.279533776988336,0.0987156618001496,0.0902515097544432,0.801314892340325,4.33055308894387e-09,5.1808399764169e-08,0.00490620578625781,0.977344343721736,0.575295173577993,0.198557517834581,0.24568092798459,0.257512230919192,0.526433867253563,0.000973485440515989,0.0398431092879216,-0.43010333236961,0.0088391220014024,0.012346968142278,0.412286074664814,0.0124659369842063,0.0163835157046634,-0.073473784176597,0.67020911840751,0.457692313404922,0.00579586789038605,0.973237460985745,0.999638761172362,-0.145980493841373,0.395583128467088,0.611827732704801,"blue",0.801314892340325,4.33055308894387e-09,5.1808399764169e-08,TRUE,TRUE
"K19511","brown",-0.1902944498514,0.266281077581044,0.497119517662297,0.25367303840928,0.135472598653225,0.0975497610495417,-0.606540559923096,8.80673167685868e-05,0.000308645368474248,-0.313624604618907,0.0625126398159408,0.0586715443345389,0.884848296206703,8.01951599970678e-13,3.0283499499071e-10,0.160016290907021,0.351212264973695,0.318297019862062,0.106594465296943,0.536072954775622,0.523351842408358,0.675584660040552,6.15871117108456e-06,4.03538321511772e-05,-0.701833605614226,1.84704579051469e-06,1.86247665627536e-05,-0.573215871992331,0.000258012640992119,0.00429738206048781,-0.0385457656565956,0.823383499448265,0.999638761172362,-0.122174280410545,0.477802592519313,0.646636029466992,"brown",0.884848296206703,8.01951599970678e-13,3.0283499499071e-10,TRUE,TRUE
"K19542","turquoise",0.383619064895418,0.0209081664396712,0.121521290216765,-0.644611072183016,2.20352331413847e-05,9.72500196069359e-05,0.896441771658481,1.44774827352115e-13,7.00191995979629e-12,-0.115635461902132,0.501847718090268,0.259885452829389,-0.686154522793747,3.84882293080981e-06,4.05978286714858e-05,-0.282451351951855,0.0951015887967295,0.151005207867067,-0.296389649642143,0.0792151651596186,0.30930536019383,-0.524971446975189,0.001011671622899,0.00218875269317058,0.533657821119693,0.000802927864678921,0.0018814141559793,0.245432078515973,0.149077738148942,0.215265266723873,-0.0669686050565993,0.697966338297365,0.999638761172362,-0.0288082345619931,0.86754025087506,0.730908386354343,"turquoise",0.896441771658481,1.44774827352115e-13,7.00191995979629e-12,TRUE,TRUE
"K19564","brown",-0.159364512796696,0.353203344217764,0.577975295724485,0.23612730046355,0.165606395698146,0.112977228487447,-0.537376494907931,0.000725910526992777,0.00177612587863908,-0.109052239339596,0.526659085217835,0.268512740063609,0.797131792345144,5.96065992839701e-09,2.72299408217585e-07,0.50498419125308,0.00168311764397895,0.0153565218799292,0.121665775509264,0.479650657582881,0.504828416278855,0.473713793638082,0.00351881669247293,0.00592827177154493,-0.439425186805988,0.00733069867764863,0.010766761455382,-0.337526172843311,0.0440937660801287,0.115501106528538,0.236973133271421,0.164051693364832,0.999638761172362,-0.16611645292963,0.332908000242826,0.584702972003258,"brown",0.797131792345144,5.96065992839701e-09,2.72299408217585e-07,TRUE,TRUE
"K19577","turquoise",0.437455206844561,0.00762962950840803,0.064802049062275,-0.39078688924138,0.0184459247330216,0.0209380650945545,0.776552126609301,2.59437230244723e-08,2.49287609395265e-07,0.146878915944324,0.392649842017932,0.221732816506983,-0.592631165273085,0.000139927080173485,0.000695258138576067,-0.273817751317084,0.106098602208881,0.159546935342856,0.0311249374812432,0.856993680944786,0.597309186632719,-0.65735780673969,1.32708715354273e-05,7.21760589986615e-05,0.652777206875797,1.59665282543786e-05,9.59784218460278e-05,0.118239550516738,0.492199100468127,0.389163707743349,-0.204385775901226,0.231810405755585,0.999638761172362,-0.278919949905828,0.0994891819901976,0.383588814599945,"turquoise",0.776552126609301,2.59437230244723e-08,2.49287609395265e-07,TRUE,TRUE
"K19591","turquoise",0.450572477943396,0.00582126920827751,0.0550482230654847,-0.551982595321185,0.000482940157736899,0.00118553885893228,0.70157002817228,1.87070184081505e-06,1.1169754837413e-05,-0.170797265712489,0.319269526300262,0.191955967975837,-0.356795419986222,0.0326723055978167,0.054447479337151,-0.19294783999925,0.259546060595416,0.26633783012758,-0.28357544494327,0.0937364843916692,0.31405913359703,-0.356640044043891,0.0327536125667263,0.0341946401773584,0.374242285738689,0.0245364399798423,0.0273950648655582,0.0205792009063934,0.905172353488108,0.517179913402111,-0.0390108211383966,0.8212868092991,0.999638761172362,-0.217567655790107,0.202426087269703,0.497386541091761,"turquoise",0.70157002817228,1.87070184081505e-06,1.1169754837413e-05,TRUE,TRUE
"K19592","turquoise",0.43248263287729,0.00843095904876544,0.0695827977052148,-0.603381425286098,9.80185038832876e-05,0.000328297081245859,0.741225291497576,2.33265588307971e-07,1.70075963634766e-06,-0.213901224364429,0.210324936348161,0.142726425320093,-0.511368890430075,0.00143531251592373,0.00456234300289929,-0.265354401339002,0.117787901272996,0.169593782237111,-0.256687287749259,0.130732484802705,0.338095220570548,-0.38277332993439,0.0212159292960556,0.0245317956753462,0.382444755817796,0.0213365091643143,0.0247208169374593,0.0668793305432919,0.698350065166584,0.465610297769963,-0.0906140004975928,0.59918020039681,0.999638761172362,0.0747856597109369,0.664661731425325,0.695457719793618,"turquoise",0.741225291497576,2.33265588307971e-07,1.70075963634766e-06,TRUE,TRUE
"K19597","turquoise",0.532252991415734,0.000833854569655422,0.0179637676495966,-0.55130635466401,0.000492342335411959,0.00120378518400815,0.787279681945312,1.22964402372768e-08,1.3022794193382e-07,-0.145937804958295,0.395722818661781,0.222609942791923,-0.63974139197132,2.65838431651371e-05,0.000182527268071566,-0.264190750891654,0.119467696922734,0.171591480167707,-0.261642217634807,0.123209174901113,0.332808964669976,-0.476550956919635,0.00330028718645338,0.00568354358399046,0.483215223354881,0.00283281098946399,0.00519407284938343,0.189459928866376,0.2684228432188,0.287213186716966,-0.0758457729018202,0.66019170750926,0.999638761172362,0.18876772457058,0.270207908682295,0.543341457624992,"turquoise",0.787279681945312,1.22964402372768e-08,1.3022794193382e-07,TRUE,TRUE
"K19611","brown",-0.122439484853461,0.476840234841759,0.679439896601069,0.29421405889026,0.0815489203707707,0.0669088806011385,-0.520902094803042,0.00112498281025159,0.00247313197190323,-0.0780180276012449,0.651068514338201,0.304457288401213,0.8083849635155,2.47998045448049e-09,1.51047822976397e-07,0.166731531896152,0.331095642679026,0.307405499935033,0.183577530019269,0.283839751685864,0.4229607025259,0.361076415131358,0.0304961998627648,0.0324534925469995,-0.428709027910085,0.00908605307156176,0.012736242510109,-0.660458995482935,1.16884347151374e-05,0.000362075732244957,-0.0087992212989967,0.959378910616275,0.999638761172362,-0.145855146945411,0.395993380137342,0.611827732704801,"brown",0.8083849635155,2.47998045448049e-09,1.51047822976397e-07,TRUE,TRUE
"K19623","black",-0.338229398931981,0.0436268313671896,0.181946259535215,0.741843910942088,2.25150746465852e-07,2.43582881897536e-06,-0.621468614082655,5.22722071934841e-05,0.00020011376803645,0.563281919560905,0.000347777402892121,0.000762898273049915,0.49284044088737,0.00225974399344546,0.00651397138969907,0.310992061918192,0.0648663143423572,0.118858852697394,0.460358342840645,0.00472478385525002,0.109010405986496,-0.00837814032154209,0.961321314619319,0.412204848107573,0.0175585893053754,0.919041480561707,0.417646672058724,-0.325471191403731,0.05274338194892,0.1263599929073,-0.132479328250275,0.441164861791973,0.999638761172362,0.00101070752804788,0.995332226516903,0.758492882777858,"black",0.741843910942088,2.25150746465852e-07,2.43582881897536e-06,TRUE,TRUE
"K19668","black",-0.616685067686451,6.19615196869455e-05,0.00380303440644592,0.856392269699209,2.72557344860942e-11,1.33281446642881e-09,-0.571036606330389,0.000275701569843669,0.000803258328539587,0.594094436854364,0.00013340795498883,0.000344052380971466,0.307457046788457,0.0681360438689567,0.0953935610827828,-0.071674149860212,0.677847016607409,0.447385148320677,0.349611000159483,0.0366085694027028,0.256458517762687,-0.0785039250908699,0.649034561025176,0.320899365225074,0.047561449683567,0.782967937750762,0.377515089029227,-0.395953702854662,0.0168254767419977,0.0636091138891267,-0.183524539568032,0.283981181436126,0.999638761172362,-0.0801952397471269,0.641974315284024,0.693311082127087,"black",0.856392269699209,2.72557344860942e-11,1.33281446642881e-09,TRUE,TRUE
"K19702","green",-0.11086404083022,0.519771474976028,0.709830649914785,0.129487074459742,0.451641736933153,0.229292264329589,-0.60830794880787,8.29063641800389e-05,0.000294702204111453,-0.492870526840746,0.0022581250098554,0.00381887276336235,0.657667121029684,1.3104716335009e-05,0.000103771567896884,0.212751862092671,0.2128443474907,0.238657214934047,-0.100527178504328,0.559652762859059,0.525467532608991,0.826065335061931,5.53198628901785e-10,2.92766909237858e-08,-0.802180209451397,4.04979888542932e-09,1.80299671308944e-07,-0.152824724066474,0.373556800361565,0.336831583524924,0.00158232834127809,0.992692354928726,0.999932767264777,0.163363409604264,0.341094719526892,0.589668643555953,"green",0.826065335061931,5.53198628901785e-10,2.92766909237858e-08,TRUE,TRUE
"K19784","turquoise",0.752672551402985,1.19161224201562e-07,0.00012921048744256,-0.753450322173367,1.13696778690244e-07,1.45521295601189e-06,0.905184238878493,3.46374576772383e-14,2.20054201745623e-12,-0.280546586276408,0.097449395356038,0.0814950502091814,-0.694182871109065,2.65793887093353e-06,2.98719526948459e-05,-0.343650287968626,0.0401597541888784,0.089177143654053,-0.297304951916341,0.0782489629176981,0.30930536019383,-0.428273878976402,0.00916431154027818,0.0126606133833106,0.40434948689728,0.0144473101134714,0.0182955693642816,0.290027593539515,0.0861892655376592,0.163445266094123,-0.0845264783660055,0.624035482311947,0.999638761172362,-0.0604128711263061,0.726335152111687,0.704745541763378,"turquoise",0.905184238878493,3.46374576772383e-14,2.20054201745623e-12,TRUE,TRUE
"K19788","blue",-0.0868977478503519,0.614302915680206,0.780291833154124,0.350871440033726,0.0358913889904216,0.035557148279855,0.194859857104227,0.254763307214995,0.180577807780041,0.70178980102966,1.85095816005109e-06,8.95706873897831e-06,-0.310011691760974,0.0657604632415458,0.0930091637344597,-0.282621833044022,0.0948935831048912,0.150930442408222,0.159502295113844,0.35278187380599,0.452188766330028,-0.800120266730271,4.74787682104725e-09,1.5193059137912e-07,0.767550441920321,4.70705500370514e-08,1.24184379083647e-06,-0.312515821016568,0.0634956091991438,0.139430085342382,-0.108670632903764,0.528115424492522,0.999638761172362,-0.0522398116546885,0.762207126143598,0.711685929801215,"blue",0.70178980102966,1.85095816005109e-06,8.95706873897831e-06,TRUE,TRUE
"K19823","green",-0.218603007678346,0.200233443281682,0.431297077596077,0.0416161123828527,0.809563853960682,0.331002853412891,-0.554507619460852,0.000449229576707833,0.00121152228553805,-0.516778482203307,0.00125108473842143,0.00232251246379263,0.621310564818488,5.25690718149169e-05,0.000308249473397201,0.39378377942912,0.017490861101489,0.0552957426196798,-0.199899861220851,0.242438138441578,0.398850238969434,0.882386072620686,1.1267481111973e-12,3.10078086388325e-10,-0.820835870324734,8.76911934530578e-10,8.32868004418902e-08,-0.0235600265166247,0.891512915964059,0.51536802668707,0.118922304450476,0.489685198412828,0.999638761172362,0.114373669587172,0.506557022583693,0.654320225696041,"green",0.882386072620686,1.1267481111973e-12,3.10078086388325e-10,TRUE,TRUE
"K20035","turquoise",0.516639714098437,0.00125553669611379,0.022690338180323,-0.428344776119729,0.00915152216132591,0.0122137683510367,0.830647382558399,3.64807062306887e-10,6.87413177323246e-09,0.155538851308108,0.365027063097493,0.210647461728523,-0.668597357931653,8.31759683112546e-06,7.30444648530121e-05,-0.396552709715244,0.0166455797514431,0.0540876522605207,-0.0911244532858282,0.597115643344336,0.534596070628945,-0.764415769096825,5.75657657925795e-08,1.07040174267964e-06,0.72914532244095,4.56847701118267e-07,6.64135698466718e-06,0.0224803147865288,0.896457280678224,0.515766216712211,-0.0676386208189047,0.695088782081344,0.999638761172362,-0.0956221059556781,0.579059899464468,0.672609821045075,"turquoise",0.830647382558399,3.64807062306887e-10,6.87413177323246e-09,TRUE,TRUE
"K20138","black",-0.516414412971511,0.00126279454188305,0.0226954179267711,0.911867294355056,1.0538415262695e-14,8.58886675910358e-13,-0.594424185111269,0.000131977115113227,0.000435202413723657,0.616074652736789,6.33081088799102e-05,0.000181321309566247,0.294803074935781,0.0809118888187851,0.108811084232973,-0.0177387177596263,0.918213720907216,0.519429680645269,0.37604106989898,0.0238027065992125,0.240137952434488,-0.0860151084550905,0.617918136852414,0.311217843026119,0.0641980101601175,0.709909071481138,0.353258674108055,-0.32942882704407,0.0497660118371282,0.122884086212653,-0.0950437623234304,0.581367875399444,0.999638761172362,-0.0139866907847115,0.93547193314908,0.74888715126286,"black",0.911867294355056,1.0538415262695e-14,8.58886675910358e-13,TRUE,TRUE
"K20265","green",-0.0829257543429665,0.630641192012534,0.791052415220341,-0.0762829605482009,0.658351639393702,0.292988840252946,-0.415796729531491,0.0116657628163781,0.0171144202359501,-0.501571358995509,0.00183039287715591,0.00319158691402785,0.636687964933673,2.98542437001176e-05,0.000202763222017979,0.338150125180487,0.0436792680255891,0.093400239225194,0.00675642616037987,0.968804069278055,0.623000706043541,0.717849521506332,8.30181617779873e-07,9.21224900759901e-06,-0.652496710817304,1.6146743777353e-05,9.6653915790116e-05,-0.11052105682715,0.521071923277131,0.400851793081002,0.189811413278335,0.267519398848845,0.999638761172362,0.121404397345896,0.480602034207717,0.649005298528127,"green",0.717849521506332,8.30181617779873e-07,9.21224900759901e-06,TRUE,TRUE
"K20269","brown",-0.139251528814585,0.41795156379073,0.631489287975497,0.234376515184284,0.168858046623771,0.114239271554083,-0.500077170316817,0.00189835088344175,0.00380762496350613,-0.0327428085220262,0.849642800661644,0.360461764494066,0.826599827031039,5.27302642875149e-10,4.32872521666879e-08,0.362566008276982,0.0297674829344031,0.0741409930513051,0.213739628834538,0.210677904195959,0.384720294255628,0.337876582304057,0.0438605969204794,0.0428137882980412,-0.357261672313056,0.0324293096988398,0.0340117178335849,-0.523561976161606,0.00104972132682893,0.0106510793468015,0.268374717000282,0.113510531576992,0.999638761172362,-0.256066963179694,0.131697802052751,0.428606742885383,"brown",0.826599827031039,5.27302642875149e-10,4.32872521666879e-08,TRUE,TRUE
"K20273","black",-0.355207313183951,0.0335111726187077,0.158297434564151,0.73945932544225,2.5793644955011e-07,2.7183573337999e-06,-0.596588041233267,0.000122925063345925,0.000410956687608854,0.316804044429439,0.0597604941606515,0.0567748294472803,0.578934260552238,0.000216324946173586,0.000986584230084098,-0.127061527019568,0.460232018853011,0.365550040039256,0.26171207149219,0.123105472261739,0.332808964669976,0.0935187878899467,0.587473150479007,0.29994628956032,-0.187458160024172,0.273606251382555,0.175488239059964,-0.658518939779987,1.26568796784556e-05,0.000374528366260263,-0.136937493103202,0.425805058976671,0.999638761172362,-0.189297798697185,0.268840251166156,0.543308881936733,"black",0.73945932544225,2.5793644955011e-07,2.7183573337999e-06,TRUE,TRUE
"K20461","blue",-0.204560321745372,0.231403374365571,0.466102276663284,0.514611810650765,0.00132220726329175,0.00259455755231967,-0.0325067129654225,0.850714750458894,0.406830709037697,0.822482531966732,7.5972671250337e-10,1.14140432052679e-08,-0.223256252245032,0.190583455557149,0.203646313939498,-0.273519701343725,0.106494730146825,0.160005976610725,0.168796411427225,0.325056067606049,0.438860486124619,-0.672749192976576,6.9641244286147e-06,4.37559027125037e-05,0.572533002931655,0.000263442936350893,0.000796496693346275,-0.272231611430272,0.108219570614054,0.182065819352685,-0.119902807064969,0.486086564430388,0.999638761172362,-0.288668298232354,0.0877389271074472,0.362726111052592,"blue",0.822482531966732,7.5972671250337e-10,1.14140432052679e-08,TRUE,TRUE
"K20628","black",-0.508129098230258,0.00155672237012077,0.0251941187562331,0.737745681240932,2.84152416343388e-07,2.87089824583362e-06,-0.519322128110676,0.0011719074740217,0.00256077007283498,0.497829703523902,0.00200473442123565,0.00344959407304593,0.16300210882104,0.342178179168651,0.306485272661266,0.096157168018238,0.576928312997013,0.414659354693116,0.227224166172737,0.182616953011878,0.374864520928107,-0.0443410461338782,0.797346102722147,0.368909766122728,0.0685048589462362,0.691374712366676,0.347950170650511,-0.210463991349761,0.217921136249241,0.263454400987214,-0.00149025289955792,0.993117575281998,0.999932767264777,0.339057603240943,0.0430820347904283,0.27413955816912,"black",0.737745681240932,2.84152416343388e-07,2.87089824583362e-06,TRUE,TRUE
"K20743","black",-0.351353785230226,0.0356199831529469,0.163760709127391,0.729807633128401,4.40723378830633e-07,3.85650678020191e-06,-0.36814794935511,0.0271627760683433,0.034360231118034,0.587960854676564,0.000162693490915653,0.000403471647101767,0.0946211067676078,0.583057146537205,0.431886066885469,0.175983102915736,0.304573749920107,0.293883555529284,0.294663231620272,0.0810627815005586,0.30930536019383,-0.194160621838693,0.256505549015236,0.164238356314239,0.24233890575475,0.154433036596279,0.113879236224272,-0.121785424331078,0.479215481770462,0.385447437855923,0.00793283026374915,0.963375723293639,0.999638761172362,0.288978563006858,0.0873833342590174,0.362726111052592,"black",0.729807633128401,4.40723378830633e-07,3.85650678020191e-06,TRUE,TRUE
"K20744","blue",-0.503126426076057,0.0017619410137413,0.0279589956960998,0.788168684395111,1.15367017718034e-08,2.31208421030752e-07,-0.348381547554509,0.0373193068049685,0.0440941060657765,0.789553246424643,1.04395586704354e-08,1.04561786711999e-07,-0.0436149873721503,0.800597019418334,0.520888137233966,-0.274535268738499,0.105149551602771,0.158661760243423,0.3581863759509,0.0319517562109233,0.256458517762687,-0.469986133300039,0.00382496738101151,0.00628805770710016,0.365392731114836,0.0284239353924494,0.0307942698588941,-0.333563247060928,0.0468009542981359,0.119625920617002,-0.215327582514922,0.207227106730884,0.999638761172362,-0.0340718386735164,0.843613581829953,0.728605557836898,"blue",0.789553246424643,1.04395586704354e-08,1.04561786711999e-07,TRUE,TRUE
"K20814","black",-0.345534431076502,0.0390083127771039,0.17324415830101,0.753029680497296,1.16622723288358e-07,1.46981698259966e-06,-0.529999900203619,0.000885660361426958,0.00204622273223901,0.560675070101732,0.000375536428512706,0.000819217270440342,0.124278861241251,0.470193605839877,0.378098359049096,-0.39168088062126,0.0181565688819014,0.0562886904654283,0.252813731855349,0.13684685336279,0.34414129731896,-0.161616597329431,0.346352472264976,0.204714948658611,-0.00254033286455866,0.98826826301999,0.435874013319991,-0.43225930247859,0.00846857364871733,0.0418941703791722,-0.267061396139743,0.115355865319831,0.999638761172362,-0.101723974657474,0.55496376297612,0.667773390318276,"black",0.753029680497296,1.16622723288358e-07,1.46981698259966e-06,TRUE,TRUE
"K20829","black",-0.567475338555738,0.000306951245862506,0.0102939422968117,0.939872403832718,1.97132619348537e-17,4.01660439271938e-15,-0.657714740486366,1.30793052857599e-05,6.12164758123321e-05,0.631939899450612,3.56689111779023e-05,0.000110784011859321,0.313766997563175,0.062387279920223,0.0891704871564586,-0.11506413711893,0.503977290289878,0.385347662018224,0.271085794567272,0.109771568185036,0.327625312656159,-0.100123301659554,0.561239267391121,0.289886552461833,0.0182026064238926,0.916082365560536,0.417539348182555,-0.496900647018765,0.00205021432180327,0.0171547998460409,-0.213312445706398,0.211612956596557,0.999638761172362,0.00200956889859775,0.990719311735688,0.757313742350476,"black",0.939872403832718,1.97132619348537e-17,4.01660439271938e-15,TRUE,TRUE
"K20844","black",-0.533568832251434,0.000804856341789647,0.0178527321002047,0.943338158514771,7.38114072485376e-18,2.25587645185527e-15,-0.629526672985009,3.90013306235498e-05,0.000156320593306958,0.637035259832219,2.94647205042495e-05,9.4272731497399e-05,0.280218655285696,0.0978580268424403,0.125521046289179,-0.0473859951535368,0.783749516682285,0.480000974486835,0.262676598685212,0.12168021516962,0.332808964669976,-0.0752002016409727,0.662912426247134,0.325641439733266,0.0287708184069221,0.867710774304344,0.403457400417889,-0.376389438098642,0.0236627274508308,0.0775857007463812,-0.175171222721394,0.306845690852286,0.999638761172362,-0.0398312100129985,0.817591087967701,0.724846151848781,"black",0.943338158514771,7.38114072485376e-18,2.25587645185527e-15,TRUE,TRUE
"K20999","blue",-0.241701789574277,0.155553210935224,0.378470153457205,0.562888556830568,0.000351845128239192,0.000911299978728197,-0.229987946638216,0.1772092197645,0.138982438093272,0.733582974798656,3.58378800987414e-07,2.09522469928132e-06,0.012796844788746,0.940951298842201,0.564779084251133,0.0352884115768311,0.838102185686519,0.497243112011981,0.609128287659096,8.06048942950418e-05,0.00459763965665353,-0.475212123771579,0.00340189306767144,0.00582933955954011,0.460247641121434,0.00473611121867441,0.00765874201960496,-0.190087037791567,0.266812340524518,0.286850846512648,-0.0227694280582759,0.895132948997905,0.999638761172362,-0.0259457542122952,0.880602395858262,0.734395246014247,"blue",0.733582974798656,3.58378800987414e-07,2.09522469928132e-06,TRUE,TRUE
"K21054","red",-0.0318382821329179,0.85375106483841,0.926677415388505,-0.0117125631110347,0.945946862057592,0.362506383790807,0.331772343364877,0.0480674052294135,0.0533605665631176,0.511064875638633,0.00144633983503439,0.002617295162894,-0.319642698913013,0.0573852437869701,0.0836032451737304,0.219635183915188,0.198064062380883,0.228858533087894,0.181686586962452,0.288914811031258,0.42434279877618,-0.66479011238086,9.76514651915548e-06,5.67294380698051e-05,0.71121951197914,1.1634329462193e-06,1.28488158411969e-05,0.0296213585150541,0.863835920340224,0.507126417223667,0.179184589045898,0.295719053685056,0.999638761172362,0.0739386434118051,0.668241433876362,0.695745028575303,"red",0.71121951197914,1.1634329462193e-06,1.28488158411969e-05,TRUE,TRUE
"K21104","black",-0.56419779159686,0.000338468652574992,0.0106896944352083,0.850965784790589,4.90053319439296e-11,2.30420865760091e-09,-0.504275615113222,0.00171280888689122,0.00350022449629917,0.777030348390152,2.5116365553819e-08,2.22673678117226e-07,0.146924370121453,0.392501772751581,0.334576780726195,-0.182675960567302,0.286252216733956,0.282690108762373,0.428815726473076,0.00906695127583272,0.161897245457313,-0.326661938847728,0.0518329952490303,0.0487501796659821,0.230803635776092,0.175635208159102,0.12548675317921,-0.408296440857119,0.0134311384285628,0.0554035896270646,-0.149899640819204,0.382880168491019,0.999638761172362,-0.15398142840616,0.369907299701855,0.601757159075586,"black",0.850965784790589,4.90053319439296e-11,2.30420865760091e-09,TRUE,TRUE
"K21147","turquoise",0.478804918777464,0.00313518465063908,0.0379135898458325,-0.485161412868307,0.00270767617832572,0.00466009942150121,0.776984214092614,2.51951043783588e-08,2.43708257108695e-07,-0.0626191631011061,0.716745523670942,0.323124114188773,-0.673550723371616,6.72722857901483e-06,6.10661802882171e-05,-0.559895116063148,0.000384217324577155,0.00704760264206494,-0.221281550562511,0.19463787892871,0.379534198083111,-0.538957162252172,0.000695208501783296,0.00162135197029636,0.447159018598987,0.00625209891877856,0.0095878577823194,0.0911210050188425,0.59712957969446,0.431003681761008,0.0432026777578241,0.802444602649171,0.999638761172362,-0.0923281633494834,0.592259448826043,0.6778994599579,"turquoise",0.776984214092614,2.51951043783588e-08,2.43708257108695e-07,TRUE,TRUE
"K21148","turquoise",0.626401506902105,4.37351064251933e-05,0.00377102600026738,-0.76310864165604,6.25492433383525e-08,8.89150804722304e-07,0.879418533248788,1.68078169286915e-12,5.80640546555068e-11,-0.371931031122168,0.0255065826858773,0.0292421248691248,-0.650830361472606,1.72560210014661e-05,0.000130034569712429,-0.429959701810822,0.00886429162866968,0.0380507626467171,-0.349512121345586,0.0366653202420306,0.256458517762687,-0.319199530669913,0.0577510457148492,0.0528707063671705,0.277462326365177,0.101344516508588,0.0824566270743408,0.252619454466803,0.13715897194399,0.206590227387958,-0.135722868908174,0.429959998934346,0.999638761172362,-0.113438194027766,0.510062702878268,0.654852410249084,"turquoise",0.879418533248788,1.68078169286915e-12,5.80640546555068e-11,TRUE,TRUE
"K21161","blue",-0.37106264942188,0.0258791765135106,0.137368712364933,0.744564659431803,1.92454586527119e-07,2.17622533538875e-06,-0.246383555450657,0.14745797686215,0.121493839226313,0.885022450643047,7.82665579535296e-13,4.62897381348247e-11,-0.0642806094201097,0.709552022096033,0.486461206049057,-0.1992949766741,0.243895821919127,0.256557435719313,0.321053165120514,0.0562332425111966,0.282482919236655,-0.613404915516047,6.95136086607784e-05,0.00026569389448761,0.529427273743181,0.000899272356073235,0.00205313785473908,-0.313636651568036,0.062502026226204,0.138280217205048,-0.154888919625296,0.367058956678242,0.999638761172362,-0.0698375600036381,0.685674493823988,0.699878294161739,"blue",0.885022450643047,7.82665579535296e-13,4.62897381348247e-11,TRUE,TRUE
"K21162","blue",-0.371591136699499,0.025651888831478,0.137368712364933,0.766602365715808,5.00414216367585e-08,7.37060883707819e-07,-0.377341913207588,0.0232834869904201,0.0302657951155693,0.74876506713829,1.50468305581833e-07,1.00732192799666e-06,0.17387253757791,0.310502121161359,0.287524761342324,-0.175093879854174,0.307062682620519,0.295630360847342,0.494423066198154,0.00217594450054909,0.0666882052337061,-0.428505036683121,0.00912266824479475,0.0126157490536998,0.305586998280323,0.0699173344147666,0.0626074679265228,-0.500910947067456,0.00186016170800451,0.016020117112768,-0.10985323786146,0.523608588394738,0.999638761172362,-0.135907558691759,0.429326773618577,0.62356188936103,"blue",0.74876506713829,1.50468305581833e-07,1.00732192799666e-06,TRUE,TRUE
"K21164","blue",-0.488193137740007,0.00252234457365219,0.0346210417640953,0.822333030018659,7.69732421627973e-10,2.29513237813347e-08,-0.363170885900353,0.0294756839155316,0.0364906517276949,0.853089779896636,3.90597394043972e-11,1.14698366171265e-09,-0.0196000297594564,0.909665387251571,0.558008687858002,-0.0246674971198874,0.886445617557278,0.511065274131627,0.297042528482011,0.0785250381109114,0.30930536019383,-0.461854620614464,0.00457396077971006,0.00725081712779994,0.433454522080294,0.00826892433063399,0.0118396099155069,-0.244391755965821,0.150863547555846,0.216358121183087,-0.0582709213936357,0.735684487266249,0.999638761172362,0.0821358325258818,0.633911423913888,0.691827526007043,"blue",0.853089779896636,3.90597394043972e-11,1.14698366171265e-09,TRUE,TRUE
"K21167","blue",-0.406400527996877,0.0139114623261854,0.0950714011493302,0.720665012241445,7.17272962804459e-07,5.65723968486384e-06,-0.176582346080903,0.302903705549525,0.204509511696953,0.865416570462368,9.72455122843946e-12,4.05311047401778e-10,-0.099066208005845,0.565401539409367,0.424638746624259,-0.153814114205965,0.370433877097393,0.328399982786352,0.353812300739908,0.034262480290575,0.256458517762687,-0.60710575440234,8.63862475910277e-05,0.000318253951765177,0.534236040287569,0.000790496654553072,0.00186204433342239,-0.282825585761225,0.0946454391767795,0.171069565173528,-0.0884526933952973,0.607955747224308,0.999638761172362,-0.0782637077956974,0.650039792660676,0.694236608794815,"blue",0.865416570462368,9.72455122843946e-12,4.05311047401778e-10,TRUE,TRUE
"K21185","blue",-0.304628124695869,0.0708447437907776,0.242230233030637,0.711661525593755,1.13787749036441e-06,8.18273339740643e-06,-0.248510225579048,0.143884121701414,0.119499284817027,0.92605244099239,5.96283722516529e-16,3.85215297229622e-13,0.0497783784094317,0.773110674392038,0.511842468629654,0.0227186241087267,0.8953656448697,0.513066389599892,0.388563537142144,0.019182299240469,0.22319433748782,-0.594184492838119,0.000133015807428311,0.000446409716782225,0.541468163329585,0.000648800245404963,0.00160014514912064,-0.291405940284636,0.0846395300617622,0.161722378418719,-0.0230160280157587,0.894003577075843,0.999638761172362,-0.192034116153628,0.261852496754777,0.541980523325903,"blue",0.92605244099239,5.96283722516529e-16,3.85215297229622e-13,TRUE,TRUE
"K21210","greenyellow",-0.295092440675055,0.0806003511374157,0.260629167246534,0.457686688806816,0.00500478673471419,0.0076671595591728,-0.26946133960777,0.112000588289859,0.0995738531779571,0.519363660273176,0.00117065222510621,0.00219846736592895,0.293892610904851,0.0818982074682201,0.109563341641469,0.260153168970561,0.125435290419742,0.176421337387852,0.742527960818429,2.1648085353436e-07,2.11678239531347e-05,-0.22521830091415,0.186614192363739,0.130146299790667,0.236827703519247,0.164318253464544,0.11877106279853,-0.298741812452734,0.0767507057117616,0.154446088365423,0.0464754293097808,0.787809050702544,0.999638761172362,-0.0989049232915378,0.566037836043117,0.672223804567932,"greenyellow",0.742527960818429,2.1648085353436e-07,2.11678239531347e-05,TRUE,TRUE
"K21284","greenyellow",-0.184108713391446,0.282424557869962,0.509272221037132,0.39650897503473,0.0166586595895659,0.0192853689704229,-0.209175178407064,0.220817325008521,0.163159487331809,0.538241193889834,0.000708969404874663,0.00140710683278579,0.156200041028259,0.362966873786676,0.317132046472702,-0.0632868143180289,0.713851893326468,0.462141437484394,0.915767846364994,5.03364712292517e-15,2.58403738992879e-12,-0.332382052508073,0.0476331944191602,0.0457061664606654,0.278608339010876,0.0998836243230666,0.0815007321095711,-0.298887187055667,0.0766003721011486,0.154446088365423,-0.0657280822641261,0.703305021384707,0.999638761172362,-0.0591219251865622,0.731965401165802,0.707567573831615,"greenyellow",0.915767846364994,5.03364712292517e-15,2.58403738992879e-12,TRUE,TRUE
"K21307","purple",-0.18337946864051,0.284368603984268,0.511405131104571,-0.00607263607772294,0.971959969372602,0.368786198279147,-0.0934476277938933,0.587758732396191,0.323442103481136,0.0805559190400061,0.640472654441424,0.301576190884732,0.13970222200612,0.416431518349969,0.349453166716733,0.518211482283929,0.00120591842821284,0.0123459690571216,0.07962280627823,0.644360469826568,0.547656160896498,0.117026699090637,0.496681072246235,0.26540837161438,0.00229703950350714,0.989391771129821,0.436122405324734,0.165191906559897,0.3356436996517,0.320999846631325,0.868541488711982,6.68842380027855e-12,3.62624043705102e-09,-0.0365582661650724,0.832357494020539,0.727293826981827,"purple",0.868541488711982,6.68842380027855e-12,3.62624043705102e-09,TRUE,TRUE
"K21397","brown",-0.274670400375529,0.104971537077973,0.300922214717044,0.34792874006745,0.0375838804101073,0.0369049042468904,-0.545990570194214,0.000572108243246736,0.00147439942041923,0.0846292476114537,0.623612361737767,0.297403992993055,0.736012152876848,3.13149382073558e-07,5.09708030379809e-06,0.549745208426487,0.000514672661452824,0.00809186775288564,0.266817719508955,0.115700716297614,0.329991843384162,0.429974223755547,0.00886174404822321,0.012346968142278,-0.382282091985666,0.0213964139567968,0.0247624946929543,-0.247239043295992,0.146012625894819,0.213222464196123,0.383572990752004,0.0209248365961907,0.739874928776178,-0.333721957004446,0.0466900271718296,0.282569915261965,"brown",0.736012152876848,3.13149382073558e-07,5.09708030379809e-06,TRUE,TRUE
"K21405","green",-0.0726772668793668,0.673585688466521,0.820215331718754,-0.110861330412252,0.519781745446869,0.249975412489348,-0.444380551752116,0.00662274316683944,0.010857753643031,-0.588073854050738,0.000162105582730167,0.000403359866144942,0.68211943247383,4.61584705521613e-06,4.56295251208294e-05,0.369651999368296,0.0264940116229351,0.069013924713167,-0.106745718760236,0.535491290068604,0.523351842408358,0.861737131225078,1.49330470181859e-11,1.71230619238462e-09,-0.804247017397783,3.44607888585866e-09,1.67307292396203e-07,-0.0485109983522219,0.778741729946271,0.486336076394227,0.114797914198926,0.504971170271319,0.999638761172362,-0.122198874631207,0.477713303861147,0.646636029466992,"green",0.861737131225078,1.49330470181859e-11,1.71230619238462e-09,TRUE,TRUE
"K21471","blue",-0.331356211848277,0.0483655767386837,0.193046897093176,0.542161475741407,0.000636480770579677,0.00145439817850152,-0.041423673359014,0.810428404789273,0.395036821073161,0.827121748094336,5.03106977538894e-10,8.44209396946434e-09,-0.29362928083494,0.0821852058480765,0.109819482148876,-0.138842815788999,0.419332717928225,0.348468472386185,0.389956391040031,0.0187181725530677,0.22319433748782,-0.63620684428742,3.04015794628971e-05,0.000139207092769624,0.646393464401331,2.05556292169528e-05,0.000116209515699836,-0.0473127596853326,0.784075812757267,0.487356772605611,-0.162161796441547,0.344706205608334,0.999638761172362,0.00906319181467592,0.958161358043958,0.752156079985917,"blue",0.827121748094336,5.03106977538894e-10,8.44209396946434e-09,TRUE,TRUE
"K21561","purple",0.073978334502257,0.668073527623368,0.817008716300307,-0.264167467051276,0.119501490395297,0.0889175678619698,0.131253848882604,0.445439502396567,0.268089188703569,-0.24460767683791,0.150491625247478,0.112394949343245,0.187716439745636,0.272933812330012,0.26332641214137,0.239375115671147,0.159693982618048,0.201870628287337,-0.114608787884791,0.505677827192438,0.513026053861649,0.188696636882753,0.270391669675732,0.170493967211052,-0.138166712342725,0.421623076052655,0.244971388271778,-0.0324636784000313,0.850910169687638,0.504445595360058,0.712522375118042,1.08957893247529e-06,0.000141776010693684,-0.354642657117995,0.0338136402440286,0.255467741741082,"purple",0.712522375118042,1.08957893247529e-06,0.000141776010693684,TRUE,TRUE
"K21600","turquoise",0.578716481703223,0.000217794696944012,0.00873660411471947,-0.640615836016678,2.57090942464443e-05,0.000110279232031564,0.918396526131108,2.9975353140684e-15,3.34554054038092e-13,-0.101945338821463,0.554098481350872,0.276575227818161,-0.720398306911409,7.27329433062027e-07,1.03594117538662e-05,-0.35547951296027,0.0333661556076355,0.0796132784180296,-0.250722681225373,0.140233853148742,0.347355639838637,-0.559104198355302,0.00039320255394308,0.00103252192834723,0.538314631308648,0.000707546907852728,0.0017084988172638,0.233616013483964,0.170284648563529,0.231082495242494,-0.0835407906737663,0.628099747793432,0.999638761172362,-0.110569266813737,0.520889035084789,0.658706503937581,"turquoise",0.918396526131108,2.9975353140684e-15,3.34554054038092e-13,TRUE,TRUE
"K21677","blue",0.0329022905679592,0.848918850944799,0.923589639506164,0.544667258015284,0.000593668707488791,0.00138769583744595,-0.0924818754973263,0.591640567787807,0.324662304926395,0.759644846655745,7.77458394587598e-08,5.64335955748289e-07,-0.0234128524633629,0.892186642759477,0.552366575680128,0.0208671935989036,0.903851412892089,0.514579902604266,0.360127919242853,0.0309677862606059,0.256458517762687,-0.567947208514935,0.00030263653844188,0.000842963271885171,0.522063435325745,0.00109155629425989,0.00239245753731981,-0.216089971435229,0.205584347597664,0.254674904582667,0.00170292606320101,0.992135416757236,0.999932767264777,-0.360525693074659,0.0307692930130942,0.247837714086364,"blue",0.759644846655745,7.77458394587598e-08,5.64335955748289e-07,TRUE,TRUE
"K21687","red",0.240244156052782,0.15813814286187,0.38099553567991,-0.0819066368697217,0.634861564132642,0.286392447297301,0.583416365649769,0.00018798385295505,0.000585301950022999,0.449134092951634,0.00599959452467315,0.00883899469749481,-0.665171651653911,9.61037508690807e-06,8.10065667184664e-05,-0.212083830791085,0.214318201799654,0.239008103554088,0.211704715594108,0.215157749415154,0.385924793066621,-0.72125594090147,6.95444616679137e-07,8.22241360162045e-06,0.774890628404676,2.90181746891554e-08,8.26821085226997e-07,0.337963897590008,0.0438026506487473,0.114909034433733,0.0241872180860198,0.888642630577079,0.999638761172362,-0.160423854492298,0.349970681780559,0.594964916798725,"red",0.774890628404676,2.90181746891554e-08,8.26821085226997e-07,TRUE,TRUE
"K21688","turquoise",0.523460949971647,0.00105249650985522,0.020876653332677,-0.418529116764262,0.0110734815730778,0.014101482442412,0.839727626633059,1.53944029946324e-10,3.22566315915487e-09,0.194996000938066,0.254425002400083,0.162980053374945,-0.754195068275485,1.08681874068289e-07,2.44290027619398e-06,-0.267147644233436,0.115233992212945,0.166977779961181,0.0201524247634702,0.907130314224425,0.608133183176842,-0.710793049371984,1.18858735097726e-06,1.21146696617232e-05,0.747159190959604,1.65406206252041e-07,3.18442876216954e-06,0.315013224296734,0.0612985812706625,0.137582932526606,-0.0065473074649528,0.969769168587856,0.999638761172362,-0.144018022570994,0.402034265762623,0.613910636369988,"turquoise",0.839727626633059,1.53944029946324e-10,3.22566315915487e-09,TRUE,TRUE
"K21741","green",-0.176084501283259,0.304290750981811,0.530775989584824,-0.197026244402344,0.249415444524038,0.151096358445515,-0.269908813001651,0.111383207558534,0.0992073792332997,-0.693625878327131,2.72812991607381e-06,1.21547943892369e-05,0.255647055976465,0.132354227652547,0.156284986792949,-0.0215146463729469,0.90088266417451,0.514272016400586,-0.147804883188707,0.389639841917503,0.466129048206643,0.771520293152716,3.63150839147562e-08,7.45807059907674e-07,-0.730861634286426,4.16139070438305e-07,6.28308181947806e-06,0.154829797110062,0.367244125940586,0.33403976556566,-0.0704804975636794,0.682930600617706,0.999638761172362,0.285089605282586,0.0919214659162266,0.369900904421597,"green",0.771520293152716,3.63150839147562e-08,7.45807059907674e-07,TRUE,TRUE
"K21757","blue",-0.352641352297161,0.0349036735288955,0.162900502137012,0.545977084280277,0.000572324409223682,0.00134293923450067,-0.164834671073663,0.336704438089032,0.220258481102779,0.834348694648258,2.58250598452222e-10,5.03436622806637e-09,0.0363947116147116,0.833096924927914,0.533287047440878,0.0130302243232009,0.939876343266989,0.526036113783804,0.397916640869539,0.0162419651684846,0.212429555562062,-0.552440194272871,0.000476668876684855,0.00119036305205163,0.477950015126927,0.00319694005924072,0.00570031914194851,-0.341610144243754,0.0414374104909176,0.112524863619525,-0.00302940148212513,0.986009855013212,0.999932767264777,-0.354039085522286,0.0341394144670781,0.25607502924841,"blue",0.834348694648258,2.58250598452222e-10,5.03436622806637e-09,TRUE,TRUE
"K21802","blue",-0.297592852953409,0.0779469532527444,0.25638163693749,0.608379537043387,8.27031886211609e-05,0.00028887238460985,-0.221433751017319,0.194323251455418,0.149499597546387,0.83705996094378,1.99435850527317e-10,4.22429229675832e-09,0.0290115608833207,0.866613698059097,0.54394571967641,0.051399103682466,0.765926306662825,0.476408285849716,0.285400353968465,0.0915523301477802,0.31332436628903,-0.52311648474396,0.00106200771394517,0.00227618147260334,0.460822010344807,0.00467759384805665,0.00758995936067623,-0.277426896601648,0.101389938530148,0.176532939314126,-0.00469599212917868,0.978314825458173,0.999638761172362,-0.175669364823168,0.305450437393452,0.566774137213535,"blue",0.83705996094378,1.99435850527317e-10,4.22429229675832e-09,TRUE,TRUE
"K21822","blue",-0.352334692306493,0.0350732024132917,0.163072910924581,0.531948377882418,0.000840697972520538,0.00180560873664837,-0.0432078769500847,0.802421298177497,0.393728147825045,0.828508897315288,4.43723374708025e-10,7.64419241920614e-09,-0.168338107223368,0.326390614531954,0.297163461886471,-0.0701115475083085,0.684504698584267,0.44998289685167,0.4950443577455,0.00214379819266953,0.0666882052337061,-0.617402894907034,6.04111092812466e-05,0.000237499667993608,0.601852492234578,0.00010318902544198,0.000383836432040194,-0.0522810277865116,0.762024925494322,0.482393306258826,-0.0721855116804411,0.675673467095384,0.999638761172362,-0.275228632134427,0.104238575474092,0.388000178221313,"blue",0.828508897315288,4.43723374708025e-10,7.64419241920614e-09,TRUE,TRUE
"K21826","blue",-0.20084361163231,0.240175546235652,0.472955591494429,0.410476026667441,0.0128963097136147,0.0158769845699159,0.0046211312602874,0.978660438955318,0.441256721726274,0.700399041350727,1.97919105993136e-06,9.5168359497241e-06,-0.0895575195059834,0.603462981561726,0.441972885996934,0.122493042619337,0.476646010800122,0.373143202252699,0.147523781440149,0.3905521865633,0.466129048206643,-0.623082298506904,4.93267936478244e-05,0.000200415679038584,0.618558628032777,5.79883874689084e-05,0.000254196243302463,-0.223251317090626,0.190593513723324,0.245974942024353,0.181477302733613,0.2894800705802,0.999638761172362,0.0304761140191605,0.859945010910353,0.729781417031847,"blue",0.700399041350727,1.97919105993136e-06,9.5168359497241e-06,TRUE,TRUE
"K21883","blue",-0.450000219860752,0.00589166142600081,0.0553918341583255,0.732946032929802,3.71194259979597e-07,3.38655280544315e-06,-0.30347540201022,0.0719723605803184,0.0716231741845248,0.775602697878908,2.76614892103813e-08,2.43130133959329e-07,-0.00667808714594431,0.969165604983151,0.573000810775592,-0.164984126272619,0.336260410878815,0.310499385812541,0.347779631307278,0.0376713368528072,0.256992562565867,-0.44723556905998,0.00624214484373612,0.00929512270183086,0.367375242173716,0.0275117263179036,0.0299884287744151,-0.26303951934458,0.121147139304342,0.192339458455618,-0.0203811208634526,0.906081036019203,0.999638761172362,-0.207135739252907,0.225453953038346,0.517683348988269,"blue",0.775602697878908,2.76614892103813e-08,2.43130133959329e-07,TRUE,TRUE
"K21961","blue",-0.198424652118227,0.246003472912155,0.477475714429141,0.475902872559268,0.00334913682849026,0.00553544399291369,-0.0749812065299649,0.663836334936918,0.347843109682232,0.828007136999877,4.64407457329956e-10,7.89525496158473e-09,-0.158130055137588,0.356993054156779,0.3145324815252,-0.0893451572438296,0.604325443453546,0.424136762750548,0.360464724304157,0.0307996491982225,0.256458517762687,-0.638234899441659,2.81544004507068e-05,0.000131322308418763,0.593121122755567,0.000137713041249999,0.000480868537799398,-0.216330470093471,0.205068012998482,0.25442622304925,0.0114833613644265,0.947003119489302,0.999638761172362,-0.102872902525354,0.550479638712008,0.667427351168092,"blue",0.828007136999877,4.64407457329956e-10,7.89525496158473e-09,TRUE,TRUE
"K21962","red",0.114406664094479,0.506433597478517,0.700437284267694,0.117484260834466,0.494987761548669,0.242891846032155,0.376731151140618,0.0235260856267949,0.0304501475746724,0.560634162666057,0.000375987343647924,0.000819217270440342,-0.398252800404668,0.0161437600439885,0.0317783731564571,-0.221682501992398,0.193809803210608,0.225747709319703,0.101180370788262,0.55709130690408,0.525331673497731,-0.777320581559916,2.46262118579614e-08,5.63196964283505e-07,0.745952299143916,1.77519534600585e-07,3.28983244072543e-06,-0.103392651839604,0.548456733574004,0.410124046175691,-0.0252076948001961,0.883975506086721,0.999638761172362,-0.132107288192135,0.44246020992221,0.631247752167968,"red",0.745952299143916,1.77519534600585e-07,3.28983244072543e-06,TRUE,TRUE
"K22026","red",0.0837536572013503,0.627221121986499,0.788693587097828,0.000722485742555468,0.996663318831332,0.374930338278842,0.531271929283668,0.000856073030994943,0.00199058463099194,0.591862388734553,0.000143465580754165,0.000364892195918233,-0.627985780949696,4.12740480565292e-05,0.000258903830536104,-0.120390974319849,0.484300004383898,0.377014081624497,0.191644089648089,0.262841114009643,0.411443572410391,-0.807800218077427,2.59923739634284e-09,9.41188454209968e-08,0.843092207957109,1.10307509185607e-10,1.51170978245162e-08,0.302679339504698,0.0727592449847501,0.151329712180276,0.0940080798480057,0.585511171618109,0.999638761172362,-0.219042901686599,0.199306877379912,0.494209770038143,"red",0.843092207957109,1.10307509185607e-10,1.51170978245162e-08,TRUE,TRUE
"K22033","black",-0.677490192269605,5.66622518417901e-06,0.00141786388647187,0.938169412072423,3.12762823501798e-17,5.46221639991018e-15,-0.703763618330818,1.68200425123957e-06,1.02111470191437e-05,0.595593902685912,0.000127012081507255,0.000331074164864532,0.361513916110648,0.0302806706198559,0.0514080857138411,-0.02901141267512,0.866614373376456,0.504804758195142,0.249070699043011,0.142952901162671,0.349156178723164,-0.0063197187385567,0.970819556559658,0.414855531770538,-0.0509078151178304,0.768102095799478,0.372966905634033,-0.424510088839337,0.00986549952632236,0.0462004895519576,-0.15005957814289,0.382366895754256,0.999638761172362,-0.0128279216540164,0.940808151572784,0.749728898311157,"black",0.938169412072423,3.12762823501798e-17,5.46221639991018e-15,TRUE,TRUE
"K22041","red",0.0876545490845155,0.611210225713068,0.77818663962607,0.0828905585860288,0.630786754088046,0.284869613251174,0.406291322612943,0.0139395645394355,0.0197705574226777,0.617477167050465,6.0252708957889e-05,0.000174550977582977,-0.491834964109483,0.00231443774080724,0.00660108643127192,-0.333229208284181,0.0470351158291688,0.0973258839799279,0.125988376257208,0.464060337971164,0.497562067470171,-0.81221390892784,1.81614212660796e-09,7.28356434259885e-08,0.734784548769784,3.3530469288962e-07,5.25849505975208e-06,-0.0154933714915287,0.928537728437951,0.524420220349697,-0.0594154211467725,0.730684143480718,0.999638761172362,-0.366118777022073,0.0280870166303439,0.239735702674658,"red",0.734784548769784,3.3530469288962e-07,5.25849505975208e-06,TRUE,TRUE
"K22108","blue",-0.174523170930697,0.308666852809371,0.536054740657724,0.425387187564902,0.0096981472134838,0.0127296791977473,0.0571282088406104,0.740687716842497,0.373957496402701,0.731678006662706,3.97971287858073e-07,2.28161910148128e-06,-0.201095661678589,0.239573682193808,0.238758793533425,-0.310250186483339,0.0655420558024312,0.119351885558251,0.277632293367611,0.101126828878972,0.31751530099427,-0.721452844510731,6.88307846984787e-07,8.22241360162045e-06,0.594090053598848,0.00013342706831132,0.000469777236638457,-0.379253274728443,0.0225376427926278,0.0752355741899028,-0.248577503875947,0.143772105546232,0.999638761172362,-0.36156018656437,0.0302579493281087,0.247837714086364,"blue",0.731678006662706,3.97971287858073e-07,2.28161910148128e-06,TRUE,TRUE
"K22114","blue",-0.498524543469404,0.00197130009346545,0.029595312708653,0.723543261385955,6.16580618582566e-07,5.01666589300623e-06,-0.258546557907919,0.127870584213623,0.109586998534331,0.840904173552463,1.37126794262473e-10,3.16384255246759e-09,-0.0964090022500059,0.575926276905201,0.4282842454532,-0.213622499756674,0.210934001102565,0.237794201475065,0.271502460228047,0.109205267009476,0.326692305366259,-0.561847014120373,0.000362821441540977,0.000973172482276006,0.447278272050226,0.00623659797212744,0.00957439255347974,-0.311189476559907,0.0646874259041569,0.140522076389363,-0.14311472767475,0.40502375786428,0.999638761172362,-0.144643120024701,0.399972902437541,0.612813079848298,"blue",0.840904173552463,1.37126794262473e-10,3.16384255246759e-09,TRUE,TRUE
"K22134","red",0.0453909825543649,0.792650974386808,0.891258173136454,0.0101294234351125,0.953244387468895,0.364085389339335,0.567017843811494,0.000311186899260787,0.000888797724230684,0.55800335130158,0.00040602054779318,0.000876966807525466,-0.586331512175606,0.000171386005560657,0.000819230603040986,-0.280828344563533,0.0970993405776616,0.152936158123616,0.0176865090502078,0.91845363136894,0.610454581033938,-0.875534790996654,2.79301613161685e-12,5.49021870192438e-10,0.842527175565849,1.16721175265837e-10,1.51170978245162e-08,-0.0509135465275984,0.768076702778655,0.482998189930405,-0.0291035075341606,0.866194756936169,0.999638761172362,-0.211354834757018,0.215934563443381,0.512061915558181,"red",0.842527175565849,1.16721175265837e-10,1.51170978245162e-08,TRUE,TRUE
"K22245","turquoise",0.632572723980501,3.48388413618679e-05,0.00361819810799864,-0.79785249632374,5.64441173213318e-09,1.25460730856903e-07,0.912005412232177,1.02723012570191e-14,8.76726567327258e-13,-0.40035315514136,0.0155413817114846,0.0193825288238963,-0.626302134752184,4.38938109922224e-05,0.000269079417458328,-0.212717807276698,0.212919311944456,0.238657214934047,-0.322728305230853,0.0548890358668624,0.282482919236655,-0.297195828213626,0.0783636716597571,0.0665876490707827,0.322200220954634,0.0553100035489175,0.0515356380984884,0.33889710710458,0.0431871787638348,0.113971841172665,0.0189150249952198,0.912810256090485,0.999638761172362,-0.0604528067207362,0.726161202785211,0.704745541763378,"turquoise",0.912005412232177,1.02723012570191e-14,8.76726567327258e-13,TRUE,TRUE
"K22293","turquoise",0.51671931714413,0.00125298116752096,0.022690338180323,-0.629330343822125,3.92844627822278e-05,0.0001565071221247,0.753767211881194,1.11537407583499e-07,8.8433089418886e-07,-0.257820391045231,0.12898275409125,0.100635655579776,-0.385070725961315,0.0203885696089225,0.03796441475259,0.0503462645703417,0.7705911951826,0.477429496488374,-0.244564118733628,0.150566599998202,0.354558724782086,-0.267117665295146,0.115276343065065,0.089413166957856,0.360190652436807,0.0309364122294102,0.0329156887526715,0.210742015709247,0.217299802458778,0.262949825680209,0.0619762258005648,0.719535719030337,0.999638761172362,-0.119442412979423,0.487774596159085,0.650879160551771,"turquoise",0.753767211881194,1.11537407583499e-07,8.8433089418886e-07,TRUE,TRUE
"K22296","red",0.204683282400036,0.231116928056249,0.465880530897154,-0.0313243284619078,0.856087084563244,0.341014521768744,0.485444187477417,0.00268990171760152,0.00510176344956792,0.595882212197917,0.000125814408813427,0.000329571788063035,-0.561033185409338,0.000371609537375709,0.00151870275981478,-0.311818932352533,0.0641196354161099,0.118228824582307,0.401176608406832,0.0153104264553297,0.208202700614974,-0.835043711368842,2.41803231111469e-10,1.44660014611671e-08,0.781382139332758,1.86325697452931e-08,6.17327688931719e-07,0.0460489380467467,0.789712359174108,0.488179546244042,-0.0135928933987213,0.937285100526108,0.999638761172362,-0.206487879218578,0.22694064355059,0.51782389517593,"red",0.781382139332758,1.86325697452931e-08,6.17327688931719e-07,TRUE,TRUE
"K22299","turquoise",0.619327188527035,5.64262480711024e-05,0.00380303440644592,-0.778721152163433,2.23828194546952e-08,3.84748682564027e-07,0.908781736004271,1.84623118242879e-14,1.33937265231948e-12,-0.319227050077704,0.0577282767591841,0.0551278891501,-0.718691476250678,7.94815824118565e-07,1.08746509142886e-05,-0.43232068035052,0.00845822178351963,0.0373286146119626,-0.242762737290559,0.153691107234857,0.355395391348866,-0.39424231058655,0.0173484519331898,0.0209580679390175,0.374635557776106,0.0243744445559601,0.0272569185618452,0.302208498887381,0.0732278116907437,0.151563935113195,-0.101511280786131,0.555795747355321,0.999638761172362,-0.0314702637857935,0.855423656708318,0.729274262773737,"turquoise",0.908781736004271,1.84623118242879e-14,1.33937265231948e-12,TRUE,TRUE
"K22350","brown",-0.0511374099197867,0.767085061864288,0.87586090075273,0.276241463097032,0.102918642555354,0.0791313804136363,-0.561012264070209,0.000371837937504509,0.00102763700570285,-0.242619261993027,0.15394197457353,0.11453664994454,0.737893655722469,2.8179546021502e-07,4.6857166069388e-06,-0.159255422272767,0.353537263235841,0.320074657333086,0.17579085785925,0.305110756407518,0.430455506465919,0.527211541937433,0.000953702546945362,0.00208629894193106,-0.619202789495942,5.66764875015124e-05,0.000249212242880712,-0.543875808989836,0.000606905804368044,0.00738962051715488,-0.0243038029165758,0.88810924322747,0.999638761172362,-0.162473482158935,0.343767194530387,0.592563767262958,"brown",0.737893655722469,2.8179546021502e-07,4.6857166069388e-06,TRUE,TRUE
"K22447","magenta",-0.0947692564608546,0.582464772522566,0.756692454079835,-0.0430102185753974,0.803307385261931,0.329989901473456,-0.135441391127204,0.430926066081942,0.262265916695453,-0.272054819948767,0.108457944705082,0.0879346274149809,-0.181141917866352,0.290387399961362,0.274966965129313,-0.105492749556339,0.540318887157131,0.399768794852107,0.00524847889136946,0.975764259598807,0.624604719052652,0.280058903366247,0.0980575650498933,0.0786281508129363,-0.250091113884446,0.141268846661368,0.106882729577871,0.256612395247738,0.130848749666068,0.201231765101908,-0.0488979964985962,0.777021079596725,0.999638761172362,0.895842188938968,1.5894705948225e-13,1.9671958744179e-10,"magenta",0.895842188938968,1.5894705948225e-13,1.9671958744179e-10,TRUE,TRUE
"K22598","turquoise",0.456735505800359,0.00510787522702338,0.050658286931424,-0.654187010696433,1.50881312816416e-05,7.18222780667771e-05,0.873234716370538,3.74340104565487e-12,1.17675340811516e-10,-0.11032725844021,0.521807430418428,0.267116967165437,-0.615926479877389,6.3638942117988e-05,0.000357611585670307,-0.0720425380988091,0.676280918903195,0.447189571117486,-0.139374132935744,0.417537750174698,0.476585254872296,-0.488488138034456,0.00250491680109514,0.00460793080214482,0.504159620889087,0.0017177128960263,0.00344670158823505,0.331225754428957,0.048459358453108,0.121527299876331,0.154413343561986,0.368550015473251,0.999638761172362,-0.187792261046773,0.272736614445797,0.543637450718307,"turquoise",0.873234716370538,3.74340104565487e-12,1.17675340811516e-10,TRUE,TRUE
"K22770","turquoise",0.685457389168618,3.97239058529865e-06,0.00108426055424651,-0.8224598063954,7.61239836289258e-10,2.29513237813347e-08,0.879042058480359,1.7669340620786e-12,5.96207216367332e-11,-0.42246335478208,0.0102655992335053,0.0138596714215154,-0.534534134023938,0.000784154741438509,0.0027410187645894,-0.143021677096038,0.405332431933448,0.343480044411312,-0.323560630551708,0.0542307222549233,0.282482919236655,-0.236781892710255,0.164402285190614,0.118284430744624,0.280078378354305,0.0980332232083245,0.0801764306660463,0.278864021784036,0.0995598892301777,0.174898945323973,0.0620255658182952,0.719321468036442,0.999638761172362,0.0299470425079378,0.862353006003294,0.730516404127415,"turquoise",0.879042058480359,1.7669340620786e-12,5.96207216367332e-11,TRUE,TRUE
"K22801","blue",-0.452138305391023,0.00563234804033831,0.0542071839503565,0.803652519372826,3.61056793926749e-09,8.65480250449669e-08,-0.4295634414338,0.00893404891098261,0.0139383292184692,0.826187142550831,5.47195193059844e-10,8.84712405682511e-09,0.196611162320308,0.250434251508819,0.247176206352224,0.1519759997385,0.376248084454158,0.331041680453136,0.37590652521043,0.0238569517695431,0.240137952434488,-0.363153884289082,0.0294838534542444,0.03159609864047,0.373262177578079,0.0249440424258374,0.0277552300893874,-0.269919590585246,0.111368369382207,0.1846210007493,0.0298039631935925,0.863004422368437,0.999638761172362,-0.0372221617936297,0.82935747958791,0.727293826981827,"blue",0.826187142550831,5.47195193059844e-10,8.84712405682511e-09,TRUE,TRUE
"K22818","purple",-0.160501823117196,0.349733465164015,0.575895273948076,0.169763984402842,0.322249724099308,0.182038740862445,-0.250119828159511,0.141221669267045,0.118033976235172,0.201164145930345,0.23941032597945,0.156158254640045,0.388441694571559,0.0192233524039113,0.0361512501927096,0.350025236395988,0.0363715974499038,0.0836967223532622,0.240334680373444,0.157976710224687,0.356383688726106,0.0727428709038408,0.673307343394517,0.329350145571633,-0.0637764205556774,0.711732410748141,0.353491411102578,-0.154128884542073,0.369443588809837,0.335176951040074,0.79153489728352,9.0365721228505e-09,1.83724806972704e-06,-0.204139525895772,0.232385472508455,0.522333761968282,"purple",0.79153489728352,9.0365721228505e-09,1.83724806972704e-06,TRUE,TRUE
"K22894","blue",-0.521654317706127,0.00110323040624092,0.0211106383029512,0.778220091086965,2.31627256197879e-08,3.87898963634947e-07,-0.334275558933614,0.0463047509425711,0.0520780548612817,0.853745005573833,3.63938566593114e-11,1.10657251208532e-09,0.0462979904938337,0.788600763040687,0.516043646641612,0.00990816352934566,0.954264602722496,0.530396815114956,0.355836014667128,0.0331770017587228,0.256458517762687,-0.429306754019133,0.00897948525653335,0.0124427516805612,0.425702216735687,0.00963863157801994,0.0133032997507908,-0.258524951243714,0.127903573028101,0.19836549752617,-0.0588208102389106,0.733280661720604,0.999638761172362,-0.134782156386503,0.433193342263183,0.625238882918005,"blue",0.853745005573833,3.63938566593114e-11,1.10657251208532e-09,TRUE,TRUE
"K22994","blue",-0.488788259235495,0.00248729448599054,0.0342846142496917,0.859773920169071,1.86798442517077e-11,9.51511027508695e-10,-0.455045971512899,0.00529550701151472,0.0090180635951695,0.760525185305972,7.35902248778543e-08,5.37189394895922e-07,-0.000700896313235456,0.996763025517181,0.579561325473144,-0.035469114543048,0.837284193696404,0.496925227846477,0.239145284089956,0.160107291381007,0.357851259379074,-0.304099699170732,0.0713599307406951,0.0621064621560787,0.291242983886718,0.0848216188503873,0.0725777960254799,-0.195656198786815,0.252788706386456,0.280550067931687,-0.136520599729168,0.42722862286472,0.999638761172362,0.160069883227591,0.351048851724208,0.594964916798725,"blue",0.760525185305972,7.35902248778543e-08,5.37189394895922e-07,TRUE,TRUE
"K23163","turquoise",0.443252757001783,0.00677848417265018,0.0607449284122067,-0.325214743529932,0.0529411094715615,0.0482252891132749,0.756160845774579,9.64083331571366e-08,7.90290295263706e-07,0.0998690897145237,0.562238924409012,0.279079095981529,-0.7116329165394,1.1395158324132e-06,1.46362876085771e-05,-0.245407822894751,0.149119198906462,0.195129668390162,-0.267181055211786,0.115186806732514,0.329991843384162,-0.628642608039285,4.02910055118099e-05,0.000173792753324374,0.634524286606473,3.23879951263871e-05,0.00016657727488526,0.299842049933642,0.0756186277515177,0.153454061319441,-0.0849353384159529,0.62235283061764,0.999638761172362,-0.0815487415390965,0.636346383349584,0.692310146855912,"turquoise",0.756160845774579,9.64083331571366e-08,7.90290295263706e-07,TRUE,TRUE
"K23254","turquoise",0.469379902494211,0.00387688013312802,0.0426063887603562,-0.633646865052674,3.34698735176626e-05,0.0001387023668161,0.911270962788807,1.17631878222764e-14,9.48195450710793e-13,-0.0820985079000487,0.634066115482989,0.300200613914831,-0.767091748061484,4.8486935809346e-08,1.4304499645259e-06,-0.241462508712107,0.155975430869951,0.199850603676572,-0.326909250602245,0.0516454967193771,0.282482919236655,-0.568368907120212,0.000298826535634839,0.000835734437124812,0.600120764006653,0.000109340967539855,0.000401478824382634,0.32576749899181,0.0525156559855307,0.1263599929073,-0.0914127585019285,0.595950943022384,0.999638761172362,-0.00853965420528099,0.960576240866065,0.752156079985917,"turquoise",0.911270962788807,1.17631878222764e-14,9.48195450710793e-13,TRUE,TRUE
"K23256","red",0.0502421211373895,0.771053064855983,0.877619181237408,-0.00411759559739026,0.980985230753761,0.370811049383231,0.405641025524891,0.0141079004043455,0.019989768720995,0.544350560828768,0.000598934414311905,0.00122477713372654,-0.515216209491413,0.00130201799834082,0.00418800115248933,-0.039083401597058,0.820959691844297,0.491377045934684,0.0657833800707796,0.703066743109438,0.563608782442114,-0.76979261671313,4.06808932738244e-08,8.00152792363495e-07,0.769371587178607,4.18159060754362e-08,1.12402791969803e-06,0.0615893268892141,0.721216492986777,0.472647000320137,0.0546630843262545,0.751516465994451,0.999638761172362,0.0883178845986225,0.608504919582832,0.685496898188903,"red",0.769371587178607,4.18159060754362e-08,1.12402791969803e-06,TRUE,TRUE
"K23262","pink",0.0605338714271887,0.725808146955924,0.854525480292299,-0.328964943633326,0.0501078700483671,0.0463052722677392,0.251600917318557,0.138803899768666,0.116480175342066,-0.267184367461062,0.115182129717291,0.0919786759892057,-0.550405364310611,0.000505122301476961,0.00191511609691041,0.0969889279770366,0.573621770412841,0.414312106102542,-0.214404981337553,0.209227220016232,0.383940668066687,0.140682703258292,0.413135449120232,0.232122862150003,0.00217099142860928,0.989973858486532,0.436244012067616,0.890660409745258,3.48217043758565e-13,3.07389392148591e-10,0.0107551594720875,0.950359560027672,0.999638761172362,0.426156933841011,0.00955327426081059,0.14723025449185,"pink",0.890660409745258,3.48217043758565e-13,3.07389392148591e-10,TRUE,TRUE
"K23448","turquoise",0.470477610476721,0.00378332477480893,0.0420039436602507,-0.689943472747316,3.23653131900695e-06,1.98828462518824e-05,0.903883473952223,4.32200093893999e-14,2.41188640696331e-12,-0.204895226057959,0.230623753935803,0.152567110654611,-0.62904262548443,3.97027526229802e-05,0.000249877567260859,-0.0984320529328019,0.567905282717227,0.412892951355767,-0.273654770371863,0.106315076075719,0.324632925807779,-0.419144545349088,0.0109436577712061,0.0146055554845553,0.468631330803164,0.00394182387057081,0.0066616390476693,0.375294523963667,0.0241049894911163,0.0785193159740537,0.162156210031612,0.344723049947258,0.999638761172362,-0.061926878297307,0.719750023580692,0.704130620767717,"turquoise",0.903883473952223,4.32200093893999e-14,2.41188640696331e-12,TRUE,TRUE
"K23464","turquoise",0.721798367091689,6.75946790161775e-07,0.000439770981679251,-0.795271233973252,6.85459321034498e-09,1.47013984211086e-07,0.873090888805049,3.81186912841145e-12,1.17675340811516e-10,-0.386176992147159,0.0199998603201225,0.0240380406307947,-0.582955726281106,0.000190734517527309,0.000891406581065818,-0.391115992496548,0.0183389598147394,0.0565554275337393,-0.349694123617747,0.0365609165470979,0.256458517762687,-0.322525591311349,0.0550503285948827,0.0509747784605189,0.269768757391636,0.111576166420828,0.0891520941979762,0.19389613862609,0.257166600279186,0.282707851594831,-0.11891053093333,0.489728492535219,0.999638761172362,-0.141915298104333,0.409012868840227,0.615290059419485,"turquoise",0.873090888805049,3.81186912841145e-12,1.17675340811516e-10,TRUE,TRUE
"K23528","turquoise",0.624431455126088,4.69803321619542e-05,0.00380303440644592,-0.545992740888874,0.000572073455919318,0.00134293923450067,0.754123035704666,1.09157852063576e-07,8.75027591411868e-07,-0.133005943448845,0.439334875439611,0.239815908191764,-0.533221015476026,0.000812433283013845,0.00283019478503386,-0.155439292249564,0.365337880465182,0.325817980616595,-0.328985543625847,0.0500926491374214,0.282482919236655,-0.419217310702889,0.0109283937324772,0.014599344262205,0.427315176490606,0.00933875622345758,0.0129775680714951,0.294033754002855,0.0817446982017366,0.158349902158783,-0.140256657430761,0.414565864033866,0.999638761172362,-0.149891232630559,0.382907163299592,0.606517066586082,"turquoise",0.754123035704666,1.09157852063576e-07,8.75027591411868e-07,TRUE,TRUE
"K23541","turquoise",0.535104861589067,0.000772138203221674,0.0175647942313294,-0.725922330139665,5.43342613161565e-07,4.61278371464792e-06,0.898161555388206,1.10400257247559e-13,5.52353904664013e-12,-0.236570224972315,0.164790953134967,0.120497318606133,-0.599270382734715,0.000112481146933171,0.000570906124799238,-0.0913314319264002,0.5962793873532,0.42093920488923,-0.117852782182392,0.493626110164473,0.509099476210268,-0.409735415142161,0.0130759868348323,0.0169101354959807,0.455279057857694,0.00526927332066059,0.0083503079362349,0.291221296128226,0.0848458757224825,0.161941385802373,0.138904909853034,0.419122719966785,0.999638761172362,0.0347865371051962,0.840374905787467,0.72774370895486,"turquoise",0.898161555388206,1.10400257247559e-13,5.52353904664013e-12,TRUE,TRUE
"K23555","blue",-0.256297083642628,0.131339086817235,0.34070657848203,0.46881640684678,0.00392568012315421,0.00630640806551875,-0.10987312616336,0.523532956724471,0.300178731337928,0.748150929304224,1.56027635370747e-07,1.03915507612833e-06,-0.16469206108122,0.337128463994081,0.303691089494044,0.0394309857235005,0.81939355611777,0.491264751394183,0.358602712694994,0.0317386307169226,0.256458517762687,-0.54312693194744,0.000619671557766535,0.00146757285891678,0.578437196357295,0.000219692633859868,0.000699741901154872,-0.101888987906559,0.554318689363138,0.411890649323451,-0.0781329261698251,0.650587327430307,0.999638761172362,0.0686135102976226,0.690909358524663,0.700954715202344,"blue",0.748150929304224,1.56027635370747e-07,1.03915507612833e-06,TRUE,TRUE
"K23726","greenyellow",-0.319264281540442,0.0576974836035545,0.212970588850564,0.427735339349328,0.00926195871822321,0.01234767875365,-0.341019331137017,0.0418134865800111,0.048264348211295,0.382884476207218,0.0211752694231341,0.0252029910967967,0.238035815059021,0.162113327893041,0.180689626937154,0.294372083633016,0.0813776335760515,0.136604582280179,0.855782293502423,2.91481925014505e-11,7.48165469620962e-09,-0.00899204984443852,0.958489488237768,0.411631960704603,0.102385357196475,0.552380386147677,0.297750529837917,0.04636137547424,0.788317922292813,0.487927221447163,0.0910446803384257,0.597438086024229,0.999638761172362,0.117044063806906,0.496616756395447,0.653170937308389,"greenyellow",0.855782293502423,2.91481925014505e-11,7.48165469620962e-09,TRUE,TRUE
"K23753","brown",-0.25373506322357,0.135373800249424,0.348119345621641,0.293549398930594,0.0822724213758302,0.0673217657832707,-0.652389000529945,1.62164363972469e-05,7.39901050710066e-05,-0.283270371997351,0.0941054736637638,0.0794372607950502,0.743164076291451,2.08695510940341e-07,3.88192977853873e-06,-0.0324543421284706,0.850952566692736,0.50098490296478,0.1257960347807,0.464748274640602,0.497562067470171,0.63869589912819,2.76650887212994e-05,0.000129920800493076,-0.700397922435656,1.9792974250559e-06,1.91824988888741e-05,-0.459087322533396,0.0048562578090994,0.0298736773017378,-0.0729511528635516,0.672423927020646,0.999638761172362,-0.131222099743979,0.445550546489441,0.632376325613827,"brown",0.743164076291451,2.08695510940341e-07,3.88192977853873e-06,TRUE,TRUE
"K23775","turquoise",0.447081306503251,0.0062622179942886,0.0577082015167728,-0.589588439763987,0.000154407579452623,0.000460535886532245,0.804892556892596,3.27535564718636e-09,4.09680993050113e-08,-0.271934015136291,0.108621058061494,0.0879349879648059,-0.631534123202065,3.62105478587355e-05,0.000231954878922414,-0.2290589761939,0.179014018223809,0.215926241439696,-0.265998821450009,0.116865291807174,0.329991843384162,-0.29570552807677,0.0799433614560547,0.0675681838455549,0.373143995579525,0.0249935673621832,0.0277624948460026,0.321482939744384,0.0558859021013966,0.130857846034472,-0.0109457532807592,0.949480988207725,0.999638761172362,0.0576346710430557,0.738468926539561,0.708858464828889,"turquoise",0.804892556892596,3.27535564718636e-09,4.09680993050113e-08,TRUE,TRUE
"K23777","red",0.0560849074772882,0.745264858129138,0.864911374774915,0.0982418866529927,0.568657075199467,0.265035453636099,0.410250495499531,0.0129508028416889,0.018586211603605,0.490099466499903,0.00241156739173693,0.00403088562693649,-0.575438541321884,0.000241024159456627,0.00106174215797848,-0.013006641342378,0.939984962709895,0.526036113783804,-0.091543796780473,0.59542189949042,0.533440774469794,-0.636393364160388,3.01883188953837e-05,0.000139207092769624,0.716838694617613,8.74547267103271e-07,1.08023238995562e-05,0.293686535317163,0.0821227391295676,0.158804021632582,0.139303305212178,0.417776779879467,0.999638761172362,0.0079865324938955,0.963127959011858,0.752375828220217,"red",0.716838694617613,8.74547267103271e-07,1.08023238995562e-05,TRUE,TRUE
"K23842","blue",-0.414034756585967,0.012061749983105,0.0871930504334237,0.566538098597023,0.000315684570411288,0.000833535654091057,-0.237032512856785,0.163942945246736,0.131685642301548,0.804174589664548,3.46573999635368e-09,4.30569443448821e-08,0.0462101970424658,0.78899256488035,0.516043646641612,0.0808911253431497,0.639078307688027,0.435172311712864,0.398444539277693,0.0160879692420896,0.212429555562062,-0.47377633299939,0.00351386747153481,0.00592827177154493,0.476101495099439,0.00333409921102197,0.00588436436548533,-0.276079218332377,0.103129223586829,0.177806915302955,0.00876628715236643,0.95953082434737,0.999638761172362,-0.0934084454338983,0.587916006441817,0.674957177894704,"blue",0.804174589664548,3.46573999635368e-09,4.30569443448821e-08,TRUE,TRUE
"K23901","pink",0.25905265267033,0.127099690500134,0.334589177065071,-0.407220211203926,0.0137020507119354,0.0165686159613031,0.530303218026887,0.000878524257095623,0.00203297275068195,-0.10567722979464,0.539606795527975,0.272877088378977,-0.69076027312748,3.11681558882838e-06,3.40896999039878e-05,-0.0121370817630969,0.943990743721359,0.527218783339455,-0.148176353261736,0.388436098581487,0.466129048206643,-0.180508081659674,0.292107126335704,0.180564027465609,0.269090127526474,0.112514704111977,0.0898012782956425,0.830274938435693,3.77537412489256e-10,9.52205756385237e-08,0.0399234386248469,0.817175853245694,0.999638761172362,0.198625060939291,0.245517068920523,0.533161614770916,"pink",0.830274938435693,3.77537412489256e-10,9.52205756385237e-08,TRUE,TRUE
"K23995","brown",-0.342774177119896,0.0407044603794273,0.176466194787295,0.356504505324231,0.0328246739044274,0.0333337105264949,-0.763157912261339,6.23543927243954e-08,5.55040649269491e-07,-0.290401143506142,0.0857671214250049,0.0739757858660818,0.830110657487451,3.83282865847094e-10,4.06524014265321e-08,-0.0014669114936231,0.99322537024259,0.540474228896583,0.131006969422202,0.446303371605533,0.492543738936897,0.695671102106666,2.47842393902303e-06,1.99431486184555e-05,-0.734607000951168,3.38625801887617e-07,5.25849505975208e-06,-0.570279108411886,0.000282099455827671,0.0045692466076337,-0.073288549722854,0.670993793544816,0.999638761172362,0.0608507129380002,0.72442876212255,0.704745541763378,"brown",0.830110657487451,3.83282865847094e-10,4.06524014265321e-08,TRUE,TRUE
"K24105","brown",-0.416860502915554,0.0114320627420063,0.0845193184085147,0.359187929465777,0.0314410235540255,0.0323543032732316,-0.627387559147022,4.21882149332847e-05,0.000166790160516985,-0.0282068539811001,0.870281739564437,0.364844499760269,0.726022006757083,5.40456351352276e-07,7.97220690187072e-06,0.415787805393254,0.0116677403429127,0.045035728300875,0.242333683721221,0.154442194093657,0.355509110093196,0.456380867934168,0.00514677675004611,0.00797510859475469,-0.410296862559047,0.0129395837215839,0.0168814257653859,-0.23416287809378,0.169257934030646,0.230231496595037,0.154457840195935,0.368410354125504,0.999638761172362,0.000555371256761305,0.997435106583507,0.759028631854876,"brown",0.726022006757083,5.40456351352276e-07,7.97220690187072e-06,TRUE,TRUE
"K24117","blue",-0.37094919532136,0.0259281861026957,0.137368712364933,0.591992249227708,0.00014286227700183,0.000441036160462068,-0.189519214135593,0.268270318100707,0.188129748339338,0.846314472875712,7.95740197838769e-11,2.14195640188385e-09,-0.0464187781850426,0.788061799030747,0.516043646641612,-0.079554070892728,0.644647225258265,0.436936846708333,0.40280090708601,0.0148633072567168,0.206737438998008,-0.581310815857724,0.000200853962061002,0.000612799076302292,0.511110682453664,0.00144467356213254,0.00300439022053954,-0.237577428997397,0.16294740406146,0.224929153686269,0.0553712879074957,0.748400594027483,0.999638761172362,-0.145395181376774,0.397500916531964,0.612345824704966,"blue",0.846314472875712,7.95740197838769e-11,2.14195640188385e-09,TRUE,TRUE
"K24120","brown",-0.075916879186642,0.659892296009136,0.813133133334422,0.116129660184768,0.500009305671798,0.244538818911146,-0.495057583281925,0.00214311843112463,0.00419636546563355,-0.288370498655331,0.0880812809505224,0.0755682241848035,0.738466369817079,2.72841815278137e-07,4.60990469530522e-06,0.130382529714957,0.448492442822807,0.361601539462142,0.0486650853323648,0.77805651209077,0.581227969107198,0.581880058611876,0.000197298817545985,0.000607339042036803,-0.609494960275414,7.95949500541493e-05,0.000319713817282131,-0.426569284053395,0.0094764270194155,0.0451450598077848,-0.073400331163662,0.670520233029818,0.999638761172362,-0.302605592550517,0.0728324806112698,0.340579997791963,"brown",0.738466369817079,2.72841815278137e-07,4.60990469530522e-06,TRUE,TRUE
"K24126","turquoise",0.317415470156799,0.059242414066447,0.216777922337629,-0.455214409667719,0.00527653817056955,0.00802314889847993,0.774479579223151,2.98290807434296e-08,2.8287448733765e-07,0.0656549386720378,0.703620239914247,0.320336553813911,-0.638371110168573,2.80090138564322e-05,0.000191609325644689,-0.248452628724786,0.143980069335574,0.190198868136365,-0.163691140293806,0.340113745784928,0.444056264873514,-0.644502598152714,2.21283262472381e-05,0.000106836080481122,0.621696849598806,5.1846185555656e-05,0.000233744383363532,0.133890481863124,0.436270497017296,0.366497325740702,0.09913071599125,0.565147135974206,0.999638761172362,-0.153457822004388,0.371556693435149,0.601757159075586,"turquoise",0.774479579223151,2.98290807434296e-08,2.8287448733765e-07,TRUE,TRUE
"K24136","turquoise",0.485865846079617,0.0026635864113754,0.0351397964982746,-0.659342210286644,1.22373328152683e-05,6.13124629077527e-05,0.909662659910927,1.57635063668277e-14,1.20377291249983e-12,-0.143177686598176,0.404814982148298,0.226131733063941,-0.814280126504113,1.53059663622554e-09,1.03212103511231e-07,-0.203809921747438,0.233156707930519,0.250651158595129,-0.314557930383101,0.0616945689021485,0.291488486266582,-0.497329776008729,0.00202909619955848,0.00387241250160652,0.536334554992289,0.00074680020014982,0.00177620087532652,0.452256018423016,0.00561836154072289,0.0327543525010729,-0.0567098900330858,0.742521910157297,0.999638761172362,0.117516015146144,0.494870356966754,0.652607815009599,"turquoise",0.909662659910927,1.57635063668277e-14,1.20377291249983e-12,TRUE,TRUE
"K24241","blue",-0.27812879986673,0.100492958194372,0.295305865407673,0.439239481660624,0.00735844313323908,0.0103738058587228,0.0786196338966604,0.64855057477477,0.343448289395212,0.766233123394027,5.1244623108205e-08,4.11247237773546e-07,-0.315744709642219,0.0606665898914466,0.0874392037349669,-0.010761096355592,0.950332192164273,0.529403300385386,0.280738306808375,0.0972110983931291,0.31405913359703,-0.624654924728717,4.6601570577849e-05,0.000191985455102609,0.621994573692733,5.12951759308527e-05,0.000231994359880594,0.155089488671221,0.36643119694026,0.333691479957342,0.0625156044289773,0.717194700926663,0.999638761172362,-0.189027130065539,0.269538041852551,0.543308881936733,"blue",0.766233123394027,5.1244623108205e-08,4.11247237773546e-07,TRUE,TRUE
"K24307","greenyellow",-0.095609754978899,0.579109145108015,0.753838354956532,0.279737400515335,0.0984600790280372,0.0764740669956334,-0.125410145187652,0.466130096035992,0.276668641536455,0.416424782778422,0.011527301739293,0.0152601362201659,-0.00959671207868821,0.955700806340615,0.570019396417309,-0.135630392664187,0.430277256460122,0.353724078206166,0.935258226112375,6.68442114780452e-17,4.57528938207068e-14,-0.278730075174997,0.099729387125186,0.0797827393954203,0.244393803543514,0.150860017477567,0.111765129651198,-0.0924284353566668,0.591855698111408,0.428247517835143,-0.0174288126934909,0.919637906089377,0.999638761172362,0.0381428215224905,0.825201136983095,0.727293826981827,"greenyellow",0.935258226112375,6.68442114780452e-17,4.57528938207068e-14,TRUE,TRUE
"K24389","blue",-0.218806162639132,0.199805157542774,0.430726426432501,0.5205233024145,0.0011360791197582,0.00231864132648516,-0.0571171095242513,0.740736365645809,0.373957496402701,0.782952230503614,1.67018039351744e-08,1.61041997746693e-07,-0.132998091127571,0.439362131621574,0.362697164082859,-0.054005435533095,0.754413382827883,0.472589684178331,0.473996607300915,0.00349648358844517,0.0957296010114617,-0.592482397939183,0.000140605637947205,0.0004628504541683,0.555443374683668,0.000437279311934651,0.00117764587648143,-0.111969606556325,0.515590557411097,0.399000792730502,-0.00053415660793139,0.99753308274551,0.999932767264777,-0.0516213064589642,0.7649428062084,0.712796473042576,"blue",0.782952230503614,1.67018039351744e-08,1.61041997746693e-07,TRUE,TRUE
"K24514","green",-0.0948023940560639,0.582332309148413,0.756692454079835,0.0550611990868824,0.749764407166186,0.3159576737675,-0.542734382819299,0.000626457937061989,0.00156985193726458,-0.507066842562736,0.00159844868539983,0.00283794481139217,0.732082329416505,3.89246193876487e-07,5.97512739506572e-06,0.13130228180743,0.445270135006281,0.36102399494654,0.0943709475693255,0.584058012410257,0.531415604739476,0.780567347312747,1.97140285569552e-08,4.93204388903648e-07,-0.787364533677419,1.22219754982585e-08,4.4646586339633e-07,-0.284741015022494,0.09233691112217,0.168933926576661,-0.0302132957408921,0.861141037503192,0.999638761172362,0.105200554809297,0.541447673314977,0.663674545876443,"green",0.780567347312747,1.97140285569552e-08,4.93204388903648e-07,TRUE,TRUE
"K24565","blue",-0.236998861307414,0.164004568519466,0.387441438920715,0.573346286372167,0.000256987027241157,0.000705997245094121,-0.134445532860568,0.434353613209694,0.26343189771667,0.72541983524831,5.58109946035338e-07,3.05169749194755e-06,-0.146702747322592,0.393224025641185,0.33473907310136,0.126023337212355,0.463935353321814,0.367662311221819,0.0387633245663379,0.82240249011809,0.590465328808987,-0.454261837495263,0.00538458905154405,0.00826217698422613,0.444863892843598,0.00655694314043931,0.0099165811831857,-0.0627637514441827,0.716118540126357,0.47071773089626,-0.0990186693663736,0.565589053600176,0.999638761172362,-0.0933912507181799,0.587985030165589,0.674957177894704,"blue",0.72541983524831,5.58109946035338e-07,3.05169749194755e-06,TRUE,TRUE
"K24699","blue",-0.11046716013682,0.521276421782373,0.710990440275916,0.307730405462808,0.0678786721874347,0.0582331510273869,0.0790833727854846,0.646612274072029,0.343155350584195,0.762956269907998,6.31553920738968e-08,4.8844385622625e-07,-0.217906775633109,0.201706075082009,0.212188081405272,-0.146727295729054,0.393143986287438,0.337550254418634,0.379257763097408,0.0225359149795861,0.232540251177049,-0.66004663331236,1.18884443028326e-05,6.67687404915238e-05,0.608580533650119,8.21351349345712e-05,0.000326804037058222,-0.0999749871744255,0.561822395942372,0.415890989977894,-0.0076634975192551,0.964618385755172,0.999638761172362,-0.350707867539992,0.0359838093165383,0.258787337636847,"blue",0.762956269907998,6.31553920738968e-08,4.8844385622625e-07,TRUE,TRUE
"K24967","blue",-0.408621218004086,0.0133502775237209,0.0929945455774389,0.595075015981195,0.000129193457011123,0.000403938807259985,-0.358491803058028,0.0317952920267309,0.0387018658945757,0.713454544654891,1.03940559304191e-06,5.3934451814875e-06,0.249936006169137,0.141523887789968,0.164412769747201,0.177482575550377,0.300405787538628,0.291612886600936,0.511129205034967,0.00144400026265055,0.0536998456100597,-0.270621124730029,0.110405724069574,0.0865622846486647,0.265711994529167,0.117275267302541,0.0925780448361352,-0.245065266901939,0.14970563652417,0.215773946709415,0.173462433793813,0.311662444554834,0.999638761172362,-0.267317693696995,0.114993986666936,0.406052524866306,"blue",0.713454544654891,1.03940559304191e-06,5.3934451814875e-06,TRUE,TRUE
"K25152","brown",-0.216105391658949,0.205551214360933,0.437890046048536,0.160306093541877,0.350329149844187,0.193959069964503,-0.528051103231122,0.000932745051894504,0.00213125084990551,-0.176529133847619,0.303051768207187,0.184677252203058,0.783842243189479,1.56913150253073e-08,5.19771415358148e-07,0.584712626084095,0.00018043324333726,0.00481402475722484,-0.0561003613337561,0.745196996273337,0.573393867334876,0.553104071862382,0.000467699453969469,0.00117008770033561,-0.507623474176741,0.00157646278651734,0.00322516433278994,-0.302482428709235,0.0729549189174375,0.151329712180276,0.0784695054146084,0.649178558814326,0.999638761172362,-0.0351204274672304,0.838862752881335,0.727293826981827,"brown",0.783842243189479,1.56913150253073e-08,5.19771415358148e-07,TRUE,TRUE
"K25603","black",-0.70621842878343,1.49162459866308e-06,0.000693179259921571,0.909788567525451,1.54094156583325e-14,1.14688278491809e-12,-0.553997196451636,0.000455869887936005,0.0012248770213983,0.738798461610695,2.67770721459374e-07,1.65554551409549e-06,0.176762100632353,0.302403879556017,0.281961775710703,-0.0228696737708948,0.894673821735316,0.513066389599892,0.355818595334694,0.0331862237595096,0.256458517762687,-0.213181072002375,0.21190109289701,0.142932485238712,0.182723642984273,0.286124295408183,0.181008015442165,-0.294568323721397,0.0811653125016593,0.158165265626396,-0.102777667601601,0.550850680408021,0.999638761172362,-0.0404627746258478,0.814748621375205,0.724724278932955,"black",0.909788567525451,1.54094156583325e-14,1.14688278491809e-12,TRUE,TRUE
"K26110","blue",-0.221318988817519,0.194560453811171,0.423612507409975,0.357090176874195,0.0325185152273601,0.0331803508443236,0.00441991469190881,0.979589423210748,0.441401247877793,0.719573411933501,7.5925865501758e-07,4.05373124067418e-06,-0.0391616209819845,0.820607193251187,0.5286246458389,0.140068788888554,0.415197505177728,0.347190528650258,0.2995134183838,0.0759553980936651,0.30930536019383,-0.539348746816248,0.000687782910833745,0.00160675746685684,0.507529879768833,0.00158014089892585,0.00322516433278994,-0.227745995576081,0.181587077207944,0.238477764209588,0.122319925536757,0.477273958851113,0.999638761172362,-0.378931179803374,0.0226619216694378,0.217970970200795,"blue",0.719573411933501,7.5925865501758e-07,4.05373124067418e-06,TRUE,TRUE
"K26951","blue",-0.485225894162128,0.00270361406497137,0.0351397964982746,0.713820934997601,1.0202721897975e-06,7.60543427663085e-06,-0.388140991716725,0.0193249839030117,0.0259141650824298,0.762218534576965,6.61676254452078e-08,4.9704724290462e-07,-0.00933198696949263,0.956921647837285,0.570140702264679,-0.250761591887167,0.140170270193765,0.187843531492448,0.329873914328246,0.0494397634690408,0.282482919236655,-0.415733538894505,0.0116797715323208,0.0154234265455443,0.32473710305606,0.0533109582047897,0.0500329573326099,-0.319936512807531,0.0571437385315342,0.132746752478449,-0.163846103568309,0.339650506834982,0.999638761172362,0.0419683845737053,0.807981812887124,0.723845373642097,"blue",0.762218534576965,6.61676254452078e-08,4.9704724290462e-07,TRUE,TRUE
"K26995","blue",-0.563514235135761,0.000345394814420183,0.010736419073287,0.753851353382933,1.1097043524133e-07,1.44321572611379e-06,-0.348461269708616,0.0372728825647021,0.0440751459653383,0.819488204709392,9.85086816818467e-10,1.46297134940065e-08,-0.0166442326003353,0.923244576534729,0.560143430703276,-0.134225244612374,0.435113827931174,0.355048060214977,0.285440674404274,0.0915045173462237,0.31332436628903,-0.481043381171711,0.00297837787289027,0.00524738589599593,0.390981913203025,0.0183824754301479,0.022081611358917,-0.33098130590741,0.0486354773611075,0.121541336676534,-0.168865457906379,0.324855303869345,0.999638761172362,-0.133779936952707,0.436652822130843,0.627209854604869,"blue",0.819488204709392,9.85086816818467e-10,1.46297134940065e-08,TRUE,TRUE
"K27043","red",0.16889243693491,0.324776878952923,0.549687402306898,0.0425042040846731,0.805576906941591,0.33046947919974,0.457947149758808,0.0049768733331705,0.00854565232171666,0.441987349943898,0.00695695902759864,0.00994332378897436,-0.506854711736518,0.00160689807728023,0.00499836015774212,-0.150792600673969,0.380019630907523,0.331920888219247,0.154105013801848,0.369518632606342,0.458473630745417,-0.644986834420338,2.17154941916246e-05,0.000105212082792778,0.703968195562642,1.66532692357631e-06,1.69754579386161e-05,0.0668185332385076,0.698611431178481,0.465610297769963,0.00118536369216198,0.9945256191944,0.999932767264777,-0.0737425020345105,0.669071408489254,0.695857988240023,"red",0.703968195562642,1.66532692357631e-06,1.69754579386161e-05,TRUE,TRUE
"K27069","blue",-0.371228883546074,0.025807505302083,0.137368712364933,0.704818749456215,1.59760109597311e-06,1.07905005613738e-05,-0.324574210196723,0.0534375603218511,0.0578180160640936,0.863888309202185,1.16384906201578e-11,4.42281028136685e-10,0.106743100235469,0.535501357359126,0.409678645264011,-0.000474151405050566,0.997810206515401,0.541002409867958,0.415587471891592,0.011712207625747,0.187890495229232,-0.466775288013437,0.0041069311226349,0.00667188035817468,0.413464148868599,0.0121924022160882,0.0160833673873704,-0.330714270505643,0.0488284556642133,0.121541336676534,-0.0424032951640315,0.806029680530561,0.999638761172362,-0.237121405614411,0.163780243502518,0.465445097398566,"blue",0.863888309202185,1.16384906201578e-11,4.42281028136685e-10,TRUE,TRUE
"K27070","turquoise",0.223374960853763,0.190341632127072,0.418648633745345,-0.528172655303986,0.000929744809961876,0.00195295661176161,0.714467904200957,9.87273967737192e-07,6.20113301132528e-06,-0.104195050333306,0.545340638322693,0.274380605003894,-0.590772704652967,0.000148618920006381,0.000725088541485324,-0.0590120398486323,0.732445289918099,0.466986460076251,-0.248891089461155,0.143250838304572,0.349156178723164,-0.422408568803494,0.0102764956064042,0.0138902960993978,0.452241223021142,0.00562011786476001,0.00878898055205598,0.285097165790579,0.0919124713200195,0.168638370900352,0.0581991255396765,0.735998524151265,0.999638761172362,0.251621759057515,0.138770095807198,0.435355452088518,"turquoise",0.714467904200957,9.87273967737192e-07,6.20113301132528e-06,TRUE,TRUE
"K27086","blue",-0.43335867849155,0.00828478437214817,0.0691035988784564,0.672345957649311,7.08615716490188e-06,3.85017153631282e-05,-0.218493279258183,0.200465035777142,0.15276259696602,0.852309949655521,4.24694694589978e-11,1.21939634387377e-09,-0.0308316132609266,0.85832770283832,0.541289047743894,0.184366541062968,0.281739295988384,0.281085481701785,0.379587185788819,0.0224094023447196,0.232540251177049,-0.475392088564592,0.00338807908487833,0.00582016455619077,0.494776639853138,0.00215759889054748,0.00413707460922126,-0.0330712797477783,0.848151877520568,0.503841191503943,0.086666312349817,0.615249996304365,0.999638761172362,-0.343909130403924,0.0399999581563524,0.262663601183122,"blue",0.852309949655521,4.24694694589978e-11,1.21939634387377e-09,TRUE,TRUE
"K27092","blue",-0.379546300206593,0.0224250720705628,0.125449911763356,0.60147532099042,0.000104501721133987,0.000346217402605121,-0.227732545430002,0.181613570456444,0.141747121328562,0.83139331042579,3.40502180016164e-10,6.08904878953717e-09,-0.0683276390648579,0.692133984202968,0.479745573958557,0.206264286565339,0.227455283662889,0.247240601976283,0.306794824613497,0.0687627136392438,0.302956412686892,-0.484169983746048,0.00277080650380376,0.00495785817754933,0.467848273877764,0.0040107666002703,0.00675325874907414,-0.0363243823399086,0.833414927318214,0.499414250508341,0.13913596732545,0.418341818229574,0.999638761172362,-0.121183284671982,0.481407616614464,0.649056372899319,"blue",0.83139331042579,3.40502180016164e-10,6.08904878953717e-09,TRUE,TRUE
"K27108","blue",-0.541798920403034,0.000642896868721976,0.0158435114693378,0.736950554251453,2.97131046465787e-07,2.95321277078765e-06,-0.421614367193549,0.0104355614642938,0.0156741513110903,0.78442907037303,1.50563326336784e-08,1.47375684865219e-07,0.0931201448337255,0.589073787029787,0.434977582957901,0.156532489048893,0.361933636682896,0.324671633599151,0.524231542941022,0.00103149113804275,0.040732228892605,-0.302386117974306,0.0730507743108515,0.0630991179900268,0.283682195871162,0.0936076299642143,0.0778512057724281,-0.0692046114880691,0.68837962929164,0.462092663128487,-0.0548144837692523,0.750850029174086,0.999638761172362,-0.136604640340197,0.426941436858003,0.622353618956722,"blue",0.78442907037303,1.50563326336784e-08,1.47375684865219e-07,TRUE,TRUE
